label_before	label_after	variant_id	hgvs_p	consequence	class_before	class_after	points_before	points_after	blocking_before	blocking_after	criteria_gained	criteria_lost	cause
2020-01-01	2026-08-04	NM_007294.4:c.31G>A	p.Val11Ile	missense	VUS	VUS	2	4	MISSING_FUNCTIONAL	MISSING_FUNCTIONAL	PM5:moderate		neighbour_evidence
2020-01-01	2026-08-04	NM_007294.4:c.31G>C	p.Val11Leu	missense	VUS	VUS	2	4	MISSING_FUNCTIONAL	MISSING_FUNCTIONAL	PM5:moderate		neighbour_evidence
2020-01-01	2026-08-04	NM_007294.4:c.31G>T	p.Val11Leu	missense	VUS	VUS	2	4	MISSING_FUNCTIONAL	MISSING_FUNCTIONAL	PM5:moderate		neighbour_evidence
2020-01-01	2026-08-04	NM_007294.4:c.32T>A	p.Val11Glu	missense	VUS	VUS	2	4	MISSING_FUNCTIONAL	MISSING_FUNCTIONAL	PM5:moderate		neighbour_evidence
2020-01-01	2026-08-04	NM_007294.4:c.32T>C	p.Val11Ala	missense	VUS	VUS	2	4	MISSING_FUNCTIONAL	MISSING_FUNCTIONAL	PM5:moderate		neighbour_evidence
2020-01-01	2026-08-04	NM_007294.4:c.52A>C	p.Met18Leu	missense	VUS	VUS	2	4	MISSING_FUNCTIONAL	MISSING_FUNCTIONAL	PM5:moderate		neighbour_evidence
2020-01-01	2026-08-04	NM_007294.4:c.52A>G	p.Met18Val	missense	VUS	VUS	2	4	MISSING_FUNCTIONAL	MISSING_FUNCTIONAL	PM5:moderate		neighbour_evidence
2020-01-01	2026-08-04	NM_007294.4:c.52A>T	p.Met18Leu	missense	VUS	VUS	2	4	MISSING_FUNCTIONAL	MISSING_FUNCTIONAL	PM5:moderate		neighbour_evidence
2020-01-01	2026-08-04	NM_007294.4:c.53T>A	p.Met18Lys	missense	VUS	VUS	2	4	MISSING_FUNCTIONAL	MISSING_FUNCTIONAL	PM5:moderate		neighbour_evidence
2020-01-01	2026-08-04	NM_007294.4:c.53T>C	p.Met18Thr	missense	VUS	VUS	2	4	MISSING_FUNCTIONAL	MISSING_FUNCTIONAL	PM5:moderate		neighbour_evidence
2020-01-01	2026-08-04	NM_007294.4:c.53T>G	p.Met18Arg	missense	VUS	VUS	2	4	MISSING_FUNCTIONAL	MISSING_FUNCTIONAL	PM5:moderate		neighbour_evidence
2020-01-01	2026-08-04	NM_007294.4:c.54G>A	p.Met18Ile	missense	VUS	VUS	2	4	MISSING_FUNCTIONAL	MISSING_FUNCTIONAL	PM5:moderate		neighbour_evidence
2020-01-01	2026-08-04	NM_007294.4:c.54G>C	p.Met18Ile	missense	VUS	VUS	2	4	MISSING_FUNCTIONAL	MISSING_FUNCTIONAL	PM5:moderate		neighbour_evidence
2020-01-01	2026-08-04	NM_007294.4:c.54G>T	p.Met18Ile	missense	VUS	VUS	2	4	MISSING_FUNCTIONAL	MISSING_FUNCTIONAL	PM5:moderate		neighbour_evidence
2020-01-01	2026-08-04	NM_007294.4:c.64T>A	p.Leu22Ile	missense	VUS	VUS	2	4	MISSING_FUNCTIONAL	MISSING_FUNCTIONAL	PM5:moderate		neighbour_evidence
2020-01-01	2026-08-04	NM_007294.4:c.64T>G	p.Leu22Val	missense	VUS	VUS	2	4	MISSING_FUNCTIONAL	MISSING_FUNCTIONAL	PM5:moderate		neighbour_evidence
2020-01-01	2026-08-04	NM_007294.4:c.66A>C	p.Leu22Phe	missense	VUS	VUS	2	4	MISSING_FUNCTIONAL	MISSING_FUNCTIONAL	PM5:moderate		neighbour_evidence
2020-01-01	2026-08-04	NM_007294.4:c.66A>T	p.Leu22Phe	missense	VUS	VUS	2	4	MISSING_FUNCTIONAL	MISSING_FUNCTIONAL	PM5:moderate		neighbour_evidence
2020-01-01	2026-08-04	NM_007294.4:c.70T>A	p.Cys24Ser	missense	VUS	LP	2	8	MISSING_FUNCTIONAL	RESOLVED_NOT_BLOCKED	PM5:moderate;PS1:strong		neighbour_evidence
2020-01-01	2026-08-04	NM_007294.4:c.70T>C	p.Cys24Arg	missense	VUS	VUS	2	4	MISSING_FUNCTIONAL	MISSING_FUNCTIONAL	PM5:moderate		neighbour_evidence
2020-01-01	2026-08-04	NM_007294.4:c.70T>G	p.Cys24Gly	missense	VUS	VUS	2	4	MISSING_FUNCTIONAL	MISSING_FUNCTIONAL	PM5:moderate		neighbour_evidence
2020-01-01	2026-08-04	NM_007294.4:c.71G>A	p.Cys24Tyr	missense	VUS	VUS	2	4	MISSING_FUNCTIONAL	MISSING_FUNCTIONAL	PM5:moderate		neighbour_evidence
2020-01-01	2026-08-04	NM_007294.4:c.71G>C	p.Cys24Ser	missense	VUS	LP	2	8	MISSING_FUNCTIONAL	RESOLVED_NOT_BLOCKED	PM5:moderate;PS1:strong		neighbour_evidence
2020-01-01	2026-08-04	NM_007294.4:c.71G>T	p.Cys24Phe	missense	VUS	VUS	2	4	MISSING_FUNCTIONAL	MISSING_FUNCTIONAL	PM5:moderate		neighbour_evidence
2020-01-01	2026-08-04	NM_007294.4:c.72T>G	p.Cys24Trp	missense	VUS	VUS	2	4	MISSING_FUNCTIONAL	MISSING_FUNCTIONAL	PM5:moderate		neighbour_evidence
2020-01-01	2026-08-04	NM_007294.4:c.73C>A	p.Pro25Thr	missense	VUS	VUS	2	4	MISSING_FUNCTIONAL	MISSING_FUNCTIONAL	PM5:moderate		neighbour_evidence
2020-01-01	2026-08-04	NM_007294.4:c.73C>G	p.Pro25Ala	missense	VUS	VUS	2	4	MISSING_FUNCTIONAL	MISSING_FUNCTIONAL	PM5:moderate		neighbour_evidence
2020-01-01	2026-08-04	NM_007294.4:c.73C>T	p.Pro25Ser	missense	VUS	VUS	2	4	MISSING_FUNCTIONAL	MISSING_FUNCTIONAL	PM5:moderate		neighbour_evidence
2020-01-01	2026-08-04	NM_007294.4:c.74C>A	p.Pro25His	missense	VUS	VUS	2	4	MISSING_FUNCTIONAL	MISSING_FUNCTIONAL	PM5:moderate		neighbour_evidence
2020-01-01	2026-08-04	NM_007294.4:c.74C>G	p.Pro25Arg	missense	VUS	VUS	2	4	MISSING_FUNCTIONAL	MISSING_FUNCTIONAL	PM5:moderate		neighbour_evidence
2020-01-01	2026-08-04	NM_007294.4:c.79T>A	p.Cys27Ser	missense	VUS	VUS	2	4	MISSING_FUNCTIONAL	MISSING_FUNCTIONAL	PM5:moderate		neighbour_evidence
2020-01-01	2026-08-04	NM_007294.4:c.79T>C	p.Cys27Arg	missense	VUS	VUS	2	4	MISSING_FUNCTIONAL	MISSING_FUNCTIONAL	PM5:moderate		neighbour_evidence
2020-01-01	2026-08-04	NM_007294.4:c.79T>G	p.Cys27Gly	missense	VUS	VUS	2	4	MISSING_FUNCTIONAL	MISSING_FUNCTIONAL	PM5:moderate		neighbour_evidence
2020-01-01	2026-08-04	NM_007294.4:c.80G>A	p.Cys27Tyr	missense	VUS	VUS	2	4	MISSING_FUNCTIONAL	MISSING_FUNCTIONAL	PM5:moderate		neighbour_evidence
2020-01-01	2026-08-04	NM_007294.4:c.80G>C	p.Cys27Ser	missense	VUS	VUS	2	4	MISSING_FUNCTIONAL	MISSING_FUNCTIONAL	PM5:moderate		neighbour_evidence
2020-01-01	2026-08-04	NM_007294.4:c.80G>T	p.Cys27Phe	missense	VUS	VUS	2	4	MISSING_FUNCTIONAL	MISSING_FUNCTIONAL	PM5:moderate		neighbour_evidence
2020-01-01	2026-08-04	NM_007294.4:c.81T>G	p.Cys27Trp	missense	VUS	VUS	2	4	MISSING_FUNCTIONAL	MISSING_FUNCTIONAL	PM5:moderate		neighbour_evidence
2020-01-01	2026-08-04	NM_007294.4:c.100C>A	p.Pro34Thr	missense	VUS	VUS	2	4	MISSING_FUNCTIONAL	MISSING_FUNCTIONAL	PM5:moderate		neighbour_evidence
2020-01-01	2026-08-04	NM_007294.4:c.100C>G	p.Pro34Ala	missense	VUS	VUS	2	4	MISSING_FUNCTIONAL	MISSING_FUNCTIONAL	PM5:moderate		neighbour_evidence
2020-01-01	2026-08-04	NM_007294.4:c.100C>T	p.Pro34Ser	missense	VUS	VUS	2	4	MISSING_FUNCTIONAL	MISSING_FUNCTIONAL	PM5:moderate		neighbour_evidence
2020-01-01	2026-08-04	NM_007294.4:c.101C>A	p.Pro34His	missense	VUS	VUS	2	4	MISSING_FUNCTIONAL	MISSING_FUNCTIONAL	PM5:moderate		neighbour_evidence
2020-01-01	2026-08-04	NM_007294.4:c.101C>G	p.Pro34Arg	missense	VUS	VUS	2	4	MISSING_FUNCTIONAL	MISSING_FUNCTIONAL	PM5:moderate		neighbour_evidence
2020-01-01	2026-08-04	NM_007294.4:c.101C>T	p.Pro34Leu	missense	VUS	VUS	2	4	MISSING_FUNCTIONAL	MISSING_FUNCTIONAL	PM5:moderate		neighbour_evidence
2020-01-01	2026-08-04	NM_007294.4:c.109A>C	p.Thr37Pro	missense	VUS	VUS	2	4	MISSING_FUNCTIONAL	MISSING_FUNCTIONAL	PM5:moderate		neighbour_evidence
2020-01-01	2026-08-04	NM_007294.4:c.109A>G	p.Thr37Ala	missense	VUS	VUS	2	4	MISSING_FUNCTIONAL	MISSING_FUNCTIONAL	PM5:moderate		neighbour_evidence
2020-01-01	2026-08-04	NM_007294.4:c.109A>T	p.Thr37Ser	missense	VUS	VUS	2	4	MISSING_FUNCTIONAL	MISSING_FUNCTIONAL	PM5:moderate		neighbour_evidence
2020-01-01	2026-08-04	NM_007294.4:c.110C>A	p.Thr37Lys	missense	VUS	VUS	2	4	MISSING_FUNCTIONAL	MISSING_FUNCTIONAL	PM5:moderate		neighbour_evidence
2020-01-01	2026-08-04	NM_007294.4:c.110C>G	p.Thr37Arg	missense	VUS	VUS	2	4	MISSING_FUNCTIONAL	MISSING_FUNCTIONAL	PM5:moderate		neighbour_evidence
2020-01-01	2026-08-04	NM_007294.4:c.110C>T	p.Thr37Ile	missense	VUS	VUS	2	4	MISSING_FUNCTIONAL	MISSING_FUNCTIONAL	PM5:moderate		neighbour_evidence
2020-01-01	2026-08-04	NM_007294.4:c.115T>A	p.Cys39Ser	missense	VUS	VUS	2	4	MISSING_FUNCTIONAL	MISSING_FUNCTIONAL	PM5:moderate		neighbour_evidence
2020-01-01	2026-08-04	NM_007294.4:c.115T>C	p.Cys39Arg	missense	VUS	VUS	2	4	MISSING_FUNCTIONAL	MISSING_FUNCTIONAL	PM5:moderate		neighbour_evidence
2020-01-01	2026-08-04	NM_007294.4:c.115T>G	p.Cys39Gly	missense	VUS	VUS	2	4	MISSING_FUNCTIONAL	MISSING_FUNCTIONAL	PM5:moderate		neighbour_evidence
2020-01-01	2026-08-04	NM_007294.4:c.116G>A	p.Cys39Tyr	missense	VUS	VUS	2	4	MISSING_FUNCTIONAL	MISSING_FUNCTIONAL	PM5:moderate		neighbour_evidence
2020-01-01	2026-08-04	NM_007294.4:c.116G>C	p.Cys39Ser	missense	VUS	LP	2	8	MISSING_FUNCTIONAL	RESOLVED_NOT_BLOCKED	PM5:moderate;PS1:strong		neighbour_evidence
2020-01-01	2026-08-04	NM_007294.4:c.116G>T	p.Cys39Phe	missense	VUS	VUS	2	4	MISSING_FUNCTIONAL	MISSING_FUNCTIONAL	PM5:moderate		neighbour_evidence
2020-01-01	2026-08-04	NM_007294.4:c.117T>G	p.Cys39Trp	missense	VUS	VUS	2	4	MISSING_FUNCTIONAL	MISSING_FUNCTIONAL	PM5:moderate		neighbour_evidence
2020-01-01	2026-08-04	NM_007294.4:c.121C>A	p.His41Asn	missense	VUS	VUS	2	4	MISSING_FUNCTIONAL	MISSING_FUNCTIONAL	PM5:moderate		neighbour_evidence
2020-01-01	2026-08-04	NM_007294.4:c.121C>G	p.His41Asp	missense	VUS	VUS	2	4	MISSING_FUNCTIONAL	MISSING_FUNCTIONAL	PM5:moderate		neighbour_evidence
2020-01-01	2026-08-04	NM_007294.4:c.121C>T	p.His41Tyr	missense	VUS	VUS	2	4	MISSING_FUNCTIONAL	MISSING_FUNCTIONAL	PM5:moderate		neighbour_evidence
2020-01-01	2026-08-04	NM_007294.4:c.122A>C	p.His41Pro	missense	VUS	VUS	2	4	MISSING_FUNCTIONAL	MISSING_FUNCTIONAL	PM5:moderate		neighbour_evidence
2020-01-01	2026-08-04	NM_007294.4:c.122A>G	p.His41Arg	missense	VUS	VUS	2	4	MISSING_FUNCTIONAL	MISSING_FUNCTIONAL	PM5:moderate		neighbour_evidence
2020-01-01	2026-08-04	NM_007294.4:c.122A>T	p.His41Leu	missense	VUS	VUS	2	4	MISSING_FUNCTIONAL	MISSING_FUNCTIONAL	PM5:moderate		neighbour_evidence
2020-01-01	2026-08-04	NM_007294.4:c.123C>A	p.His41Gln	missense	VUS	VUS	2	4	MISSING_FUNCTIONAL	MISSING_FUNCTIONAL	PM5:moderate		neighbour_evidence
2020-01-01	2026-08-04	NM_007294.4:c.123C>G	p.His41Gln	missense	VUS	VUS	2	4	MISSING_FUNCTIONAL	MISSING_FUNCTIONAL	PM5:moderate		neighbour_evidence
2020-01-01	2026-08-04	NM_007294.4:c.130T>A	p.Cys44Ser	missense	VUS	LP	2	8	MISSING_FUNCTIONAL	RESOLVED_NOT_BLOCKED	PM5:moderate;PS1:strong		neighbour_evidence
2020-01-01	2026-08-04	NM_007294.4:c.130T>C	p.Cys44Arg	missense	VUS	VUS	2	4	MISSING_FUNCTIONAL	MISSING_FUNCTIONAL	PM5:moderate		neighbour_evidence
2020-01-01	2026-08-04	NM_007294.4:c.130T>G	p.Cys44Gly	missense	VUS	VUS	2	4	MISSING_FUNCTIONAL	MISSING_FUNCTIONAL	PM5:moderate		neighbour_evidence
2020-01-01	2026-08-04	NM_007294.4:c.131G>A	p.Cys44Tyr	missense	VUS	VUS	2	4	MISSING_FUNCTIONAL	MISSING_FUNCTIONAL	PM5:moderate		neighbour_evidence
2020-01-01	2026-08-04	NM_007294.4:c.131G>C	p.Cys44Ser	missense	VUS	LP	2	8	MISSING_FUNCTIONAL	RESOLVED_NOT_BLOCKED	PM5:moderate;PS1:strong		neighbour_evidence
2020-01-01	2026-08-04	NM_007294.4:c.131G>T	p.Cys44Phe	missense	VUS	VUS	2	4	MISSING_FUNCTIONAL	MISSING_FUNCTIONAL	PM5:moderate		neighbour_evidence
2020-01-01	2026-08-04	NM_007294.4:c.132C>G	p.Cys44Trp	missense	VUS	VUS	2	4	MISSING_FUNCTIONAL	MISSING_FUNCTIONAL	PM5:moderate		neighbour_evidence
2020-01-01	2026-08-04	NM_007294.4:c.139T>A	p.Cys47Ser	missense	VUS	VUS	2	4	MISSING_FUNCTIONAL	MISSING_FUNCTIONAL	PM5:moderate		neighbour_evidence
2020-01-01	2026-08-04	NM_007294.4:c.139T>C	p.Cys47Arg	missense	VUS	VUS	2	4	MISSING_FUNCTIONAL	MISSING_FUNCTIONAL	PM5:moderate		neighbour_evidence
2020-01-01	2026-08-04	NM_007294.4:c.139T>G	p.Cys47Gly	missense	VUS	VUS	2	4	MISSING_FUNCTIONAL	MISSING_FUNCTIONAL	PM5:moderate		neighbour_evidence
2020-01-01	2026-08-04	NM_007294.4:c.140G>A	p.Cys47Tyr	missense	VUS	VUS	2	4	MISSING_FUNCTIONAL	MISSING_FUNCTIONAL	PM5:moderate		neighbour_evidence
2020-01-01	2026-08-04	NM_007294.4:c.140G>C	p.Cys47Ser	missense	VUS	LP	2	8	MISSING_FUNCTIONAL	RESOLVED_NOT_BLOCKED	PM5:moderate;PS1:strong		neighbour_evidence
2020-01-01	2026-08-04	NM_007294.4:c.140G>T	p.Cys47Phe	missense	VUS	VUS	2	4	MISSING_FUNCTIONAL	MISSING_FUNCTIONAL	PM5:moderate		neighbour_evidence
2020-01-01	2026-08-04	NM_007294.4:c.141C>G	p.Cys47Trp	missense	VUS	VUS	2	4	MISSING_FUNCTIONAL	MISSING_FUNCTIONAL	PM5:moderate		neighbour_evidence
2020-01-01	2026-08-04	NM_007294.4:c.181T>A	p.Cys61Ser	missense	VUS	VUS	2	4	MISSING_FUNCTIONAL	MISSING_FUNCTIONAL	PM5:moderate		neighbour_evidence
2020-01-01	2026-08-04	NM_007294.4:c.181T>C	p.Cys61Arg	missense	VUS	VUS	2	4	MISSING_FUNCTIONAL	MISSING_FUNCTIONAL	PM5:moderate		neighbour_evidence
2020-01-01	2026-08-04	NM_007294.4:c.181T>G	p.Cys61Gly	missense	VUS	VUS	2	4	MISSING_FUNCTIONAL	MISSING_FUNCTIONAL	PM5:moderate		neighbour_evidence
2020-01-01	2026-08-04	NM_007294.4:c.182G>A	p.Cys61Tyr	missense	VUS	VUS	2	4	MISSING_FUNCTIONAL	MISSING_FUNCTIONAL	PM5:moderate		neighbour_evidence
2020-01-01	2026-08-04	NM_007294.4:c.182G>C	p.Cys61Ser	missense	VUS	LP	2	8	MISSING_FUNCTIONAL	RESOLVED_NOT_BLOCKED	PM5:moderate;PS1:strong		neighbour_evidence
2020-01-01	2026-08-04	NM_007294.4:c.182G>T	p.Cys61Phe	missense	VUS	VUS	2	4	MISSING_FUNCTIONAL	MISSING_FUNCTIONAL	PM5:moderate		neighbour_evidence
2020-01-01	2026-08-04	NM_007294.4:c.183T>G	p.Cys61Trp	missense	VUS	VUS	2	4	MISSING_FUNCTIONAL	MISSING_FUNCTIONAL	PM5:moderate		neighbour_evidence
2020-01-01	2026-08-04	NM_007294.4:c.190T>A	p.Cys64Ser	missense	VUS	LP	2	8	MISSING_FUNCTIONAL	RESOLVED_NOT_BLOCKED	PM5:moderate;PS1:strong		neighbour_evidence
2020-01-01	2026-08-04	NM_007294.4:c.190T>C	p.Cys64Arg	missense	VUS	VUS	2	4	MISSING_FUNCTIONAL	MISSING_FUNCTIONAL	PM5:moderate		neighbour_evidence
2020-01-01	2026-08-04	NM_007294.4:c.190T>G	p.Cys64Gly	missense	VUS	VUS	2	4	MISSING_FUNCTIONAL	MISSING_FUNCTIONAL	PM5:moderate		neighbour_evidence
2020-01-01	2026-08-04	NM_007294.4:c.191G>A	p.Cys64Tyr	missense	VUS	VUS	2	4	MISSING_FUNCTIONAL	MISSING_FUNCTIONAL	PM5:moderate		neighbour_evidence
2020-01-01	2026-08-04	NM_007294.4:c.191G>C	p.Cys64Ser	missense	VUS	VUS	2	4	MISSING_FUNCTIONAL	MISSING_FUNCTIONAL	PM5:moderate		neighbour_evidence
2020-01-01	2026-08-04	NM_007294.4:c.191G>T	p.Cys64Phe	missense	VUS	VUS	2	4	MISSING_FUNCTIONAL	MISSING_FUNCTIONAL	PM5:moderate		neighbour_evidence
2020-01-01	2026-08-04	NM_007294.4:c.192T>G	p.Cys64Trp	missense	VUS	VUS	2	4	MISSING_FUNCTIONAL	MISSING_FUNCTIONAL	PM5:moderate		neighbour_evidence
2020-01-01	2026-08-04	NM_007294.4:c.211A>G	p.Arg71Gly	missense	VUS	VUS	2	4	MISSING_FUNCTIONAL	MISSING_FUNCTIONAL	PM5:moderate		neighbour_evidence
2020-01-01	2026-08-04	NM_007294.4:c.211A>T	p.Arg71Trp	missense	VUS	VUS	2	4	MISSING_FUNCTIONAL	MISSING_FUNCTIONAL	PM5:moderate		neighbour_evidence
2020-01-01	2026-08-04	NM_007294.4:c.212G>A	p.Arg71Lys	missense	VUS	VUS	2	4	MISSING_FUNCTIONAL	MISSING_FUNCTIONAL	PM5:moderate		neighbour_evidence
2020-01-01	2026-08-04	NM_007294.4:c.212G>C	p.Arg71Thr	missense	VUS	VUS	2	4	MISSING_FUNCTIONAL	MISSING_FUNCTIONAL	PM5:moderate		neighbour_evidence
2020-01-01	2026-08-04	NM_007294.4:c.212G>T	p.Arg71Met	missense	VUS	VUS	2	4	MISSING_FUNCTIONAL	MISSING_FUNCTIONAL	PM5:moderate		neighbour_evidence
2020-01-01	2026-08-04	NM_007294.4:c.213G>C	p.Arg71Ser	missense	VUS	VUS	2	4	MISSING_FUNCTIONAL	MISSING_FUNCTIONAL	PM5:moderate		neighbour_evidence
2020-01-01	2026-08-04	NM_007294.4:c.213G>T	p.Arg71Ser	missense	VUS	VUS	2	4	MISSING_FUNCTIONAL	MISSING_FUNCTIONAL	PM5:moderate		neighbour_evidence
2020-01-01	2026-08-04	NM_007294.4:c.283C>A	p.Leu95Ile	missense	VUS	VUS	2	4	MISSING_FUNCTIONAL	MISSING_FUNCTIONAL	PM5:moderate		neighbour_evidence
2020-01-01	2026-08-04	NM_007294.4:c.283C>G	p.Leu95Val	missense	VUS	VUS	2	4	MISSING_FUNCTIONAL	MISSING_FUNCTIONAL	PM5:moderate		neighbour_evidence
2020-01-01	2026-08-04	NM_007294.4:c.283C>T	p.Leu95Phe	missense	VUS	VUS	2	4	MISSING_FUNCTIONAL	MISSING_FUNCTIONAL	PM5:moderate		neighbour_evidence
2020-01-01	2026-08-04	NM_007294.4:c.284T>A	p.Leu95His	missense	VUS	VUS	2	4	MISSING_FUNCTIONAL	MISSING_FUNCTIONAL	PM5:moderate		neighbour_evidence
2020-01-01	2026-08-04	NM_007294.4:c.284T>G	p.Leu95Arg	missense	VUS	VUS	2	4	MISSING_FUNCTIONAL	MISSING_FUNCTIONAL	PM5:moderate		neighbour_evidence
2020-01-01	2026-08-04	NM_007294.4:c.286G>A	p.Asp96Asn	missense	VUS	VUS	2	4	MISSING_FUNCTIONAL	MISSING_FUNCTIONAL	PM5:moderate		neighbour_evidence
2020-01-01	2026-08-04	NM_007294.4:c.286G>C	p.Asp96His	missense	VUS	VUS	2	4	MISSING_FUNCTIONAL	MISSING_FUNCTIONAL	PM5:moderate		neighbour_evidence
2020-01-01	2026-08-04	NM_007294.4:c.286G>T	p.Asp96Tyr	missense	VUS	VUS	2	4	MISSING_FUNCTIONAL	MISSING_FUNCTIONAL	PM5:moderate		neighbour_evidence
2020-01-01	2026-08-04	NM_007294.4:c.287A>C	p.Asp96Ala	missense	VUS	VUS	2	4	MISSING_FUNCTIONAL	MISSING_FUNCTIONAL	PM5:moderate		neighbour_evidence
2020-01-01	2026-08-04	NM_007294.4:c.287A>G	p.Asp96Gly	missense	VUS	VUS	2	4	MISSING_FUNCTIONAL	MISSING_FUNCTIONAL	PM5:moderate		neighbour_evidence
2020-01-01	2026-08-04	NM_007294.4:c.287A>T	p.Asp96Val	missense	VUS	VUS	2	4	MISSING_FUNCTIONAL	MISSING_FUNCTIONAL	PM5:moderate		neighbour_evidence
2020-01-01	2026-08-04	NM_007294.4:c.288C>A	p.Asp96Glu	missense	VUS	VUS	2	4	MISSING_FUNCTIONAL	MISSING_FUNCTIONAL	PM5:moderate		neighbour_evidence
2020-01-01	2026-08-04	NM_007294.4:c.288C>G	p.Asp96Glu	missense	VUS	VUS	2	4	MISSING_FUNCTIONAL	MISSING_FUNCTIONAL	PM5:moderate		neighbour_evidence
2020-01-01	2026-08-04	NM_007294.4:c.952C>A	p.His318Asn	missense	VUS	VUS	0	2	MISSING_FUNCTIONAL	MISSING_FUNCTIONAL	PM5:moderate		neighbour_evidence
2020-01-01	2026-08-04	NM_007294.4:c.952C>G	p.His318Asp	missense	VUS	VUS	0	2	MISSING_FUNCTIONAL	MISSING_FUNCTIONAL	PM5:moderate		neighbour_evidence
2020-01-01	2026-08-04	NM_007294.4:c.952C>T	p.His318Tyr	missense	VUS	VUS	0	2	MISSING_FUNCTIONAL	MISSING_FUNCTIONAL	PM5:moderate		neighbour_evidence
2020-01-01	2026-08-04	NM_007294.4:c.953A>C	p.His318Pro	missense	VUS	VUS	0	2	MISSING_FUNCTIONAL	MISSING_FUNCTIONAL	PM5:moderate		neighbour_evidence
2020-01-01	2026-08-04	NM_007294.4:c.953A>G	p.His318Arg	missense	VUS	VUS	0	2	MISSING_FUNCTIONAL	MISSING_FUNCTIONAL	PM5:moderate		neighbour_evidence
2020-01-01	2026-08-04	NM_007294.4:c.954T>A	p.His318Gln	missense	VUS	VUS	0	2	MISSING_FUNCTIONAL	MISSING_FUNCTIONAL	PM5:moderate		neighbour_evidence
2020-01-01	2026-08-04	NM_007294.4:c.954T>G	p.His318Gln	missense	VUS	VUS	0	2	MISSING_FUNCTIONAL	MISSING_FUNCTIONAL	PM5:moderate		neighbour_evidence
2020-01-01	2026-08-04	NM_007294.4:c.4183C>A	p.Gln1395Lys	missense	VUS	VUS	0	2	MISSING_FUNCTIONAL	MISSING_FUNCTIONAL	PM5:moderate		neighbour_evidence
2020-01-01	2026-08-04	NM_007294.4:c.4183C>G	p.Gln1395Glu	missense	VUS	VUS	0	2	MISSING_FUNCTIONAL	MISSING_FUNCTIONAL	PM5:moderate		neighbour_evidence
2020-01-01	2026-08-04	NM_007294.4:c.4184A>C	p.Gln1395Pro	missense	VUS	VUS	0	2	MISSING_FUNCTIONAL	MISSING_FUNCTIONAL	PM5:moderate		neighbour_evidence
2020-01-01	2026-08-04	NM_007294.4:c.4184A>G	p.Gln1395Arg	missense	VUS	VUS	0	2	MISSING_FUNCTIONAL	MISSING_FUNCTIONAL	PM5:moderate		neighbour_evidence
2020-01-01	2026-08-04	NM_007294.4:c.4184A>T	p.Gln1395Leu	missense	VUS	VUS	0	2	MISSING_FUNCTIONAL	MISSING_FUNCTIONAL	PM5:moderate		neighbour_evidence
2020-01-01	2026-08-04	NM_007294.4:c.4185G>T	p.Gln1395His	missense	VUS	VUS	0	4	MISSING_FUNCTIONAL	MISSING_FUNCTIONAL	PS1:strong		neighbour_evidence
2020-01-01	2026-08-04	NM_007294.4:c.4231A>C	p.Met1411Leu	missense	VUS	VUS	0	2	MISSING_FUNCTIONAL	MISSING_FUNCTIONAL	PM5:moderate		neighbour_evidence
2020-01-01	2026-08-04	NM_007294.4:c.4231A>G	p.Met1411Val	missense	VUS	VUS	0	2	MISSING_FUNCTIONAL	MISSING_FUNCTIONAL	PM5:moderate		neighbour_evidence
2020-01-01	2026-08-04	NM_007294.4:c.4231A>T	p.Met1411Leu	missense	VUS	VUS	0	2	MISSING_FUNCTIONAL	MISSING_FUNCTIONAL	PM5:moderate		neighbour_evidence
2020-01-01	2026-08-04	NM_007294.4:c.4232T>A	p.Met1411Lys	missense	VUS	VUS	0	2	MISSING_FUNCTIONAL	MISSING_FUNCTIONAL	PM5:moderate		neighbour_evidence
2020-01-01	2026-08-04	NM_007294.4:c.4232T>G	p.Met1411Arg	missense	VUS	VUS	0	2	MISSING_FUNCTIONAL	MISSING_FUNCTIONAL	PM5:moderate		neighbour_evidence
2020-01-01	2026-08-04	NM_007294.4:c.4233G>A	p.Met1411Ile	missense	VUS	VUS	0	2	MISSING_FUNCTIONAL	MISSING_FUNCTIONAL	PM5:moderate		neighbour_evidence
2020-01-01	2026-08-04	NM_007294.4:c.4233G>C	p.Met1411Ile	missense	VUS	VUS	0	2	MISSING_FUNCTIONAL	MISSING_FUNCTIONAL	PM5:moderate		neighbour_evidence
2020-01-01	2026-08-04	NM_007294.4:c.4233G>T	p.Met1411Ile	missense	VUS	VUS	0	2	MISSING_FUNCTIONAL	MISSING_FUNCTIONAL	PM5:moderate		neighbour_evidence
2020-01-01	2026-08-04	NM_007294.4:c.4321G>C	p.Asp1441His	missense	VUS	VUS	0	2	MISSING_FUNCTIONAL	MISSING_FUNCTIONAL	PM5:moderate		neighbour_evidence
2020-01-01	2026-08-04	NM_007294.4:c.4321G>T	p.Asp1441Tyr	missense	VUS	VUS	0	2	MISSING_FUNCTIONAL	MISSING_FUNCTIONAL	PM5:moderate		neighbour_evidence
2020-01-01	2026-08-04	NM_007294.4:c.4322A>C	p.Asp1441Ala	missense	VUS	VUS	0	2	MISSING_FUNCTIONAL	MISSING_FUNCTIONAL	PM5:moderate		neighbour_evidence
2020-01-01	2026-08-04	NM_007294.4:c.4322A>G	p.Asp1441Gly	missense	VUS	VUS	0	2	MISSING_FUNCTIONAL	MISSING_FUNCTIONAL	PM5:moderate		neighbour_evidence
2020-01-01	2026-08-04	NM_007294.4:c.4322A>T	p.Asp1441Val	missense	VUS	VUS	0	2	MISSING_FUNCTIONAL	MISSING_FUNCTIONAL	PM5:moderate		neighbour_evidence
2020-01-01	2026-08-04	NM_007294.4:c.4323C>A	p.Asp1441Glu	missense	VUS	VUS	0	2	MISSING_FUNCTIONAL	MISSING_FUNCTIONAL	PM5:moderate		neighbour_evidence
2020-01-01	2026-08-04	NM_007294.4:c.4323C>G	p.Asp1441Glu	missense	VUS	VUS	0	2	MISSING_FUNCTIONAL	MISSING_FUNCTIONAL	PM5:moderate		neighbour_evidence
2020-01-01	2026-08-04	NM_007294.4:c.4483A>G	p.Arg1495Gly	missense	VUS	VUS	0	2	MISSING_FUNCTIONAL	MISSING_FUNCTIONAL	PM5:moderate		neighbour_evidence
2020-01-01	2026-08-04	NM_007294.4:c.4483A>T	p.Arg1495Trp	missense	VUS	VUS	0	2	MISSING_FUNCTIONAL	MISSING_FUNCTIONAL	PM5:moderate		neighbour_evidence
2020-01-01	2026-08-04	NM_007294.4:c.4484G>A	p.Arg1495Lys	missense	VUS	VUS	0	2	MISSING_FUNCTIONAL	MISSING_FUNCTIONAL	PM5:moderate		neighbour_evidence
2020-01-01	2026-08-04	NM_007294.4:c.4484G>C	p.Arg1495Thr	missense	VUS	VUS	0	2	MISSING_FUNCTIONAL	MISSING_FUNCTIONAL	PM5:moderate		neighbour_evidence
2020-01-01	2026-08-04	NM_007294.4:c.4484G>T	p.Arg1495Met	missense	VUS	VUS	0	2	MISSING_FUNCTIONAL	MISSING_FUNCTIONAL	PM5:moderate		neighbour_evidence
2020-01-01	2026-08-04	NM_007294.4:c.4485G>C	p.Arg1495Ser	missense	VUS	VUS	0	2	MISSING_FUNCTIONAL	MISSING_FUNCTIONAL	PM5:moderate		neighbour_evidence
2020-01-01	2026-08-04	NM_007294.4:c.4485G>T	p.Arg1495Ser	missense	VUS	VUS	0	2	MISSING_FUNCTIONAL	MISSING_FUNCTIONAL	PM5:moderate		neighbour_evidence
2020-01-01	2026-08-04	NM_007294.4:c.4675G>A	p.Glu1559Lys	missense	VUS	VUS	0	2	MISSING_FUNCTIONAL	MISSING_FUNCTIONAL	PM5:moderate		neighbour_evidence
2020-01-01	2026-08-04	NM_007294.4:c.4675G>C	p.Glu1559Gln	missense	VUS	VUS	0	2	MISSING_FUNCTIONAL	MISSING_FUNCTIONAL	PM5:moderate		neighbour_evidence
2020-01-01	2026-08-04	NM_007294.4:c.4676A>C	p.Glu1559Ala	missense	VUS	VUS	0	2	MISSING_FUNCTIONAL	MISSING_FUNCTIONAL	PM5:moderate		neighbour_evidence
2020-01-01	2026-08-04	NM_007294.4:c.4676A>G	p.Glu1559Gly	missense	VUS	VUS	0	2	MISSING_FUNCTIONAL	MISSING_FUNCTIONAL	PM5:moderate		neighbour_evidence
2020-01-01	2026-08-04	NM_007294.4:c.4676A>T	p.Glu1559Val	missense	VUS	VUS	0	2	MISSING_FUNCTIONAL	MISSING_FUNCTIONAL	PM5:moderate		neighbour_evidence
2020-01-01	2026-08-04	NM_007294.4:c.4677G>C	p.Glu1559Asp	missense	VUS	VUS	0	2	MISSING_FUNCTIONAL	MISSING_FUNCTIONAL	PM5:moderate		neighbour_evidence
2020-01-01	2026-08-04	NM_007294.4:c.4677G>T	p.Glu1559Asp	missense	VUS	VUS	0	2	MISSING_FUNCTIONAL	MISSING_FUNCTIONAL	PM5:moderate		neighbour_evidence
2020-01-01	2026-08-04	NM_007294.4:c.4867G>A	p.Ala1623Thr	missense	VUS	VUS	0	2	MISSING_FUNCTIONAL	MISSING_FUNCTIONAL	PM5:moderate		neighbour_evidence
2020-01-01	2026-08-04	NM_007294.4:c.4867G>C	p.Ala1623Pro	missense	VUS	VUS	0	2	MISSING_FUNCTIONAL	MISSING_FUNCTIONAL	PM5:moderate		neighbour_evidence
2020-01-01	2026-08-04	NM_007294.4:c.4867G>T	p.Ala1623Ser	missense	VUS	VUS	0	2	MISSING_FUNCTIONAL	MISSING_FUNCTIONAL	PM5:moderate		neighbour_evidence
2020-01-01	2026-08-04	NM_007294.4:c.4868C>A	p.Ala1623Asp	missense	VUS	VUS	0	2	MISSING_FUNCTIONAL	MISSING_FUNCTIONAL	PM5:moderate		neighbour_evidence
2020-01-01	2026-08-04	NM_007294.4:c.4868C>T	p.Ala1623Val	missense	VUS	VUS	0	2	MISSING_FUNCTIONAL	MISSING_FUNCTIONAL	PM5:moderate		neighbour_evidence
2020-01-01	2026-08-04	NM_007294.4:c.4957G>A	p.Val1653Met	missense	VUS	VUS	2	4	MISSING_FUNCTIONAL	MISSING_FUNCTIONAL	PM5:moderate		neighbour_evidence
2020-01-01	2026-08-04	NM_007294.4:c.4957G>C	p.Val1653Leu	missense	VUS	VUS	2	4	MISSING_FUNCTIONAL	MISSING_FUNCTIONAL	PM5:moderate		neighbour_evidence
2020-01-01	2026-08-04	NM_007294.4:c.4957G>T	p.Val1653Leu	missense	VUS	VUS	2	4	MISSING_FUNCTIONAL	MISSING_FUNCTIONAL	PM5:moderate		neighbour_evidence
2020-01-01	2026-08-04	NM_007294.4:c.4958T>C	p.Val1653Ala	missense	VUS	VUS	2	4	MISSING_FUNCTIONAL	MISSING_FUNCTIONAL	PM5:moderate		neighbour_evidence
2020-01-01	2026-08-04	NM_007294.4:c.4958T>G	p.Val1653Gly	missense	VUS	VUS	2	4	MISSING_FUNCTIONAL	MISSING_FUNCTIONAL	PM5:moderate		neighbour_evidence
2020-01-01	2026-08-04	NM_007294.4:c.4963T>A	p.Ser1655Thr	missense	VUS	VUS	2	4	MISSING_FUNCTIONAL	MISSING_FUNCTIONAL	PM5:moderate		neighbour_evidence
2020-01-01	2026-08-04	NM_007294.4:c.4963T>C	p.Ser1655Pro	missense	VUS	VUS	2	4	MISSING_FUNCTIONAL	MISSING_FUNCTIONAL	PM5:moderate		neighbour_evidence
2020-01-01	2026-08-04	NM_007294.4:c.4963T>G	p.Ser1655Ala	missense	VUS	VUS	2	4	MISSING_FUNCTIONAL	MISSING_FUNCTIONAL	PM5:moderate		neighbour_evidence
2020-01-01	2026-08-04	NM_007294.4:c.4964C>A	p.Ser1655Tyr	missense	VUS	VUS	2	4	MISSING_FUNCTIONAL	MISSING_FUNCTIONAL	PM5:moderate		neighbour_evidence
2020-01-01	2026-08-04	NM_007294.4:c.4964C>G	p.Ser1655Cys	missense	VUS	VUS	2	4	MISSING_FUNCTIONAL	MISSING_FUNCTIONAL	PM5:moderate		neighbour_evidence
2020-01-01	2026-08-04	NM_007294.4:c.4964C>T	p.Ser1655Phe	missense	VUS	VUS	2	4	MISSING_FUNCTIONAL	MISSING_FUNCTIONAL	PM5:moderate		neighbour_evidence
2020-01-01	2026-08-04	NM_007294.4:c.4987A>C	p.Met1663Leu	missense	VUS	VUS	2	4	MISSING_FUNCTIONAL	MISSING_FUNCTIONAL	PM5:moderate		neighbour_evidence
2020-01-01	2026-08-04	NM_007294.4:c.4987A>G	p.Met1663Val	missense	VUS	VUS	2	4	MISSING_FUNCTIONAL	MISSING_FUNCTIONAL	PM5:moderate		neighbour_evidence
2020-01-01	2026-08-04	NM_007294.4:c.4987A>T	p.Met1663Leu	missense	VUS	VUS	2	4	MISSING_FUNCTIONAL	MISSING_FUNCTIONAL	PM5:moderate		neighbour_evidence
2020-01-01	2026-08-04	NM_007294.4:c.4988T>A	p.Met1663Lys	missense	VUS	VUS	2	4	MISSING_FUNCTIONAL	MISSING_FUNCTIONAL	PM5:moderate		neighbour_evidence
2020-01-01	2026-08-04	NM_007294.4:c.4988T>C	p.Met1663Thr	missense	VUS	VUS	2	4	MISSING_FUNCTIONAL	MISSING_FUNCTIONAL	PM5:moderate		neighbour_evidence
2020-01-01	2026-08-04	NM_007294.4:c.4989G>A	p.Met1663Ile	missense	VUS	VUS	2	4	MISSING_FUNCTIONAL	MISSING_FUNCTIONAL	PM5:moderate		neighbour_evidence
2020-01-01	2026-08-04	NM_007294.4:c.4989G>C	p.Met1663Ile	missense	VUS	VUS	2	4	MISSING_FUNCTIONAL	MISSING_FUNCTIONAL	PM5:moderate		neighbour_evidence
2020-01-01	2026-08-04	NM_007294.4:c.4989G>T	p.Met1663Ile	missense	VUS	VUS	2	4	MISSING_FUNCTIONAL	MISSING_FUNCTIONAL	PM5:moderate		neighbour_evidence
2020-01-01	2026-08-04	NM_007294.4:c.5044G>A	p.Glu1682Lys	missense	VUS	VUS	2	4	MISSING_FUNCTIONAL	MISSING_FUNCTIONAL	PM5:moderate		neighbour_evidence
2020-01-01	2026-08-04	NM_007294.4:c.5044G>C	p.Glu1682Gln	missense	VUS	VUS	2	4	MISSING_FUNCTIONAL	MISSING_FUNCTIONAL	PM5:moderate		neighbour_evidence
2020-01-01	2026-08-04	NM_007294.4:c.5045A>C	p.Glu1682Ala	missense	VUS	VUS	2	4	MISSING_FUNCTIONAL	MISSING_FUNCTIONAL	PM5:moderate		neighbour_evidence
2020-01-01	2026-08-04	NM_007294.4:c.5045A>G	p.Glu1682Gly	missense	VUS	VUS	2	4	MISSING_FUNCTIONAL	MISSING_FUNCTIONAL	PM5:moderate		neighbour_evidence
2020-01-01	2026-08-04	NM_007294.4:c.5046A>C	p.Glu1682Asp	missense	VUS	VUS	2	4	MISSING_FUNCTIONAL	MISSING_FUNCTIONAL	PM5:moderate		neighbour_evidence
2020-01-01	2026-08-04	NM_007294.4:c.5046A>T	p.Glu1682Asp	missense	VUS	VUS	2	4	MISSING_FUNCTIONAL	MISSING_FUNCTIONAL	PM5:moderate		neighbour_evidence
2020-01-01	2026-08-04	NM_007294.4:c.5053A>C	p.Thr1685Pro	missense	VUS	VUS	2	4	MISSING_FUNCTIONAL	MISSING_FUNCTIONAL	PM5:moderate		neighbour_evidence
2020-01-01	2026-08-04	NM_007294.4:c.5053A>G	p.Thr1685Ala	missense	VUS	VUS	2	4	MISSING_FUNCTIONAL	MISSING_FUNCTIONAL	PM5:moderate		neighbour_evidence
2020-01-01	2026-08-04	NM_007294.4:c.5053A>T	p.Thr1685Ser	missense	VUS	VUS	2	4	MISSING_FUNCTIONAL	MISSING_FUNCTIONAL	PM5:moderate		neighbour_evidence
2020-01-01	2026-08-04	NM_007294.4:c.5054C>A	p.Thr1685Asn	missense	VUS	VUS	2	4	MISSING_FUNCTIONAL	MISSING_FUNCTIONAL	PM5:moderate		neighbour_evidence
2020-01-01	2026-08-04	NM_007294.4:c.5054C>G	p.Thr1685Ser	missense	VUS	VUS	2	4	MISSING_FUNCTIONAL	MISSING_FUNCTIONAL	PM5:moderate		neighbour_evidence
2020-01-01	2026-08-04	NM_007294.4:c.5054C>T	p.Thr1685Ile	missense	VUS	VUS	2	4	MISSING_FUNCTIONAL	MISSING_FUNCTIONAL	PM5:moderate		neighbour_evidence
2020-01-01	2026-08-04	NM_007294.4:c.5056C>A	p.His1686Asn	missense	VUS	VUS	2	4	MISSING_FUNCTIONAL	MISSING_FUNCTIONAL	PM5:moderate		neighbour_evidence
2020-01-01	2026-08-04	NM_007294.4:c.5056C>G	p.His1686Asp	missense	VUS	VUS	2	4	MISSING_FUNCTIONAL	MISSING_FUNCTIONAL	PM5:moderate		neighbour_evidence
2020-01-01	2026-08-04	NM_007294.4:c.5056C>T	p.His1686Tyr	missense	VUS	VUS	2	4	MISSING_FUNCTIONAL	MISSING_FUNCTIONAL	PM5:moderate		neighbour_evidence
2020-01-01	2026-08-04	NM_007294.4:c.5057A>C	p.His1686Pro	missense	VUS	VUS	2	4	MISSING_FUNCTIONAL	MISSING_FUNCTIONAL	PM5:moderate		neighbour_evidence
2020-01-01	2026-08-04	NM_007294.4:c.5057A>G	p.His1686Arg	missense	VUS	VUS	2	4	MISSING_FUNCTIONAL	MISSING_FUNCTIONAL	PM5:moderate		neighbour_evidence
2020-01-01	2026-08-04	NM_007294.4:c.5057A>T	p.His1686Leu	missense	VUS	VUS	2	4	MISSING_FUNCTIONAL	MISSING_FUNCTIONAL	PM5:moderate		neighbour_evidence
2020-01-01	2026-08-04	NM_007294.4:c.5058T>A	p.His1686Gln	missense	VUS	VUS	2	4	MISSING_FUNCTIONAL	MISSING_FUNCTIONAL	PM5:moderate		neighbour_evidence
2020-01-01	2026-08-04	NM_007294.4:c.5058T>G	p.His1686Gln	missense	VUS	LP	2	8	MISSING_FUNCTIONAL	RESOLVED_NOT_BLOCKED	PM5:moderate;PS1:strong		neighbour_evidence
2020-01-01	2026-08-04	NM_007294.4:c.5059G>A	p.Val1687Ile	missense	VUS	VUS	2	4	MISSING_FUNCTIONAL	MISSING_FUNCTIONAL	PM5:moderate		neighbour_evidence
2020-01-01	2026-08-04	NM_007294.4:c.5059G>C	p.Val1687Leu	missense	VUS	VUS	2	4	MISSING_FUNCTIONAL	MISSING_FUNCTIONAL	PM5:moderate		neighbour_evidence
2020-01-01	2026-08-04	NM_007294.4:c.5059G>T	p.Val1687Phe	missense	VUS	VUS	2	4	MISSING_FUNCTIONAL	MISSING_FUNCTIONAL	PM5:moderate		neighbour_evidence
2020-01-01	2026-08-04	NM_007294.4:c.5060T>A	p.Val1687Asp	missense	VUS	VUS	2	4	MISSING_FUNCTIONAL	MISSING_FUNCTIONAL	PM5:moderate		neighbour_evidence
2020-01-01	2026-08-04	NM_007294.4:c.5060T>C	p.Val1687Ala	missense	VUS	VUS	2	4	MISSING_FUNCTIONAL	MISSING_FUNCTIONAL	PM5:moderate		neighbour_evidence
2020-01-01	2026-08-04	NM_007294.4:c.5062G>A	p.Val1688Ile	missense	VUS	VUS	2	4	MISSING_FUNCTIONAL	MISSING_FUNCTIONAL	PM5:moderate		neighbour_evidence
2020-01-01	2026-08-04	NM_007294.4:c.5062G>C	p.Val1688Leu	missense	VUS	VUS	2	4	MISSING_FUNCTIONAL	MISSING_FUNCTIONAL	PM5:moderate		neighbour_evidence
2020-01-01	2026-08-04	NM_007294.4:c.5063T>A	p.Val1688Asp	missense	VUS	VUS	2	4	MISSING_FUNCTIONAL	MISSING_FUNCTIONAL	PM5:moderate		neighbour_evidence
2020-01-01	2026-08-04	NM_007294.4:c.5063T>C	p.Val1688Ala	missense	VUS	VUS	2	4	MISSING_FUNCTIONAL	MISSING_FUNCTIONAL	PM5:moderate		neighbour_evidence
2020-01-01	2026-08-04	NM_007294.4:c.5063T>G	p.Val1688Gly	missense	VUS	VUS	2	4	MISSING_FUNCTIONAL	MISSING_FUNCTIONAL	PM5:moderate		neighbour_evidence
2020-01-01	2026-08-04	NM_007294.4:c.5065A>C	p.Met1689Leu	missense	VUS	VUS	2	4	MISSING_FUNCTIONAL	MISSING_FUNCTIONAL	PM5:moderate		neighbour_evidence
2020-01-01	2026-08-04	NM_007294.4:c.5065A>G	p.Met1689Val	missense	VUS	VUS	2	4	MISSING_FUNCTIONAL	MISSING_FUNCTIONAL	PM5:moderate		neighbour_evidence
2020-01-01	2026-08-04	NM_007294.4:c.5065A>T	p.Met1689Leu	missense	VUS	VUS	2	4	MISSING_FUNCTIONAL	MISSING_FUNCTIONAL	PM5:moderate		neighbour_evidence
2020-01-01	2026-08-04	NM_007294.4:c.5066T>A	p.Met1689Lys	missense	VUS	VUS	2	4	MISSING_FUNCTIONAL	MISSING_FUNCTIONAL	PM5:moderate		neighbour_evidence
2020-01-01	2026-08-04	NM_007294.4:c.5066T>C	p.Met1689Thr	missense	VUS	VUS	2	4	MISSING_FUNCTIONAL	MISSING_FUNCTIONAL	PM5:moderate		neighbour_evidence
2020-01-01	2026-08-04	NM_007294.4:c.5066T>G	p.Met1689Arg	missense	VUS	VUS	2	4	MISSING_FUNCTIONAL	MISSING_FUNCTIONAL	PM5:moderate		neighbour_evidence
2020-01-01	2026-08-04	NM_007294.4:c.5067G>A	p.Met1689Ile	missense	VUS	VUS	2	4	MISSING_FUNCTIONAL	MISSING_FUNCTIONAL	PM5:moderate		neighbour_evidence
2020-01-01	2026-08-04	NM_007294.4:c.5067G>C	p.Met1689Ile	missense	VUS	VUS	2	4	MISSING_FUNCTIONAL	MISSING_FUNCTIONAL	PM5:moderate		neighbour_evidence
2020-01-01	2026-08-04	NM_007294.4:c.5067G>T	p.Met1689Ile	missense	VUS	VUS	2	4	MISSING_FUNCTIONAL	MISSING_FUNCTIONAL	PM5:moderate		neighbour_evidence
2020-01-01	2026-08-04	NM_007294.4:c.5071A>C	p.Thr1691Pro	missense	VUS	VUS	2	4	MISSING_FUNCTIONAL	MISSING_FUNCTIONAL	PM5:moderate		neighbour_evidence
2020-01-01	2026-08-04	NM_007294.4:c.5071A>G	p.Thr1691Ala	missense	VUS	VUS	2	4	MISSING_FUNCTIONAL	MISSING_FUNCTIONAL	PM5:moderate		neighbour_evidence
2020-01-01	2026-08-04	NM_007294.4:c.5071A>T	p.Thr1691Ser	missense	VUS	VUS	2	4	MISSING_FUNCTIONAL	MISSING_FUNCTIONAL	PM5:moderate		neighbour_evidence
2020-01-01	2026-08-04	NM_007294.4:c.5072C>A	p.Thr1691Lys	missense	VUS	VUS	2	4	MISSING_FUNCTIONAL	MISSING_FUNCTIONAL	PM5:moderate		neighbour_evidence
2020-01-01	2026-08-04	NM_007294.4:c.5072C>G	p.Thr1691Arg	missense	VUS	VUS	2	4	MISSING_FUNCTIONAL	MISSING_FUNCTIONAL	PM5:moderate		neighbour_evidence
2020-01-01	2026-08-04	NM_007294.4:c.5072C>T	p.Thr1691Ile	missense	VUS	VUS	2	4	MISSING_FUNCTIONAL	MISSING_FUNCTIONAL	PM5:moderate		neighbour_evidence
2020-01-01	2026-08-04	NM_007294.4:c.5074G>A	p.Asp1692Asn	missense	VUS	VUS	2	4	MISSING_FUNCTIONAL	MISSING_FUNCTIONAL	PM5:moderate		neighbour_evidence
2020-01-01	2026-08-04	NM_007294.4:c.5074G>C	p.Asp1692His	missense	VUS	VUS	2	4	MISSING_FUNCTIONAL	MISSING_FUNCTIONAL	PM5:moderate		neighbour_evidence
2020-01-01	2026-08-04	NM_007294.4:c.5074G>T	p.Asp1692Tyr	missense	VUS	VUS	2	4	MISSING_FUNCTIONAL	MISSING_FUNCTIONAL	PM5:moderate		neighbour_evidence
2020-01-01	2026-08-04	NM_007294.4:c.5075A>C	p.Asp1692Ala	missense	VUS	VUS	2	4	MISSING_FUNCTIONAL	MISSING_FUNCTIONAL	PM5:moderate		neighbour_evidence
2020-01-01	2026-08-04	NM_007294.4:c.5075A>G	p.Asp1692Gly	missense	VUS	VUS	2	4	MISSING_FUNCTIONAL	MISSING_FUNCTIONAL	PM5:moderate		neighbour_evidence
2020-01-01	2026-08-04	NM_007294.4:c.5075A>T	p.Asp1692Val	missense	VUS	VUS	2	4	MISSING_FUNCTIONAL	MISSING_FUNCTIONAL	PM5:moderate		neighbour_evidence
2020-01-01	2026-08-04	NM_007294.4:c.5076T>A	p.Asp1692Glu	missense	VUS	VUS	2	4	MISSING_FUNCTIONAL	MISSING_FUNCTIONAL	PM5:moderate		neighbour_evidence
2020-01-01	2026-08-04	NM_007294.4:c.5076T>G	p.Asp1692Glu	missense	VUS	VUS	2	4	MISSING_FUNCTIONAL	MISSING_FUNCTIONAL	PM5:moderate		neighbour_evidence
2020-01-01	2026-08-04	NM_007294.4:c.5089T>A	p.Cys1697Ser	missense	VUS	VUS	2	4	MISSING_FUNCTIONAL	MISSING_FUNCTIONAL	PM5:moderate		neighbour_evidence
2020-01-01	2026-08-04	NM_007294.4:c.5089T>C	p.Cys1697Arg	missense	VUS	VUS	2	4	MISSING_FUNCTIONAL	MISSING_FUNCTIONAL	PM5:moderate		neighbour_evidence
2020-01-01	2026-08-04	NM_007294.4:c.5089T>G	p.Cys1697Gly	missense	VUS	VUS	2	4	MISSING_FUNCTIONAL	MISSING_FUNCTIONAL	PM5:moderate		neighbour_evidence
2020-01-01	2026-08-04	NM_007294.4:c.5090G>A	p.Cys1697Tyr	missense	VUS	VUS	2	4	MISSING_FUNCTIONAL	MISSING_FUNCTIONAL	PM5:moderate		neighbour_evidence
2020-01-01	2026-08-04	NM_007294.4:c.5090G>C	p.Cys1697Ser	missense	VUS	VUS	2	4	MISSING_FUNCTIONAL	MISSING_FUNCTIONAL	PM5:moderate		neighbour_evidence
2020-01-01	2026-08-04	NM_007294.4:c.5090G>T	p.Cys1697Phe	missense	VUS	VUS	2	4	MISSING_FUNCTIONAL	MISSING_FUNCTIONAL	PM5:moderate		neighbour_evidence
2020-01-01	2026-08-04	NM_007294.4:c.5091T>G	p.Cys1697Trp	missense	VUS	VUS	2	4	MISSING_FUNCTIONAL	MISSING_FUNCTIONAL	PM5:moderate		neighbour_evidence
2020-01-01	2026-08-04	NM_007294.4:c.5095C>G	p.Arg1699Gly	missense	VUS	VUS	2	4	MISSING_FUNCTIONAL	MISSING_FUNCTIONAL	PM5:moderate		neighbour_evidence
2020-01-01	2026-08-04	NM_007294.4:c.5095C>T	p.Arg1699Trp	missense	VUS	VUS	2	4	MISSING_FUNCTIONAL	MISSING_FUNCTIONAL	PM5:moderate		neighbour_evidence
2020-01-01	2026-08-04	NM_007294.4:c.5096G>A	p.Arg1699Gln	missense	VUS	VUS	2	4	MISSING_FUNCTIONAL	MISSING_FUNCTIONAL	PM5:moderate		neighbour_evidence
2020-01-01	2026-08-04	NM_007294.4:c.5096G>C	p.Arg1699Pro	missense	VUS	VUS	2	4	MISSING_FUNCTIONAL	MISSING_FUNCTIONAL	PM5:moderate		neighbour_evidence
2020-01-01	2026-08-04	NM_007294.4:c.5096G>T	p.Arg1699Leu	missense	VUS	VUS	2	4	MISSING_FUNCTIONAL	MISSING_FUNCTIONAL	PM5:moderate		neighbour_evidence
2020-01-01	2026-08-04	NM_007294.4:c.5098A>C	p.Thr1700Pro	missense	VUS	VUS	2	4	MISSING_FUNCTIONAL	MISSING_FUNCTIONAL	PM5:moderate		neighbour_evidence
2020-01-01	2026-08-04	NM_007294.4:c.5098A>T	p.Thr1700Ser	missense	VUS	VUS	2	4	MISSING_FUNCTIONAL	MISSING_FUNCTIONAL	PM5:moderate		neighbour_evidence
2020-01-01	2026-08-04	NM_007294.4:c.5099C>A	p.Thr1700Lys	missense	VUS	VUS	2	4	MISSING_FUNCTIONAL	MISSING_FUNCTIONAL	PM5:moderate		neighbour_evidence
2020-01-01	2026-08-04	NM_007294.4:c.5099C>G	p.Thr1700Arg	missense	VUS	VUS	2	4	MISSING_FUNCTIONAL	MISSING_FUNCTIONAL	PM5:moderate		neighbour_evidence
2020-01-01	2026-08-04	NM_007294.4:c.5099C>T	p.Thr1700Ile	missense	VUS	VUS	2	4	MISSING_FUNCTIONAL	MISSING_FUNCTIONAL	PM5:moderate		neighbour_evidence
2020-01-01	2026-08-04	NM_007294.4:c.5104A>C	p.Lys1702Gln	missense	VUS	VUS	2	4	MISSING_FUNCTIONAL	MISSING_FUNCTIONAL	PM5:moderate		neighbour_evidence
2020-01-01	2026-08-04	NM_007294.4:c.5104A>G	p.Lys1702Glu	missense	VUS	VUS	2	4	MISSING_FUNCTIONAL	MISSING_FUNCTIONAL	PM5:moderate		neighbour_evidence
2020-01-01	2026-08-04	NM_007294.4:c.5105A>C	p.Lys1702Thr	missense	VUS	VUS	2	4	MISSING_FUNCTIONAL	MISSING_FUNCTIONAL	PM5:moderate		neighbour_evidence
2020-01-01	2026-08-04	NM_007294.4:c.5105A>G	p.Lys1702Arg	missense	VUS	VUS	2	4	MISSING_FUNCTIONAL	MISSING_FUNCTIONAL	PM5:moderate		neighbour_evidence
2020-01-01	2026-08-04	NM_007294.4:c.5105A>T	p.Lys1702Ile	missense	VUS	VUS	2	4	MISSING_FUNCTIONAL	MISSING_FUNCTIONAL	PM5:moderate		neighbour_evidence
2020-01-01	2026-08-04	NM_007294.4:c.5106A>C	p.Lys1702Asn	missense	VUS	LP	2	8	MISSING_FUNCTIONAL	RESOLVED_NOT_BLOCKED	PM5:moderate;PS1:strong		neighbour_evidence
2020-01-01	2026-08-04	NM_007294.4:c.5106A>T	p.Lys1702Asn	missense	VUS	VUS	2	4	MISSING_FUNCTIONAL	MISSING_FUNCTIONAL	PM5:moderate		neighbour_evidence
2020-01-01	2026-08-04	NM_007294.4:c.5107T>A	p.Tyr1703Asn	missense	VUS	VUS	2	4	MISSING_FUNCTIONAL	MISSING_FUNCTIONAL	PM5:moderate		neighbour_evidence
2020-01-01	2026-08-04	NM_007294.4:c.5107T>C	p.Tyr1703His	missense	VUS	VUS	2	4	MISSING_FUNCTIONAL	MISSING_FUNCTIONAL	PM5:moderate		neighbour_evidence
2020-01-01	2026-08-04	NM_007294.4:c.5107T>G	p.Tyr1703Asp	missense	VUS	VUS	2	4	MISSING_FUNCTIONAL	MISSING_FUNCTIONAL	PM5:moderate		neighbour_evidence
2020-01-01	2026-08-04	NM_007294.4:c.5108A>C	p.Tyr1703Ser	missense	VUS	VUS	2	4	MISSING_FUNCTIONAL	MISSING_FUNCTIONAL	PM5:moderate		neighbour_evidence
2020-01-01	2026-08-04	NM_007294.4:c.5108A>G	p.Tyr1703Cys	missense	VUS	VUS	2	4	MISSING_FUNCTIONAL	MISSING_FUNCTIONAL	PM5:moderate		neighbour_evidence
2020-01-01	2026-08-04	NM_007294.4:c.5108A>T	p.Tyr1703Phe	missense	VUS	VUS	2	4	MISSING_FUNCTIONAL	MISSING_FUNCTIONAL	PM5:moderate		neighbour_evidence
2020-01-01	2026-08-04	NM_007294.4:c.5113C>A	p.Leu1705Ile	missense	VUS	VUS	2	4	MISSING_FUNCTIONAL	MISSING_FUNCTIONAL	PM5:moderate		neighbour_evidence
2020-01-01	2026-08-04	NM_007294.4:c.5113C>G	p.Leu1705Val	missense	VUS	VUS	2	4	MISSING_FUNCTIONAL	MISSING_FUNCTIONAL	PM5:moderate		neighbour_evidence
2020-01-01	2026-08-04	NM_007294.4:c.5114T>A	p.Leu1705Gln	missense	VUS	VUS	2	4	MISSING_FUNCTIONAL	MISSING_FUNCTIONAL	PM5:moderate		neighbour_evidence
2020-01-01	2026-08-04	NM_007294.4:c.5114T>G	p.Leu1705Arg	missense	VUS	VUS	2	4	MISSING_FUNCTIONAL	MISSING_FUNCTIONAL	PM5:moderate		neighbour_evidence
2020-01-01	2026-08-04	NM_007294.4:c.5116G>A	p.Gly1706Arg	missense	VUS	LP	2	8	MISSING_FUNCTIONAL	RESOLVED_NOT_BLOCKED	PM5:moderate;PS1:strong		neighbour_evidence
2020-01-01	2026-08-04	NM_007294.4:c.5116G>C	p.Gly1706Arg	missense	VUS	LP	2	8	MISSING_FUNCTIONAL	RESOLVED_NOT_BLOCKED	PM5:moderate;PS1:strong		neighbour_evidence
2020-01-01	2026-08-04	NM_007294.4:c.5117G>A	p.Gly1706Glu	missense	VUS	VUS	2	4	MISSING_FUNCTIONAL	MISSING_FUNCTIONAL	PM5:moderate		neighbour_evidence
2020-01-01	2026-08-04	NM_007294.4:c.5117G>C	p.Gly1706Ala	missense	VUS	VUS	2	4	MISSING_FUNCTIONAL	MISSING_FUNCTIONAL	PM5:moderate		neighbour_evidence
2020-01-01	2026-08-04	NM_007294.4:c.5117G>T	p.Gly1706Val	missense	VUS	VUS	2	4	MISSING_FUNCTIONAL	MISSING_FUNCTIONAL	PM5:moderate		neighbour_evidence
2020-01-01	2026-08-04	NM_007294.4:c.5122G>A	p.Ala1708Thr	missense	VUS	VUS	2	4	MISSING_FUNCTIONAL	MISSING_FUNCTIONAL	PM5:moderate		neighbour_evidence
2020-01-01	2026-08-04	NM_007294.4:c.5122G>C	p.Ala1708Pro	missense	VUS	VUS	2	4	MISSING_FUNCTIONAL	MISSING_FUNCTIONAL	PM5:moderate		neighbour_evidence
2020-01-01	2026-08-04	NM_007294.4:c.5122G>T	p.Ala1708Ser	missense	VUS	VUS	2	4	MISSING_FUNCTIONAL	MISSING_FUNCTIONAL	PM5:moderate		neighbour_evidence
2020-01-01	2026-08-04	NM_007294.4:c.5123C>G	p.Ala1708Gly	missense	VUS	VUS	2	4	MISSING_FUNCTIONAL	MISSING_FUNCTIONAL	PM5:moderate		neighbour_evidence
2020-01-01	2026-08-04	NM_007294.4:c.5123C>T	p.Ala1708Val	missense	VUS	VUS	2	4	MISSING_FUNCTIONAL	MISSING_FUNCTIONAL	PM5:moderate		neighbour_evidence
2020-01-01	2026-08-04	NM_007294.4:c.5131A>C	p.Lys1711Gln	missense	VUS	VUS	2	4	MISSING_FUNCTIONAL	MISSING_FUNCTIONAL	PM5:moderate		neighbour_evidence
2020-01-01	2026-08-04	NM_007294.4:c.5132A>C	p.Lys1711Thr	missense	VUS	VUS	2	4	MISSING_FUNCTIONAL	MISSING_FUNCTIONAL	PM5:moderate		neighbour_evidence
2020-01-01	2026-08-04	NM_007294.4:c.5132A>G	p.Lys1711Arg	missense	VUS	VUS	2	4	MISSING_FUNCTIONAL	MISSING_FUNCTIONAL	PM5:moderate		neighbour_evidence
2020-01-01	2026-08-04	NM_007294.4:c.5132A>T	p.Lys1711Ile	missense	VUS	VUS	2	4	MISSING_FUNCTIONAL	MISSING_FUNCTIONAL	PM5:moderate		neighbour_evidence
2020-01-01	2026-08-04	NM_007294.4:c.5133A>C	p.Lys1711Asn	missense	VUS	VUS	2	4	MISSING_FUNCTIONAL	MISSING_FUNCTIONAL	PM5:moderate		neighbour_evidence
2020-01-01	2026-08-04	NM_007294.4:c.5133A>T	p.Lys1711Asn	missense	VUS	VUS	2	4	MISSING_FUNCTIONAL	MISSING_FUNCTIONAL	PM5:moderate		neighbour_evidence
2020-01-01	2026-08-04	NM_007294.4:c.5134T>A	p.Trp1712Arg	missense	VUS	VUS	2	4	MISSING_FUNCTIONAL	MISSING_FUNCTIONAL	PM5:moderate		neighbour_evidence
2020-01-01	2026-08-04	NM_007294.4:c.5134T>C	p.Trp1712Arg	missense	VUS	VUS	2	4	MISSING_FUNCTIONAL	MISSING_FUNCTIONAL	PM5:moderate		neighbour_evidence
2020-01-01	2026-08-04	NM_007294.4:c.5135G>C	p.Trp1712Ser	missense	VUS	VUS	2	4	MISSING_FUNCTIONAL	MISSING_FUNCTIONAL	PM5:moderate		neighbour_evidence
2020-01-01	2026-08-04	NM_007294.4:c.5135G>T	p.Trp1712Leu	missense	VUS	VUS	2	4	MISSING_FUNCTIONAL	MISSING_FUNCTIONAL	PM5:moderate		neighbour_evidence
2020-01-01	2026-08-04	NM_007294.4:c.5136G>C	p.Trp1712Cys	missense	VUS	VUS	2	4	MISSING_FUNCTIONAL	MISSING_FUNCTIONAL	PM5:moderate		neighbour_evidence
2020-01-01	2026-08-04	NM_007294.4:c.5136G>T	p.Trp1712Cys	missense	VUS	VUS	2	4	MISSING_FUNCTIONAL	MISSING_FUNCTIONAL	PM5:moderate		neighbour_evidence
2020-01-01	2026-08-04	NM_007294.4:c.5137G>A	p.Val1713Ile	missense	VUS	VUS	2	4	MISSING_FUNCTIONAL	MISSING_FUNCTIONAL	PM5:moderate		neighbour_evidence
2020-01-01	2026-08-04	NM_007294.4:c.5137G>C	p.Val1713Leu	missense	VUS	LP	2	8	MISSING_FUNCTIONAL	RESOLVED_NOT_BLOCKED	PM5:moderate;PS1:strong		neighbour_evidence
2020-01-01	2026-08-04	NM_007294.4:c.5137G>T	p.Val1713Leu	missense	VUS	VUS	2	4	MISSING_FUNCTIONAL	MISSING_FUNCTIONAL	PM5:moderate		neighbour_evidence
2020-01-01	2026-08-04	NM_007294.4:c.5138T>A	p.Val1713Glu	missense	VUS	VUS	2	4	MISSING_FUNCTIONAL	MISSING_FUNCTIONAL	PM5:moderate		neighbour_evidence
2020-01-01	2026-08-04	NM_007294.4:c.5138T>C	p.Val1713Ala	missense	VUS	VUS	2	4	MISSING_FUNCTIONAL	MISSING_FUNCTIONAL	PM5:moderate		neighbour_evidence
2020-01-01	2026-08-04	NM_007294.4:c.5138T>G	p.Val1713Gly	missense	VUS	LP	2	8	MISSING_FUNCTIONAL	RESOLVED_NOT_BLOCKED	PM5:moderate;PS1:strong		neighbour_evidence
2020-01-01	2026-08-04	NM_007294.4:c.5140G>A	p.Val1714Ile	missense	VUS	VUS	2	4	MISSING_FUNCTIONAL	MISSING_FUNCTIONAL	PM5:moderate		neighbour_evidence
2020-01-01	2026-08-04	NM_007294.4:c.5140G>C	p.Val1714Leu	missense	VUS	VUS	2	4	MISSING_FUNCTIONAL	MISSING_FUNCTIONAL	PM5:moderate		neighbour_evidence
2020-01-01	2026-08-04	NM_007294.4:c.5140G>T	p.Val1714Phe	missense	VUS	VUS	2	4	MISSING_FUNCTIONAL	MISSING_FUNCTIONAL	PM5:moderate		neighbour_evidence
2020-01-01	2026-08-04	NM_007294.4:c.5141T>A	p.Val1714Asp	missense	VUS	VUS	2	4	MISSING_FUNCTIONAL	MISSING_FUNCTIONAL	PM5:moderate		neighbour_evidence
2020-01-01	2026-08-04	NM_007294.4:c.5141T>C	p.Val1714Ala	missense	VUS	VUS	2	4	MISSING_FUNCTIONAL	MISSING_FUNCTIONAL	PM5:moderate		neighbour_evidence
2020-01-01	2026-08-04	NM_007294.4:c.5141T>G	p.Val1714Gly	missense	VUS	VUS	2	4	MISSING_FUNCTIONAL	MISSING_FUNCTIONAL	PM5:moderate		neighbour_evidence
2020-01-01	2026-08-04	NM_007294.4:c.5143A>C	p.Ser1715Arg	missense	VUS	LP	2	8	MISSING_FUNCTIONAL	RESOLVED_NOT_BLOCKED	PM5:moderate;PS1:strong		neighbour_evidence
2020-01-01	2026-08-04	NM_007294.4:c.5143A>G	p.Ser1715Gly	missense	VUS	VUS	2	4	MISSING_FUNCTIONAL	MISSING_FUNCTIONAL	PM5:moderate		neighbour_evidence
2020-01-01	2026-08-04	NM_007294.4:c.5143A>T	p.Ser1715Cys	missense	VUS	VUS	2	4	MISSING_FUNCTIONAL	MISSING_FUNCTIONAL	PM5:moderate		neighbour_evidence
2020-01-01	2026-08-04	NM_007294.4:c.5144G>A	p.Ser1715Asn	missense	VUS	VUS	2	4	MISSING_FUNCTIONAL	MISSING_FUNCTIONAL	PM5:moderate		neighbour_evidence
2020-01-01	2026-08-04	NM_007294.4:c.5144G>C	p.Ser1715Thr	missense	VUS	VUS	2	4	MISSING_FUNCTIONAL	MISSING_FUNCTIONAL	PM5:moderate		neighbour_evidence
2020-01-01	2026-08-04	NM_007294.4:c.5144G>T	p.Ser1715Ile	missense	VUS	VUS	2	4	MISSING_FUNCTIONAL	MISSING_FUNCTIONAL	PM5:moderate		neighbour_evidence
2020-01-01	2026-08-04	NM_007294.4:c.5145C>A	p.Ser1715Arg	missense	VUS	LP	2	8	MISSING_FUNCTIONAL	RESOLVED_NOT_BLOCKED	PM5:moderate;PS1:strong		neighbour_evidence
2020-01-01	2026-08-04	NM_007294.4:c.5145C>G	p.Ser1715Arg	missense	VUS	LP	2	8	MISSING_FUNCTIONAL	RESOLVED_NOT_BLOCKED	PM5:moderate;PS1:strong		neighbour_evidence
2020-01-01	2026-08-04	NM_007294.4:c.5152T>A	p.Trp1718Arg	missense	VUS	VUS	2	4	MISSING_FUNCTIONAL	MISSING_FUNCTIONAL	PM5:moderate		neighbour_evidence
2020-01-01	2026-08-04	NM_007294.4:c.5152T>C	p.Trp1718Arg	missense	VUS	VUS	2	4	MISSING_FUNCTIONAL	MISSING_FUNCTIONAL	PM5:moderate		neighbour_evidence
2020-01-01	2026-08-04	NM_007294.4:c.5152T>G	p.Trp1718Gly	missense	VUS	VUS	2	4	MISSING_FUNCTIONAL	MISSING_FUNCTIONAL	PM5:moderate		neighbour_evidence
2020-01-01	2026-08-04	NM_007294.4:c.5153G>C	p.Trp1718Ser	missense	VUS	VUS	2	4	MISSING_FUNCTIONAL	MISSING_FUNCTIONAL	PM5:moderate		neighbour_evidence
2020-01-01	2026-08-04	NM_007294.4:c.5153G>T	p.Trp1718Leu	missense	VUS	VUS	2	4	MISSING_FUNCTIONAL	MISSING_FUNCTIONAL	PM5:moderate		neighbour_evidence
2020-01-01	2026-08-04	NM_007294.4:c.5154G>C	p.Trp1718Cys	missense	VUS	LP	2	8	MISSING_FUNCTIONAL	RESOLVED_NOT_BLOCKED	PM5:moderate;PS1:strong		neighbour_evidence
2020-01-01	2026-08-04	NM_007294.4:c.5154G>T	p.Trp1718Cys	missense	VUS	LP	2	8	MISSING_FUNCTIONAL	RESOLVED_NOT_BLOCKED	PM5:moderate;PS1:strong		neighbour_evidence
2020-01-01	2026-08-04	NM_007294.4:c.5155G>A	p.Val1719Met	missense	VUS	VUS	2	4	MISSING_FUNCTIONAL	MISSING_FUNCTIONAL	PM5:moderate		neighbour_evidence
2020-01-01	2026-08-04	NM_007294.4:c.5155G>C	p.Val1719Leu	missense	VUS	VUS	2	4	MISSING_FUNCTIONAL	MISSING_FUNCTIONAL	PM5:moderate		neighbour_evidence
2020-01-01	2026-08-04	NM_007294.4:c.5155G>T	p.Val1719Leu	missense	VUS	VUS	2	4	MISSING_FUNCTIONAL	MISSING_FUNCTIONAL	PM5:moderate		neighbour_evidence
2020-01-01	2026-08-04	NM_007294.4:c.5156T>A	p.Val1719Glu	missense	VUS	VUS	2	4	MISSING_FUNCTIONAL	MISSING_FUNCTIONAL	PM5:moderate		neighbour_evidence
2020-01-01	2026-08-04	NM_007294.4:c.5156T>C	p.Val1719Ala	missense	VUS	VUS	2	4	MISSING_FUNCTIONAL	MISSING_FUNCTIONAL	PM5:moderate		neighbour_evidence
2020-01-01	2026-08-04	NM_007294.4:c.5164T>A	p.Ser1722Thr	missense	VUS	VUS	2	4	MISSING_FUNCTIONAL	MISSING_FUNCTIONAL	PM5:moderate		neighbour_evidence
2020-01-01	2026-08-04	NM_007294.4:c.5164T>G	p.Ser1722Ala	missense	VUS	VUS	2	4	MISSING_FUNCTIONAL	MISSING_FUNCTIONAL	PM5:moderate		neighbour_evidence
2020-01-01	2026-08-04	NM_007294.4:c.5165C>A	p.Ser1722Tyr	missense	VUS	VUS	2	4	MISSING_FUNCTIONAL	MISSING_FUNCTIONAL	PM5:moderate		neighbour_evidence
2020-01-01	2026-08-04	NM_007294.4:c.5165C>G	p.Ser1722Cys	missense	VUS	VUS	2	4	MISSING_FUNCTIONAL	MISSING_FUNCTIONAL	PM5:moderate		neighbour_evidence
2020-01-01	2026-08-04	NM_007294.4:c.5165C>T	p.Ser1722Phe	missense	VUS	VUS	2	4	MISSING_FUNCTIONAL	MISSING_FUNCTIONAL	PM5:moderate		neighbour_evidence
2020-01-01	2026-08-04	NM_007294.4:c.5200T>A	p.Phe1734Ile	missense	VUS	VUS	2	4	MISSING_FUNCTIONAL	MISSING_FUNCTIONAL	PM5:moderate		neighbour_evidence
2020-01-01	2026-08-04	NM_007294.4:c.5200T>C	p.Phe1734Leu	missense	VUS	LP	2	8	MISSING_FUNCTIONAL	RESOLVED_NOT_BLOCKED	PM5:moderate;PS1:strong		neighbour_evidence
2020-01-01	2026-08-04	NM_007294.4:c.5200T>G	p.Phe1734Val	missense	VUS	VUS	2	4	MISSING_FUNCTIONAL	MISSING_FUNCTIONAL	PM5:moderate		neighbour_evidence
2020-01-01	2026-08-04	NM_007294.4:c.5201T>A	p.Phe1734Tyr	missense	VUS	VUS	2	4	MISSING_FUNCTIONAL	MISSING_FUNCTIONAL	PM5:moderate		neighbour_evidence
2020-01-01	2026-08-04	NM_007294.4:c.5201T>C	p.Phe1734Ser	missense	VUS	VUS	2	4	MISSING_FUNCTIONAL	MISSING_FUNCTIONAL	PM5:moderate		neighbour_evidence
2020-01-01	2026-08-04	NM_007294.4:c.5201T>G	p.Phe1734Cys	missense	VUS	VUS	2	4	MISSING_FUNCTIONAL	MISSING_FUNCTIONAL	PM5:moderate		neighbour_evidence
2020-01-01	2026-08-04	NM_007294.4:c.5202T>A	p.Phe1734Leu	missense	VUS	LP	2	8	MISSING_FUNCTIONAL	RESOLVED_NOT_BLOCKED	PM5:moderate;PS1:strong		neighbour_evidence
2020-01-01	2026-08-04	NM_007294.4:c.5202T>G	p.Phe1734Leu	missense	VUS	VUS	2	4	MISSING_FUNCTIONAL	MISSING_FUNCTIONAL	PM5:moderate		neighbour_evidence
2020-01-01	2026-08-04	NM_007294.4:c.5206G>A	p.Val1736Ile	missense	VUS	VUS	2	4	MISSING_FUNCTIONAL	MISSING_FUNCTIONAL	PM5:moderate		neighbour_evidence
2020-01-01	2026-08-04	NM_007294.4:c.5206G>C	p.Val1736Leu	missense	VUS	VUS	2	4	MISSING_FUNCTIONAL	MISSING_FUNCTIONAL	PM5:moderate		neighbour_evidence
2020-01-01	2026-08-04	NM_007294.4:c.5206G>T	p.Val1736Phe	missense	VUS	VUS	2	4	MISSING_FUNCTIONAL	MISSING_FUNCTIONAL	PM5:moderate		neighbour_evidence
2020-01-01	2026-08-04	NM_007294.4:c.5207T>A	p.Val1736Asp	missense	VUS	VUS	2	4	MISSING_FUNCTIONAL	MISSING_FUNCTIONAL	PM5:moderate		neighbour_evidence
2020-01-01	2026-08-04	NM_007294.4:c.5207T>C	p.Val1736Ala	missense	VUS	VUS	2	4	MISSING_FUNCTIONAL	MISSING_FUNCTIONAL	PM5:moderate		neighbour_evidence
2020-01-01	2026-08-04	NM_007294.4:c.5207T>G	p.Val1736Gly	missense	VUS	VUS	2	4	MISSING_FUNCTIONAL	MISSING_FUNCTIONAL	PM5:moderate		neighbour_evidence
2020-01-01	2026-08-04	NM_007294.4:c.5212G>A	p.Gly1738Arg	missense	VUS	LP	2	8	MISSING_FUNCTIONAL	RESOLVED_NOT_BLOCKED	PM5:moderate;PS1:strong		neighbour_evidence
2020-01-01	2026-08-04	NM_007294.4:c.5212G>C	p.Gly1738Arg	missense	VUS	LP	2	8	MISSING_FUNCTIONAL	RESOLVED_NOT_BLOCKED	PM5:moderate;PS1:strong		neighbour_evidence
2020-01-01	2026-08-04	NM_007294.4:c.5213G>A	p.Gly1738Glu	missense	VUS	VUS	2	4	MISSING_FUNCTIONAL	MISSING_FUNCTIONAL	PM5:moderate		neighbour_evidence
2020-01-01	2026-08-04	NM_007294.4:c.5213G>C	p.Gly1738Ala	missense	VUS	VUS	2	4	MISSING_FUNCTIONAL	MISSING_FUNCTIONAL	PM5:moderate		neighbour_evidence
2020-01-01	2026-08-04	NM_007294.4:c.5213G>T	p.Gly1738Val	missense	VUS	VUS	2	4	MISSING_FUNCTIONAL	MISSING_FUNCTIONAL	PM5:moderate		neighbour_evidence
2020-01-01	2026-08-04	NM_007294.4:c.5215G>A	p.Asp1739Asn	missense	VUS	VUS	2	4	MISSING_FUNCTIONAL	MISSING_FUNCTIONAL	PM5:moderate		neighbour_evidence
2020-01-01	2026-08-04	NM_007294.4:c.5215G>C	p.Asp1739His	missense	VUS	VUS	2	4	MISSING_FUNCTIONAL	MISSING_FUNCTIONAL	PM5:moderate		neighbour_evidence
2020-01-01	2026-08-04	NM_007294.4:c.5215G>T	p.Asp1739Tyr	missense	VUS	VUS	2	4	MISSING_FUNCTIONAL	MISSING_FUNCTIONAL	PM5:moderate		neighbour_evidence
2020-01-01	2026-08-04	NM_007294.4:c.5216A>C	p.Asp1739Ala	missense	VUS	VUS	2	4	MISSING_FUNCTIONAL	MISSING_FUNCTIONAL	PM5:moderate		neighbour_evidence
2020-01-01	2026-08-04	NM_007294.4:c.5216A>G	p.Asp1739Gly	missense	VUS	VUS	2	4	MISSING_FUNCTIONAL	MISSING_FUNCTIONAL	PM5:moderate		neighbour_evidence
2020-01-01	2026-08-04	NM_007294.4:c.5216A>T	p.Asp1739Val	missense	VUS	VUS	2	4	MISSING_FUNCTIONAL	MISSING_FUNCTIONAL	PM5:moderate		neighbour_evidence
2020-01-01	2026-08-04	NM_007294.4:c.5217T>A	p.Asp1739Glu	missense	VUS	LP	2	8	MISSING_FUNCTIONAL	RESOLVED_NOT_BLOCKED	PM5:moderate;PS1:strong		neighbour_evidence
2020-01-01	2026-08-04	NM_007294.4:c.5217T>G	p.Asp1739Glu	missense	VUS	VUS	2	4	MISSING_FUNCTIONAL	MISSING_FUNCTIONAL	PM5:moderate		neighbour_evidence
2020-01-01	2026-08-04	NM_007294.4:c.5227G>A	p.Gly1743Arg	missense	VUS	VUS	2	4	MISSING_FUNCTIONAL	MISSING_FUNCTIONAL	PM5:moderate		neighbour_evidence
2020-01-01	2026-08-04	NM_007294.4:c.5227G>C	p.Gly1743Arg	missense	VUS	VUS	2	4	MISSING_FUNCTIONAL	MISSING_FUNCTIONAL	PM5:moderate		neighbour_evidence
2020-01-01	2026-08-04	NM_007294.4:c.5228G>C	p.Gly1743Ala	missense	VUS	VUS	2	4	MISSING_FUNCTIONAL	MISSING_FUNCTIONAL	PM5:moderate		neighbour_evidence
2020-01-01	2026-08-04	NM_007294.4:c.5228G>T	p.Gly1743Val	missense	VUS	VUS	2	4	MISSING_FUNCTIONAL	MISSING_FUNCTIONAL	PM5:moderate		neighbour_evidence
2020-01-01	2026-08-04	NM_007294.4:c.5236C>A	p.His1746Asn	missense	VUS	VUS	2	4	MISSING_FUNCTIONAL	MISSING_FUNCTIONAL	PM5:moderate		neighbour_evidence
2020-01-01	2026-08-04	NM_007294.4:c.5236C>T	p.His1746Tyr	missense	VUS	VUS	2	4	MISSING_FUNCTIONAL	MISSING_FUNCTIONAL	PM5:moderate		neighbour_evidence
2020-01-01	2026-08-04	NM_007294.4:c.5237A>C	p.His1746Pro	missense	VUS	VUS	2	4	MISSING_FUNCTIONAL	MISSING_FUNCTIONAL	PM5:moderate		neighbour_evidence
2020-01-01	2026-08-04	NM_007294.4:c.5237A>G	p.His1746Arg	missense	VUS	VUS	2	4	MISSING_FUNCTIONAL	MISSING_FUNCTIONAL	PM5:moderate		neighbour_evidence
2020-01-01	2026-08-04	NM_007294.4:c.5237A>T	p.His1746Leu	missense	VUS	VUS	2	4	MISSING_FUNCTIONAL	MISSING_FUNCTIONAL	PM5:moderate		neighbour_evidence
2020-01-01	2026-08-04	NM_007294.4:c.5238C>A	p.His1746Gln	missense	VUS	VUS	2	4	MISSING_FUNCTIONAL	MISSING_FUNCTIONAL	PM5:moderate		neighbour_evidence
2020-01-01	2026-08-04	NM_007294.4:c.5238C>G	p.His1746Gln	missense	VUS	VUS	2	4	MISSING_FUNCTIONAL	MISSING_FUNCTIONAL	PM5:moderate		neighbour_evidence
2020-01-01	2026-08-04	NM_007294.4:c.5242G>A	p.Gly1748Ser	missense	VUS	VUS	2	4	MISSING_FUNCTIONAL	MISSING_FUNCTIONAL	PM5:moderate		neighbour_evidence
2020-01-01	2026-08-04	NM_007294.4:c.5242G>C	p.Gly1748Arg	missense	VUS	VUS	2	4	MISSING_FUNCTIONAL	MISSING_FUNCTIONAL	PM5:moderate		neighbour_evidence
2020-01-01	2026-08-04	NM_007294.4:c.5242G>T	p.Gly1748Cys	missense	VUS	VUS	2	4	MISSING_FUNCTIONAL	MISSING_FUNCTIONAL	PM5:moderate		neighbour_evidence
2020-01-01	2026-08-04	NM_007294.4:c.5243G>A	p.Gly1748Asp	missense	VUS	VUS	2	4	MISSING_FUNCTIONAL	MISSING_FUNCTIONAL	PM5:moderate		neighbour_evidence
2020-01-01	2026-08-04	NM_007294.4:c.5243G>C	p.Gly1748Ala	missense	VUS	VUS	2	4	MISSING_FUNCTIONAL	MISSING_FUNCTIONAL	PM5:moderate		neighbour_evidence
2020-01-01	2026-08-04	NM_007294.4:c.5243G>T	p.Gly1748Val	missense	VUS	VUS	2	4	MISSING_FUNCTIONAL	MISSING_FUNCTIONAL	PM5:moderate		neighbour_evidence
2020-01-01	2026-08-04	NM_007294.4:c.5245C>A	p.Pro1749Thr	missense	VUS	VUS	2	4	MISSING_FUNCTIONAL	MISSING_FUNCTIONAL	PM5:moderate		neighbour_evidence
2020-01-01	2026-08-04	NM_007294.4:c.5245C>G	p.Pro1749Ala	missense	VUS	VUS	2	4	MISSING_FUNCTIONAL	MISSING_FUNCTIONAL	PM5:moderate		neighbour_evidence
2020-01-01	2026-08-04	NM_007294.4:c.5245C>T	p.Pro1749Ser	missense	VUS	VUS	2	4	MISSING_FUNCTIONAL	MISSING_FUNCTIONAL	PM5:moderate		neighbour_evidence
2020-01-01	2026-08-04	NM_007294.4:c.5246C>A	p.Pro1749Gln	missense	VUS	VUS	2	4	MISSING_FUNCTIONAL	MISSING_FUNCTIONAL	PM5:moderate		neighbour_evidence
2020-01-01	2026-08-04	NM_007294.4:c.5246C>T	p.Pro1749Leu	missense	VUS	VUS	2	4	MISSING_FUNCTIONAL	MISSING_FUNCTIONAL	PM5:moderate		neighbour_evidence
2020-01-01	2026-08-04	NM_007294.4:c.5251C>G	p.Arg1751Gly	missense	VUS	VUS	2	4	MISSING_FUNCTIONAL	MISSING_FUNCTIONAL	PM5:moderate		neighbour_evidence
2020-01-01	2026-08-04	NM_007294.4:c.5252G>A	p.Arg1751Gln	missense	VUS	VUS	2	4	MISSING_FUNCTIONAL	MISSING_FUNCTIONAL	PM5:moderate		neighbour_evidence
2020-01-01	2026-08-04	NM_007294.4:c.5252G>C	p.Arg1751Pro	missense	VUS	VUS	2	4	MISSING_FUNCTIONAL	MISSING_FUNCTIONAL	PM5:moderate		neighbour_evidence
2020-01-01	2026-08-04	NM_007294.4:c.5252G>T	p.Arg1751Leu	missense	VUS	VUS	2	4	MISSING_FUNCTIONAL	MISSING_FUNCTIONAL	PM5:moderate		neighbour_evidence
2020-01-01	2026-08-04	NM_007294.4:c.5254G>A	p.Ala1752Thr	missense	VUS	VUS	2	4	MISSING_FUNCTIONAL	MISSING_FUNCTIONAL	PM5:moderate		neighbour_evidence
2020-01-01	2026-08-04	NM_007294.4:c.5254G>C	p.Ala1752Pro	missense	VUS	VUS	2	4	MISSING_FUNCTIONAL	MISSING_FUNCTIONAL	PM5:moderate		neighbour_evidence
2020-01-01	2026-08-04	NM_007294.4:c.5254G>T	p.Ala1752Ser	missense	VUS	VUS	2	4	MISSING_FUNCTIONAL	MISSING_FUNCTIONAL	PM5:moderate		neighbour_evidence
2020-01-01	2026-08-04	NM_007294.4:c.5255C>A	p.Ala1752Glu	missense	VUS	VUS	2	4	MISSING_FUNCTIONAL	MISSING_FUNCTIONAL	PM5:moderate		neighbour_evidence
2020-01-01	2026-08-04	NM_007294.4:c.5255C>G	p.Ala1752Gly	missense	VUS	VUS	2	4	MISSING_FUNCTIONAL	MISSING_FUNCTIONAL	PM5:moderate		neighbour_evidence
2020-01-01	2026-08-04	NM_007294.4:c.5255C>T	p.Ala1752Val	missense	VUS	VUS	2	4	MISSING_FUNCTIONAL	MISSING_FUNCTIONAL	PM5:moderate		neighbour_evidence
2020-01-01	2026-08-04	NM_007294.4:c.5257A>G	p.Arg1753Gly	missense	VUS	VUS	2	4	MISSING_FUNCTIONAL	MISSING_FUNCTIONAL	PM5:moderate		neighbour_evidence
2020-01-01	2026-08-04	NM_007294.4:c.5258G>A	p.Arg1753Lys	missense	VUS	VUS	2	4	MISSING_FUNCTIONAL	MISSING_FUNCTIONAL	PM5:moderate		neighbour_evidence
2020-01-01	2026-08-04	NM_007294.4:c.5258G>C	p.Arg1753Thr	missense	VUS	VUS	2	4	MISSING_FUNCTIONAL	MISSING_FUNCTIONAL	PM5:moderate		neighbour_evidence
2020-01-01	2026-08-04	NM_007294.4:c.5258G>T	p.Arg1753Ile	missense	VUS	VUS	2	4	MISSING_FUNCTIONAL	MISSING_FUNCTIONAL	PM5:moderate		neighbour_evidence
2020-01-01	2026-08-04	NM_007294.4:c.5259A>C	p.Arg1753Ser	missense	VUS	LP	2	8	MISSING_FUNCTIONAL	RESOLVED_NOT_BLOCKED	PM5:moderate;PS1:strong		neighbour_evidence
2020-01-01	2026-08-04	NM_007294.4:c.5259A>T	p.Arg1753Ser	missense	VUS	LP	2	8	MISSING_FUNCTIONAL	RESOLVED_NOT_BLOCKED	PM5:moderate;PS1:strong		neighbour_evidence
2020-01-01	2026-08-04	NM_007294.4:c.5281T>A	p.Phe1761Ile	missense	VUS	VUS	2	4	MISSING_FUNCTIONAL	MISSING_FUNCTIONAL	PM5:moderate		neighbour_evidence
2020-01-01	2026-08-04	NM_007294.4:c.5281T>C	p.Phe1761Leu	missense	VUS	VUS	2	4	MISSING_FUNCTIONAL	MISSING_FUNCTIONAL	PM5:moderate		neighbour_evidence
2020-01-01	2026-08-04	NM_007294.4:c.5281T>G	p.Phe1761Val	missense	VUS	VUS	2	4	MISSING_FUNCTIONAL	MISSING_FUNCTIONAL	PM5:moderate		neighbour_evidence
2020-01-01	2026-08-04	NM_007294.4:c.5282T>A	p.Phe1761Tyr	missense	VUS	VUS	2	4	MISSING_FUNCTIONAL	MISSING_FUNCTIONAL	PM5:moderate		neighbour_evidence
2020-01-01	2026-08-04	NM_007294.4:c.5282T>C	p.Phe1761Ser	missense	VUS	VUS	2	4	MISSING_FUNCTIONAL	MISSING_FUNCTIONAL	PM5:moderate		neighbour_evidence
2020-01-01	2026-08-04	NM_007294.4:c.5282T>G	p.Phe1761Cys	missense	VUS	VUS	2	4	MISSING_FUNCTIONAL	MISSING_FUNCTIONAL	PM5:moderate		neighbour_evidence
2020-01-01	2026-08-04	NM_007294.4:c.5283C>A	p.Phe1761Leu	missense	VUS	VUS	2	4	MISSING_FUNCTIONAL	MISSING_FUNCTIONAL	PM5:moderate		neighbour_evidence
2020-01-01	2026-08-04	NM_007294.4:c.5283C>G	p.Phe1761Leu	missense	VUS	VUS	2	4	MISSING_FUNCTIONAL	MISSING_FUNCTIONAL	PM5:moderate		neighbour_evidence
2020-01-01	2026-08-04	NM_007294.4:c.5290C>A	p.Leu1764Ile	missense	VUS	VUS	2	4	MISSING_FUNCTIONAL	MISSING_FUNCTIONAL	PM5:moderate		neighbour_evidence
2020-01-01	2026-08-04	NM_007294.4:c.5290C>G	p.Leu1764Val	missense	VUS	VUS	2	4	MISSING_FUNCTIONAL	MISSING_FUNCTIONAL	PM5:moderate		neighbour_evidence
2020-01-01	2026-08-04	NM_007294.4:c.5291T>A	p.Leu1764Gln	missense	VUS	VUS	2	4	MISSING_FUNCTIONAL	MISSING_FUNCTIONAL	PM5:moderate		neighbour_evidence
2020-01-01	2026-08-04	NM_007294.4:c.5291T>G	p.Leu1764Arg	missense	VUS	VUS	2	4	MISSING_FUNCTIONAL	MISSING_FUNCTIONAL	PM5:moderate		neighbour_evidence
2020-01-01	2026-08-04	NM_007294.4:c.5296A>C	p.Ile1766Leu	missense	VUS	VUS	2	4	MISSING_FUNCTIONAL	MISSING_FUNCTIONAL	PM5:moderate		neighbour_evidence
2020-01-01	2026-08-04	NM_007294.4:c.5296A>G	p.Ile1766Val	missense	VUS	VUS	2	4	MISSING_FUNCTIONAL	MISSING_FUNCTIONAL	PM5:moderate		neighbour_evidence
2020-01-01	2026-08-04	NM_007294.4:c.5296A>T	p.Ile1766Phe	missense	VUS	VUS	2	4	MISSING_FUNCTIONAL	MISSING_FUNCTIONAL	PM5:moderate		neighbour_evidence
2020-01-01	2026-08-04	NM_007294.4:c.5297T>A	p.Ile1766Asn	missense	VUS	VUS	2	4	MISSING_FUNCTIONAL	MISSING_FUNCTIONAL	PM5:moderate		neighbour_evidence
2020-01-01	2026-08-04	NM_007294.4:c.5297T>C	p.Ile1766Thr	missense	VUS	VUS	2	4	MISSING_FUNCTIONAL	MISSING_FUNCTIONAL	PM5:moderate		neighbour_evidence
2020-01-01	2026-08-04	NM_007294.4:c.5297T>G	p.Ile1766Ser	missense	VUS	VUS	2	4	MISSING_FUNCTIONAL	MISSING_FUNCTIONAL	PM5:moderate		neighbour_evidence
2020-01-01	2026-08-04	NM_007294.4:c.5298C>G	p.Ile1766Met	missense	VUS	VUS	2	4	MISSING_FUNCTIONAL	MISSING_FUNCTIONAL	PM5:moderate		neighbour_evidence
2020-01-01	2026-08-04	NM_007294.4:c.5308G>A	p.Gly1770Arg	missense	VUS	VUS	2	4	MISSING_FUNCTIONAL	MISSING_FUNCTIONAL	PM5:moderate		neighbour_evidence
2020-01-01	2026-08-04	NM_007294.4:c.5308G>C	p.Gly1770Arg	missense	VUS	VUS	2	4	MISSING_FUNCTIONAL	MISSING_FUNCTIONAL	PM5:moderate		neighbour_evidence
2020-01-01	2026-08-04	NM_007294.4:c.5308G>T	p.Gly1770Trp	missense	VUS	VUS	2	4	MISSING_FUNCTIONAL	MISSING_FUNCTIONAL	PM5:moderate		neighbour_evidence
2020-01-01	2026-08-04	NM_007294.4:c.5309G>A	p.Gly1770Glu	missense	VUS	VUS	2	4	MISSING_FUNCTIONAL	MISSING_FUNCTIONAL	PM5:moderate		neighbour_evidence
2020-01-01	2026-08-04	NM_007294.4:c.5309G>C	p.Gly1770Ala	missense	VUS	VUS	2	4	MISSING_FUNCTIONAL	MISSING_FUNCTIONAL	PM5:moderate		neighbour_evidence
2020-01-01	2026-08-04	NM_007294.4:c.5323A>C	p.Met1775Leu	missense	VUS	VUS	2	4	MISSING_FUNCTIONAL	MISSING_FUNCTIONAL	PM5:moderate		neighbour_evidence
2020-01-01	2026-08-04	NM_007294.4:c.5323A>G	p.Met1775Val	missense	VUS	VUS	2	4	MISSING_FUNCTIONAL	MISSING_FUNCTIONAL	PM5:moderate		neighbour_evidence
2020-01-01	2026-08-04	NM_007294.4:c.5323A>T	p.Met1775Leu	missense	VUS	VUS	2	4	MISSING_FUNCTIONAL	MISSING_FUNCTIONAL	PM5:moderate		neighbour_evidence
2020-01-01	2026-08-04	NM_007294.4:c.5324T>A	p.Met1775Lys	missense	VUS	VUS	2	4	MISSING_FUNCTIONAL	MISSING_FUNCTIONAL	PM5:moderate		neighbour_evidence
2020-01-01	2026-08-04	NM_007294.4:c.5324T>C	p.Met1775Thr	missense	VUS	VUS	2	4	MISSING_FUNCTIONAL	MISSING_FUNCTIONAL	PM5:moderate		neighbour_evidence
2020-01-01	2026-08-04	NM_007294.4:c.5324T>G	p.Met1775Arg	missense	VUS	VUS	2	4	MISSING_FUNCTIONAL	MISSING_FUNCTIONAL	PM5:moderate		neighbour_evidence
2020-01-01	2026-08-04	NM_007294.4:c.5325G>A	p.Met1775Ile	missense	VUS	VUS	2	4	MISSING_FUNCTIONAL	MISSING_FUNCTIONAL	PM5:moderate		neighbour_evidence
2020-01-01	2026-08-04	NM_007294.4:c.5325G>C	p.Met1775Ile	missense	VUS	VUS	2	4	MISSING_FUNCTIONAL	MISSING_FUNCTIONAL	PM5:moderate		neighbour_evidence
2020-01-01	2026-08-04	NM_007294.4:c.5325G>T	p.Met1775Ile	missense	VUS	VUS	2	4	MISSING_FUNCTIONAL	MISSING_FUNCTIONAL	PM5:moderate		neighbour_evidence
2020-01-01	2026-08-04	NM_007294.4:c.5332G>A	p.Asp1778Asn	missense	VUS	VUS	2	4	MISSING_FUNCTIONAL	MISSING_FUNCTIONAL	PM5:moderate		neighbour_evidence
2020-01-01	2026-08-04	NM_007294.4:c.5332G>C	p.Asp1778His	missense	VUS	VUS	2	4	MISSING_FUNCTIONAL	MISSING_FUNCTIONAL	PM5:moderate		neighbour_evidence
2020-01-01	2026-08-04	NM_007294.4:c.5332G>T	p.Asp1778Tyr	missense	VUS	VUS	2	4	MISSING_FUNCTIONAL	MISSING_FUNCTIONAL	PM5:moderate		neighbour_evidence
2020-01-01	2026-08-04	NM_007294.4:c.5333A>C	p.Asp1778Ala	missense	VUS	VUS	2	4	MISSING_FUNCTIONAL	MISSING_FUNCTIONAL	PM5:moderate		neighbour_evidence
2020-01-01	2026-08-04	NM_007294.4:c.5333A>G	p.Asp1778Gly	missense	VUS	VUS	2	4	MISSING_FUNCTIONAL	MISSING_FUNCTIONAL	PM5:moderate		neighbour_evidence
2020-01-01	2026-08-04	NM_007294.4:c.5333A>T	p.Asp1778Val	missense	VUS	VUS	2	4	MISSING_FUNCTIONAL	MISSING_FUNCTIONAL	PM5:moderate		neighbour_evidence
2020-01-01	2026-08-04	NM_007294.4:c.5334T>A	p.Asp1778Glu	missense	VUS	VUS	2	4	MISSING_FUNCTIONAL	MISSING_FUNCTIONAL	PM5:moderate		neighbour_evidence
2020-01-01	2026-08-04	NM_007294.4:c.5334T>G	p.Asp1778Glu	missense	VUS	VUS	2	4	MISSING_FUNCTIONAL	MISSING_FUNCTIONAL	PM5:moderate		neighbour_evidence
2020-01-01	2026-08-04	NM_007294.4:c.5338C>A	p.Leu1780Met	missense	VUS	VUS	2	4	MISSING_FUNCTIONAL	MISSING_FUNCTIONAL	PM5:moderate		neighbour_evidence
2020-01-01	2026-08-04	NM_007294.4:c.5338C>G	p.Leu1780Val	missense	VUS	VUS	2	4	MISSING_FUNCTIONAL	MISSING_FUNCTIONAL	PM5:moderate		neighbour_evidence
2020-01-01	2026-08-04	NM_007294.4:c.5339T>A	p.Leu1780Gln	missense	VUS	VUS	2	4	MISSING_FUNCTIONAL	MISSING_FUNCTIONAL	PM5:moderate		neighbour_evidence
2020-01-01	2026-08-04	NM_007294.4:c.5339T>C	p.Leu1780Pro	missense	VUS	VUS	2	4	MISSING_FUNCTIONAL	MISSING_FUNCTIONAL	PM5:moderate		neighbour_evidence
2020-01-01	2026-08-04	NM_007294.4:c.5339T>G	p.Leu1780Arg	missense	VUS	VUS	2	4	MISSING_FUNCTIONAL	MISSING_FUNCTIONAL	PM5:moderate		neighbour_evidence
2020-01-01	2026-08-04	NM_007294.4:c.5350G>A	p.Val1784Ile	missense	VUS	VUS	2	4	MISSING_FUNCTIONAL	MISSING_FUNCTIONAL	PM5:moderate		neighbour_evidence
2020-01-01	2026-08-04	NM_007294.4:c.5350G>C	p.Val1784Leu	missense	VUS	VUS	2	4	MISSING_FUNCTIONAL	MISSING_FUNCTIONAL	PM5:moderate		neighbour_evidence
2020-01-01	2026-08-04	NM_007294.4:c.5350G>T	p.Val1784Leu	missense	VUS	VUS	2	4	MISSING_FUNCTIONAL	MISSING_FUNCTIONAL	PM5:moderate		neighbour_evidence
2020-01-01	2026-08-04	NM_007294.4:c.5351T>C	p.Val1784Ala	missense	VUS	VUS	2	4	MISSING_FUNCTIONAL	MISSING_FUNCTIONAL	PM5:moderate		neighbour_evidence
2020-01-01	2026-08-04	NM_007294.4:c.5351T>G	p.Val1784Gly	missense	VUS	VUS	2	4	MISSING_FUNCTIONAL	MISSING_FUNCTIONAL	PM5:moderate		neighbour_evidence
2020-01-01	2026-08-04	NM_007294.4:c.5356C>A	p.Leu1786Met	missense	VUS	VUS	2	4	MISSING_FUNCTIONAL	MISSING_FUNCTIONAL	PM5:moderate		neighbour_evidence
2020-01-01	2026-08-04	NM_007294.4:c.5356C>G	p.Leu1786Val	missense	VUS	VUS	2	4	MISSING_FUNCTIONAL	MISSING_FUNCTIONAL	PM5:moderate		neighbour_evidence
2020-01-01	2026-08-04	NM_007294.4:c.5357T>A	p.Leu1786Gln	missense	VUS	VUS	2	4	MISSING_FUNCTIONAL	MISSING_FUNCTIONAL	PM5:moderate		neighbour_evidence
2020-01-01	2026-08-04	NM_007294.4:c.5357T>G	p.Leu1786Arg	missense	VUS	VUS	2	4	MISSING_FUNCTIONAL	MISSING_FUNCTIONAL	PM5:moderate		neighbour_evidence
2020-01-01	2026-08-04	NM_007294.4:c.5359T>A	p.Cys1787Ser	missense	VUS	VUS	2	4	MISSING_FUNCTIONAL	MISSING_FUNCTIONAL	PM5:moderate		neighbour_evidence
2020-01-01	2026-08-04	NM_007294.4:c.5359T>C	p.Cys1787Arg	missense	VUS	VUS	2	4	MISSING_FUNCTIONAL	MISSING_FUNCTIONAL	PM5:moderate		neighbour_evidence
2020-01-01	2026-08-04	NM_007294.4:c.5359T>G	p.Cys1787Gly	missense	VUS	VUS	2	4	MISSING_FUNCTIONAL	MISSING_FUNCTIONAL	PM5:moderate		neighbour_evidence
2020-01-01	2026-08-04	NM_007294.4:c.5360G>C	p.Cys1787Ser	missense	VUS	VUS	2	4	MISSING_FUNCTIONAL	MISSING_FUNCTIONAL	PM5:moderate		neighbour_evidence
2020-01-01	2026-08-04	NM_007294.4:c.5360G>T	p.Cys1787Phe	missense	VUS	VUS	2	4	MISSING_FUNCTIONAL	MISSING_FUNCTIONAL	PM5:moderate		neighbour_evidence
2020-01-01	2026-08-04	NM_007294.4:c.5361T>G	p.Cys1787Trp	missense	VUS	VUS	2	4	MISSING_FUNCTIONAL	MISSING_FUNCTIONAL	PM5:moderate		neighbour_evidence
2020-01-01	2026-08-04	NM_007294.4:c.5362G>A	p.Gly1788Ser	missense	VUS	VUS	2	4	MISSING_FUNCTIONAL	MISSING_FUNCTIONAL	PM5:moderate		neighbour_evidence
2020-01-01	2026-08-04	NM_007294.4:c.5362G>C	p.Gly1788Arg	missense	VUS	VUS	2	4	MISSING_FUNCTIONAL	MISSING_FUNCTIONAL	PM5:moderate		neighbour_evidence
2020-01-01	2026-08-04	NM_007294.4:c.5362G>T	p.Gly1788Cys	missense	VUS	VUS	2	4	MISSING_FUNCTIONAL	MISSING_FUNCTIONAL	PM5:moderate		neighbour_evidence
2020-01-01	2026-08-04	NM_007294.4:c.5363G>A	p.Gly1788Asp	missense	VUS	VUS	2	4	MISSING_FUNCTIONAL	MISSING_FUNCTIONAL	PM5:moderate		neighbour_evidence
2020-01-01	2026-08-04	NM_007294.4:c.5363G>C	p.Gly1788Ala	missense	VUS	VUS	2	4	MISSING_FUNCTIONAL	MISSING_FUNCTIONAL	PM5:moderate		neighbour_evidence
2020-01-01	2026-08-04	NM_007294.4:c.5363G>T	p.Gly1788Val	missense	VUS	VUS	2	4	MISSING_FUNCTIONAL	MISSING_FUNCTIONAL	PM5:moderate		neighbour_evidence
2020-01-01	2026-08-04	NM_007294.4:c.5365G>A	p.Ala1789Thr	missense	VUS	VUS	2	4	MISSING_FUNCTIONAL	MISSING_FUNCTIONAL	PM5:moderate		neighbour_evidence
2020-01-01	2026-08-04	NM_007294.4:c.5365G>C	p.Ala1789Pro	missense	VUS	VUS	2	4	MISSING_FUNCTIONAL	MISSING_FUNCTIONAL	PM5:moderate		neighbour_evidence
2020-01-01	2026-08-04	NM_007294.4:c.5365G>T	p.Ala1789Ser	missense	VUS	VUS	2	4	MISSING_FUNCTIONAL	MISSING_FUNCTIONAL	PM5:moderate		neighbour_evidence
2020-01-01	2026-08-04	NM_007294.4:c.5366C>A	p.Ala1789Asp	missense	VUS	VUS	2	4	MISSING_FUNCTIONAL	MISSING_FUNCTIONAL	PM5:moderate		neighbour_evidence
2020-01-01	2026-08-04	NM_007294.4:c.5366C>G	p.Ala1789Gly	missense	VUS	VUS	2	4	MISSING_FUNCTIONAL	MISSING_FUNCTIONAL	PM5:moderate		neighbour_evidence
2020-01-01	2026-08-04	NM_007294.4:c.5366C>T	p.Ala1789Val	missense	VUS	VUS	2	4	MISSING_FUNCTIONAL	MISSING_FUNCTIONAL	PM5:moderate		neighbour_evidence
2020-01-01	2026-08-04	NM_007294.4:c.5407G>A	p.Gly1803Ser	missense	VUS	VUS	2	4	MISSING_FUNCTIONAL	MISSING_FUNCTIONAL	PM5:moderate		neighbour_evidence
2020-01-01	2026-08-04	NM_007294.4:c.5407G>C	p.Gly1803Arg	missense	VUS	VUS	2	4	MISSING_FUNCTIONAL	MISSING_FUNCTIONAL	PM5:moderate		neighbour_evidence
2020-01-01	2026-08-04	NM_007294.4:c.5407G>T	p.Gly1803Cys	missense	VUS	VUS	2	4	MISSING_FUNCTIONAL	MISSING_FUNCTIONAL	PM5:moderate		neighbour_evidence
2020-01-01	2026-08-04	NM_007294.4:c.5408G>A	p.Gly1803Asp	missense	VUS	VUS	2	4	MISSING_FUNCTIONAL	MISSING_FUNCTIONAL	PM5:moderate		neighbour_evidence
2020-01-01	2026-08-04	NM_007294.4:c.5408G>T	p.Gly1803Val	missense	VUS	VUS	2	4	MISSING_FUNCTIONAL	MISSING_FUNCTIONAL	PM5:moderate		neighbour_evidence
2020-01-01	2026-08-04	NM_007294.4:c.5425G>A	p.Val1809Ile	missense	VUS	VUS	2	4	MISSING_FUNCTIONAL	MISSING_FUNCTIONAL	PM5:moderate		neighbour_evidence
2020-01-01	2026-08-04	NM_007294.4:c.5425G>C	p.Val1809Leu	missense	VUS	VUS	2	4	MISSING_FUNCTIONAL	MISSING_FUNCTIONAL	PM5:moderate		neighbour_evidence
2020-01-01	2026-08-04	NM_007294.4:c.5425G>T	p.Val1809Phe	missense	VUS	VUS	2	4	MISSING_FUNCTIONAL	MISSING_FUNCTIONAL	PM5:moderate		neighbour_evidence
2020-01-01	2026-08-04	NM_007294.4:c.5426T>A	p.Val1809Asp	missense	VUS	VUS	2	4	MISSING_FUNCTIONAL	MISSING_FUNCTIONAL	PM5:moderate		neighbour_evidence
2020-01-01	2026-08-04	NM_007294.4:c.5426T>C	p.Val1809Ala	missense	VUS	VUS	2	4	MISSING_FUNCTIONAL	MISSING_FUNCTIONAL	PM5:moderate		neighbour_evidence
2020-01-01	2026-08-04	NM_007294.4:c.5426T>G	p.Val1809Gly	missense	VUS	VUS	2	4	MISSING_FUNCTIONAL	MISSING_FUNCTIONAL	PM5:moderate		neighbour_evidence
2020-01-01	2026-08-04	NM_007294.4:c.5431C>A	p.Gln1811Lys	missense	VUS	VUS	2	4	MISSING_FUNCTIONAL	MISSING_FUNCTIONAL	PM5:moderate		neighbour_evidence
2020-01-01	2026-08-04	NM_007294.4:c.5431C>G	p.Gln1811Glu	missense	VUS	VUS	2	4	MISSING_FUNCTIONAL	MISSING_FUNCTIONAL	PM5:moderate		neighbour_evidence
2020-01-01	2026-08-04	NM_007294.4:c.5432A>C	p.Gln1811Pro	missense	VUS	VUS	2	4	MISSING_FUNCTIONAL	MISSING_FUNCTIONAL	PM5:moderate		neighbour_evidence
2020-01-01	2026-08-04	NM_007294.4:c.5432A>G	p.Gln1811Arg	missense	VUS	VUS	2	4	MISSING_FUNCTIONAL	MISSING_FUNCTIONAL	PM5:moderate		neighbour_evidence
2020-01-01	2026-08-04	NM_007294.4:c.5432A>T	p.Gln1811Leu	missense	VUS	VUS	2	4	MISSING_FUNCTIONAL	MISSING_FUNCTIONAL	PM5:moderate		neighbour_evidence
2020-01-01	2026-08-04	NM_007294.4:c.5433G>C	p.Gln1811His	missense	VUS	VUS	2	4	MISSING_FUNCTIONAL	MISSING_FUNCTIONAL	PM5:moderate		neighbour_evidence
2020-01-01	2026-08-04	NM_007294.4:c.5433G>T	p.Gln1811His	missense	VUS	VUS	2	4	MISSING_FUNCTIONAL	MISSING_FUNCTIONAL	PM5:moderate		neighbour_evidence
2020-01-01	2026-08-04	NM_007294.4:c.5434C>A	p.Pro1812Thr	missense	VUS	VUS	2	4	MISSING_FUNCTIONAL	MISSING_FUNCTIONAL	PM5:moderate		neighbour_evidence
2020-01-01	2026-08-04	NM_007294.4:c.5434C>T	p.Pro1812Ser	missense	VUS	VUS	2	4	MISSING_FUNCTIONAL	MISSING_FUNCTIONAL	PM5:moderate		neighbour_evidence
2020-01-01	2026-08-04	NM_007294.4:c.5435C>A	p.Pro1812Gln	missense	VUS	VUS	2	4	MISSING_FUNCTIONAL	MISSING_FUNCTIONAL	PM5:moderate		neighbour_evidence
2020-01-01	2026-08-04	NM_007294.4:c.5435C>G	p.Pro1812Arg	missense	VUS	VUS	2	4	MISSING_FUNCTIONAL	MISSING_FUNCTIONAL	PM5:moderate		neighbour_evidence
2020-01-01	2026-08-04	NM_007294.4:c.5435C>T	p.Pro1812Leu	missense	VUS	VUS	2	4	MISSING_FUNCTIONAL	MISSING_FUNCTIONAL	PM5:moderate		neighbour_evidence
2020-01-01	2026-08-04	NM_007294.4:c.5452G>A	p.Asp1818Asn	missense	VUS	VUS	2	4	MISSING_FUNCTIONAL	MISSING_FUNCTIONAL	PM5:moderate		neighbour_evidence
2020-01-01	2026-08-04	NM_007294.4:c.5452G>C	p.Asp1818His	missense	VUS	VUS	2	4	MISSING_FUNCTIONAL	MISSING_FUNCTIONAL	PM5:moderate		neighbour_evidence
2020-01-01	2026-08-04	NM_007294.4:c.5452G>T	p.Asp1818Tyr	missense	VUS	VUS	2	4	MISSING_FUNCTIONAL	MISSING_FUNCTIONAL	PM5:moderate		neighbour_evidence
2020-01-01	2026-08-04	NM_007294.4:c.5453A>C	p.Asp1818Ala	missense	VUS	VUS	2	4	MISSING_FUNCTIONAL	MISSING_FUNCTIONAL	PM5:moderate		neighbour_evidence
2020-01-01	2026-08-04	NM_007294.4:c.5453A>T	p.Asp1818Val	missense	VUS	VUS	2	4	MISSING_FUNCTIONAL	MISSING_FUNCTIONAL	PM5:moderate		neighbour_evidence
2020-01-01	2026-08-04	NM_007294.4:c.5454C>A	p.Asp1818Glu	missense	VUS	VUS	2	4	MISSING_FUNCTIONAL	MISSING_FUNCTIONAL	PM5:moderate		neighbour_evidence
2020-01-01	2026-08-04	NM_007294.4:c.5454C>G	p.Asp1818Glu	missense	VUS	VUS	2	4	MISSING_FUNCTIONAL	MISSING_FUNCTIONAL	PM5:moderate		neighbour_evidence
2020-01-01	2026-08-04	NM_007294.4:c.5467G>A	p.Ala1823Thr	missense	VUS	VUS	2	4	MISSING_FUNCTIONAL	MISSING_FUNCTIONAL	PM5:moderate		neighbour_evidence
2020-01-01	2026-08-04	NM_007294.4:c.5467G>C	p.Ala1823Pro	missense	VUS	VUS	2	4	MISSING_FUNCTIONAL	MISSING_FUNCTIONAL	PM5:moderate		neighbour_evidence
2020-01-01	2026-08-04	NM_007294.4:c.5467G>T	p.Ala1823Ser	missense	VUS	VUS	2	4	MISSING_FUNCTIONAL	MISSING_FUNCTIONAL	PM5:moderate		neighbour_evidence
2020-01-01	2026-08-04	NM_007294.4:c.5468C>A	p.Ala1823Glu	missense	VUS	VUS	2	4	MISSING_FUNCTIONAL	MISSING_FUNCTIONAL	PM5:moderate		neighbour_evidence
2020-01-01	2026-08-04	NM_007294.4:c.5468C>G	p.Ala1823Gly	missense	VUS	VUS	2	4	MISSING_FUNCTIONAL	MISSING_FUNCTIONAL	PM5:moderate		neighbour_evidence
2020-01-01	2026-08-04	NM_007294.4:c.5468C>T	p.Ala1823Val	missense	VUS	VUS	2	4	MISSING_FUNCTIONAL	MISSING_FUNCTIONAL	PM5:moderate		neighbour_evidence
2020-01-01	2026-08-04	NM_007294.4:c.5488G>A	p.Ala1830Thr	missense	VUS	VUS	2	4	MISSING_FUNCTIONAL	MISSING_FUNCTIONAL	PM5:moderate		neighbour_evidence
2020-01-01	2026-08-04	NM_007294.4:c.5488G>C	p.Ala1830Pro	missense	VUS	VUS	2	4	MISSING_FUNCTIONAL	MISSING_FUNCTIONAL	PM5:moderate		neighbour_evidence
2020-01-01	2026-08-04	NM_007294.4:c.5489C>A	p.Ala1830Glu	missense	VUS	VUS	2	4	MISSING_FUNCTIONAL	MISSING_FUNCTIONAL	PM5:moderate		neighbour_evidence
2020-01-01	2026-08-04	NM_007294.4:c.5489C>G	p.Ala1830Gly	missense	VUS	VUS	2	4	MISSING_FUNCTIONAL	MISSING_FUNCTIONAL	PM5:moderate		neighbour_evidence
2020-01-01	2026-08-04	NM_007294.4:c.5489C>T	p.Ala1830Val	missense	VUS	VUS	2	4	MISSING_FUNCTIONAL	MISSING_FUNCTIONAL	PM5:moderate		neighbour_evidence
2020-01-01	2026-08-04	NM_007294.4:c.5497G>A	p.Val1833Met	missense	VUS	VUS	2	4	MISSING_FUNCTIONAL	MISSING_FUNCTIONAL	PM5:moderate		neighbour_evidence
2020-01-01	2026-08-04	NM_007294.4:c.5497G>C	p.Val1833Leu	missense	VUS	VUS	2	4	MISSING_FUNCTIONAL	MISSING_FUNCTIONAL	PM5:moderate		neighbour_evidence
2020-01-01	2026-08-04	NM_007294.4:c.5497G>T	p.Val1833Leu	missense	VUS	VUS	2	4	MISSING_FUNCTIONAL	MISSING_FUNCTIONAL	PM5:moderate		neighbour_evidence
2020-01-01	2026-08-04	NM_007294.4:c.5498T>A	p.Val1833Glu	missense	VUS	VUS	2	4	MISSING_FUNCTIONAL	MISSING_FUNCTIONAL	PM5:moderate		neighbour_evidence
2020-01-01	2026-08-04	NM_007294.4:c.5498T>C	p.Val1833Ala	missense	VUS	VUS	2	4	MISSING_FUNCTIONAL	MISSING_FUNCTIONAL	PM5:moderate		neighbour_evidence
2020-01-01	2026-08-04	NM_007294.4:c.5498T>G	p.Val1833Gly	missense	VUS	VUS	2	4	MISSING_FUNCTIONAL	MISSING_FUNCTIONAL	PM5:moderate		neighbour_evidence
2020-01-01	2026-08-04	NM_007294.4:c.5509T>A	p.Trp1837Arg	missense	VUS	LP	2	8	MISSING_FUNCTIONAL	RESOLVED_NOT_BLOCKED	PM5:moderate;PS1:strong		neighbour_evidence
2020-01-01	2026-08-04	NM_007294.4:c.5509T>C	p.Trp1837Arg	missense	VUS	LP	2	8	MISSING_FUNCTIONAL	RESOLVED_NOT_BLOCKED	PM5:moderate;PS1:strong		neighbour_evidence
2020-01-01	2026-08-04	NM_007294.4:c.5509T>G	p.Trp1837Gly	missense	VUS	VUS	2	4	MISSING_FUNCTIONAL	MISSING_FUNCTIONAL	PM5:moderate		neighbour_evidence
2020-01-01	2026-08-04	NM_007294.4:c.5510G>C	p.Trp1837Ser	missense	VUS	LP	2	8	MISSING_FUNCTIONAL	RESOLVED_NOT_BLOCKED	PM5:moderate;PS1:strong		neighbour_evidence
2020-01-01	2026-08-04	NM_007294.4:c.5510G>T	p.Trp1837Leu	missense	VUS	VUS	2	4	MISSING_FUNCTIONAL	MISSING_FUNCTIONAL	PM5:moderate		neighbour_evidence
2020-01-01	2026-08-04	NM_007294.4:c.5511G>C	p.Trp1837Cys	missense	VUS	LP	2	8	MISSING_FUNCTIONAL	RESOLVED_NOT_BLOCKED	PM5:moderate;PS1:strong		neighbour_evidence
2020-01-01	2026-08-04	NM_007294.4:c.5511G>T	p.Trp1837Cys	missense	VUS	LP	2	8	MISSING_FUNCTIONAL	RESOLVED_NOT_BLOCKED	PM5:moderate;PS1:strong		neighbour_evidence
2020-01-01	2026-08-04	NM_007294.4:c.5512G>A	p.Val1838Met	missense	VUS	VUS	2	4	MISSING_FUNCTIONAL	MISSING_FUNCTIONAL	PM5:moderate		neighbour_evidence
2020-01-01	2026-08-04	NM_007294.4:c.5512G>C	p.Val1838Leu	missense	VUS	VUS	2	4	MISSING_FUNCTIONAL	MISSING_FUNCTIONAL	PM5:moderate		neighbour_evidence
2020-01-01	2026-08-04	NM_007294.4:c.5512G>T	p.Val1838Leu	missense	VUS	VUS	2	4	MISSING_FUNCTIONAL	MISSING_FUNCTIONAL	PM5:moderate		neighbour_evidence
2020-01-01	2026-08-04	NM_007294.4:c.5513T>A	p.Val1838Glu	missense	VUS	VUS	2	4	MISSING_FUNCTIONAL	MISSING_FUNCTIONAL	PM5:moderate		neighbour_evidence
2020-01-01	2026-08-04	NM_007294.4:c.5513T>C	p.Val1838Ala	missense	VUS	VUS	2	4	MISSING_FUNCTIONAL	MISSING_FUNCTIONAL	PM5:moderate		neighbour_evidence
2020-01-01	2026-08-04	NM_007294.4:c.5513T>G	p.Val1838Gly	missense	VUS	VUS	2	4	MISSING_FUNCTIONAL	MISSING_FUNCTIONAL	PM5:moderate		neighbour_evidence
2020-01-01	2026-08-04	NM_007294.4:c.5515T>A	p.Leu1839Met	missense	VUS	VUS	2	4	MISSING_FUNCTIONAL	MISSING_FUNCTIONAL	PM5:moderate		neighbour_evidence
2020-01-01	2026-08-04	NM_007294.4:c.5515T>G	p.Leu1839Val	missense	VUS	VUS	2	4	MISSING_FUNCTIONAL	MISSING_FUNCTIONAL	PM5:moderate		neighbour_evidence
2020-01-01	2026-08-04	NM_007294.4:c.5516T>G	p.Leu1839Trp	missense	VUS	VUS	2	4	MISSING_FUNCTIONAL	MISSING_FUNCTIONAL	PM5:moderate		neighbour_evidence
2020-01-01	2026-08-04	NM_007294.4:c.5517G>C	p.Leu1839Phe	missense	VUS	VUS	2	4	MISSING_FUNCTIONAL	MISSING_FUNCTIONAL	PM5:moderate		neighbour_evidence
2020-01-01	2026-08-04	NM_007294.4:c.5517G>T	p.Leu1839Phe	missense	VUS	VUS	2	4	MISSING_FUNCTIONAL	MISSING_FUNCTIONAL	PM5:moderate		neighbour_evidence
2020-01-01	2026-08-04	NM_007294.4:c.5521A>C	p.Ser1841Arg	missense	VUS	LP	2	8	MISSING_FUNCTIONAL	RESOLVED_NOT_BLOCKED	PM5:moderate;PS1:strong		neighbour_evidence
2020-01-01	2026-08-04	NM_007294.4:c.5521A>G	p.Ser1841Gly	missense	VUS	VUS	2	4	MISSING_FUNCTIONAL	MISSING_FUNCTIONAL	PM5:moderate		neighbour_evidence
2020-01-01	2026-08-04	NM_007294.4:c.5521A>T	p.Ser1841Cys	missense	VUS	VUS	2	4	MISSING_FUNCTIONAL	MISSING_FUNCTIONAL	PM5:moderate		neighbour_evidence
2020-01-01	2026-08-04	NM_007294.4:c.5522G>A	p.Ser1841Asn	missense	VUS	VUS	2	4	MISSING_FUNCTIONAL	MISSING_FUNCTIONAL	PM5:moderate		neighbour_evidence
2020-01-01	2026-08-04	NM_007294.4:c.5522G>C	p.Ser1841Thr	missense	VUS	VUS	2	4	MISSING_FUNCTIONAL	MISSING_FUNCTIONAL	PM5:moderate		neighbour_evidence
2020-01-01	2026-08-04	NM_007294.4:c.5522G>T	p.Ser1841Ile	missense	VUS	VUS	2	4	MISSING_FUNCTIONAL	MISSING_FUNCTIONAL	PM5:moderate		neighbour_evidence
2020-01-01	2026-08-04	NM_007294.4:c.5523T>A	p.Ser1841Arg	missense	VUS	LP	2	8	MISSING_FUNCTIONAL	RESOLVED_NOT_BLOCKED	PM5:moderate;PS1:strong		neighbour_evidence
2020-01-01	2026-08-04	NM_007294.4:c.5523T>G	p.Ser1841Arg	missense	VUS	LP	2	8	MISSING_FUNCTIONAL	RESOLVED_NOT_BLOCKED	PM5:moderate;PS1:strong		neighbour_evidence
2020-01-01	2026-08-04	NM_007294.4:c.5527G>A	p.Ala1843Thr	missense	VUS	VUS	2	4	MISSING_FUNCTIONAL	MISSING_FUNCTIONAL	PM5:moderate		neighbour_evidence
2020-01-01	2026-08-04	NM_007294.4:c.5527G>T	p.Ala1843Ser	missense	VUS	VUS	2	4	MISSING_FUNCTIONAL	MISSING_FUNCTIONAL	PM5:moderate		neighbour_evidence
2020-01-01	2026-08-04	NM_007294.4:c.5528C>A	p.Ala1843Glu	missense	VUS	VUS	2	4	MISSING_FUNCTIONAL	MISSING_FUNCTIONAL	PM5:moderate		neighbour_evidence
2020-01-01	2026-08-04	NM_007294.4:c.5528C>G	p.Ala1843Gly	missense	VUS	VUS	2	4	MISSING_FUNCTIONAL	MISSING_FUNCTIONAL	PM5:moderate		neighbour_evidence
2020-01-01	2026-08-04	NM_007294.4:c.5528C>T	p.Ala1843Val	missense	VUS	VUS	2	4	MISSING_FUNCTIONAL	MISSING_FUNCTIONAL	PM5:moderate		neighbour_evidence
2020-01-01	2026-08-04	NM_007294.4:c.5557T>A	p.Tyr1853Asn	missense	VUS	VUS	2	4	MISSING_FUNCTIONAL	MISSING_FUNCTIONAL	PM5:moderate		neighbour_evidence
2020-01-01	2026-08-04	NM_007294.4:c.5557T>C	p.Tyr1853His	missense	VUS	VUS	2	4	MISSING_FUNCTIONAL	MISSING_FUNCTIONAL	PM5:moderate		neighbour_evidence
2020-01-01	2026-08-04	NM_007294.4:c.5557T>G	p.Tyr1853Asp	missense	VUS	VUS	2	4	MISSING_FUNCTIONAL	MISSING_FUNCTIONAL	PM5:moderate		neighbour_evidence
2020-01-01	2026-08-04	NM_007294.4:c.5558A>C	p.Tyr1853Ser	missense	VUS	VUS	2	4	MISSING_FUNCTIONAL	MISSING_FUNCTIONAL	PM5:moderate		neighbour_evidence
2020-01-01	2026-08-04	NM_007294.4:c.5558A>G	p.Tyr1853Cys	missense	VUS	VUS	2	4	MISSING_FUNCTIONAL	MISSING_FUNCTIONAL	PM5:moderate		neighbour_evidence
2020-01-01	2026-08-04	NM_007294.4:c.5558A>T	p.Tyr1853Phe	missense	VUS	VUS	2	4	MISSING_FUNCTIONAL	MISSING_FUNCTIONAL	PM5:moderate		neighbour_evidence
2020-01-01	2026-08-04	NM_007294.4:c.5560C>A	p.Leu1854Met	missense	VUS	VUS	2	4	MISSING_FUNCTIONAL	MISSING_FUNCTIONAL	PM5:moderate		neighbour_evidence
2020-01-01	2026-08-04	NM_007294.4:c.5560C>G	p.Leu1854Val	missense	VUS	VUS	2	4	MISSING_FUNCTIONAL	MISSING_FUNCTIONAL	PM5:moderate		neighbour_evidence
2020-01-01	2026-08-04	NM_007294.4:c.5561T>A	p.Leu1854Gln	missense	VUS	VUS	2	4	MISSING_FUNCTIONAL	MISSING_FUNCTIONAL	PM5:moderate		neighbour_evidence
2020-01-01	2026-08-04	NM_007294.4:c.5561T>G	p.Leu1854Arg	missense	VUS	VUS	2	4	MISSING_FUNCTIONAL	MISSING_FUNCTIONAL	PM5:moderate		neighbour_evidence
2020-01-01	2026-08-04	NM_007294.4:c.31_32delinsAA	p.Val11Lys	missense	VUS	VUS	2	4	MISSING_FUNCTIONAL	MISSING_FUNCTIONAL	PM5:moderate		neighbour_evidence
2020-01-01	2026-08-04	NM_007294.4:c.31_33delinsAAC	p.Val11Asn	missense	VUS	VUS	2	4	MISSING_FUNCTIONAL	MISSING_FUNCTIONAL	PM5:moderate		neighbour_evidence
2020-01-01	2026-08-04	NM_007294.4:c.31_33delinsAAG	p.Val11Lys	missense	VUS	VUS	2	4	MISSING_FUNCTIONAL	MISSING_FUNCTIONAL	PM5:moderate		neighbour_evidence
2020-01-01	2026-08-04	NM_007294.4:c.31_33delinsAAT	p.Val11Asn	missense	VUS	VUS	2	4	MISSING_FUNCTIONAL	MISSING_FUNCTIONAL	PM5:moderate		neighbour_evidence
2020-01-01	2026-08-04	NM_007294.4:c.31_32delinsAC	p.Val11Thr	missense	VUS	VUS	2	4	MISSING_FUNCTIONAL	MISSING_FUNCTIONAL	PM5:moderate		neighbour_evidence
2020-01-01	2026-08-04	NM_007294.4:c.31_33delinsACC	p.Val11Thr	missense	VUS	VUS	2	4	MISSING_FUNCTIONAL	MISSING_FUNCTIONAL	PM5:moderate		neighbour_evidence
2020-01-01	2026-08-04	NM_007294.4:c.31_33delinsACG	p.Val11Thr	missense	VUS	VUS	2	4	MISSING_FUNCTIONAL	MISSING_FUNCTIONAL	PM5:moderate		neighbour_evidence
2020-01-01	2026-08-04	NM_007294.4:c.31_33delinsACT	p.Val11Thr	missense	VUS	VUS	2	4	MISSING_FUNCTIONAL	MISSING_FUNCTIONAL	PM5:moderate		neighbour_evidence
2020-01-01	2026-08-04	NM_007294.4:c.31_32delinsAG	p.Val11Arg	missense	VUS	VUS	2	4	MISSING_FUNCTIONAL	MISSING_FUNCTIONAL	PM5:moderate		neighbour_evidence
2020-01-01	2026-08-04	NM_007294.4:c.31_33delinsAGC	p.Val11Ser	missense	VUS	VUS	2	4	MISSING_FUNCTIONAL	MISSING_FUNCTIONAL	PM5:moderate		neighbour_evidence
2020-01-01	2026-08-04	NM_007294.4:c.31_33delinsAGG	p.Val11Arg	missense	VUS	VUS	2	4	MISSING_FUNCTIONAL	MISSING_FUNCTIONAL	PM5:moderate		neighbour_evidence
2020-01-01	2026-08-04	NM_007294.4:c.31_33delinsAGT	p.Val11Ser	missense	VUS	VUS	2	4	MISSING_FUNCTIONAL	MISSING_FUNCTIONAL	PM5:moderate		neighbour_evidence
2020-01-01	2026-08-04	NM_007294.4:c.31_33delinsATC	p.Val11Ile	missense	VUS	VUS	2	4	MISSING_FUNCTIONAL	MISSING_FUNCTIONAL	PM5:moderate		neighbour_evidence
2020-01-01	2026-08-04	NM_007294.4:c.31_33delinsATG	p.Val11Met	missense	VUS	VUS	2	4	MISSING_FUNCTIONAL	MISSING_FUNCTIONAL	PM5:moderate		neighbour_evidence
2020-01-01	2026-08-04	NM_007294.4:c.31_33delinsATT	p.Val11Ile	missense	VUS	VUS	2	4	MISSING_FUNCTIONAL	MISSING_FUNCTIONAL	PM5:moderate		neighbour_evidence
2020-01-01	2026-08-04	NM_007294.4:c.31_32delinsCA	p.Val11Gln	missense	VUS	VUS	2	4	MISSING_FUNCTIONAL	MISSING_FUNCTIONAL	PM5:moderate		neighbour_evidence
2020-01-01	2026-08-04	NM_007294.4:c.31_33delinsCAC	p.Val11His	missense	VUS	VUS	2	4	MISSING_FUNCTIONAL	MISSING_FUNCTIONAL	PM5:moderate		neighbour_evidence
2020-01-01	2026-08-04	NM_007294.4:c.31_33delinsCAG	p.Val11Gln	missense	VUS	VUS	2	4	MISSING_FUNCTIONAL	MISSING_FUNCTIONAL	PM5:moderate		neighbour_evidence
2020-01-01	2026-08-04	NM_007294.4:c.31_33delinsCAT	p.Val11His	missense	VUS	VUS	2	4	MISSING_FUNCTIONAL	MISSING_FUNCTIONAL	PM5:moderate		neighbour_evidence
2020-01-01	2026-08-04	NM_007294.4:c.31_32delinsCC	p.Val11Pro	missense	VUS	VUS	2	4	MISSING_FUNCTIONAL	MISSING_FUNCTIONAL	PM5:moderate		neighbour_evidence
2020-01-01	2026-08-04	NM_007294.4:c.31_33delinsCCC	p.Val11Pro	missense	VUS	VUS	2	4	MISSING_FUNCTIONAL	MISSING_FUNCTIONAL	PM5:moderate		neighbour_evidence
2020-01-01	2026-08-04	NM_007294.4:c.31_33delinsCCG	p.Val11Pro	missense	VUS	VUS	2	4	MISSING_FUNCTIONAL	MISSING_FUNCTIONAL	PM5:moderate		neighbour_evidence
2020-01-01	2026-08-04	NM_007294.4:c.31_33delinsCCT	p.Val11Pro	missense	VUS	VUS	2	4	MISSING_FUNCTIONAL	MISSING_FUNCTIONAL	PM5:moderate		neighbour_evidence
2020-01-01	2026-08-04	NM_007294.4:c.31_32delinsCG	p.Val11Arg	missense	VUS	VUS	2	4	MISSING_FUNCTIONAL	MISSING_FUNCTIONAL	PM5:moderate		neighbour_evidence
2020-01-01	2026-08-04	NM_007294.4:c.31_33delinsCGC	p.Val11Arg	missense	VUS	VUS	2	4	MISSING_FUNCTIONAL	MISSING_FUNCTIONAL	PM5:moderate		neighbour_evidence
2020-01-01	2026-08-04	NM_007294.4:c.31_33delinsCGG	p.Val11Arg	missense	VUS	VUS	2	4	MISSING_FUNCTIONAL	MISSING_FUNCTIONAL	PM5:moderate		neighbour_evidence
2020-01-01	2026-08-04	NM_007294.4:c.31_33delinsCGT	p.Val11Arg	missense	VUS	VUS	2	4	MISSING_FUNCTIONAL	MISSING_FUNCTIONAL	PM5:moderate		neighbour_evidence
2020-01-01	2026-08-04	NM_007294.4:c.31_33delinsCTC	p.Val11Leu	missense	VUS	VUS	2	4	MISSING_FUNCTIONAL	MISSING_FUNCTIONAL	PM5:moderate		neighbour_evidence
2020-01-01	2026-08-04	NM_007294.4:c.31_33delinsCTG	p.Val11Leu	missense	VUS	VUS	2	4	MISSING_FUNCTIONAL	MISSING_FUNCTIONAL	PM5:moderate		neighbour_evidence
2020-01-01	2026-08-04	NM_007294.4:c.31_33delinsCTT	p.Val11Leu	missense	VUS	VUS	2	4	MISSING_FUNCTIONAL	MISSING_FUNCTIONAL	PM5:moderate		neighbour_evidence
2020-01-01	2026-08-04	NM_007294.4:c.32_33delinsAC	p.Val11Asp	missense	VUS	VUS	2	4	MISSING_FUNCTIONAL	MISSING_FUNCTIONAL	PM5:moderate		neighbour_evidence
2020-01-01	2026-08-04	NM_007294.4:c.32_33delinsAG	p.Val11Glu	missense	VUS	VUS	2	4	MISSING_FUNCTIONAL	MISSING_FUNCTIONAL	PM5:moderate		neighbour_evidence
2020-01-01	2026-08-04	NM_007294.4:c.32_33delinsAT	p.Val11Asp	missense	VUS	VUS	2	4	MISSING_FUNCTIONAL	MISSING_FUNCTIONAL	PM5:moderate		neighbour_evidence
2020-01-01	2026-08-04	NM_007294.4:c.32_33delinsCC	p.Val11Ala	missense	VUS	VUS	2	4	MISSING_FUNCTIONAL	MISSING_FUNCTIONAL	PM5:moderate		neighbour_evidence
2020-01-01	2026-08-04	NM_007294.4:c.32_33delinsCG	p.Val11Ala	missense	VUS	VUS	2	4	MISSING_FUNCTIONAL	MISSING_FUNCTIONAL	PM5:moderate		neighbour_evidence
2020-01-01	2026-08-04	NM_007294.4:c.32_33delinsCT	p.Val11Ala	missense	VUS	VUS	2	4	MISSING_FUNCTIONAL	MISSING_FUNCTIONAL	PM5:moderate		neighbour_evidence
2020-01-01	2026-08-04	NM_007294.4:c.32_33delinsGC	p.Val11Gly	missense	VUS	LP	2	6	MISSING_FUNCTIONAL	RESOLVED_NOT_BLOCKED	PS1:strong		neighbour_evidence
2020-01-01	2026-08-04	NM_007294.4:c.32_33delinsGG	p.Val11Gly	missense	VUS	LP	2	6	MISSING_FUNCTIONAL	RESOLVED_NOT_BLOCKED	PS1:strong		neighbour_evidence
2020-01-01	2026-08-04	NM_007294.4:c.32_33delinsGT	p.Val11Gly	missense	VUS	LP	2	6	MISSING_FUNCTIONAL	RESOLVED_NOT_BLOCKED	PS1:strong		neighbour_evidence
2020-01-01	2026-08-04	NM_007294.4:c.31_33delinsTAC	p.Val11Tyr	missense	VUS	VUS	2	4	MISSING_FUNCTIONAL	MISSING_FUNCTIONAL	PM5:moderate		neighbour_evidence
2020-01-01	2026-08-04	NM_007294.4:c.31_33delinsTAT	p.Val11Tyr	missense	VUS	VUS	2	4	MISSING_FUNCTIONAL	MISSING_FUNCTIONAL	PM5:moderate		neighbour_evidence
2020-01-01	2026-08-04	NM_007294.4:c.31_32delinsTC	p.Val11Ser	missense	VUS	VUS	2	4	MISSING_FUNCTIONAL	MISSING_FUNCTIONAL	PM5:moderate		neighbour_evidence
2020-01-01	2026-08-04	NM_007294.4:c.31_33delinsTCC	p.Val11Ser	missense	VUS	VUS	2	4	MISSING_FUNCTIONAL	MISSING_FUNCTIONAL	PM5:moderate		neighbour_evidence
2020-01-01	2026-08-04	NM_007294.4:c.31_33delinsTCG	p.Val11Ser	missense	VUS	VUS	2	4	MISSING_FUNCTIONAL	MISSING_FUNCTIONAL	PM5:moderate		neighbour_evidence
2020-01-01	2026-08-04	NM_007294.4:c.31_33delinsTCT	p.Val11Ser	missense	VUS	VUS	2	4	MISSING_FUNCTIONAL	MISSING_FUNCTIONAL	PM5:moderate		neighbour_evidence
2020-01-01	2026-08-04	NM_007294.4:c.31_33delinsTGC	p.Val11Cys	missense	VUS	VUS	2	4	MISSING_FUNCTIONAL	MISSING_FUNCTIONAL	PM5:moderate		neighbour_evidence
2020-01-01	2026-08-04	NM_007294.4:c.31_33delinsTGG	p.Val11Trp	missense	VUS	VUS	2	4	MISSING_FUNCTIONAL	MISSING_FUNCTIONAL	PM5:moderate		neighbour_evidence
2020-01-01	2026-08-04	NM_007294.4:c.31_33delinsTGT	p.Val11Cys	missense	VUS	VUS	2	4	MISSING_FUNCTIONAL	MISSING_FUNCTIONAL	PM5:moderate		neighbour_evidence
2020-01-01	2026-08-04	NM_007294.4:c.31_33delinsTTC	p.Val11Phe	missense	VUS	VUS	2	4	MISSING_FUNCTIONAL	MISSING_FUNCTIONAL	PM5:moderate		neighbour_evidence
2020-01-01	2026-08-04	NM_007294.4:c.31_33delinsTTG	p.Val11Leu	missense	VUS	VUS	2	4	MISSING_FUNCTIONAL	MISSING_FUNCTIONAL	PM5:moderate		neighbour_evidence
2020-01-01	2026-08-04	NM_007294.4:c.31_33delinsTTT	p.Val11Phe	missense	VUS	VUS	2	4	MISSING_FUNCTIONAL	MISSING_FUNCTIONAL	PM5:moderate		neighbour_evidence
2020-01-01	2026-08-04	NM_007294.4:c.53_54delinsAA	p.Met18Lys	missense	VUS	LP	2	8	MISSING_FUNCTIONAL	RESOLVED_NOT_BLOCKED	PM5:moderate;PS1:strong		neighbour_evidence
2020-01-01	2026-08-04	NM_007294.4:c.53_54delinsAC	p.Met18Asn	missense	VUS	VUS	2	4	MISSING_FUNCTIONAL	MISSING_FUNCTIONAL	PM5:moderate		neighbour_evidence
2020-01-01	2026-08-04	NM_007294.4:c.53_54delinsAT	p.Met18Asn	missense	VUS	VUS	2	4	MISSING_FUNCTIONAL	MISSING_FUNCTIONAL	PM5:moderate		neighbour_evidence
2020-01-01	2026-08-04	NM_007294.4:c.53_54delinsCA	p.Met18Thr	missense	VUS	LP	2	8	MISSING_FUNCTIONAL	RESOLVED_NOT_BLOCKED	PM5:moderate;PS1:strong		neighbour_evidence
2020-01-01	2026-08-04	NM_007294.4:c.53_54delinsCC	p.Met18Thr	missense	VUS	LP	2	8	MISSING_FUNCTIONAL	RESOLVED_NOT_BLOCKED	PM5:moderate;PS1:strong		neighbour_evidence
2020-01-01	2026-08-04	NM_007294.4:c.53_54delinsCT	p.Met18Thr	missense	VUS	LP	2	8	MISSING_FUNCTIONAL	RESOLVED_NOT_BLOCKED	PM5:moderate;PS1:strong		neighbour_evidence
2020-01-01	2026-08-04	NM_007294.4:c.53_54delinsGA	p.Met18Arg	missense	VUS	LP	2	8	MISSING_FUNCTIONAL	RESOLVED_NOT_BLOCKED	PM5:moderate;PS1:strong		neighbour_evidence
2020-01-01	2026-08-04	NM_007294.4:c.53_54delinsGC	p.Met18Ser	missense	VUS	VUS	2	4	MISSING_FUNCTIONAL	MISSING_FUNCTIONAL	PM5:moderate		neighbour_evidence
2020-01-01	2026-08-04	NM_007294.4:c.53_54delinsGT	p.Met18Ser	missense	VUS	VUS	2	4	MISSING_FUNCTIONAL	MISSING_FUNCTIONAL	PM5:moderate		neighbour_evidence
2020-01-01	2026-08-04	NM_007294.4:c.52_54delinsCAA	p.Met18Gln	missense	VUS	VUS	2	4	MISSING_FUNCTIONAL	MISSING_FUNCTIONAL	PM5:moderate		neighbour_evidence
2020-01-01	2026-08-04	NM_007294.4:c.52_54delinsCAC	p.Met18His	missense	VUS	VUS	2	4	MISSING_FUNCTIONAL	MISSING_FUNCTIONAL	PM5:moderate		neighbour_evidence
2020-01-01	2026-08-04	NM_007294.4:c.52_53delinsCA	p.Met18Gln	missense	VUS	VUS	2	4	MISSING_FUNCTIONAL	MISSING_FUNCTIONAL	PM5:moderate		neighbour_evidence
2020-01-01	2026-08-04	NM_007294.4:c.52_54delinsCAT	p.Met18His	missense	VUS	VUS	2	4	MISSING_FUNCTIONAL	MISSING_FUNCTIONAL	PM5:moderate		neighbour_evidence
2020-01-01	2026-08-04	NM_007294.4:c.52_54delinsCCA	p.Met18Pro	missense	VUS	VUS	2	4	MISSING_FUNCTIONAL	MISSING_FUNCTIONAL	PM5:moderate		neighbour_evidence
2020-01-01	2026-08-04	NM_007294.4:c.52_54delinsCCC	p.Met18Pro	missense	VUS	VUS	2	4	MISSING_FUNCTIONAL	MISSING_FUNCTIONAL	PM5:moderate		neighbour_evidence
2020-01-01	2026-08-04	NM_007294.4:c.52_53delinsCC	p.Met18Pro	missense	VUS	VUS	2	4	MISSING_FUNCTIONAL	MISSING_FUNCTIONAL	PM5:moderate		neighbour_evidence
2020-01-01	2026-08-04	NM_007294.4:c.52_54delinsCCT	p.Met18Pro	missense	VUS	VUS	2	4	MISSING_FUNCTIONAL	MISSING_FUNCTIONAL	PM5:moderate		neighbour_evidence
2020-01-01	2026-08-04	NM_007294.4:c.52_54delinsCGA	p.Met18Arg	missense	VUS	LP	2	8	MISSING_FUNCTIONAL	RESOLVED_NOT_BLOCKED	PM5:moderate;PS1:strong		neighbour_evidence
2020-01-01	2026-08-04	NM_007294.4:c.52_54delinsCGC	p.Met18Arg	missense	VUS	LP	2	8	MISSING_FUNCTIONAL	RESOLVED_NOT_BLOCKED	PM5:moderate;PS1:strong		neighbour_evidence
2020-01-01	2026-08-04	NM_007294.4:c.52_53delinsCG	p.Met18Arg	missense	VUS	LP	2	8	MISSING_FUNCTIONAL	RESOLVED_NOT_BLOCKED	PM5:moderate;PS1:strong		neighbour_evidence
2020-01-01	2026-08-04	NM_007294.4:c.52_54delinsCGT	p.Met18Arg	missense	VUS	LP	2	8	MISSING_FUNCTIONAL	RESOLVED_NOT_BLOCKED	PM5:moderate;PS1:strong		neighbour_evidence
2020-01-01	2026-08-04	NM_007294.4:c.52_54delinsCTA	p.Met18Leu	missense	VUS	VUS	2	4	MISSING_FUNCTIONAL	MISSING_FUNCTIONAL	PM5:moderate		neighbour_evidence
2020-01-01	2026-08-04	NM_007294.4:c.52_54delinsCTC	p.Met18Leu	missense	VUS	VUS	2	4	MISSING_FUNCTIONAL	MISSING_FUNCTIONAL	PM5:moderate		neighbour_evidence
2020-01-01	2026-08-04	NM_007294.4:c.52_54delinsCTT	p.Met18Leu	missense	VUS	VUS	2	4	MISSING_FUNCTIONAL	MISSING_FUNCTIONAL	PM5:moderate		neighbour_evidence
2020-01-01	2026-08-04	NM_007294.4:c.52_54delinsGAA	p.Met18Glu	missense	VUS	VUS	2	4	MISSING_FUNCTIONAL	MISSING_FUNCTIONAL	PM5:moderate		neighbour_evidence
2020-01-01	2026-08-04	NM_007294.4:c.52_54delinsGAC	p.Met18Asp	missense	VUS	VUS	2	4	MISSING_FUNCTIONAL	MISSING_FUNCTIONAL	PM5:moderate		neighbour_evidence
2020-01-01	2026-08-04	NM_007294.4:c.52_53delinsGA	p.Met18Glu	missense	VUS	VUS	2	4	MISSING_FUNCTIONAL	MISSING_FUNCTIONAL	PM5:moderate		neighbour_evidence
2020-01-01	2026-08-04	NM_007294.4:c.52_54delinsGAT	p.Met18Asp	missense	VUS	VUS	2	4	MISSING_FUNCTIONAL	MISSING_FUNCTIONAL	PM5:moderate		neighbour_evidence
2020-01-01	2026-08-04	NM_007294.4:c.52_54delinsGCA	p.Met18Ala	missense	VUS	VUS	2	4	MISSING_FUNCTIONAL	MISSING_FUNCTIONAL	PM5:moderate		neighbour_evidence
2020-01-01	2026-08-04	NM_007294.4:c.52_54delinsGCC	p.Met18Ala	missense	VUS	VUS	2	4	MISSING_FUNCTIONAL	MISSING_FUNCTIONAL	PM5:moderate		neighbour_evidence
2020-01-01	2026-08-04	NM_007294.4:c.52_53delinsGC	p.Met18Ala	missense	VUS	VUS	2	4	MISSING_FUNCTIONAL	MISSING_FUNCTIONAL	PM5:moderate		neighbour_evidence
2020-01-01	2026-08-04	NM_007294.4:c.52_54delinsGCT	p.Met18Ala	missense	VUS	VUS	2	4	MISSING_FUNCTIONAL	MISSING_FUNCTIONAL	PM5:moderate		neighbour_evidence
2020-01-01	2026-08-04	NM_007294.4:c.52_54delinsGGA	p.Met18Gly	missense	VUS	VUS	2	4	MISSING_FUNCTIONAL	MISSING_FUNCTIONAL	PM5:moderate		neighbour_evidence
2020-01-01	2026-08-04	NM_007294.4:c.52_54delinsGGC	p.Met18Gly	missense	VUS	VUS	2	4	MISSING_FUNCTIONAL	MISSING_FUNCTIONAL	PM5:moderate		neighbour_evidence
2020-01-01	2026-08-04	NM_007294.4:c.52_53delinsGG	p.Met18Gly	missense	VUS	VUS	2	4	MISSING_FUNCTIONAL	MISSING_FUNCTIONAL	PM5:moderate		neighbour_evidence
2020-01-01	2026-08-04	NM_007294.4:c.52_54delinsGGT	p.Met18Gly	missense	VUS	VUS	2	4	MISSING_FUNCTIONAL	MISSING_FUNCTIONAL	PM5:moderate		neighbour_evidence
2020-01-01	2026-08-04	NM_007294.4:c.52_54delinsGTA	p.Met18Val	missense	VUS	VUS	2	4	MISSING_FUNCTIONAL	MISSING_FUNCTIONAL	PM5:moderate		neighbour_evidence
2020-01-01	2026-08-04	NM_007294.4:c.52_54delinsGTC	p.Met18Val	missense	VUS	VUS	2	4	MISSING_FUNCTIONAL	MISSING_FUNCTIONAL	PM5:moderate		neighbour_evidence
2020-01-01	2026-08-04	NM_007294.4:c.52_54delinsGTT	p.Met18Val	missense	VUS	VUS	2	4	MISSING_FUNCTIONAL	MISSING_FUNCTIONAL	PM5:moderate		neighbour_evidence
2020-01-01	2026-08-04	NM_007294.4:c.52_54delinsTAC	p.Met18Tyr	missense	VUS	VUS	2	4	MISSING_FUNCTIONAL	MISSING_FUNCTIONAL	PM5:moderate		neighbour_evidence
2020-01-01	2026-08-04	NM_007294.4:c.52_54delinsTAT	p.Met18Tyr	missense	VUS	VUS	2	4	MISSING_FUNCTIONAL	MISSING_FUNCTIONAL	PM5:moderate		neighbour_evidence
2020-01-01	2026-08-04	NM_007294.4:c.52_54delinsTCA	p.Met18Ser	missense	VUS	VUS	2	4	MISSING_FUNCTIONAL	MISSING_FUNCTIONAL	PM5:moderate		neighbour_evidence
2020-01-01	2026-08-04	NM_007294.4:c.52_54delinsTCC	p.Met18Ser	missense	VUS	VUS	2	4	MISSING_FUNCTIONAL	MISSING_FUNCTIONAL	PM5:moderate		neighbour_evidence
2020-01-01	2026-08-04	NM_007294.4:c.52_53delinsTC	p.Met18Ser	missense	VUS	VUS	2	4	MISSING_FUNCTIONAL	MISSING_FUNCTIONAL	PM5:moderate		neighbour_evidence
2020-01-01	2026-08-04	NM_007294.4:c.52_54delinsTCT	p.Met18Ser	missense	VUS	VUS	2	4	MISSING_FUNCTIONAL	MISSING_FUNCTIONAL	PM5:moderate		neighbour_evidence
2020-01-01	2026-08-04	NM_007294.4:c.52_54delinsTGC	p.Met18Cys	missense	VUS	VUS	2	4	MISSING_FUNCTIONAL	MISSING_FUNCTIONAL	PM5:moderate		neighbour_evidence
2020-01-01	2026-08-04	NM_007294.4:c.52_53delinsTG	p.Met18Trp	missense	VUS	VUS	2	4	MISSING_FUNCTIONAL	MISSING_FUNCTIONAL	PM5:moderate		neighbour_evidence
2020-01-01	2026-08-04	NM_007294.4:c.52_54delinsTGT	p.Met18Cys	missense	VUS	VUS	2	4	MISSING_FUNCTIONAL	MISSING_FUNCTIONAL	PM5:moderate		neighbour_evidence
2020-01-01	2026-08-04	NM_007294.4:c.52_54delinsTTA	p.Met18Leu	missense	VUS	VUS	2	4	MISSING_FUNCTIONAL	MISSING_FUNCTIONAL	PM5:moderate		neighbour_evidence
2020-01-01	2026-08-04	NM_007294.4:c.52_54delinsTTC	p.Met18Phe	missense	VUS	VUS	2	4	MISSING_FUNCTIONAL	MISSING_FUNCTIONAL	PM5:moderate		neighbour_evidence
2020-01-01	2026-08-04	NM_007294.4:c.52_54delinsTTT	p.Met18Phe	missense	VUS	VUS	2	4	MISSING_FUNCTIONAL	MISSING_FUNCTIONAL	PM5:moderate		neighbour_evidence
2020-01-01	2026-08-04	NM_007294.4:c.64_65delinsAA	p.Leu22Lys	missense	VUS	VUS	2	4	MISSING_FUNCTIONAL	MISSING_FUNCTIONAL	PM5:moderate		neighbour_evidence
2020-01-01	2026-08-04	NM_007294.4:c.64_66delinsAAC	p.Leu22Asn	missense	VUS	VUS	2	4	MISSING_FUNCTIONAL	MISSING_FUNCTIONAL	PM5:moderate		neighbour_evidence
2020-01-01	2026-08-04	NM_007294.4:c.64_66delinsAAG	p.Leu22Lys	missense	VUS	VUS	2	4	MISSING_FUNCTIONAL	MISSING_FUNCTIONAL	PM5:moderate		neighbour_evidence
2020-01-01	2026-08-04	NM_007294.4:c.64_66delinsAAT	p.Leu22Asn	missense	VUS	VUS	2	4	MISSING_FUNCTIONAL	MISSING_FUNCTIONAL	PM5:moderate		neighbour_evidence
2020-01-01	2026-08-04	NM_007294.4:c.64_65delinsAC	p.Leu22Thr	missense	VUS	VUS	2	4	MISSING_FUNCTIONAL	MISSING_FUNCTIONAL	PM5:moderate		neighbour_evidence
2020-01-01	2026-08-04	NM_007294.4:c.64_66delinsACC	p.Leu22Thr	missense	VUS	VUS	2	4	MISSING_FUNCTIONAL	MISSING_FUNCTIONAL	PM5:moderate		neighbour_evidence
2020-01-01	2026-08-04	NM_007294.4:c.64_66delinsACG	p.Leu22Thr	missense	VUS	VUS	2	4	MISSING_FUNCTIONAL	MISSING_FUNCTIONAL	PM5:moderate		neighbour_evidence
2020-01-01	2026-08-04	NM_007294.4:c.64_66delinsACT	p.Leu22Thr	missense	VUS	VUS	2	4	MISSING_FUNCTIONAL	MISSING_FUNCTIONAL	PM5:moderate		neighbour_evidence
2020-01-01	2026-08-04	NM_007294.4:c.64_65delinsAG	p.Leu22Arg	missense	VUS	VUS	2	4	MISSING_FUNCTIONAL	MISSING_FUNCTIONAL	PM5:moderate		neighbour_evidence
2020-01-01	2026-08-04	NM_007294.4:c.64_66delinsAGC	p.Leu22Ser	missense	VUS	LP	2	6	MISSING_FUNCTIONAL	RESOLVED_NOT_BLOCKED	PS1:strong		neighbour_evidence
2020-01-01	2026-08-04	NM_007294.4:c.64_66delinsAGG	p.Leu22Arg	missense	VUS	VUS	2	4	MISSING_FUNCTIONAL	MISSING_FUNCTIONAL	PM5:moderate		neighbour_evidence
2020-01-01	2026-08-04	NM_007294.4:c.64_66delinsAGT	p.Leu22Ser	missense	VUS	LP	2	6	MISSING_FUNCTIONAL	RESOLVED_NOT_BLOCKED	PS1:strong		neighbour_evidence
2020-01-01	2026-08-04	NM_007294.4:c.64_66delinsATC	p.Leu22Ile	missense	VUS	VUS	2	4	MISSING_FUNCTIONAL	MISSING_FUNCTIONAL	PM5:moderate		neighbour_evidence
2020-01-01	2026-08-04	NM_007294.4:c.64_66delinsATG	p.Leu22Met	missense	VUS	VUS	2	4	MISSING_FUNCTIONAL	MISSING_FUNCTIONAL	PM5:moderate		neighbour_evidence
2020-01-01	2026-08-04	NM_007294.4:c.64_66delinsATT	p.Leu22Ile	missense	VUS	VUS	2	4	MISSING_FUNCTIONAL	MISSING_FUNCTIONAL	PM5:moderate		neighbour_evidence
2020-01-01	2026-08-04	NM_007294.4:c.64_65delinsCA	p.Leu22Gln	missense	VUS	VUS	2	4	MISSING_FUNCTIONAL	MISSING_FUNCTIONAL	PM5:moderate		neighbour_evidence
2020-01-01	2026-08-04	NM_007294.4:c.64_66delinsCAC	p.Leu22His	missense	VUS	VUS	2	4	MISSING_FUNCTIONAL	MISSING_FUNCTIONAL	PM5:moderate		neighbour_evidence
2020-01-01	2026-08-04	NM_007294.4:c.64_66delinsCAG	p.Leu22Gln	missense	VUS	VUS	2	4	MISSING_FUNCTIONAL	MISSING_FUNCTIONAL	PM5:moderate		neighbour_evidence
2020-01-01	2026-08-04	NM_007294.4:c.64_66delinsCAT	p.Leu22His	missense	VUS	VUS	2	4	MISSING_FUNCTIONAL	MISSING_FUNCTIONAL	PM5:moderate		neighbour_evidence
2020-01-01	2026-08-04	NM_007294.4:c.64_65delinsCC	p.Leu22Pro	missense	VUS	VUS	2	4	MISSING_FUNCTIONAL	MISSING_FUNCTIONAL	PM5:moderate		neighbour_evidence
2020-01-01	2026-08-04	NM_007294.4:c.64_66delinsCCC	p.Leu22Pro	missense	VUS	VUS	2	4	MISSING_FUNCTIONAL	MISSING_FUNCTIONAL	PM5:moderate		neighbour_evidence
2020-01-01	2026-08-04	NM_007294.4:c.64_66delinsCCG	p.Leu22Pro	missense	VUS	VUS	2	4	MISSING_FUNCTIONAL	MISSING_FUNCTIONAL	PM5:moderate		neighbour_evidence
2020-01-01	2026-08-04	NM_007294.4:c.64_66delinsCCT	p.Leu22Pro	missense	VUS	VUS	2	4	MISSING_FUNCTIONAL	MISSING_FUNCTIONAL	PM5:moderate		neighbour_evidence
2020-01-01	2026-08-04	NM_007294.4:c.64_65delinsCG	p.Leu22Arg	missense	VUS	VUS	2	4	MISSING_FUNCTIONAL	MISSING_FUNCTIONAL	PM5:moderate		neighbour_evidence
2020-01-01	2026-08-04	NM_007294.4:c.64_66delinsCGC	p.Leu22Arg	missense	VUS	VUS	2	4	MISSING_FUNCTIONAL	MISSING_FUNCTIONAL	PM5:moderate		neighbour_evidence
2020-01-01	2026-08-04	NM_007294.4:c.64_66delinsCGG	p.Leu22Arg	missense	VUS	VUS	2	4	MISSING_FUNCTIONAL	MISSING_FUNCTIONAL	PM5:moderate		neighbour_evidence
2020-01-01	2026-08-04	NM_007294.4:c.64_66delinsCGT	p.Leu22Arg	missense	VUS	VUS	2	4	MISSING_FUNCTIONAL	MISSING_FUNCTIONAL	PM5:moderate		neighbour_evidence
2020-01-01	2026-08-04	NM_007294.4:c.64_65delinsGA	p.Leu22Glu	missense	VUS	VUS	2	4	MISSING_FUNCTIONAL	MISSING_FUNCTIONAL	PM5:moderate		neighbour_evidence
2020-01-01	2026-08-04	NM_007294.4:c.64_66delinsGAC	p.Leu22Asp	missense	VUS	VUS	2	4	MISSING_FUNCTIONAL	MISSING_FUNCTIONAL	PM5:moderate		neighbour_evidence
2020-01-01	2026-08-04	NM_007294.4:c.64_66delinsGAG	p.Leu22Glu	missense	VUS	VUS	2	4	MISSING_FUNCTIONAL	MISSING_FUNCTIONAL	PM5:moderate		neighbour_evidence
2020-01-01	2026-08-04	NM_007294.4:c.64_66delinsGAT	p.Leu22Asp	missense	VUS	VUS	2	4	MISSING_FUNCTIONAL	MISSING_FUNCTIONAL	PM5:moderate		neighbour_evidence
2020-01-01	2026-08-04	NM_007294.4:c.64_65delinsGC	p.Leu22Ala	missense	VUS	VUS	2	4	MISSING_FUNCTIONAL	MISSING_FUNCTIONAL	PM5:moderate		neighbour_evidence
2020-01-01	2026-08-04	NM_007294.4:c.64_66delinsGCC	p.Leu22Ala	missense	VUS	VUS	2	4	MISSING_FUNCTIONAL	MISSING_FUNCTIONAL	PM5:moderate		neighbour_evidence
2020-01-01	2026-08-04	NM_007294.4:c.64_66delinsGCG	p.Leu22Ala	missense	VUS	VUS	2	4	MISSING_FUNCTIONAL	MISSING_FUNCTIONAL	PM5:moderate		neighbour_evidence
2020-01-01	2026-08-04	NM_007294.4:c.64_66delinsGCT	p.Leu22Ala	missense	VUS	VUS	2	4	MISSING_FUNCTIONAL	MISSING_FUNCTIONAL	PM5:moderate		neighbour_evidence
2020-01-01	2026-08-04	NM_007294.4:c.64_65delinsGG	p.Leu22Gly	missense	VUS	VUS	2	4	MISSING_FUNCTIONAL	MISSING_FUNCTIONAL	PM5:moderate		neighbour_evidence
2020-01-01	2026-08-04	NM_007294.4:c.64_66delinsGGC	p.Leu22Gly	missense	VUS	VUS	2	4	MISSING_FUNCTIONAL	MISSING_FUNCTIONAL	PM5:moderate		neighbour_evidence
2020-01-01	2026-08-04	NM_007294.4:c.64_66delinsGGG	p.Leu22Gly	missense	VUS	VUS	2	4	MISSING_FUNCTIONAL	MISSING_FUNCTIONAL	PM5:moderate		neighbour_evidence
2020-01-01	2026-08-04	NM_007294.4:c.64_66delinsGGT	p.Leu22Gly	missense	VUS	VUS	2	4	MISSING_FUNCTIONAL	MISSING_FUNCTIONAL	PM5:moderate		neighbour_evidence
2020-01-01	2026-08-04	NM_007294.4:c.64_66delinsGTC	p.Leu22Val	missense	VUS	VUS	2	4	MISSING_FUNCTIONAL	MISSING_FUNCTIONAL	PM5:moderate		neighbour_evidence
2020-01-01	2026-08-04	NM_007294.4:c.64_66delinsGTG	p.Leu22Val	missense	VUS	VUS	2	4	MISSING_FUNCTIONAL	MISSING_FUNCTIONAL	PM5:moderate		neighbour_evidence
2020-01-01	2026-08-04	NM_007294.4:c.64_66delinsGTT	p.Leu22Val	missense	VUS	VUS	2	4	MISSING_FUNCTIONAL	MISSING_FUNCTIONAL	PM5:moderate		neighbour_evidence
2020-01-01	2026-08-04	NM_007294.4:c.65_66delinsAC	p.Leu22Tyr	missense	VUS	VUS	2	4	MISSING_FUNCTIONAL	MISSING_FUNCTIONAL	PM5:moderate		neighbour_evidence
2020-01-01	2026-08-04	NM_007294.4:c.65_66delinsAT	p.Leu22Tyr	missense	VUS	VUS	2	4	MISSING_FUNCTIONAL	MISSING_FUNCTIONAL	PM5:moderate		neighbour_evidence
2020-01-01	2026-08-04	NM_007294.4:c.65_66delinsCC	p.Leu22Ser	missense	VUS	LP	2	6	MISSING_FUNCTIONAL	RESOLVED_NOT_BLOCKED	PS1:strong		neighbour_evidence
2020-01-01	2026-08-04	NM_007294.4:c.65_66delinsCG	p.Leu22Ser	missense	VUS	LP	2	6	MISSING_FUNCTIONAL	RESOLVED_NOT_BLOCKED	PS1:strong		neighbour_evidence
2020-01-01	2026-08-04	NM_007294.4:c.65_66delinsCT	p.Leu22Ser	missense	VUS	LP	2	6	MISSING_FUNCTIONAL	RESOLVED_NOT_BLOCKED	PS1:strong		neighbour_evidence
2020-01-01	2026-08-04	NM_007294.4:c.65_66delinsGC	p.Leu22Cys	missense	VUS	VUS	2	4	MISSING_FUNCTIONAL	MISSING_FUNCTIONAL	PM5:moderate		neighbour_evidence
2020-01-01	2026-08-04	NM_007294.4:c.65_66delinsGG	p.Leu22Trp	missense	VUS	VUS	2	4	MISSING_FUNCTIONAL	MISSING_FUNCTIONAL	PM5:moderate		neighbour_evidence
2020-01-01	2026-08-04	NM_007294.4:c.65_66delinsGT	p.Leu22Cys	missense	VUS	VUS	2	4	MISSING_FUNCTIONAL	MISSING_FUNCTIONAL	PM5:moderate		neighbour_evidence
2020-01-01	2026-08-04	NM_007294.4:c.70_72delinsAAA	p.Cys24Lys	missense	VUS	VUS	2	4	MISSING_FUNCTIONAL	MISSING_FUNCTIONAL	PM5:moderate		neighbour_evidence
2020-01-01	2026-08-04	NM_007294.4:c.70_72delinsAAC	p.Cys24Asn	missense	VUS	VUS	2	4	MISSING_FUNCTIONAL	MISSING_FUNCTIONAL	PM5:moderate		neighbour_evidence
2020-01-01	2026-08-04	NM_007294.4:c.70_72delinsAAG	p.Cys24Lys	missense	VUS	VUS	2	4	MISSING_FUNCTIONAL	MISSING_FUNCTIONAL	PM5:moderate		neighbour_evidence
2020-01-01	2026-08-04	NM_007294.4:c.70_71delinsAA	p.Cys24Asn	missense	VUS	VUS	2	4	MISSING_FUNCTIONAL	MISSING_FUNCTIONAL	PM5:moderate		neighbour_evidence
2020-01-01	2026-08-04	NM_007294.4:c.70_72delinsACA	p.Cys24Thr	missense	VUS	VUS	2	4	MISSING_FUNCTIONAL	MISSING_FUNCTIONAL	PM5:moderate		neighbour_evidence
2020-01-01	2026-08-04	NM_007294.4:c.70_72delinsACC	p.Cys24Thr	missense	VUS	VUS	2	4	MISSING_FUNCTIONAL	MISSING_FUNCTIONAL	PM5:moderate		neighbour_evidence
2020-01-01	2026-08-04	NM_007294.4:c.70_72delinsACG	p.Cys24Thr	missense	VUS	VUS	2	4	MISSING_FUNCTIONAL	MISSING_FUNCTIONAL	PM5:moderate		neighbour_evidence
2020-01-01	2026-08-04	NM_007294.4:c.70_71delinsAC	p.Cys24Thr	missense	VUS	VUS	2	4	MISSING_FUNCTIONAL	MISSING_FUNCTIONAL	PM5:moderate		neighbour_evidence
2020-01-01	2026-08-04	NM_007294.4:c.70_72delinsAGA	p.Cys24Arg	missense	VUS	LP	2	8	MISSING_FUNCTIONAL	RESOLVED_NOT_BLOCKED	PM5:moderate;PS1:strong		neighbour_evidence
2020-01-01	2026-08-04	NM_007294.4:c.70_72delinsAGC	p.Cys24Ser	missense	VUS	LP	2	8	MISSING_FUNCTIONAL	RESOLVED_NOT_BLOCKED	PM5:moderate;PS1:strong		neighbour_evidence
2020-01-01	2026-08-04	NM_007294.4:c.70_72delinsAGG	p.Cys24Arg	missense	VUS	LP	2	8	MISSING_FUNCTIONAL	RESOLVED_NOT_BLOCKED	PM5:moderate;PS1:strong		neighbour_evidence
2020-01-01	2026-08-04	NM_007294.4:c.70_72delinsATA	p.Cys24Ile	missense	VUS	VUS	2	4	MISSING_FUNCTIONAL	MISSING_FUNCTIONAL	PM5:moderate		neighbour_evidence
2020-01-01	2026-08-04	NM_007294.4:c.70_72delinsATC	p.Cys24Ile	missense	VUS	VUS	2	4	MISSING_FUNCTIONAL	MISSING_FUNCTIONAL	PM5:moderate		neighbour_evidence
2020-01-01	2026-08-04	NM_007294.4:c.70_72delinsATG	p.Cys24Met	missense	VUS	VUS	2	4	MISSING_FUNCTIONAL	MISSING_FUNCTIONAL	PM5:moderate		neighbour_evidence
2020-01-01	2026-08-04	NM_007294.4:c.70_71delinsAT	p.Cys24Ile	missense	VUS	VUS	2	4	MISSING_FUNCTIONAL	MISSING_FUNCTIONAL	PM5:moderate		neighbour_evidence
2020-01-01	2026-08-04	NM_007294.4:c.70_72delinsCAA	p.Cys24Gln	missense	VUS	VUS	2	4	MISSING_FUNCTIONAL	MISSING_FUNCTIONAL	PM5:moderate		neighbour_evidence
2020-01-01	2026-08-04	NM_007294.4:c.70_72delinsCAC	p.Cys24His	missense	VUS	VUS	2	4	MISSING_FUNCTIONAL	MISSING_FUNCTIONAL	PM5:moderate		neighbour_evidence
2020-01-01	2026-08-04	NM_007294.4:c.70_72delinsCAG	p.Cys24Gln	missense	VUS	VUS	2	4	MISSING_FUNCTIONAL	MISSING_FUNCTIONAL	PM5:moderate		neighbour_evidence
2020-01-01	2026-08-04	NM_007294.4:c.70_71delinsCA	p.Cys24His	missense	VUS	VUS	2	4	MISSING_FUNCTIONAL	MISSING_FUNCTIONAL	PM5:moderate		neighbour_evidence
2020-01-01	2026-08-04	NM_007294.4:c.70_72delinsCCA	p.Cys24Pro	missense	VUS	VUS	2	4	MISSING_FUNCTIONAL	MISSING_FUNCTIONAL	PM5:moderate		neighbour_evidence
2020-01-01	2026-08-04	NM_007294.4:c.70_72delinsCCC	p.Cys24Pro	missense	VUS	VUS	2	4	MISSING_FUNCTIONAL	MISSING_FUNCTIONAL	PM5:moderate		neighbour_evidence
2020-01-01	2026-08-04	NM_007294.4:c.70_72delinsCCG	p.Cys24Pro	missense	VUS	VUS	2	4	MISSING_FUNCTIONAL	MISSING_FUNCTIONAL	PM5:moderate		neighbour_evidence
2020-01-01	2026-08-04	NM_007294.4:c.70_71delinsCC	p.Cys24Pro	missense	VUS	VUS	2	4	MISSING_FUNCTIONAL	MISSING_FUNCTIONAL	PM5:moderate		neighbour_evidence
2020-01-01	2026-08-04	NM_007294.4:c.70_72delinsCGA	p.Cys24Arg	missense	VUS	LP	2	8	MISSING_FUNCTIONAL	RESOLVED_NOT_BLOCKED	PM5:moderate;PS1:strong		neighbour_evidence
2020-01-01	2026-08-04	NM_007294.4:c.70_72delinsCGC	p.Cys24Arg	missense	VUS	LP	2	8	MISSING_FUNCTIONAL	RESOLVED_NOT_BLOCKED	PM5:moderate;PS1:strong		neighbour_evidence
2020-01-01	2026-08-04	NM_007294.4:c.70_72delinsCGG	p.Cys24Arg	missense	VUS	LP	2	8	MISSING_FUNCTIONAL	RESOLVED_NOT_BLOCKED	PM5:moderate;PS1:strong		neighbour_evidence
2020-01-01	2026-08-04	NM_007294.4:c.70_72delinsCTA	p.Cys24Leu	missense	VUS	VUS	2	4	MISSING_FUNCTIONAL	MISSING_FUNCTIONAL	PM5:moderate		neighbour_evidence
2020-01-01	2026-08-04	NM_007294.4:c.70_72delinsCTC	p.Cys24Leu	missense	VUS	VUS	2	4	MISSING_FUNCTIONAL	MISSING_FUNCTIONAL	PM5:moderate		neighbour_evidence
2020-01-01	2026-08-04	NM_007294.4:c.70_72delinsCTG	p.Cys24Leu	missense	VUS	VUS	2	4	MISSING_FUNCTIONAL	MISSING_FUNCTIONAL	PM5:moderate		neighbour_evidence
2020-01-01	2026-08-04	NM_007294.4:c.70_71delinsCT	p.Cys24Leu	missense	VUS	VUS	2	4	MISSING_FUNCTIONAL	MISSING_FUNCTIONAL	PM5:moderate		neighbour_evidence
2020-01-01	2026-08-04	NM_007294.4:c.70_72delinsGAA	p.Cys24Glu	missense	VUS	VUS	2	4	MISSING_FUNCTIONAL	MISSING_FUNCTIONAL	PM5:moderate		neighbour_evidence
2020-01-01	2026-08-04	NM_007294.4:c.70_72delinsGAC	p.Cys24Asp	missense	VUS	VUS	2	4	MISSING_FUNCTIONAL	MISSING_FUNCTIONAL	PM5:moderate		neighbour_evidence
2020-01-01	2026-08-04	NM_007294.4:c.70_72delinsGAG	p.Cys24Glu	missense	VUS	VUS	2	4	MISSING_FUNCTIONAL	MISSING_FUNCTIONAL	PM5:moderate		neighbour_evidence
2020-01-01	2026-08-04	NM_007294.4:c.70_71delinsGA	p.Cys24Asp	missense	VUS	VUS	2	4	MISSING_FUNCTIONAL	MISSING_FUNCTIONAL	PM5:moderate		neighbour_evidence
2020-01-01	2026-08-04	NM_007294.4:c.70_72delinsGCA	p.Cys24Ala	missense	VUS	VUS	2	4	MISSING_FUNCTIONAL	MISSING_FUNCTIONAL	PM5:moderate		neighbour_evidence
2020-01-01	2026-08-04	NM_007294.4:c.70_72delinsGCC	p.Cys24Ala	missense	VUS	VUS	2	4	MISSING_FUNCTIONAL	MISSING_FUNCTIONAL	PM5:moderate		neighbour_evidence
2020-01-01	2026-08-04	NM_007294.4:c.70_72delinsGCG	p.Cys24Ala	missense	VUS	VUS	2	4	MISSING_FUNCTIONAL	MISSING_FUNCTIONAL	PM5:moderate		neighbour_evidence
2020-01-01	2026-08-04	NM_007294.4:c.70_71delinsGC	p.Cys24Ala	missense	VUS	VUS	2	4	MISSING_FUNCTIONAL	MISSING_FUNCTIONAL	PM5:moderate		neighbour_evidence
2020-01-01	2026-08-04	NM_007294.4:c.70_72delinsGGA	p.Cys24Gly	missense	VUS	LP	2	8	MISSING_FUNCTIONAL	RESOLVED_NOT_BLOCKED	PM5:moderate;PS1:strong		neighbour_evidence
2020-01-01	2026-08-04	NM_007294.4:c.70_72delinsGGC	p.Cys24Gly	missense	VUS	LP	2	8	MISSING_FUNCTIONAL	RESOLVED_NOT_BLOCKED	PM5:moderate;PS1:strong		neighbour_evidence
2020-01-01	2026-08-04	NM_007294.4:c.70_72delinsGGG	p.Cys24Gly	missense	VUS	LP	2	8	MISSING_FUNCTIONAL	RESOLVED_NOT_BLOCKED	PM5:moderate;PS1:strong		neighbour_evidence
2020-01-01	2026-08-04	NM_007294.4:c.70_72delinsGTA	p.Cys24Val	missense	VUS	VUS	2	4	MISSING_FUNCTIONAL	MISSING_FUNCTIONAL	PM5:moderate		neighbour_evidence
2020-01-01	2026-08-04	NM_007294.4:c.70_72delinsGTC	p.Cys24Val	missense	VUS	VUS	2	4	MISSING_FUNCTIONAL	MISSING_FUNCTIONAL	PM5:moderate		neighbour_evidence
2020-01-01	2026-08-04	NM_007294.4:c.70_72delinsGTG	p.Cys24Val	missense	VUS	VUS	2	4	MISSING_FUNCTIONAL	MISSING_FUNCTIONAL	PM5:moderate		neighbour_evidence
2020-01-01	2026-08-04	NM_007294.4:c.70_71delinsGT	p.Cys24Val	missense	VUS	VUS	2	4	MISSING_FUNCTIONAL	MISSING_FUNCTIONAL	PM5:moderate		neighbour_evidence
2020-01-01	2026-08-04	NM_007294.4:c.71_72delinsAC	p.Cys24Tyr	missense	VUS	LP	2	8	MISSING_FUNCTIONAL	RESOLVED_NOT_BLOCKED	PM5:moderate;PS1:strong		neighbour_evidence
2020-01-01	2026-08-04	NM_007294.4:c.71_72delinsCA	p.Cys24Ser	missense	VUS	LP	2	8	MISSING_FUNCTIONAL	RESOLVED_NOT_BLOCKED	PM5:moderate;PS1:strong		neighbour_evidence
2020-01-01	2026-08-04	NM_007294.4:c.71_72delinsCC	p.Cys24Ser	missense	VUS	LP	2	8	MISSING_FUNCTIONAL	RESOLVED_NOT_BLOCKED	PM5:moderate;PS1:strong		neighbour_evidence
2020-01-01	2026-08-04	NM_007294.4:c.71_72delinsCG	p.Cys24Ser	missense	VUS	LP	2	8	MISSING_FUNCTIONAL	RESOLVED_NOT_BLOCKED	PM5:moderate;PS1:strong		neighbour_evidence
2020-01-01	2026-08-04	NM_007294.4:c.71_72delinsTA	p.Cys24Leu	missense	VUS	VUS	2	4	MISSING_FUNCTIONAL	MISSING_FUNCTIONAL	PM5:moderate		neighbour_evidence
2020-01-01	2026-08-04	NM_007294.4:c.71_72delinsTC	p.Cys24Phe	missense	VUS	VUS	2	4	MISSING_FUNCTIONAL	MISSING_FUNCTIONAL	PM5:moderate		neighbour_evidence
2020-01-01	2026-08-04	NM_007294.4:c.71_72delinsTG	p.Cys24Leu	missense	VUS	VUS	2	4	MISSING_FUNCTIONAL	MISSING_FUNCTIONAL	PM5:moderate		neighbour_evidence
2020-01-01	2026-08-04	NM_007294.4:c.73_75delinsAAA	p.Pro25Lys	missense	VUS	VUS	2	4	MISSING_FUNCTIONAL	MISSING_FUNCTIONAL	PM5:moderate		neighbour_evidence
2020-01-01	2026-08-04	NM_007294.4:c.73_74delinsAA	p.Pro25Asn	missense	VUS	VUS	2	4	MISSING_FUNCTIONAL	MISSING_FUNCTIONAL	PM5:moderate		neighbour_evidence
2020-01-01	2026-08-04	NM_007294.4:c.73_75delinsAAG	p.Pro25Lys	missense	VUS	VUS	2	4	MISSING_FUNCTIONAL	MISSING_FUNCTIONAL	PM5:moderate		neighbour_evidence
2020-01-01	2026-08-04	NM_007294.4:c.73_75delinsAAT	p.Pro25Asn	missense	VUS	VUS	2	4	MISSING_FUNCTIONAL	MISSING_FUNCTIONAL	PM5:moderate		neighbour_evidence
2020-01-01	2026-08-04	NM_007294.4:c.73_75delinsACA	p.Pro25Thr	missense	VUS	VUS	2	4	MISSING_FUNCTIONAL	MISSING_FUNCTIONAL	PM5:moderate		neighbour_evidence
2020-01-01	2026-08-04	NM_007294.4:c.73_75delinsACG	p.Pro25Thr	missense	VUS	VUS	2	4	MISSING_FUNCTIONAL	MISSING_FUNCTIONAL	PM5:moderate		neighbour_evidence
2020-01-01	2026-08-04	NM_007294.4:c.73_75delinsACT	p.Pro25Thr	missense	VUS	VUS	2	4	MISSING_FUNCTIONAL	MISSING_FUNCTIONAL	PM5:moderate		neighbour_evidence
2020-01-01	2026-08-04	NM_007294.4:c.73_75delinsAGA	p.Pro25Arg	missense	VUS	VUS	2	4	MISSING_FUNCTIONAL	MISSING_FUNCTIONAL	PM5:moderate		neighbour_evidence
2020-01-01	2026-08-04	NM_007294.4:c.73_74delinsAG	p.Pro25Ser	missense	VUS	VUS	2	4	MISSING_FUNCTIONAL	MISSING_FUNCTIONAL	PM5:moderate		neighbour_evidence
2020-01-01	2026-08-04	NM_007294.4:c.73_75delinsAGG	p.Pro25Arg	missense	VUS	VUS	2	4	MISSING_FUNCTIONAL	MISSING_FUNCTIONAL	PM5:moderate		neighbour_evidence
2020-01-01	2026-08-04	NM_007294.4:c.73_75delinsAGT	p.Pro25Ser	missense	VUS	VUS	2	4	MISSING_FUNCTIONAL	MISSING_FUNCTIONAL	PM5:moderate		neighbour_evidence
2020-01-01	2026-08-04	NM_007294.4:c.73_75delinsATA	p.Pro25Ile	missense	VUS	VUS	2	4	MISSING_FUNCTIONAL	MISSING_FUNCTIONAL	PM5:moderate		neighbour_evidence
2020-01-01	2026-08-04	NM_007294.4:c.73_74delinsAT	p.Pro25Ile	missense	VUS	VUS	2	4	MISSING_FUNCTIONAL	MISSING_FUNCTIONAL	PM5:moderate		neighbour_evidence
2020-01-01	2026-08-04	NM_007294.4:c.73_75delinsATG	p.Pro25Met	missense	VUS	VUS	2	4	MISSING_FUNCTIONAL	MISSING_FUNCTIONAL	PM5:moderate		neighbour_evidence
2020-01-01	2026-08-04	NM_007294.4:c.73_75delinsATT	p.Pro25Ile	missense	VUS	VUS	2	4	MISSING_FUNCTIONAL	MISSING_FUNCTIONAL	PM5:moderate		neighbour_evidence
2020-01-01	2026-08-04	NM_007294.4:c.74_75delinsAA	p.Pro25Gln	missense	VUS	VUS	2	4	MISSING_FUNCTIONAL	MISSING_FUNCTIONAL	PM5:moderate		neighbour_evidence
2020-01-01	2026-08-04	NM_007294.4:c.74_75delinsAG	p.Pro25Gln	missense	VUS	VUS	2	4	MISSING_FUNCTIONAL	MISSING_FUNCTIONAL	PM5:moderate		neighbour_evidence
2020-01-01	2026-08-04	NM_007294.4:c.74_75delinsAT	p.Pro25His	missense	VUS	VUS	2	4	MISSING_FUNCTIONAL	MISSING_FUNCTIONAL	PM5:moderate		neighbour_evidence
2020-01-01	2026-08-04	NM_007294.4:c.74_75delinsGA	p.Pro25Arg	missense	VUS	VUS	2	4	MISSING_FUNCTIONAL	MISSING_FUNCTIONAL	PM5:moderate		neighbour_evidence
2020-01-01	2026-08-04	NM_007294.4:c.74_75delinsGG	p.Pro25Arg	missense	VUS	VUS	2	4	MISSING_FUNCTIONAL	MISSING_FUNCTIONAL	PM5:moderate		neighbour_evidence
2020-01-01	2026-08-04	NM_007294.4:c.74_75delinsGT	p.Pro25Arg	missense	VUS	VUS	2	4	MISSING_FUNCTIONAL	MISSING_FUNCTIONAL	PM5:moderate		neighbour_evidence
2020-01-01	2026-08-04	NM_007294.4:c.74_75delinsTA	p.Pro25Leu	missense	VUS	LP	2	6	MISSING_FUNCTIONAL	RESOLVED_NOT_BLOCKED	PS1:strong		neighbour_evidence
2020-01-01	2026-08-04	NM_007294.4:c.74_75delinsTG	p.Pro25Leu	missense	VUS	LP	2	6	MISSING_FUNCTIONAL	RESOLVED_NOT_BLOCKED	PS1:strong		neighbour_evidence
2020-01-01	2026-08-04	NM_007294.4:c.74_75delinsTT	p.Pro25Leu	missense	VUS	LP	2	6	MISSING_FUNCTIONAL	RESOLVED_NOT_BLOCKED	PS1:strong		neighbour_evidence
2020-01-01	2026-08-04	NM_007294.4:c.73_75delinsGAA	p.Pro25Glu	missense	VUS	VUS	2	4	MISSING_FUNCTIONAL	MISSING_FUNCTIONAL	PM5:moderate		neighbour_evidence
2020-01-01	2026-08-04	NM_007294.4:c.73_74delinsGA	p.Pro25Asp	missense	VUS	VUS	2	4	MISSING_FUNCTIONAL	MISSING_FUNCTIONAL	PM5:moderate		neighbour_evidence
2020-01-01	2026-08-04	NM_007294.4:c.73_75delinsGAG	p.Pro25Glu	missense	VUS	VUS	2	4	MISSING_FUNCTIONAL	MISSING_FUNCTIONAL	PM5:moderate		neighbour_evidence
2020-01-01	2026-08-04	NM_007294.4:c.73_75delinsGAT	p.Pro25Asp	missense	VUS	VUS	2	4	MISSING_FUNCTIONAL	MISSING_FUNCTIONAL	PM5:moderate		neighbour_evidence
2020-01-01	2026-08-04	NM_007294.4:c.73_75delinsGCA	p.Pro25Ala	missense	VUS	VUS	2	4	MISSING_FUNCTIONAL	MISSING_FUNCTIONAL	PM5:moderate		neighbour_evidence
2020-01-01	2026-08-04	NM_007294.4:c.73_75delinsGCG	p.Pro25Ala	missense	VUS	VUS	2	4	MISSING_FUNCTIONAL	MISSING_FUNCTIONAL	PM5:moderate		neighbour_evidence
2020-01-01	2026-08-04	NM_007294.4:c.73_75delinsGCT	p.Pro25Ala	missense	VUS	VUS	2	4	MISSING_FUNCTIONAL	MISSING_FUNCTIONAL	PM5:moderate		neighbour_evidence
2020-01-01	2026-08-04	NM_007294.4:c.73_75delinsGGA	p.Pro25Gly	missense	VUS	VUS	2	4	MISSING_FUNCTIONAL	MISSING_FUNCTIONAL	PM5:moderate		neighbour_evidence
2020-01-01	2026-08-04	NM_007294.4:c.73_74delinsGG	p.Pro25Gly	missense	VUS	VUS	2	4	MISSING_FUNCTIONAL	MISSING_FUNCTIONAL	PM5:moderate		neighbour_evidence
2020-01-01	2026-08-04	NM_007294.4:c.73_75delinsGGG	p.Pro25Gly	missense	VUS	VUS	2	4	MISSING_FUNCTIONAL	MISSING_FUNCTIONAL	PM5:moderate		neighbour_evidence
2020-01-01	2026-08-04	NM_007294.4:c.73_75delinsGGT	p.Pro25Gly	missense	VUS	VUS	2	4	MISSING_FUNCTIONAL	MISSING_FUNCTIONAL	PM5:moderate		neighbour_evidence
2020-01-01	2026-08-04	NM_007294.4:c.73_75delinsGTA	p.Pro25Val	missense	VUS	VUS	2	4	MISSING_FUNCTIONAL	MISSING_FUNCTIONAL	PM5:moderate		neighbour_evidence
2020-01-01	2026-08-04	NM_007294.4:c.73_74delinsGT	p.Pro25Val	missense	VUS	VUS	2	4	MISSING_FUNCTIONAL	MISSING_FUNCTIONAL	PM5:moderate		neighbour_evidence
2020-01-01	2026-08-04	NM_007294.4:c.73_75delinsGTG	p.Pro25Val	missense	VUS	VUS	2	4	MISSING_FUNCTIONAL	MISSING_FUNCTIONAL	PM5:moderate		neighbour_evidence
2020-01-01	2026-08-04	NM_007294.4:c.73_75delinsGTT	p.Pro25Val	missense	VUS	VUS	2	4	MISSING_FUNCTIONAL	MISSING_FUNCTIONAL	PM5:moderate		neighbour_evidence
2020-01-01	2026-08-04	NM_007294.4:c.73_74delinsTA	p.Pro25Tyr	missense	VUS	VUS	2	4	MISSING_FUNCTIONAL	MISSING_FUNCTIONAL	PM5:moderate		neighbour_evidence
2020-01-01	2026-08-04	NM_007294.4:c.73_75delinsTAT	p.Pro25Tyr	missense	VUS	VUS	2	4	MISSING_FUNCTIONAL	MISSING_FUNCTIONAL	PM5:moderate		neighbour_evidence
2020-01-01	2026-08-04	NM_007294.4:c.73_75delinsTCA	p.Pro25Ser	missense	VUS	VUS	2	4	MISSING_FUNCTIONAL	MISSING_FUNCTIONAL	PM5:moderate		neighbour_evidence
2020-01-01	2026-08-04	NM_007294.4:c.73_75delinsTCG	p.Pro25Ser	missense	VUS	VUS	2	4	MISSING_FUNCTIONAL	MISSING_FUNCTIONAL	PM5:moderate		neighbour_evidence
2020-01-01	2026-08-04	NM_007294.4:c.73_75delinsTCT	p.Pro25Ser	missense	VUS	VUS	2	4	MISSING_FUNCTIONAL	MISSING_FUNCTIONAL	PM5:moderate		neighbour_evidence
2020-01-01	2026-08-04	NM_007294.4:c.73_74delinsTG	p.Pro25Cys	missense	VUS	VUS	2	4	MISSING_FUNCTIONAL	MISSING_FUNCTIONAL	PM5:moderate		neighbour_evidence
2020-01-01	2026-08-04	NM_007294.4:c.73_75delinsTGG	p.Pro25Trp	missense	VUS	VUS	2	4	MISSING_FUNCTIONAL	MISSING_FUNCTIONAL	PM5:moderate		neighbour_evidence
2020-01-01	2026-08-04	NM_007294.4:c.73_75delinsTGT	p.Pro25Cys	missense	VUS	VUS	2	4	MISSING_FUNCTIONAL	MISSING_FUNCTIONAL	PM5:moderate		neighbour_evidence
2020-01-01	2026-08-04	NM_007294.4:c.73_75delinsTTA	p.Pro25Leu	missense	VUS	LP	2	6	MISSING_FUNCTIONAL	RESOLVED_NOT_BLOCKED	PS1:strong		neighbour_evidence
2020-01-01	2026-08-04	NM_007294.4:c.73_74delinsTT	p.Pro25Phe	missense	VUS	VUS	2	4	MISSING_FUNCTIONAL	MISSING_FUNCTIONAL	PM5:moderate		neighbour_evidence
2020-01-01	2026-08-04	NM_007294.4:c.73_75delinsTTG	p.Pro25Leu	missense	VUS	LP	2	6	MISSING_FUNCTIONAL	RESOLVED_NOT_BLOCKED	PS1:strong		neighbour_evidence
2020-01-01	2026-08-04	NM_007294.4:c.73_75delinsTTT	p.Pro25Phe	missense	VUS	VUS	2	4	MISSING_FUNCTIONAL	MISSING_FUNCTIONAL	PM5:moderate		neighbour_evidence
2020-01-01	2026-08-04	NM_007294.4:c.79_81delinsAAA	p.Cys27Lys	missense	VUS	VUS	2	4	MISSING_FUNCTIONAL	MISSING_FUNCTIONAL	PM5:moderate		neighbour_evidence
2020-01-01	2026-08-04	NM_007294.4:c.79_81delinsAAC	p.Cys27Asn	missense	VUS	VUS	2	4	MISSING_FUNCTIONAL	MISSING_FUNCTIONAL	PM5:moderate		neighbour_evidence
2020-01-01	2026-08-04	NM_007294.4:c.79_81delinsAAG	p.Cys27Lys	missense	VUS	VUS	2	4	MISSING_FUNCTIONAL	MISSING_FUNCTIONAL	PM5:moderate		neighbour_evidence
2020-01-01	2026-08-04	NM_007294.4:c.79_80delinsAA	p.Cys27Asn	missense	VUS	VUS	2	4	MISSING_FUNCTIONAL	MISSING_FUNCTIONAL	PM5:moderate		neighbour_evidence
2020-01-01	2026-08-04	NM_007294.4:c.79_81delinsACA	p.Cys27Thr	missense	VUS	VUS	2	4	MISSING_FUNCTIONAL	MISSING_FUNCTIONAL	PM5:moderate		neighbour_evidence
2020-01-01	2026-08-04	NM_007294.4:c.79_81delinsACC	p.Cys27Thr	missense	VUS	VUS	2	4	MISSING_FUNCTIONAL	MISSING_FUNCTIONAL	PM5:moderate		neighbour_evidence
2020-01-01	2026-08-04	NM_007294.4:c.79_81delinsACG	p.Cys27Thr	missense	VUS	VUS	2	4	MISSING_FUNCTIONAL	MISSING_FUNCTIONAL	PM5:moderate		neighbour_evidence
2020-01-01	2026-08-04	NM_007294.4:c.79_80delinsAC	p.Cys27Thr	missense	VUS	VUS	2	4	MISSING_FUNCTIONAL	MISSING_FUNCTIONAL	PM5:moderate		neighbour_evidence
2020-01-01	2026-08-04	NM_007294.4:c.79_81delinsAGA	p.Cys27Arg	missense	VUS	LP	2	8	MISSING_FUNCTIONAL	RESOLVED_NOT_BLOCKED	PM5:moderate;PS1:strong		neighbour_evidence
2020-01-01	2026-08-04	NM_007294.4:c.79_81delinsAGC	p.Cys27Ser	missense	VUS	VUS	2	4	MISSING_FUNCTIONAL	MISSING_FUNCTIONAL	PM5:moderate		neighbour_evidence
2020-01-01	2026-08-04	NM_007294.4:c.79_81delinsAGG	p.Cys27Arg	missense	VUS	LP	2	8	MISSING_FUNCTIONAL	RESOLVED_NOT_BLOCKED	PM5:moderate;PS1:strong		neighbour_evidence
2020-01-01	2026-08-04	NM_007294.4:c.79_81delinsATA	p.Cys27Ile	missense	VUS	VUS	2	4	MISSING_FUNCTIONAL	MISSING_FUNCTIONAL	PM5:moderate		neighbour_evidence
2020-01-01	2026-08-04	NM_007294.4:c.79_81delinsATC	p.Cys27Ile	missense	VUS	VUS	2	4	MISSING_FUNCTIONAL	MISSING_FUNCTIONAL	PM5:moderate		neighbour_evidence
2020-01-01	2026-08-04	NM_007294.4:c.79_81delinsATG	p.Cys27Met	missense	VUS	VUS	2	4	MISSING_FUNCTIONAL	MISSING_FUNCTIONAL	PM5:moderate		neighbour_evidence
2020-01-01	2026-08-04	NM_007294.4:c.79_80delinsAT	p.Cys27Ile	missense	VUS	VUS	2	4	MISSING_FUNCTIONAL	MISSING_FUNCTIONAL	PM5:moderate		neighbour_evidence
2020-01-01	2026-08-04	NM_007294.4:c.79_81delinsCAA	p.Cys27Gln	missense	VUS	VUS	2	4	MISSING_FUNCTIONAL	MISSING_FUNCTIONAL	PM5:moderate		neighbour_evidence
2020-01-01	2026-08-04	NM_007294.4:c.79_81delinsCAC	p.Cys27His	missense	VUS	VUS	2	4	MISSING_FUNCTIONAL	MISSING_FUNCTIONAL	PM5:moderate		neighbour_evidence
2020-01-01	2026-08-04	NM_007294.4:c.79_81delinsCAG	p.Cys27Gln	missense	VUS	VUS	2	4	MISSING_FUNCTIONAL	MISSING_FUNCTIONAL	PM5:moderate		neighbour_evidence
2020-01-01	2026-08-04	NM_007294.4:c.79_80delinsCA	p.Cys27His	missense	VUS	VUS	2	4	MISSING_FUNCTIONAL	MISSING_FUNCTIONAL	PM5:moderate		neighbour_evidence
2020-01-01	2026-08-04	NM_007294.4:c.79_81delinsCCA	p.Cys27Pro	missense	VUS	VUS	2	4	MISSING_FUNCTIONAL	MISSING_FUNCTIONAL	PM5:moderate		neighbour_evidence
2020-01-01	2026-08-04	NM_007294.4:c.79_81delinsCCC	p.Cys27Pro	missense	VUS	VUS	2	4	MISSING_FUNCTIONAL	MISSING_FUNCTIONAL	PM5:moderate		neighbour_evidence
2020-01-01	2026-08-04	NM_007294.4:c.79_81delinsCCG	p.Cys27Pro	missense	VUS	VUS	2	4	MISSING_FUNCTIONAL	MISSING_FUNCTIONAL	PM5:moderate		neighbour_evidence
2020-01-01	2026-08-04	NM_007294.4:c.79_80delinsCC	p.Cys27Pro	missense	VUS	VUS	2	4	MISSING_FUNCTIONAL	MISSING_FUNCTIONAL	PM5:moderate		neighbour_evidence
2020-01-01	2026-08-04	NM_007294.4:c.79_81delinsCGA	p.Cys27Arg	missense	VUS	LP	2	8	MISSING_FUNCTIONAL	RESOLVED_NOT_BLOCKED	PM5:moderate;PS1:strong		neighbour_evidence
2020-01-01	2026-08-04	NM_007294.4:c.79_81delinsCGC	p.Cys27Arg	missense	VUS	LP	2	8	MISSING_FUNCTIONAL	RESOLVED_NOT_BLOCKED	PM5:moderate;PS1:strong		neighbour_evidence
2020-01-01	2026-08-04	NM_007294.4:c.79_81delinsCGG	p.Cys27Arg	missense	VUS	LP	2	8	MISSING_FUNCTIONAL	RESOLVED_NOT_BLOCKED	PM5:moderate;PS1:strong		neighbour_evidence
2020-01-01	2026-08-04	NM_007294.4:c.79_81delinsCTA	p.Cys27Leu	missense	VUS	VUS	2	4	MISSING_FUNCTIONAL	MISSING_FUNCTIONAL	PM5:moderate		neighbour_evidence
2020-01-01	2026-08-04	NM_007294.4:c.79_81delinsCTC	p.Cys27Leu	missense	VUS	VUS	2	4	MISSING_FUNCTIONAL	MISSING_FUNCTIONAL	PM5:moderate		neighbour_evidence
2020-01-01	2026-08-04	NM_007294.4:c.79_81delinsCTG	p.Cys27Leu	missense	VUS	VUS	2	4	MISSING_FUNCTIONAL	MISSING_FUNCTIONAL	PM5:moderate		neighbour_evidence
2020-01-01	2026-08-04	NM_007294.4:c.79_80delinsCT	p.Cys27Leu	missense	VUS	VUS	2	4	MISSING_FUNCTIONAL	MISSING_FUNCTIONAL	PM5:moderate		neighbour_evidence
2020-01-01	2026-08-04	NM_007294.4:c.79_81delinsGAA	p.Cys27Glu	missense	VUS	VUS	2	4	MISSING_FUNCTIONAL	MISSING_FUNCTIONAL	PM5:moderate		neighbour_evidence
2020-01-01	2026-08-04	NM_007294.4:c.79_81delinsGAC	p.Cys27Asp	missense	VUS	VUS	2	4	MISSING_FUNCTIONAL	MISSING_FUNCTIONAL	PM5:moderate		neighbour_evidence
2020-01-01	2026-08-04	NM_007294.4:c.79_81delinsGAG	p.Cys27Glu	missense	VUS	VUS	2	4	MISSING_FUNCTIONAL	MISSING_FUNCTIONAL	PM5:moderate		neighbour_evidence
2020-01-01	2026-08-04	NM_007294.4:c.79_80delinsGA	p.Cys27Asp	missense	VUS	VUS	2	4	MISSING_FUNCTIONAL	MISSING_FUNCTIONAL	PM5:moderate		neighbour_evidence
2020-01-01	2026-08-04	NM_007294.4:c.79_81delinsGCA	p.Cys27Ala	missense	VUS	VUS	2	4	MISSING_FUNCTIONAL	MISSING_FUNCTIONAL	PM5:moderate		neighbour_evidence
2020-01-01	2026-08-04	NM_007294.4:c.79_81delinsGCC	p.Cys27Ala	missense	VUS	VUS	2	4	MISSING_FUNCTIONAL	MISSING_FUNCTIONAL	PM5:moderate		neighbour_evidence
2020-01-01	2026-08-04	NM_007294.4:c.79_81delinsGCG	p.Cys27Ala	missense	VUS	VUS	2	4	MISSING_FUNCTIONAL	MISSING_FUNCTIONAL	PM5:moderate		neighbour_evidence
2020-01-01	2026-08-04	NM_007294.4:c.79_80delinsGC	p.Cys27Ala	missense	VUS	VUS	2	4	MISSING_FUNCTIONAL	MISSING_FUNCTIONAL	PM5:moderate		neighbour_evidence
2020-01-01	2026-08-04	NM_007294.4:c.79_81delinsGGA	p.Cys27Gly	missense	VUS	LP	2	8	MISSING_FUNCTIONAL	RESOLVED_NOT_BLOCKED	PM5:moderate;PS1:strong		neighbour_evidence
2020-01-01	2026-08-04	NM_007294.4:c.79_81delinsGGC	p.Cys27Gly	missense	VUS	LP	2	8	MISSING_FUNCTIONAL	RESOLVED_NOT_BLOCKED	PM5:moderate;PS1:strong		neighbour_evidence
2020-01-01	2026-08-04	NM_007294.4:c.79_81delinsGGG	p.Cys27Gly	missense	VUS	LP	2	8	MISSING_FUNCTIONAL	RESOLVED_NOT_BLOCKED	PM5:moderate;PS1:strong		neighbour_evidence
2020-01-01	2026-08-04	NM_007294.4:c.79_81delinsGTA	p.Cys27Val	missense	VUS	VUS	2	4	MISSING_FUNCTIONAL	MISSING_FUNCTIONAL	PM5:moderate		neighbour_evidence
2020-01-01	2026-08-04	NM_007294.4:c.79_81delinsGTC	p.Cys27Val	missense	VUS	VUS	2	4	MISSING_FUNCTIONAL	MISSING_FUNCTIONAL	PM5:moderate		neighbour_evidence
2020-01-01	2026-08-04	NM_007294.4:c.79_81delinsGTG	p.Cys27Val	missense	VUS	VUS	2	4	MISSING_FUNCTIONAL	MISSING_FUNCTIONAL	PM5:moderate		neighbour_evidence
2020-01-01	2026-08-04	NM_007294.4:c.79_80delinsGT	p.Cys27Val	missense	VUS	VUS	2	4	MISSING_FUNCTIONAL	MISSING_FUNCTIONAL	PM5:moderate		neighbour_evidence
2020-01-01	2026-08-04	NM_007294.4:c.80_81delinsAC	p.Cys27Tyr	missense	VUS	LP	2	8	MISSING_FUNCTIONAL	RESOLVED_NOT_BLOCKED	PM5:moderate;PS1:strong		neighbour_evidence
2020-01-01	2026-08-04	NM_007294.4:c.80_81delinsCA	p.Cys27Ser	missense	VUS	VUS	2	4	MISSING_FUNCTIONAL	MISSING_FUNCTIONAL	PM5:moderate		neighbour_evidence
2020-01-01	2026-08-04	NM_007294.4:c.80_81delinsCC	p.Cys27Ser	missense	VUS	VUS	2	4	MISSING_FUNCTIONAL	MISSING_FUNCTIONAL	PM5:moderate		neighbour_evidence
2020-01-01	2026-08-04	NM_007294.4:c.80_81delinsCG	p.Cys27Ser	missense	VUS	VUS	2	4	MISSING_FUNCTIONAL	MISSING_FUNCTIONAL	PM5:moderate		neighbour_evidence
2020-01-01	2026-08-04	NM_007294.4:c.80_81delinsTA	p.Cys27Leu	missense	VUS	VUS	2	4	MISSING_FUNCTIONAL	MISSING_FUNCTIONAL	PM5:moderate		neighbour_evidence
2020-01-01	2026-08-04	NM_007294.4:c.80_81delinsTC	p.Cys27Phe	missense	VUS	LP	2	8	MISSING_FUNCTIONAL	RESOLVED_NOT_BLOCKED	PM5:moderate;PS1:strong		neighbour_evidence
2020-01-01	2026-08-04	NM_007294.4:c.80_81delinsTG	p.Cys27Leu	missense	VUS	VUS	2	4	MISSING_FUNCTIONAL	MISSING_FUNCTIONAL	PM5:moderate		neighbour_evidence
2020-01-01	2026-08-04	NM_007294.4:c.100_102delinsAAA	p.Pro34Lys	missense	VUS	VUS	2	4	MISSING_FUNCTIONAL	MISSING_FUNCTIONAL	PM5:moderate		neighbour_evidence
2020-01-01	2026-08-04	NM_007294.4:c.100_102delinsAAC	p.Pro34Asn	missense	VUS	VUS	2	4	MISSING_FUNCTIONAL	MISSING_FUNCTIONAL	PM5:moderate		neighbour_evidence
2020-01-01	2026-08-04	NM_007294.4:c.100_102delinsAAG	p.Pro34Lys	missense	VUS	VUS	2	4	MISSING_FUNCTIONAL	MISSING_FUNCTIONAL	PM5:moderate		neighbour_evidence
2020-01-01	2026-08-04	NM_007294.4:c.100_101delinsAA	p.Pro34Asn	missense	VUS	VUS	2	4	MISSING_FUNCTIONAL	MISSING_FUNCTIONAL	PM5:moderate		neighbour_evidence
2020-01-01	2026-08-04	NM_007294.4:c.100_102delinsACA	p.Pro34Thr	missense	VUS	VUS	2	4	MISSING_FUNCTIONAL	MISSING_FUNCTIONAL	PM5:moderate		neighbour_evidence
2020-01-01	2026-08-04	NM_007294.4:c.100_102delinsACC	p.Pro34Thr	missense	VUS	VUS	2	4	MISSING_FUNCTIONAL	MISSING_FUNCTIONAL	PM5:moderate		neighbour_evidence
2020-01-01	2026-08-04	NM_007294.4:c.100_102delinsACG	p.Pro34Thr	missense	VUS	VUS	2	4	MISSING_FUNCTIONAL	MISSING_FUNCTIONAL	PM5:moderate		neighbour_evidence
2020-01-01	2026-08-04	NM_007294.4:c.100_102delinsAGA	p.Pro34Arg	missense	VUS	LP	2	8	MISSING_FUNCTIONAL	RESOLVED_NOT_BLOCKED	PM5:moderate;PS1:strong		neighbour_evidence
2020-01-01	2026-08-04	NM_007294.4:c.100_102delinsAGC	p.Pro34Ser	missense	VUS	LP	2	8	MISSING_FUNCTIONAL	RESOLVED_NOT_BLOCKED	PM5:moderate;PS1:strong		neighbour_evidence
2020-01-01	2026-08-04	NM_007294.4:c.100_102delinsAGG	p.Pro34Arg	missense	VUS	LP	2	8	MISSING_FUNCTIONAL	RESOLVED_NOT_BLOCKED	PM5:moderate;PS1:strong		neighbour_evidence
2020-01-01	2026-08-04	NM_007294.4:c.100_101delinsAG	p.Pro34Ser	missense	VUS	LP	2	8	MISSING_FUNCTIONAL	RESOLVED_NOT_BLOCKED	PM5:moderate;PS1:strong		neighbour_evidence
2020-01-01	2026-08-04	NM_007294.4:c.100_102delinsATA	p.Pro34Ile	missense	VUS	VUS	2	4	MISSING_FUNCTIONAL	MISSING_FUNCTIONAL	PM5:moderate		neighbour_evidence
2020-01-01	2026-08-04	NM_007294.4:c.100_102delinsATC	p.Pro34Ile	missense	VUS	VUS	2	4	MISSING_FUNCTIONAL	MISSING_FUNCTIONAL	PM5:moderate		neighbour_evidence
2020-01-01	2026-08-04	NM_007294.4:c.100_102delinsATG	p.Pro34Met	missense	VUS	VUS	2	4	MISSING_FUNCTIONAL	MISSING_FUNCTIONAL	PM5:moderate		neighbour_evidence
2020-01-01	2026-08-04	NM_007294.4:c.100_101delinsAT	p.Pro34Ile	missense	VUS	VUS	2	4	MISSING_FUNCTIONAL	MISSING_FUNCTIONAL	PM5:moderate		neighbour_evidence
2020-01-01	2026-08-04	NM_007294.4:c.101_102delinsAA	p.Pro34Gln	missense	VUS	VUS	2	4	MISSING_FUNCTIONAL	MISSING_FUNCTIONAL	PM5:moderate		neighbour_evidence
2020-01-01	2026-08-04	NM_007294.4:c.101_102delinsAC	p.Pro34His	missense	VUS	VUS	2	4	MISSING_FUNCTIONAL	MISSING_FUNCTIONAL	PM5:moderate		neighbour_evidence
2020-01-01	2026-08-04	NM_007294.4:c.101_102delinsAG	p.Pro34Gln	missense	VUS	VUS	2	4	MISSING_FUNCTIONAL	MISSING_FUNCTIONAL	PM5:moderate		neighbour_evidence
2020-01-01	2026-08-04	NM_007294.4:c.101_102delinsGA	p.Pro34Arg	missense	VUS	LP	2	8	MISSING_FUNCTIONAL	RESOLVED_NOT_BLOCKED	PM5:moderate;PS1:strong		neighbour_evidence
2020-01-01	2026-08-04	NM_007294.4:c.101_102delinsGC	p.Pro34Arg	missense	VUS	LP	2	8	MISSING_FUNCTIONAL	RESOLVED_NOT_BLOCKED	PM5:moderate;PS1:strong		neighbour_evidence
2020-01-01	2026-08-04	NM_007294.4:c.101_102delinsGG	p.Pro34Arg	missense	VUS	LP	2	8	MISSING_FUNCTIONAL	RESOLVED_NOT_BLOCKED	PM5:moderate;PS1:strong		neighbour_evidence
2020-01-01	2026-08-04	NM_007294.4:c.101_102delinsTA	p.Pro34Leu	missense	VUS	LP	2	8	MISSING_FUNCTIONAL	RESOLVED_NOT_BLOCKED	PM5:moderate;PS1:strong		neighbour_evidence
2020-01-01	2026-08-04	NM_007294.4:c.101_102delinsTC	p.Pro34Leu	missense	VUS	LP	2	8	MISSING_FUNCTIONAL	RESOLVED_NOT_BLOCKED	PM5:moderate;PS1:strong		neighbour_evidence
2020-01-01	2026-08-04	NM_007294.4:c.101_102delinsTG	p.Pro34Leu	missense	VUS	LP	2	8	MISSING_FUNCTIONAL	RESOLVED_NOT_BLOCKED	PM5:moderate;PS1:strong		neighbour_evidence
2020-01-01	2026-08-04	NM_007294.4:c.100_102delinsGAA	p.Pro34Glu	missense	VUS	VUS	2	4	MISSING_FUNCTIONAL	MISSING_FUNCTIONAL	PM5:moderate		neighbour_evidence
2020-01-01	2026-08-04	NM_007294.4:c.100_102delinsGAC	p.Pro34Asp	missense	VUS	VUS	2	4	MISSING_FUNCTIONAL	MISSING_FUNCTIONAL	PM5:moderate		neighbour_evidence
2020-01-01	2026-08-04	NM_007294.4:c.100_102delinsGAG	p.Pro34Glu	missense	VUS	VUS	2	4	MISSING_FUNCTIONAL	MISSING_FUNCTIONAL	PM5:moderate		neighbour_evidence
2020-01-01	2026-08-04	NM_007294.4:c.100_101delinsGA	p.Pro34Asp	missense	VUS	VUS	2	4	MISSING_FUNCTIONAL	MISSING_FUNCTIONAL	PM5:moderate		neighbour_evidence
2020-01-01	2026-08-04	NM_007294.4:c.100_102delinsGCA	p.Pro34Ala	missense	VUS	VUS	2	4	MISSING_FUNCTIONAL	MISSING_FUNCTIONAL	PM5:moderate		neighbour_evidence
2020-01-01	2026-08-04	NM_007294.4:c.100_102delinsGCC	p.Pro34Ala	missense	VUS	VUS	2	4	MISSING_FUNCTIONAL	MISSING_FUNCTIONAL	PM5:moderate		neighbour_evidence
2020-01-01	2026-08-04	NM_007294.4:c.100_102delinsGCG	p.Pro34Ala	missense	VUS	VUS	2	4	MISSING_FUNCTIONAL	MISSING_FUNCTIONAL	PM5:moderate		neighbour_evidence
2020-01-01	2026-08-04	NM_007294.4:c.100_102delinsGGA	p.Pro34Gly	missense	VUS	VUS	2	4	MISSING_FUNCTIONAL	MISSING_FUNCTIONAL	PM5:moderate		neighbour_evidence
2020-01-01	2026-08-04	NM_007294.4:c.100_102delinsGGC	p.Pro34Gly	missense	VUS	VUS	2	4	MISSING_FUNCTIONAL	MISSING_FUNCTIONAL	PM5:moderate		neighbour_evidence
2020-01-01	2026-08-04	NM_007294.4:c.100_102delinsGGG	p.Pro34Gly	missense	VUS	VUS	2	4	MISSING_FUNCTIONAL	MISSING_FUNCTIONAL	PM5:moderate		neighbour_evidence
2020-01-01	2026-08-04	NM_007294.4:c.100_101delinsGG	p.Pro34Gly	missense	VUS	VUS	2	4	MISSING_FUNCTIONAL	MISSING_FUNCTIONAL	PM5:moderate		neighbour_evidence
2020-01-01	2026-08-04	NM_007294.4:c.100_102delinsGTA	p.Pro34Val	missense	VUS	VUS	2	4	MISSING_FUNCTIONAL	MISSING_FUNCTIONAL	PM5:moderate		neighbour_evidence
2020-01-01	2026-08-04	NM_007294.4:c.100_102delinsGTC	p.Pro34Val	missense	VUS	VUS	2	4	MISSING_FUNCTIONAL	MISSING_FUNCTIONAL	PM5:moderate		neighbour_evidence
2020-01-01	2026-08-04	NM_007294.4:c.100_102delinsGTG	p.Pro34Val	missense	VUS	VUS	2	4	MISSING_FUNCTIONAL	MISSING_FUNCTIONAL	PM5:moderate		neighbour_evidence
2020-01-01	2026-08-04	NM_007294.4:c.100_101delinsGT	p.Pro34Val	missense	VUS	VUS	2	4	MISSING_FUNCTIONAL	MISSING_FUNCTIONAL	PM5:moderate		neighbour_evidence
2020-01-01	2026-08-04	NM_007294.4:c.100_102delinsTAC	p.Pro34Tyr	missense	VUS	VUS	2	4	MISSING_FUNCTIONAL	MISSING_FUNCTIONAL	PM5:moderate		neighbour_evidence
2020-01-01	2026-08-04	NM_007294.4:c.100_101delinsTA	p.Pro34Tyr	missense	VUS	VUS	2	4	MISSING_FUNCTIONAL	MISSING_FUNCTIONAL	PM5:moderate		neighbour_evidence
2020-01-01	2026-08-04	NM_007294.4:c.100_102delinsTCA	p.Pro34Ser	missense	VUS	LP	2	8	MISSING_FUNCTIONAL	RESOLVED_NOT_BLOCKED	PM5:moderate;PS1:strong		neighbour_evidence
2020-01-01	2026-08-04	NM_007294.4:c.100_102delinsTCC	p.Pro34Ser	missense	VUS	LP	2	8	MISSING_FUNCTIONAL	RESOLVED_NOT_BLOCKED	PM5:moderate;PS1:strong		neighbour_evidence
2020-01-01	2026-08-04	NM_007294.4:c.100_102delinsTCG	p.Pro34Ser	missense	VUS	LP	2	8	MISSING_FUNCTIONAL	RESOLVED_NOT_BLOCKED	PM5:moderate;PS1:strong		neighbour_evidence
2020-01-01	2026-08-04	NM_007294.4:c.100_102delinsTGC	p.Pro34Cys	missense	VUS	VUS	2	4	MISSING_FUNCTIONAL	MISSING_FUNCTIONAL	PM5:moderate		neighbour_evidence
2020-01-01	2026-08-04	NM_007294.4:c.100_102delinsTGG	p.Pro34Trp	missense	VUS	VUS	2	4	MISSING_FUNCTIONAL	MISSING_FUNCTIONAL	PM5:moderate		neighbour_evidence
2020-01-01	2026-08-04	NM_007294.4:c.100_101delinsTG	p.Pro34Cys	missense	VUS	VUS	2	4	MISSING_FUNCTIONAL	MISSING_FUNCTIONAL	PM5:moderate		neighbour_evidence
2020-01-01	2026-08-04	NM_007294.4:c.100_102delinsTTA	p.Pro34Leu	missense	VUS	LP	2	8	MISSING_FUNCTIONAL	RESOLVED_NOT_BLOCKED	PM5:moderate;PS1:strong		neighbour_evidence
2020-01-01	2026-08-04	NM_007294.4:c.100_102delinsTTC	p.Pro34Phe	missense	VUS	VUS	2	4	MISSING_FUNCTIONAL	MISSING_FUNCTIONAL	PM5:moderate		neighbour_evidence
2020-01-01	2026-08-04	NM_007294.4:c.100_102delinsTTG	p.Pro34Leu	missense	VUS	LP	2	8	MISSING_FUNCTIONAL	RESOLVED_NOT_BLOCKED	PM5:moderate;PS1:strong		neighbour_evidence
2020-01-01	2026-08-04	NM_007294.4:c.100_101delinsTT	p.Pro34Phe	missense	VUS	VUS	2	4	MISSING_FUNCTIONAL	MISSING_FUNCTIONAL	PM5:moderate		neighbour_evidence
2020-01-01	2026-08-04	NM_007294.4:c.110_111delinsAC	p.Thr37Asn	missense	VUS	VUS	2	4	MISSING_FUNCTIONAL	MISSING_FUNCTIONAL	PM5:moderate		neighbour_evidence
2020-01-01	2026-08-04	NM_007294.4:c.110_111delinsAG	p.Thr37Lys	missense	VUS	LP	2	8	MISSING_FUNCTIONAL	RESOLVED_NOT_BLOCKED	PM5:moderate;PS1:strong		neighbour_evidence
2020-01-01	2026-08-04	NM_007294.4:c.110_111delinsAT	p.Thr37Asn	missense	VUS	VUS	2	4	MISSING_FUNCTIONAL	MISSING_FUNCTIONAL	PM5:moderate		neighbour_evidence
2020-01-01	2026-08-04	NM_007294.4:c.110_111delinsGC	p.Thr37Ser	missense	VUS	VUS	2	4	MISSING_FUNCTIONAL	MISSING_FUNCTIONAL	PM5:moderate		neighbour_evidence
2020-01-01	2026-08-04	NM_007294.4:c.110_111delinsGG	p.Thr37Arg	missense	VUS	LP	2	8	MISSING_FUNCTIONAL	RESOLVED_NOT_BLOCKED	PM5:moderate;PS1:strong		neighbour_evidence
2020-01-01	2026-08-04	NM_007294.4:c.110_111delinsGT	p.Thr37Ser	missense	VUS	VUS	2	4	MISSING_FUNCTIONAL	MISSING_FUNCTIONAL	PM5:moderate		neighbour_evidence
2020-01-01	2026-08-04	NM_007294.4:c.110_111delinsTC	p.Thr37Ile	missense	VUS	VUS	2	4	MISSING_FUNCTIONAL	MISSING_FUNCTIONAL	PM5:moderate		neighbour_evidence
2020-01-01	2026-08-04	NM_007294.4:c.110_111delinsTG	p.Thr37Met	missense	VUS	VUS	2	4	MISSING_FUNCTIONAL	MISSING_FUNCTIONAL	PM5:moderate		neighbour_evidence
2020-01-01	2026-08-04	NM_007294.4:c.110_111delinsTT	p.Thr37Ile	missense	VUS	VUS	2	4	MISSING_FUNCTIONAL	MISSING_FUNCTIONAL	PM5:moderate		neighbour_evidence
2020-01-01	2026-08-04	NM_007294.4:c.109_110delinsCA	p.Thr37Gln	missense	VUS	VUS	2	4	MISSING_FUNCTIONAL	MISSING_FUNCTIONAL	PM5:moderate		neighbour_evidence
2020-01-01	2026-08-04	NM_007294.4:c.109_111delinsCAC	p.Thr37His	missense	VUS	VUS	2	4	MISSING_FUNCTIONAL	MISSING_FUNCTIONAL	PM5:moderate		neighbour_evidence
2020-01-01	2026-08-04	NM_007294.4:c.109_111delinsCAG	p.Thr37Gln	missense	VUS	VUS	2	4	MISSING_FUNCTIONAL	MISSING_FUNCTIONAL	PM5:moderate		neighbour_evidence
2020-01-01	2026-08-04	NM_007294.4:c.109_111delinsCAT	p.Thr37His	missense	VUS	VUS	2	4	MISSING_FUNCTIONAL	MISSING_FUNCTIONAL	PM5:moderate		neighbour_evidence
2020-01-01	2026-08-04	NM_007294.4:c.109_111delinsCCC	p.Thr37Pro	missense	VUS	VUS	2	4	MISSING_FUNCTIONAL	MISSING_FUNCTIONAL	PM5:moderate		neighbour_evidence
2020-01-01	2026-08-04	NM_007294.4:c.109_111delinsCCG	p.Thr37Pro	missense	VUS	VUS	2	4	MISSING_FUNCTIONAL	MISSING_FUNCTIONAL	PM5:moderate		neighbour_evidence
2020-01-01	2026-08-04	NM_007294.4:c.109_111delinsCCT	p.Thr37Pro	missense	VUS	VUS	2	4	MISSING_FUNCTIONAL	MISSING_FUNCTIONAL	PM5:moderate		neighbour_evidence
2020-01-01	2026-08-04	NM_007294.4:c.109_110delinsCG	p.Thr37Arg	missense	VUS	LP	2	8	MISSING_FUNCTIONAL	RESOLVED_NOT_BLOCKED	PM5:moderate;PS1:strong		neighbour_evidence
2020-01-01	2026-08-04	NM_007294.4:c.109_111delinsCGC	p.Thr37Arg	missense	VUS	LP	2	8	MISSING_FUNCTIONAL	RESOLVED_NOT_BLOCKED	PM5:moderate;PS1:strong		neighbour_evidence
2020-01-01	2026-08-04	NM_007294.4:c.109_111delinsCGG	p.Thr37Arg	missense	VUS	LP	2	8	MISSING_FUNCTIONAL	RESOLVED_NOT_BLOCKED	PM5:moderate;PS1:strong		neighbour_evidence
2020-01-01	2026-08-04	NM_007294.4:c.109_111delinsCGT	p.Thr37Arg	missense	VUS	LP	2	8	MISSING_FUNCTIONAL	RESOLVED_NOT_BLOCKED	PM5:moderate;PS1:strong		neighbour_evidence
2020-01-01	2026-08-04	NM_007294.4:c.109_110delinsCT	p.Thr37Leu	missense	VUS	VUS	2	4	MISSING_FUNCTIONAL	MISSING_FUNCTIONAL	PM5:moderate		neighbour_evidence
2020-01-01	2026-08-04	NM_007294.4:c.109_111delinsCTC	p.Thr37Leu	missense	VUS	VUS	2	4	MISSING_FUNCTIONAL	MISSING_FUNCTIONAL	PM5:moderate		neighbour_evidence
2020-01-01	2026-08-04	NM_007294.4:c.109_111delinsCTG	p.Thr37Leu	missense	VUS	VUS	2	4	MISSING_FUNCTIONAL	MISSING_FUNCTIONAL	PM5:moderate		neighbour_evidence
2020-01-01	2026-08-04	NM_007294.4:c.109_111delinsCTT	p.Thr37Leu	missense	VUS	VUS	2	4	MISSING_FUNCTIONAL	MISSING_FUNCTIONAL	PM5:moderate		neighbour_evidence
2020-01-01	2026-08-04	NM_007294.4:c.109_110delinsGA	p.Thr37Glu	missense	VUS	VUS	2	4	MISSING_FUNCTIONAL	MISSING_FUNCTIONAL	PM5:moderate		neighbour_evidence
2020-01-01	2026-08-04	NM_007294.4:c.109_111delinsGAC	p.Thr37Asp	missense	VUS	VUS	2	4	MISSING_FUNCTIONAL	MISSING_FUNCTIONAL	PM5:moderate		neighbour_evidence
2020-01-01	2026-08-04	NM_007294.4:c.109_111delinsGAG	p.Thr37Glu	missense	VUS	VUS	2	4	MISSING_FUNCTIONAL	MISSING_FUNCTIONAL	PM5:moderate		neighbour_evidence
2020-01-01	2026-08-04	NM_007294.4:c.109_111delinsGAT	p.Thr37Asp	missense	VUS	VUS	2	4	MISSING_FUNCTIONAL	MISSING_FUNCTIONAL	PM5:moderate		neighbour_evidence
2020-01-01	2026-08-04	NM_007294.4:c.109_111delinsGCC	p.Thr37Ala	missense	VUS	VUS	2	4	MISSING_FUNCTIONAL	MISSING_FUNCTIONAL	PM5:moderate		neighbour_evidence
2020-01-01	2026-08-04	NM_007294.4:c.109_111delinsGCG	p.Thr37Ala	missense	VUS	VUS	2	4	MISSING_FUNCTIONAL	MISSING_FUNCTIONAL	PM5:moderate		neighbour_evidence
2020-01-01	2026-08-04	NM_007294.4:c.109_111delinsGCT	p.Thr37Ala	missense	VUS	VUS	2	4	MISSING_FUNCTIONAL	MISSING_FUNCTIONAL	PM5:moderate		neighbour_evidence
2020-01-01	2026-08-04	NM_007294.4:c.109_110delinsGG	p.Thr37Gly	missense	VUS	VUS	2	4	MISSING_FUNCTIONAL	MISSING_FUNCTIONAL	PM5:moderate		neighbour_evidence
2020-01-01	2026-08-04	NM_007294.4:c.109_111delinsGGC	p.Thr37Gly	missense	VUS	VUS	2	4	MISSING_FUNCTIONAL	MISSING_FUNCTIONAL	PM5:moderate		neighbour_evidence
2020-01-01	2026-08-04	NM_007294.4:c.109_111delinsGGG	p.Thr37Gly	missense	VUS	VUS	2	4	MISSING_FUNCTIONAL	MISSING_FUNCTIONAL	PM5:moderate		neighbour_evidence
2020-01-01	2026-08-04	NM_007294.4:c.109_111delinsGGT	p.Thr37Gly	missense	VUS	VUS	2	4	MISSING_FUNCTIONAL	MISSING_FUNCTIONAL	PM5:moderate		neighbour_evidence
2020-01-01	2026-08-04	NM_007294.4:c.109_110delinsGT	p.Thr37Val	missense	VUS	VUS	2	4	MISSING_FUNCTIONAL	MISSING_FUNCTIONAL	PM5:moderate		neighbour_evidence
2020-01-01	2026-08-04	NM_007294.4:c.109_111delinsGTC	p.Thr37Val	missense	VUS	VUS	2	4	MISSING_FUNCTIONAL	MISSING_FUNCTIONAL	PM5:moderate		neighbour_evidence
2020-01-01	2026-08-04	NM_007294.4:c.109_111delinsGTG	p.Thr37Val	missense	VUS	VUS	2	4	MISSING_FUNCTIONAL	MISSING_FUNCTIONAL	PM5:moderate		neighbour_evidence
2020-01-01	2026-08-04	NM_007294.4:c.109_111delinsGTT	p.Thr37Val	missense	VUS	VUS	2	4	MISSING_FUNCTIONAL	MISSING_FUNCTIONAL	PM5:moderate		neighbour_evidence
2020-01-01	2026-08-04	NM_007294.4:c.109_111delinsTAC	p.Thr37Tyr	missense	VUS	VUS	2	4	MISSING_FUNCTIONAL	MISSING_FUNCTIONAL	PM5:moderate		neighbour_evidence
2020-01-01	2026-08-04	NM_007294.4:c.109_111delinsTAT	p.Thr37Tyr	missense	VUS	VUS	2	4	MISSING_FUNCTIONAL	MISSING_FUNCTIONAL	PM5:moderate		neighbour_evidence
2020-01-01	2026-08-04	NM_007294.4:c.109_111delinsTCC	p.Thr37Ser	missense	VUS	VUS	2	4	MISSING_FUNCTIONAL	MISSING_FUNCTIONAL	PM5:moderate		neighbour_evidence
2020-01-01	2026-08-04	NM_007294.4:c.109_111delinsTCG	p.Thr37Ser	missense	VUS	VUS	2	4	MISSING_FUNCTIONAL	MISSING_FUNCTIONAL	PM5:moderate		neighbour_evidence
2020-01-01	2026-08-04	NM_007294.4:c.109_111delinsTCT	p.Thr37Ser	missense	VUS	VUS	2	4	MISSING_FUNCTIONAL	MISSING_FUNCTIONAL	PM5:moderate		neighbour_evidence
2020-01-01	2026-08-04	NM_007294.4:c.109_111delinsTGC	p.Thr37Cys	missense	VUS	VUS	2	4	MISSING_FUNCTIONAL	MISSING_FUNCTIONAL	PM5:moderate		neighbour_evidence
2020-01-01	2026-08-04	NM_007294.4:c.109_111delinsTGG	p.Thr37Trp	missense	VUS	VUS	2	4	MISSING_FUNCTIONAL	MISSING_FUNCTIONAL	PM5:moderate		neighbour_evidence
2020-01-01	2026-08-04	NM_007294.4:c.109_111delinsTGT	p.Thr37Cys	missense	VUS	VUS	2	4	MISSING_FUNCTIONAL	MISSING_FUNCTIONAL	PM5:moderate		neighbour_evidence
2020-01-01	2026-08-04	NM_007294.4:c.109_110delinsTT	p.Thr37Leu	missense	VUS	VUS	2	4	MISSING_FUNCTIONAL	MISSING_FUNCTIONAL	PM5:moderate		neighbour_evidence
2020-01-01	2026-08-04	NM_007294.4:c.109_111delinsTTC	p.Thr37Phe	missense	VUS	VUS	2	4	MISSING_FUNCTIONAL	MISSING_FUNCTIONAL	PM5:moderate		neighbour_evidence
2020-01-01	2026-08-04	NM_007294.4:c.109_111delinsTTG	p.Thr37Leu	missense	VUS	VUS	2	4	MISSING_FUNCTIONAL	MISSING_FUNCTIONAL	PM5:moderate		neighbour_evidence
2020-01-01	2026-08-04	NM_007294.4:c.109_111delinsTTT	p.Thr37Phe	missense	VUS	VUS	2	4	MISSING_FUNCTIONAL	MISSING_FUNCTIONAL	PM5:moderate		neighbour_evidence
2020-01-01	2026-08-04	NM_007294.4:c.115_117delinsAAA	p.Cys39Lys	missense	VUS	VUS	2	4	MISSING_FUNCTIONAL	MISSING_FUNCTIONAL	PM5:moderate		neighbour_evidence
2020-01-01	2026-08-04	NM_007294.4:c.115_117delinsAAC	p.Cys39Asn	missense	VUS	VUS	2	4	MISSING_FUNCTIONAL	MISSING_FUNCTIONAL	PM5:moderate		neighbour_evidence
2020-01-01	2026-08-04	NM_007294.4:c.115_117delinsAAG	p.Cys39Lys	missense	VUS	VUS	2	4	MISSING_FUNCTIONAL	MISSING_FUNCTIONAL	PM5:moderate		neighbour_evidence
2020-01-01	2026-08-04	NM_007294.4:c.115_116delinsAA	p.Cys39Asn	missense	VUS	VUS	2	4	MISSING_FUNCTIONAL	MISSING_FUNCTIONAL	PM5:moderate		neighbour_evidence
2020-01-01	2026-08-04	NM_007294.4:c.115_117delinsACA	p.Cys39Thr	missense	VUS	VUS	2	4	MISSING_FUNCTIONAL	MISSING_FUNCTIONAL	PM5:moderate		neighbour_evidence
2020-01-01	2026-08-04	NM_007294.4:c.115_117delinsACC	p.Cys39Thr	missense	VUS	VUS	2	4	MISSING_FUNCTIONAL	MISSING_FUNCTIONAL	PM5:moderate		neighbour_evidence
2020-01-01	2026-08-04	NM_007294.4:c.115_117delinsACG	p.Cys39Thr	missense	VUS	VUS	2	4	MISSING_FUNCTIONAL	MISSING_FUNCTIONAL	PM5:moderate		neighbour_evidence
2020-01-01	2026-08-04	NM_007294.4:c.115_116delinsAC	p.Cys39Thr	missense	VUS	VUS	2	4	MISSING_FUNCTIONAL	MISSING_FUNCTIONAL	PM5:moderate		neighbour_evidence
2020-01-01	2026-08-04	NM_007294.4:c.115_117delinsAGA	p.Cys39Arg	missense	VUS	LP	2	8	MISSING_FUNCTIONAL	RESOLVED_NOT_BLOCKED	PM5:moderate;PS1:strong		neighbour_evidence
2020-01-01	2026-08-04	NM_007294.4:c.115_117delinsAGC	p.Cys39Ser	missense	VUS	LP	2	8	MISSING_FUNCTIONAL	RESOLVED_NOT_BLOCKED	PM5:moderate;PS1:strong		neighbour_evidence
2020-01-01	2026-08-04	NM_007294.4:c.115_117delinsAGG	p.Cys39Arg	missense	VUS	LP	2	8	MISSING_FUNCTIONAL	RESOLVED_NOT_BLOCKED	PM5:moderate;PS1:strong		neighbour_evidence
2020-01-01	2026-08-04	NM_007294.4:c.115_117delinsATA	p.Cys39Ile	missense	VUS	VUS	2	4	MISSING_FUNCTIONAL	MISSING_FUNCTIONAL	PM5:moderate		neighbour_evidence
2020-01-01	2026-08-04	NM_007294.4:c.115_117delinsATC	p.Cys39Ile	missense	VUS	VUS	2	4	MISSING_FUNCTIONAL	MISSING_FUNCTIONAL	PM5:moderate		neighbour_evidence
2020-01-01	2026-08-04	NM_007294.4:c.115_117delinsATG	p.Cys39Met	missense	VUS	VUS	2	4	MISSING_FUNCTIONAL	MISSING_FUNCTIONAL	PM5:moderate		neighbour_evidence
2020-01-01	2026-08-04	NM_007294.4:c.115_116delinsAT	p.Cys39Ile	missense	VUS	VUS	2	4	MISSING_FUNCTIONAL	MISSING_FUNCTIONAL	PM5:moderate		neighbour_evidence
2020-01-01	2026-08-04	NM_007294.4:c.115_117delinsCAA	p.Cys39Gln	missense	VUS	VUS	2	4	MISSING_FUNCTIONAL	MISSING_FUNCTIONAL	PM5:moderate		neighbour_evidence
2020-01-01	2026-08-04	NM_007294.4:c.115_117delinsCAC	p.Cys39His	missense	VUS	VUS	2	4	MISSING_FUNCTIONAL	MISSING_FUNCTIONAL	PM5:moderate		neighbour_evidence
2020-01-01	2026-08-04	NM_007294.4:c.115_117delinsCAG	p.Cys39Gln	missense	VUS	VUS	2	4	MISSING_FUNCTIONAL	MISSING_FUNCTIONAL	PM5:moderate		neighbour_evidence
2020-01-01	2026-08-04	NM_007294.4:c.115_116delinsCA	p.Cys39His	missense	VUS	VUS	2	4	MISSING_FUNCTIONAL	MISSING_FUNCTIONAL	PM5:moderate		neighbour_evidence
2020-01-01	2026-08-04	NM_007294.4:c.115_117delinsCCA	p.Cys39Pro	missense	VUS	VUS	2	4	MISSING_FUNCTIONAL	MISSING_FUNCTIONAL	PM5:moderate		neighbour_evidence
2020-01-01	2026-08-04	NM_007294.4:c.115_117delinsCCC	p.Cys39Pro	missense	VUS	VUS	2	4	MISSING_FUNCTIONAL	MISSING_FUNCTIONAL	PM5:moderate		neighbour_evidence
2020-01-01	2026-08-04	NM_007294.4:c.115_117delinsCCG	p.Cys39Pro	missense	VUS	VUS	2	4	MISSING_FUNCTIONAL	MISSING_FUNCTIONAL	PM5:moderate		neighbour_evidence
2020-01-01	2026-08-04	NM_007294.4:c.115_116delinsCC	p.Cys39Pro	missense	VUS	VUS	2	4	MISSING_FUNCTIONAL	MISSING_FUNCTIONAL	PM5:moderate		neighbour_evidence
2020-01-01	2026-08-04	NM_007294.4:c.115_117delinsCGA	p.Cys39Arg	missense	VUS	LP	2	8	MISSING_FUNCTIONAL	RESOLVED_NOT_BLOCKED	PM5:moderate;PS1:strong		neighbour_evidence
2020-01-01	2026-08-04	NM_007294.4:c.115_117delinsCGC	p.Cys39Arg	missense	VUS	LP	2	8	MISSING_FUNCTIONAL	RESOLVED_NOT_BLOCKED	PM5:moderate;PS1:strong		neighbour_evidence
2020-01-01	2026-08-04	NM_007294.4:c.115_117delinsCGG	p.Cys39Arg	missense	VUS	LP	2	8	MISSING_FUNCTIONAL	RESOLVED_NOT_BLOCKED	PM5:moderate;PS1:strong		neighbour_evidence
2020-01-01	2026-08-04	NM_007294.4:c.115_117delinsCTA	p.Cys39Leu	missense	VUS	VUS	2	4	MISSING_FUNCTIONAL	MISSING_FUNCTIONAL	PM5:moderate		neighbour_evidence
2020-01-01	2026-08-04	NM_007294.4:c.115_117delinsCTC	p.Cys39Leu	missense	VUS	VUS	2	4	MISSING_FUNCTIONAL	MISSING_FUNCTIONAL	PM5:moderate		neighbour_evidence
2020-01-01	2026-08-04	NM_007294.4:c.115_117delinsCTG	p.Cys39Leu	missense	VUS	VUS	2	4	MISSING_FUNCTIONAL	MISSING_FUNCTIONAL	PM5:moderate		neighbour_evidence
2020-01-01	2026-08-04	NM_007294.4:c.115_116delinsCT	p.Cys39Leu	missense	VUS	VUS	2	4	MISSING_FUNCTIONAL	MISSING_FUNCTIONAL	PM5:moderate		neighbour_evidence
2020-01-01	2026-08-04	NM_007294.4:c.115_117delinsGAA	p.Cys39Glu	missense	VUS	VUS	2	4	MISSING_FUNCTIONAL	MISSING_FUNCTIONAL	PM5:moderate		neighbour_evidence
2020-01-01	2026-08-04	NM_007294.4:c.115_117delinsGAC	p.Cys39Asp	missense	VUS	VUS	2	4	MISSING_FUNCTIONAL	MISSING_FUNCTIONAL	PM5:moderate		neighbour_evidence
2020-01-01	2026-08-04	NM_007294.4:c.115_117delinsGAG	p.Cys39Glu	missense	VUS	VUS	2	4	MISSING_FUNCTIONAL	MISSING_FUNCTIONAL	PM5:moderate		neighbour_evidence
2020-01-01	2026-08-04	NM_007294.4:c.115_116delinsGA	p.Cys39Asp	missense	VUS	VUS	2	4	MISSING_FUNCTIONAL	MISSING_FUNCTIONAL	PM5:moderate		neighbour_evidence
2020-01-01	2026-08-04	NM_007294.4:c.115_117delinsGCA	p.Cys39Ala	missense	VUS	VUS	2	4	MISSING_FUNCTIONAL	MISSING_FUNCTIONAL	PM5:moderate		neighbour_evidence
2020-01-01	2026-08-04	NM_007294.4:c.115_117delinsGCC	p.Cys39Ala	missense	VUS	VUS	2	4	MISSING_FUNCTIONAL	MISSING_FUNCTIONAL	PM5:moderate		neighbour_evidence
2020-01-01	2026-08-04	NM_007294.4:c.115_117delinsGCG	p.Cys39Ala	missense	VUS	VUS	2	4	MISSING_FUNCTIONAL	MISSING_FUNCTIONAL	PM5:moderate		neighbour_evidence
2020-01-01	2026-08-04	NM_007294.4:c.115_116delinsGC	p.Cys39Ala	missense	VUS	VUS	2	4	MISSING_FUNCTIONAL	MISSING_FUNCTIONAL	PM5:moderate		neighbour_evidence
2020-01-01	2026-08-04	NM_007294.4:c.115_117delinsGGA	p.Cys39Gly	missense	VUS	LP	2	8	MISSING_FUNCTIONAL	RESOLVED_NOT_BLOCKED	PM5:moderate;PS1:strong		neighbour_evidence
2020-01-01	2026-08-04	NM_007294.4:c.115_117delinsGGC	p.Cys39Gly	missense	VUS	LP	2	8	MISSING_FUNCTIONAL	RESOLVED_NOT_BLOCKED	PM5:moderate;PS1:strong		neighbour_evidence
2020-01-01	2026-08-04	NM_007294.4:c.115_117delinsGGG	p.Cys39Gly	missense	VUS	LP	2	8	MISSING_FUNCTIONAL	RESOLVED_NOT_BLOCKED	PM5:moderate;PS1:strong		neighbour_evidence
2020-01-01	2026-08-04	NM_007294.4:c.115_117delinsGTA	p.Cys39Val	missense	VUS	VUS	2	4	MISSING_FUNCTIONAL	MISSING_FUNCTIONAL	PM5:moderate		neighbour_evidence
2020-01-01	2026-08-04	NM_007294.4:c.115_117delinsGTC	p.Cys39Val	missense	VUS	VUS	2	4	MISSING_FUNCTIONAL	MISSING_FUNCTIONAL	PM5:moderate		neighbour_evidence
2020-01-01	2026-08-04	NM_007294.4:c.115_117delinsGTG	p.Cys39Val	missense	VUS	VUS	2	4	MISSING_FUNCTIONAL	MISSING_FUNCTIONAL	PM5:moderate		neighbour_evidence
2020-01-01	2026-08-04	NM_007294.4:c.115_116delinsGT	p.Cys39Val	missense	VUS	VUS	2	4	MISSING_FUNCTIONAL	MISSING_FUNCTIONAL	PM5:moderate		neighbour_evidence
2020-01-01	2026-08-04	NM_007294.4:c.116_117delinsAC	p.Cys39Tyr	missense	VUS	LP	2	8	MISSING_FUNCTIONAL	RESOLVED_NOT_BLOCKED	PM5:moderate;PS1:strong		neighbour_evidence
2020-01-01	2026-08-04	NM_007294.4:c.116_117delinsCA	p.Cys39Ser	missense	VUS	LP	2	8	MISSING_FUNCTIONAL	RESOLVED_NOT_BLOCKED	PM5:moderate;PS1:strong		neighbour_evidence
2020-01-01	2026-08-04	NM_007294.4:c.116_117delinsCC	p.Cys39Ser	missense	VUS	LP	2	8	MISSING_FUNCTIONAL	RESOLVED_NOT_BLOCKED	PM5:moderate;PS1:strong		neighbour_evidence
2020-01-01	2026-08-04	NM_007294.4:c.116_117delinsCG	p.Cys39Ser	missense	VUS	LP	2	8	MISSING_FUNCTIONAL	RESOLVED_NOT_BLOCKED	PM5:moderate;PS1:strong		neighbour_evidence
2020-01-01	2026-08-04	NM_007294.4:c.116_117delinsTA	p.Cys39Leu	missense	VUS	VUS	2	4	MISSING_FUNCTIONAL	MISSING_FUNCTIONAL	PM5:moderate		neighbour_evidence
2020-01-01	2026-08-04	NM_007294.4:c.116_117delinsTC	p.Cys39Phe	missense	VUS	LP	2	8	MISSING_FUNCTIONAL	RESOLVED_NOT_BLOCKED	PM5:moderate;PS1:strong		neighbour_evidence
2020-01-01	2026-08-04	NM_007294.4:c.116_117delinsTG	p.Cys39Leu	missense	VUS	VUS	2	4	MISSING_FUNCTIONAL	MISSING_FUNCTIONAL	PM5:moderate		neighbour_evidence
2020-01-01	2026-08-04	NM_007294.4:c.121_123delinsAAA	p.His41Lys	missense	VUS	VUS	2	4	MISSING_FUNCTIONAL	MISSING_FUNCTIONAL	PM5:moderate		neighbour_evidence
2020-01-01	2026-08-04	NM_007294.4:c.121_123delinsAAG	p.His41Lys	missense	VUS	VUS	2	4	MISSING_FUNCTIONAL	MISSING_FUNCTIONAL	PM5:moderate		neighbour_evidence
2020-01-01	2026-08-04	NM_007294.4:c.121_123delinsAAT	p.His41Asn	missense	VUS	LP	2	8	MISSING_FUNCTIONAL	RESOLVED_NOT_BLOCKED	PM5:moderate;PS1:strong		neighbour_evidence
2020-01-01	2026-08-04	NM_007294.4:c.121_123delinsACA	p.His41Thr	missense	VUS	VUS	2	4	MISSING_FUNCTIONAL	MISSING_FUNCTIONAL	PM5:moderate		neighbour_evidence
2020-01-01	2026-08-04	NM_007294.4:c.121_122delinsAC	p.His41Thr	missense	VUS	VUS	2	4	MISSING_FUNCTIONAL	MISSING_FUNCTIONAL	PM5:moderate		neighbour_evidence
2020-01-01	2026-08-04	NM_007294.4:c.121_123delinsACG	p.His41Thr	missense	VUS	VUS	2	4	MISSING_FUNCTIONAL	MISSING_FUNCTIONAL	PM5:moderate		neighbour_evidence
2020-01-01	2026-08-04	NM_007294.4:c.121_123delinsACT	p.His41Thr	missense	VUS	VUS	2	4	MISSING_FUNCTIONAL	MISSING_FUNCTIONAL	PM5:moderate		neighbour_evidence
2020-01-01	2026-08-04	NM_007294.4:c.121_123delinsAGA	p.His41Arg	missense	VUS	LP	2	8	MISSING_FUNCTIONAL	RESOLVED_NOT_BLOCKED	PM5:moderate;PS1:strong		neighbour_evidence
2020-01-01	2026-08-04	NM_007294.4:c.121_122delinsAG	p.His41Ser	missense	VUS	VUS	2	4	MISSING_FUNCTIONAL	MISSING_FUNCTIONAL	PM5:moderate		neighbour_evidence
2020-01-01	2026-08-04	NM_007294.4:c.121_123delinsAGG	p.His41Arg	missense	VUS	LP	2	8	MISSING_FUNCTIONAL	RESOLVED_NOT_BLOCKED	PM5:moderate;PS1:strong		neighbour_evidence
2020-01-01	2026-08-04	NM_007294.4:c.121_123delinsAGT	p.His41Ser	missense	VUS	VUS	2	4	MISSING_FUNCTIONAL	MISSING_FUNCTIONAL	PM5:moderate		neighbour_evidence
2020-01-01	2026-08-04	NM_007294.4:c.121_123delinsATA	p.His41Ile	missense	VUS	VUS	2	4	MISSING_FUNCTIONAL	MISSING_FUNCTIONAL	PM5:moderate		neighbour_evidence
2020-01-01	2026-08-04	NM_007294.4:c.121_122delinsAT	p.His41Ile	missense	VUS	VUS	2	4	MISSING_FUNCTIONAL	MISSING_FUNCTIONAL	PM5:moderate		neighbour_evidence
2020-01-01	2026-08-04	NM_007294.4:c.121_123delinsATG	p.His41Met	missense	VUS	VUS	2	4	MISSING_FUNCTIONAL	MISSING_FUNCTIONAL	PM5:moderate		neighbour_evidence
2020-01-01	2026-08-04	NM_007294.4:c.121_123delinsATT	p.His41Ile	missense	VUS	VUS	2	4	MISSING_FUNCTIONAL	MISSING_FUNCTIONAL	PM5:moderate		neighbour_evidence
2020-01-01	2026-08-04	NM_007294.4:c.122_123delinsCA	p.His41Pro	missense	VUS	VUS	2	4	MISSING_FUNCTIONAL	MISSING_FUNCTIONAL	PM5:moderate		neighbour_evidence
2020-01-01	2026-08-04	NM_007294.4:c.122_123delinsCG	p.His41Pro	missense	VUS	VUS	2	4	MISSING_FUNCTIONAL	MISSING_FUNCTIONAL	PM5:moderate		neighbour_evidence
2020-01-01	2026-08-04	NM_007294.4:c.122_123delinsCT	p.His41Pro	missense	VUS	VUS	2	4	MISSING_FUNCTIONAL	MISSING_FUNCTIONAL	PM5:moderate		neighbour_evidence
2020-01-01	2026-08-04	NM_007294.4:c.122_123delinsGA	p.His41Arg	missense	VUS	LP	2	8	MISSING_FUNCTIONAL	RESOLVED_NOT_BLOCKED	PM5:moderate;PS1:strong		neighbour_evidence
2020-01-01	2026-08-04	NM_007294.4:c.122_123delinsGG	p.His41Arg	missense	VUS	LP	2	8	MISSING_FUNCTIONAL	RESOLVED_NOT_BLOCKED	PM5:moderate;PS1:strong		neighbour_evidence
2020-01-01	2026-08-04	NM_007294.4:c.122_123delinsGT	p.His41Arg	missense	VUS	LP	2	8	MISSING_FUNCTIONAL	RESOLVED_NOT_BLOCKED	PM5:moderate;PS1:strong		neighbour_evidence
2020-01-01	2026-08-04	NM_007294.4:c.122_123delinsTA	p.His41Leu	missense	VUS	LP	2	8	MISSING_FUNCTIONAL	RESOLVED_NOT_BLOCKED	PM5:moderate;PS1:strong		neighbour_evidence
2020-01-01	2026-08-04	NM_007294.4:c.122_123delinsTG	p.His41Leu	missense	VUS	LP	2	8	MISSING_FUNCTIONAL	RESOLVED_NOT_BLOCKED	PM5:moderate;PS1:strong		neighbour_evidence
2020-01-01	2026-08-04	NM_007294.4:c.122_123delinsTT	p.His41Leu	missense	VUS	LP	2	8	MISSING_FUNCTIONAL	RESOLVED_NOT_BLOCKED	PM5:moderate;PS1:strong		neighbour_evidence
2020-01-01	2026-08-04	NM_007294.4:c.121_123delinsGAA	p.His41Glu	missense	VUS	VUS	2	4	MISSING_FUNCTIONAL	MISSING_FUNCTIONAL	PM5:moderate		neighbour_evidence
2020-01-01	2026-08-04	NM_007294.4:c.121_123delinsGAG	p.His41Glu	missense	VUS	VUS	2	4	MISSING_FUNCTIONAL	MISSING_FUNCTIONAL	PM5:moderate		neighbour_evidence
2020-01-01	2026-08-04	NM_007294.4:c.121_123delinsGAT	p.His41Asp	missense	VUS	LP	2	8	MISSING_FUNCTIONAL	RESOLVED_NOT_BLOCKED	PM5:moderate;PS1:strong		neighbour_evidence
2020-01-01	2026-08-04	NM_007294.4:c.121_123delinsGCA	p.His41Ala	missense	VUS	VUS	2	4	MISSING_FUNCTIONAL	MISSING_FUNCTIONAL	PM5:moderate		neighbour_evidence
2020-01-01	2026-08-04	NM_007294.4:c.121_122delinsGC	p.His41Ala	missense	VUS	VUS	2	4	MISSING_FUNCTIONAL	MISSING_FUNCTIONAL	PM5:moderate		neighbour_evidence
2020-01-01	2026-08-04	NM_007294.4:c.121_123delinsGCG	p.His41Ala	missense	VUS	VUS	2	4	MISSING_FUNCTIONAL	MISSING_FUNCTIONAL	PM5:moderate		neighbour_evidence
2020-01-01	2026-08-04	NM_007294.4:c.121_123delinsGCT	p.His41Ala	missense	VUS	VUS	2	4	MISSING_FUNCTIONAL	MISSING_FUNCTIONAL	PM5:moderate		neighbour_evidence
2020-01-01	2026-08-04	NM_007294.4:c.121_123delinsGGA	p.His41Gly	missense	VUS	VUS	2	4	MISSING_FUNCTIONAL	MISSING_FUNCTIONAL	PM5:moderate		neighbour_evidence
2020-01-01	2026-08-04	NM_007294.4:c.121_122delinsGG	p.His41Gly	missense	VUS	VUS	2	4	MISSING_FUNCTIONAL	MISSING_FUNCTIONAL	PM5:moderate		neighbour_evidence
2020-01-01	2026-08-04	NM_007294.4:c.121_123delinsGGG	p.His41Gly	missense	VUS	VUS	2	4	MISSING_FUNCTIONAL	MISSING_FUNCTIONAL	PM5:moderate		neighbour_evidence
2020-01-01	2026-08-04	NM_007294.4:c.121_123delinsGGT	p.His41Gly	missense	VUS	VUS	2	4	MISSING_FUNCTIONAL	MISSING_FUNCTIONAL	PM5:moderate		neighbour_evidence
2020-01-01	2026-08-04	NM_007294.4:c.121_123delinsGTA	p.His41Val	missense	VUS	VUS	2	4	MISSING_FUNCTIONAL	MISSING_FUNCTIONAL	PM5:moderate		neighbour_evidence
2020-01-01	2026-08-04	NM_007294.4:c.121_122delinsGT	p.His41Val	missense	VUS	VUS	2	4	MISSING_FUNCTIONAL	MISSING_FUNCTIONAL	PM5:moderate		neighbour_evidence
2020-01-01	2026-08-04	NM_007294.4:c.121_123delinsGTG	p.His41Val	missense	VUS	VUS	2	4	MISSING_FUNCTIONAL	MISSING_FUNCTIONAL	PM5:moderate		neighbour_evidence
2020-01-01	2026-08-04	NM_007294.4:c.121_123delinsGTT	p.His41Val	missense	VUS	VUS	2	4	MISSING_FUNCTIONAL	MISSING_FUNCTIONAL	PM5:moderate		neighbour_evidence
2020-01-01	2026-08-04	NM_007294.4:c.121_123delinsTAT	p.His41Tyr	missense	VUS	LP	2	8	MISSING_FUNCTIONAL	RESOLVED_NOT_BLOCKED	PM5:moderate;PS1:strong		neighbour_evidence
2020-01-01	2026-08-04	NM_007294.4:c.121_123delinsTCA	p.His41Ser	missense	VUS	VUS	2	4	MISSING_FUNCTIONAL	MISSING_FUNCTIONAL	PM5:moderate		neighbour_evidence
2020-01-01	2026-08-04	NM_007294.4:c.121_122delinsTC	p.His41Ser	missense	VUS	VUS	2	4	MISSING_FUNCTIONAL	MISSING_FUNCTIONAL	PM5:moderate		neighbour_evidence
2020-01-01	2026-08-04	NM_007294.4:c.121_123delinsTCG	p.His41Ser	missense	VUS	VUS	2	4	MISSING_FUNCTIONAL	MISSING_FUNCTIONAL	PM5:moderate		neighbour_evidence
2020-01-01	2026-08-04	NM_007294.4:c.121_123delinsTCT	p.His41Ser	missense	VUS	VUS	2	4	MISSING_FUNCTIONAL	MISSING_FUNCTIONAL	PM5:moderate		neighbour_evidence
2020-01-01	2026-08-04	NM_007294.4:c.121_122delinsTG	p.His41Cys	missense	VUS	VUS	2	4	MISSING_FUNCTIONAL	MISSING_FUNCTIONAL	PM5:moderate		neighbour_evidence
2020-01-01	2026-08-04	NM_007294.4:c.121_123delinsTGG	p.His41Trp	missense	VUS	VUS	2	4	MISSING_FUNCTIONAL	MISSING_FUNCTIONAL	PM5:moderate		neighbour_evidence
2020-01-01	2026-08-04	NM_007294.4:c.121_123delinsTGT	p.His41Cys	missense	VUS	VUS	2	4	MISSING_FUNCTIONAL	MISSING_FUNCTIONAL	PM5:moderate		neighbour_evidence
2020-01-01	2026-08-04	NM_007294.4:c.121_123delinsTTA	p.His41Leu	missense	VUS	LP	2	8	MISSING_FUNCTIONAL	RESOLVED_NOT_BLOCKED	PM5:moderate;PS1:strong		neighbour_evidence
2020-01-01	2026-08-04	NM_007294.4:c.121_122delinsTT	p.His41Phe	missense	VUS	VUS	2	4	MISSING_FUNCTIONAL	MISSING_FUNCTIONAL	PM5:moderate		neighbour_evidence
2020-01-01	2026-08-04	NM_007294.4:c.121_123delinsTTG	p.His41Leu	missense	VUS	LP	2	8	MISSING_FUNCTIONAL	RESOLVED_NOT_BLOCKED	PM5:moderate;PS1:strong		neighbour_evidence
2020-01-01	2026-08-04	NM_007294.4:c.121_123delinsTTT	p.His41Phe	missense	VUS	VUS	2	4	MISSING_FUNCTIONAL	MISSING_FUNCTIONAL	PM5:moderate		neighbour_evidence
2020-01-01	2026-08-04	NM_007294.4:c.130_132delinsAAA	p.Cys44Lys	missense	VUS	VUS	2	4	MISSING_FUNCTIONAL	MISSING_FUNCTIONAL	PM5:moderate		neighbour_evidence
2020-01-01	2026-08-04	NM_007294.4:c.130_131delinsAA	p.Cys44Asn	missense	VUS	VUS	2	4	MISSING_FUNCTIONAL	MISSING_FUNCTIONAL	PM5:moderate		neighbour_evidence
2020-01-01	2026-08-04	NM_007294.4:c.130_132delinsAAG	p.Cys44Lys	missense	VUS	VUS	2	4	MISSING_FUNCTIONAL	MISSING_FUNCTIONAL	PM5:moderate		neighbour_evidence
2020-01-01	2026-08-04	NM_007294.4:c.130_132delinsAAT	p.Cys44Asn	missense	VUS	VUS	2	4	MISSING_FUNCTIONAL	MISSING_FUNCTIONAL	PM5:moderate		neighbour_evidence
2020-01-01	2026-08-04	NM_007294.4:c.130_132delinsACA	p.Cys44Thr	missense	VUS	VUS	2	4	MISSING_FUNCTIONAL	MISSING_FUNCTIONAL	PM5:moderate		neighbour_evidence
2020-01-01	2026-08-04	NM_007294.4:c.130_131delinsAC	p.Cys44Thr	missense	VUS	VUS	2	4	MISSING_FUNCTIONAL	MISSING_FUNCTIONAL	PM5:moderate		neighbour_evidence
2020-01-01	2026-08-04	NM_007294.4:c.130_132delinsACG	p.Cys44Thr	missense	VUS	VUS	2	4	MISSING_FUNCTIONAL	MISSING_FUNCTIONAL	PM5:moderate		neighbour_evidence
2020-01-01	2026-08-04	NM_007294.4:c.130_132delinsACT	p.Cys44Thr	missense	VUS	VUS	2	4	MISSING_FUNCTIONAL	MISSING_FUNCTIONAL	PM5:moderate		neighbour_evidence
2020-01-01	2026-08-04	NM_007294.4:c.130_132delinsAGA	p.Cys44Arg	missense	VUS	LP	2	8	MISSING_FUNCTIONAL	RESOLVED_NOT_BLOCKED	PM5:moderate;PS1:strong		neighbour_evidence
2020-01-01	2026-08-04	NM_007294.4:c.130_132delinsAGG	p.Cys44Arg	missense	VUS	LP	2	8	MISSING_FUNCTIONAL	RESOLVED_NOT_BLOCKED	PM5:moderate;PS1:strong		neighbour_evidence
2020-01-01	2026-08-04	NM_007294.4:c.130_132delinsAGT	p.Cys44Ser	missense	VUS	LP	2	8	MISSING_FUNCTIONAL	RESOLVED_NOT_BLOCKED	PM5:moderate;PS1:strong		neighbour_evidence
2020-01-01	2026-08-04	NM_007294.4:c.130_132delinsATA	p.Cys44Ile	missense	VUS	VUS	2	4	MISSING_FUNCTIONAL	MISSING_FUNCTIONAL	PM5:moderate		neighbour_evidence
2020-01-01	2026-08-04	NM_007294.4:c.130_131delinsAT	p.Cys44Ile	missense	VUS	VUS	2	4	MISSING_FUNCTIONAL	MISSING_FUNCTIONAL	PM5:moderate		neighbour_evidence
2020-01-01	2026-08-04	NM_007294.4:c.130_132delinsATG	p.Cys44Met	missense	VUS	VUS	2	4	MISSING_FUNCTIONAL	MISSING_FUNCTIONAL	PM5:moderate		neighbour_evidence
2020-01-01	2026-08-04	NM_007294.4:c.130_132delinsATT	p.Cys44Ile	missense	VUS	VUS	2	4	MISSING_FUNCTIONAL	MISSING_FUNCTIONAL	PM5:moderate		neighbour_evidence
2020-01-01	2026-08-04	NM_007294.4:c.130_132delinsCAA	p.Cys44Gln	missense	VUS	VUS	2	4	MISSING_FUNCTIONAL	MISSING_FUNCTIONAL	PM5:moderate		neighbour_evidence
2020-01-01	2026-08-04	NM_007294.4:c.130_131delinsCA	p.Cys44His	missense	VUS	VUS	2	4	MISSING_FUNCTIONAL	MISSING_FUNCTIONAL	PM5:moderate		neighbour_evidence
2020-01-01	2026-08-04	NM_007294.4:c.130_132delinsCAG	p.Cys44Gln	missense	VUS	VUS	2	4	MISSING_FUNCTIONAL	MISSING_FUNCTIONAL	PM5:moderate		neighbour_evidence
2020-01-01	2026-08-04	NM_007294.4:c.130_132delinsCAT	p.Cys44His	missense	VUS	VUS	2	4	MISSING_FUNCTIONAL	MISSING_FUNCTIONAL	PM5:moderate		neighbour_evidence
2020-01-01	2026-08-04	NM_007294.4:c.130_132delinsCCA	p.Cys44Pro	missense	VUS	VUS	2	4	MISSING_FUNCTIONAL	MISSING_FUNCTIONAL	PM5:moderate		neighbour_evidence
2020-01-01	2026-08-04	NM_007294.4:c.130_131delinsCC	p.Cys44Pro	missense	VUS	VUS	2	4	MISSING_FUNCTIONAL	MISSING_FUNCTIONAL	PM5:moderate		neighbour_evidence
2020-01-01	2026-08-04	NM_007294.4:c.130_132delinsCCG	p.Cys44Pro	missense	VUS	VUS	2	4	MISSING_FUNCTIONAL	MISSING_FUNCTIONAL	PM5:moderate		neighbour_evidence
2020-01-01	2026-08-04	NM_007294.4:c.130_132delinsCCT	p.Cys44Pro	missense	VUS	VUS	2	4	MISSING_FUNCTIONAL	MISSING_FUNCTIONAL	PM5:moderate		neighbour_evidence
2020-01-01	2026-08-04	NM_007294.4:c.130_132delinsCGA	p.Cys44Arg	missense	VUS	LP	2	8	MISSING_FUNCTIONAL	RESOLVED_NOT_BLOCKED	PM5:moderate;PS1:strong		neighbour_evidence
2020-01-01	2026-08-04	NM_007294.4:c.130_132delinsCGG	p.Cys44Arg	missense	VUS	LP	2	8	MISSING_FUNCTIONAL	RESOLVED_NOT_BLOCKED	PM5:moderate;PS1:strong		neighbour_evidence
2020-01-01	2026-08-04	NM_007294.4:c.130_132delinsCGT	p.Cys44Arg	missense	VUS	LP	2	8	MISSING_FUNCTIONAL	RESOLVED_NOT_BLOCKED	PM5:moderate;PS1:strong		neighbour_evidence
2020-01-01	2026-08-04	NM_007294.4:c.130_132delinsCTA	p.Cys44Leu	missense	VUS	VUS	2	4	MISSING_FUNCTIONAL	MISSING_FUNCTIONAL	PM5:moderate		neighbour_evidence
2020-01-01	2026-08-04	NM_007294.4:c.130_131delinsCT	p.Cys44Leu	missense	VUS	VUS	2	4	MISSING_FUNCTIONAL	MISSING_FUNCTIONAL	PM5:moderate		neighbour_evidence
2020-01-01	2026-08-04	NM_007294.4:c.130_132delinsCTG	p.Cys44Leu	missense	VUS	VUS	2	4	MISSING_FUNCTIONAL	MISSING_FUNCTIONAL	PM5:moderate		neighbour_evidence
2020-01-01	2026-08-04	NM_007294.4:c.130_132delinsCTT	p.Cys44Leu	missense	VUS	VUS	2	4	MISSING_FUNCTIONAL	MISSING_FUNCTIONAL	PM5:moderate		neighbour_evidence
2020-01-01	2026-08-04	NM_007294.4:c.130_132delinsGAA	p.Cys44Glu	missense	VUS	VUS	2	4	MISSING_FUNCTIONAL	MISSING_FUNCTIONAL	PM5:moderate		neighbour_evidence
2020-01-01	2026-08-04	NM_007294.4:c.130_131delinsGA	p.Cys44Asp	missense	VUS	VUS	2	4	MISSING_FUNCTIONAL	MISSING_FUNCTIONAL	PM5:moderate		neighbour_evidence
2020-01-01	2026-08-04	NM_007294.4:c.130_132delinsGAG	p.Cys44Glu	missense	VUS	VUS	2	4	MISSING_FUNCTIONAL	MISSING_FUNCTIONAL	PM5:moderate		neighbour_evidence
2020-01-01	2026-08-04	NM_007294.4:c.130_132delinsGAT	p.Cys44Asp	missense	VUS	VUS	2	4	MISSING_FUNCTIONAL	MISSING_FUNCTIONAL	PM5:moderate		neighbour_evidence
2020-01-01	2026-08-04	NM_007294.4:c.130_132delinsGCA	p.Cys44Ala	missense	VUS	VUS	2	4	MISSING_FUNCTIONAL	MISSING_FUNCTIONAL	PM5:moderate		neighbour_evidence
2020-01-01	2026-08-04	NM_007294.4:c.130_131delinsGC	p.Cys44Ala	missense	VUS	VUS	2	4	MISSING_FUNCTIONAL	MISSING_FUNCTIONAL	PM5:moderate		neighbour_evidence
2020-01-01	2026-08-04	NM_007294.4:c.130_132delinsGCG	p.Cys44Ala	missense	VUS	VUS	2	4	MISSING_FUNCTIONAL	MISSING_FUNCTIONAL	PM5:moderate		neighbour_evidence
2020-01-01	2026-08-04	NM_007294.4:c.130_132delinsGCT	p.Cys44Ala	missense	VUS	VUS	2	4	MISSING_FUNCTIONAL	MISSING_FUNCTIONAL	PM5:moderate		neighbour_evidence
2020-01-01	2026-08-04	NM_007294.4:c.130_132delinsGGA	p.Cys44Gly	missense	VUS	VUS	2	4	MISSING_FUNCTIONAL	MISSING_FUNCTIONAL	PM5:moderate		neighbour_evidence
2020-01-01	2026-08-04	NM_007294.4:c.130_132delinsGGG	p.Cys44Gly	missense	VUS	VUS	2	4	MISSING_FUNCTIONAL	MISSING_FUNCTIONAL	PM5:moderate		neighbour_evidence
2020-01-01	2026-08-04	NM_007294.4:c.130_132delinsGGT	p.Cys44Gly	missense	VUS	VUS	2	4	MISSING_FUNCTIONAL	MISSING_FUNCTIONAL	PM5:moderate		neighbour_evidence
2020-01-01	2026-08-04	NM_007294.4:c.130_132delinsGTA	p.Cys44Val	missense	VUS	VUS	2	4	MISSING_FUNCTIONAL	MISSING_FUNCTIONAL	PM5:moderate		neighbour_evidence
2020-01-01	2026-08-04	NM_007294.4:c.130_131delinsGT	p.Cys44Val	missense	VUS	VUS	2	4	MISSING_FUNCTIONAL	MISSING_FUNCTIONAL	PM5:moderate		neighbour_evidence
2020-01-01	2026-08-04	NM_007294.4:c.130_132delinsGTG	p.Cys44Val	missense	VUS	VUS	2	4	MISSING_FUNCTIONAL	MISSING_FUNCTIONAL	PM5:moderate		neighbour_evidence
2020-01-01	2026-08-04	NM_007294.4:c.130_132delinsGTT	p.Cys44Val	missense	VUS	VUS	2	4	MISSING_FUNCTIONAL	MISSING_FUNCTIONAL	PM5:moderate		neighbour_evidence
2020-01-01	2026-08-04	NM_007294.4:c.131_132delinsAT	p.Cys44Tyr	missense	VUS	LP	2	8	MISSING_FUNCTIONAL	RESOLVED_NOT_BLOCKED	PM5:moderate;PS1:strong		neighbour_evidence
2020-01-01	2026-08-04	NM_007294.4:c.131_132delinsCA	p.Cys44Ser	missense	VUS	LP	2	8	MISSING_FUNCTIONAL	RESOLVED_NOT_BLOCKED	PM5:moderate;PS1:strong		neighbour_evidence
2020-01-01	2026-08-04	NM_007294.4:c.131_132delinsCG	p.Cys44Ser	missense	VUS	LP	2	8	MISSING_FUNCTIONAL	RESOLVED_NOT_BLOCKED	PM5:moderate;PS1:strong		neighbour_evidence
2020-01-01	2026-08-04	NM_007294.4:c.131_132delinsCT	p.Cys44Ser	missense	VUS	LP	2	8	MISSING_FUNCTIONAL	RESOLVED_NOT_BLOCKED	PM5:moderate;PS1:strong		neighbour_evidence
2020-01-01	2026-08-04	NM_007294.4:c.131_132delinsTA	p.Cys44Leu	missense	VUS	VUS	2	4	MISSING_FUNCTIONAL	MISSING_FUNCTIONAL	PM5:moderate		neighbour_evidence
2020-01-01	2026-08-04	NM_007294.4:c.131_132delinsTG	p.Cys44Leu	missense	VUS	VUS	2	4	MISSING_FUNCTIONAL	MISSING_FUNCTIONAL	PM5:moderate		neighbour_evidence
2020-01-01	2026-08-04	NM_007294.4:c.131_132delinsTT	p.Cys44Phe	missense	VUS	LP	2	8	MISSING_FUNCTIONAL	RESOLVED_NOT_BLOCKED	PM5:moderate;PS1:strong		neighbour_evidence
2020-01-01	2026-08-04	NM_007294.4:c.139_141delinsAAA	p.Cys47Lys	missense	VUS	VUS	2	4	MISSING_FUNCTIONAL	MISSING_FUNCTIONAL	PM5:moderate		neighbour_evidence
2020-01-01	2026-08-04	NM_007294.4:c.139_140delinsAA	p.Cys47Asn	missense	VUS	VUS	2	4	MISSING_FUNCTIONAL	MISSING_FUNCTIONAL	PM5:moderate		neighbour_evidence
2020-01-01	2026-08-04	NM_007294.4:c.139_141delinsAAG	p.Cys47Lys	missense	VUS	VUS	2	4	MISSING_FUNCTIONAL	MISSING_FUNCTIONAL	PM5:moderate		neighbour_evidence
2020-01-01	2026-08-04	NM_007294.4:c.139_141delinsAAT	p.Cys47Asn	missense	VUS	VUS	2	4	MISSING_FUNCTIONAL	MISSING_FUNCTIONAL	PM5:moderate		neighbour_evidence
2020-01-01	2026-08-04	NM_007294.4:c.139_141delinsACA	p.Cys47Thr	missense	VUS	VUS	2	4	MISSING_FUNCTIONAL	MISSING_FUNCTIONAL	PM5:moderate		neighbour_evidence
2020-01-01	2026-08-04	NM_007294.4:c.139_140delinsAC	p.Cys47Thr	missense	VUS	VUS	2	4	MISSING_FUNCTIONAL	MISSING_FUNCTIONAL	PM5:moderate		neighbour_evidence
2020-01-01	2026-08-04	NM_007294.4:c.139_141delinsACG	p.Cys47Thr	missense	VUS	VUS	2	4	MISSING_FUNCTIONAL	MISSING_FUNCTIONAL	PM5:moderate		neighbour_evidence
2020-01-01	2026-08-04	NM_007294.4:c.139_141delinsACT	p.Cys47Thr	missense	VUS	VUS	2	4	MISSING_FUNCTIONAL	MISSING_FUNCTIONAL	PM5:moderate		neighbour_evidence
2020-01-01	2026-08-04	NM_007294.4:c.139_141delinsAGA	p.Cys47Arg	missense	VUS	LP	2	8	MISSING_FUNCTIONAL	RESOLVED_NOT_BLOCKED	PM5:moderate;PS1:strong		neighbour_evidence
2020-01-01	2026-08-04	NM_007294.4:c.139_141delinsAGG	p.Cys47Arg	missense	VUS	LP	2	8	MISSING_FUNCTIONAL	RESOLVED_NOT_BLOCKED	PM5:moderate;PS1:strong		neighbour_evidence
2020-01-01	2026-08-04	NM_007294.4:c.139_141delinsAGT	p.Cys47Ser	missense	VUS	LP	2	8	MISSING_FUNCTIONAL	RESOLVED_NOT_BLOCKED	PM5:moderate;PS1:strong		neighbour_evidence
2020-01-01	2026-08-04	NM_007294.4:c.139_141delinsATA	p.Cys47Ile	missense	VUS	VUS	2	4	MISSING_FUNCTIONAL	MISSING_FUNCTIONAL	PM5:moderate		neighbour_evidence
2020-01-01	2026-08-04	NM_007294.4:c.139_140delinsAT	p.Cys47Ile	missense	VUS	VUS	2	4	MISSING_FUNCTIONAL	MISSING_FUNCTIONAL	PM5:moderate		neighbour_evidence
2020-01-01	2026-08-04	NM_007294.4:c.139_141delinsATG	p.Cys47Met	missense	VUS	VUS	2	4	MISSING_FUNCTIONAL	MISSING_FUNCTIONAL	PM5:moderate		neighbour_evidence
2020-01-01	2026-08-04	NM_007294.4:c.139_141delinsATT	p.Cys47Ile	missense	VUS	VUS	2	4	MISSING_FUNCTIONAL	MISSING_FUNCTIONAL	PM5:moderate		neighbour_evidence
2020-01-01	2026-08-04	NM_007294.4:c.139_141delinsCAA	p.Cys47Gln	missense	VUS	VUS	2	4	MISSING_FUNCTIONAL	MISSING_FUNCTIONAL	PM5:moderate		neighbour_evidence
2020-01-01	2026-08-04	NM_007294.4:c.139_140delinsCA	p.Cys47His	missense	VUS	VUS	2	4	MISSING_FUNCTIONAL	MISSING_FUNCTIONAL	PM5:moderate		neighbour_evidence
2020-01-01	2026-08-04	NM_007294.4:c.139_141delinsCAG	p.Cys47Gln	missense	VUS	VUS	2	4	MISSING_FUNCTIONAL	MISSING_FUNCTIONAL	PM5:moderate		neighbour_evidence
2020-01-01	2026-08-04	NM_007294.4:c.139_141delinsCAT	p.Cys47His	missense	VUS	VUS	2	4	MISSING_FUNCTIONAL	MISSING_FUNCTIONAL	PM5:moderate		neighbour_evidence
2020-01-01	2026-08-04	NM_007294.4:c.139_141delinsCCA	p.Cys47Pro	missense	VUS	VUS	2	4	MISSING_FUNCTIONAL	MISSING_FUNCTIONAL	PM5:moderate		neighbour_evidence
2020-01-01	2026-08-04	NM_007294.4:c.139_140delinsCC	p.Cys47Pro	missense	VUS	VUS	2	4	MISSING_FUNCTIONAL	MISSING_FUNCTIONAL	PM5:moderate		neighbour_evidence
2020-01-01	2026-08-04	NM_007294.4:c.139_141delinsCCG	p.Cys47Pro	missense	VUS	VUS	2	4	MISSING_FUNCTIONAL	MISSING_FUNCTIONAL	PM5:moderate		neighbour_evidence
2020-01-01	2026-08-04	NM_007294.4:c.139_141delinsCCT	p.Cys47Pro	missense	VUS	VUS	2	4	MISSING_FUNCTIONAL	MISSING_FUNCTIONAL	PM5:moderate		neighbour_evidence
2020-01-01	2026-08-04	NM_007294.4:c.139_141delinsCGA	p.Cys47Arg	missense	VUS	LP	2	8	MISSING_FUNCTIONAL	RESOLVED_NOT_BLOCKED	PM5:moderate;PS1:strong		neighbour_evidence
2020-01-01	2026-08-04	NM_007294.4:c.139_141delinsCGG	p.Cys47Arg	missense	VUS	LP	2	8	MISSING_FUNCTIONAL	RESOLVED_NOT_BLOCKED	PM5:moderate;PS1:strong		neighbour_evidence
2020-01-01	2026-08-04	NM_007294.4:c.139_141delinsCGT	p.Cys47Arg	missense	VUS	LP	2	8	MISSING_FUNCTIONAL	RESOLVED_NOT_BLOCKED	PM5:moderate;PS1:strong		neighbour_evidence
2020-01-01	2026-08-04	NM_007294.4:c.139_141delinsCTA	p.Cys47Leu	missense	VUS	VUS	2	4	MISSING_FUNCTIONAL	MISSING_FUNCTIONAL	PM5:moderate		neighbour_evidence
2020-01-01	2026-08-04	NM_007294.4:c.139_140delinsCT	p.Cys47Leu	missense	VUS	VUS	2	4	MISSING_FUNCTIONAL	MISSING_FUNCTIONAL	PM5:moderate		neighbour_evidence
2020-01-01	2026-08-04	NM_007294.4:c.139_141delinsCTG	p.Cys47Leu	missense	VUS	VUS	2	4	MISSING_FUNCTIONAL	MISSING_FUNCTIONAL	PM5:moderate		neighbour_evidence
2020-01-01	2026-08-04	NM_007294.4:c.139_141delinsCTT	p.Cys47Leu	missense	VUS	VUS	2	4	MISSING_FUNCTIONAL	MISSING_FUNCTIONAL	PM5:moderate		neighbour_evidence
2020-01-01	2026-08-04	NM_007294.4:c.139_141delinsGAA	p.Cys47Glu	missense	VUS	VUS	2	4	MISSING_FUNCTIONAL	MISSING_FUNCTIONAL	PM5:moderate		neighbour_evidence
2020-01-01	2026-08-04	NM_007294.4:c.139_140delinsGA	p.Cys47Asp	missense	VUS	VUS	2	4	MISSING_FUNCTIONAL	MISSING_FUNCTIONAL	PM5:moderate		neighbour_evidence
2020-01-01	2026-08-04	NM_007294.4:c.139_141delinsGAG	p.Cys47Glu	missense	VUS	VUS	2	4	MISSING_FUNCTIONAL	MISSING_FUNCTIONAL	PM5:moderate		neighbour_evidence
2020-01-01	2026-08-04	NM_007294.4:c.139_141delinsGAT	p.Cys47Asp	missense	VUS	VUS	2	4	MISSING_FUNCTIONAL	MISSING_FUNCTIONAL	PM5:moderate		neighbour_evidence
2020-01-01	2026-08-04	NM_007294.4:c.139_141delinsGCA	p.Cys47Ala	missense	VUS	VUS	2	4	MISSING_FUNCTIONAL	MISSING_FUNCTIONAL	PM5:moderate		neighbour_evidence
2020-01-01	2026-08-04	NM_007294.4:c.139_140delinsGC	p.Cys47Ala	missense	VUS	VUS	2	4	MISSING_FUNCTIONAL	MISSING_FUNCTIONAL	PM5:moderate		neighbour_evidence
2020-01-01	2026-08-04	NM_007294.4:c.139_141delinsGCG	p.Cys47Ala	missense	VUS	VUS	2	4	MISSING_FUNCTIONAL	MISSING_FUNCTIONAL	PM5:moderate		neighbour_evidence
2020-01-01	2026-08-04	NM_007294.4:c.139_141delinsGCT	p.Cys47Ala	missense	VUS	VUS	2	4	MISSING_FUNCTIONAL	MISSING_FUNCTIONAL	PM5:moderate		neighbour_evidence
2020-01-01	2026-08-04	NM_007294.4:c.139_141delinsGGA	p.Cys47Gly	missense	VUS	LP	2	8	MISSING_FUNCTIONAL	RESOLVED_NOT_BLOCKED	PM5:moderate;PS1:strong		neighbour_evidence
2020-01-01	2026-08-04	NM_007294.4:c.139_141delinsGGG	p.Cys47Gly	missense	VUS	LP	2	8	MISSING_FUNCTIONAL	RESOLVED_NOT_BLOCKED	PM5:moderate;PS1:strong		neighbour_evidence
2020-01-01	2026-08-04	NM_007294.4:c.139_141delinsGGT	p.Cys47Gly	missense	VUS	LP	2	8	MISSING_FUNCTIONAL	RESOLVED_NOT_BLOCKED	PM5:moderate;PS1:strong		neighbour_evidence
2020-01-01	2026-08-04	NM_007294.4:c.139_141delinsGTA	p.Cys47Val	missense	VUS	VUS	2	4	MISSING_FUNCTIONAL	MISSING_FUNCTIONAL	PM5:moderate		neighbour_evidence
2020-01-01	2026-08-04	NM_007294.4:c.139_140delinsGT	p.Cys47Val	missense	VUS	VUS	2	4	MISSING_FUNCTIONAL	MISSING_FUNCTIONAL	PM5:moderate		neighbour_evidence
2020-01-01	2026-08-04	NM_007294.4:c.139_141delinsGTG	p.Cys47Val	missense	VUS	VUS	2	4	MISSING_FUNCTIONAL	MISSING_FUNCTIONAL	PM5:moderate		neighbour_evidence
2020-01-01	2026-08-04	NM_007294.4:c.139_141delinsGTT	p.Cys47Val	missense	VUS	VUS	2	4	MISSING_FUNCTIONAL	MISSING_FUNCTIONAL	PM5:moderate		neighbour_evidence
2020-01-01	2026-08-04	NM_007294.4:c.140_141delinsAT	p.Cys47Tyr	missense	VUS	LP	2	8	MISSING_FUNCTIONAL	RESOLVED_NOT_BLOCKED	PM5:moderate;PS1:strong		neighbour_evidence
2020-01-01	2026-08-04	NM_007294.4:c.140_141delinsCA	p.Cys47Ser	missense	VUS	LP	2	8	MISSING_FUNCTIONAL	RESOLVED_NOT_BLOCKED	PM5:moderate;PS1:strong		neighbour_evidence
2020-01-01	2026-08-04	NM_007294.4:c.140_141delinsCG	p.Cys47Ser	missense	VUS	LP	2	8	MISSING_FUNCTIONAL	RESOLVED_NOT_BLOCKED	PM5:moderate;PS1:strong		neighbour_evidence
2020-01-01	2026-08-04	NM_007294.4:c.140_141delinsCT	p.Cys47Ser	missense	VUS	LP	2	8	MISSING_FUNCTIONAL	RESOLVED_NOT_BLOCKED	PM5:moderate;PS1:strong		neighbour_evidence
2020-01-01	2026-08-04	NM_007294.4:c.140_141delinsTA	p.Cys47Leu	missense	VUS	VUS	2	4	MISSING_FUNCTIONAL	MISSING_FUNCTIONAL	PM5:moderate		neighbour_evidence
2020-01-01	2026-08-04	NM_007294.4:c.140_141delinsTG	p.Cys47Leu	missense	VUS	VUS	2	4	MISSING_FUNCTIONAL	MISSING_FUNCTIONAL	PM5:moderate		neighbour_evidence
2020-01-01	2026-08-04	NM_007294.4:c.140_141delinsTT	p.Cys47Phe	missense	VUS	LP	2	8	MISSING_FUNCTIONAL	RESOLVED_NOT_BLOCKED	PM5:moderate;PS1:strong		neighbour_evidence
2020-01-01	2026-08-04	NM_007294.4:c.181_183delinsAAA	p.Cys61Lys	missense	VUS	VUS	2	4	MISSING_FUNCTIONAL	MISSING_FUNCTIONAL	PM5:moderate		neighbour_evidence
2020-01-01	2026-08-04	NM_007294.4:c.181_183delinsAAC	p.Cys61Asn	missense	VUS	VUS	2	4	MISSING_FUNCTIONAL	MISSING_FUNCTIONAL	PM5:moderate		neighbour_evidence
2020-01-01	2026-08-04	NM_007294.4:c.181_183delinsAAG	p.Cys61Lys	missense	VUS	VUS	2	4	MISSING_FUNCTIONAL	MISSING_FUNCTIONAL	PM5:moderate		neighbour_evidence
2020-01-01	2026-08-04	NM_007294.4:c.181_182delinsAA	p.Cys61Asn	missense	VUS	VUS	2	4	MISSING_FUNCTIONAL	MISSING_FUNCTIONAL	PM5:moderate		neighbour_evidence
2020-01-01	2026-08-04	NM_007294.4:c.181_183delinsACA	p.Cys61Thr	missense	VUS	VUS	2	4	MISSING_FUNCTIONAL	MISSING_FUNCTIONAL	PM5:moderate		neighbour_evidence
2020-01-01	2026-08-04	NM_007294.4:c.181_183delinsACC	p.Cys61Thr	missense	VUS	VUS	2	4	MISSING_FUNCTIONAL	MISSING_FUNCTIONAL	PM5:moderate		neighbour_evidence
2020-01-01	2026-08-04	NM_007294.4:c.181_183delinsACG	p.Cys61Thr	missense	VUS	VUS	2	4	MISSING_FUNCTIONAL	MISSING_FUNCTIONAL	PM5:moderate		neighbour_evidence
2020-01-01	2026-08-04	NM_007294.4:c.181_182delinsAC	p.Cys61Thr	missense	VUS	VUS	2	4	MISSING_FUNCTIONAL	MISSING_FUNCTIONAL	PM5:moderate		neighbour_evidence
2020-01-01	2026-08-04	NM_007294.4:c.181_183delinsAGA	p.Cys61Arg	missense	VUS	LP	2	8	MISSING_FUNCTIONAL	RESOLVED_NOT_BLOCKED	PM5:moderate;PS1:strong		neighbour_evidence
2020-01-01	2026-08-04	NM_007294.4:c.181_183delinsAGC	p.Cys61Ser	missense	VUS	LP	2	8	MISSING_FUNCTIONAL	RESOLVED_NOT_BLOCKED	PM5:moderate;PS1:strong		neighbour_evidence
2020-01-01	2026-08-04	NM_007294.4:c.181_183delinsAGG	p.Cys61Arg	missense	VUS	LP	2	8	MISSING_FUNCTIONAL	RESOLVED_NOT_BLOCKED	PM5:moderate;PS1:strong		neighbour_evidence
2020-01-01	2026-08-04	NM_007294.4:c.181_183delinsATA	p.Cys61Ile	missense	VUS	VUS	2	4	MISSING_FUNCTIONAL	MISSING_FUNCTIONAL	PM5:moderate		neighbour_evidence
2020-01-01	2026-08-04	NM_007294.4:c.181_183delinsATC	p.Cys61Ile	missense	VUS	VUS	2	4	MISSING_FUNCTIONAL	MISSING_FUNCTIONAL	PM5:moderate		neighbour_evidence
2020-01-01	2026-08-04	NM_007294.4:c.181_183delinsATG	p.Cys61Met	missense	VUS	VUS	2	4	MISSING_FUNCTIONAL	MISSING_FUNCTIONAL	PM5:moderate		neighbour_evidence
2020-01-01	2026-08-04	NM_007294.4:c.181_182delinsAT	p.Cys61Ile	missense	VUS	VUS	2	4	MISSING_FUNCTIONAL	MISSING_FUNCTIONAL	PM5:moderate		neighbour_evidence
2020-01-01	2026-08-04	NM_007294.4:c.181_183delinsCAA	p.Cys61Gln	missense	VUS	VUS	2	4	MISSING_FUNCTIONAL	MISSING_FUNCTIONAL	PM5:moderate		neighbour_evidence
2020-01-01	2026-08-04	NM_007294.4:c.181_183delinsCAC	p.Cys61His	missense	VUS	VUS	2	4	MISSING_FUNCTIONAL	MISSING_FUNCTIONAL	PM5:moderate		neighbour_evidence
2020-01-01	2026-08-04	NM_007294.4:c.181_183delinsCAG	p.Cys61Gln	missense	VUS	VUS	2	4	MISSING_FUNCTIONAL	MISSING_FUNCTIONAL	PM5:moderate		neighbour_evidence
2020-01-01	2026-08-04	NM_007294.4:c.181_182delinsCA	p.Cys61His	missense	VUS	VUS	2	4	MISSING_FUNCTIONAL	MISSING_FUNCTIONAL	PM5:moderate		neighbour_evidence
2020-01-01	2026-08-04	NM_007294.4:c.181_183delinsCCA	p.Cys61Pro	missense	VUS	VUS	2	4	MISSING_FUNCTIONAL	MISSING_FUNCTIONAL	PM5:moderate		neighbour_evidence
2020-01-01	2026-08-04	NM_007294.4:c.181_183delinsCCC	p.Cys61Pro	missense	VUS	VUS	2	4	MISSING_FUNCTIONAL	MISSING_FUNCTIONAL	PM5:moderate		neighbour_evidence
2020-01-01	2026-08-04	NM_007294.4:c.181_183delinsCCG	p.Cys61Pro	missense	VUS	VUS	2	4	MISSING_FUNCTIONAL	MISSING_FUNCTIONAL	PM5:moderate		neighbour_evidence
2020-01-01	2026-08-04	NM_007294.4:c.181_182delinsCC	p.Cys61Pro	missense	VUS	VUS	2	4	MISSING_FUNCTIONAL	MISSING_FUNCTIONAL	PM5:moderate		neighbour_evidence
2020-01-01	2026-08-04	NM_007294.4:c.181_183delinsCGA	p.Cys61Arg	missense	VUS	LP	2	8	MISSING_FUNCTIONAL	RESOLVED_NOT_BLOCKED	PM5:moderate;PS1:strong		neighbour_evidence
2020-01-01	2026-08-04	NM_007294.4:c.181_183delinsCGC	p.Cys61Arg	missense	VUS	LP	2	8	MISSING_FUNCTIONAL	RESOLVED_NOT_BLOCKED	PM5:moderate;PS1:strong		neighbour_evidence
2020-01-01	2026-08-04	NM_007294.4:c.181_183delinsCGG	p.Cys61Arg	missense	VUS	LP	2	8	MISSING_FUNCTIONAL	RESOLVED_NOT_BLOCKED	PM5:moderate;PS1:strong		neighbour_evidence
2020-01-01	2026-08-04	NM_007294.4:c.181_183delinsCTA	p.Cys61Leu	missense	VUS	VUS	2	4	MISSING_FUNCTIONAL	MISSING_FUNCTIONAL	PM5:moderate		neighbour_evidence
2020-01-01	2026-08-04	NM_007294.4:c.181_183delinsCTC	p.Cys61Leu	missense	VUS	VUS	2	4	MISSING_FUNCTIONAL	MISSING_FUNCTIONAL	PM5:moderate		neighbour_evidence
2020-01-01	2026-08-04	NM_007294.4:c.181_183delinsCTG	p.Cys61Leu	missense	VUS	VUS	2	4	MISSING_FUNCTIONAL	MISSING_FUNCTIONAL	PM5:moderate		neighbour_evidence
2020-01-01	2026-08-04	NM_007294.4:c.181_182delinsCT	p.Cys61Leu	missense	VUS	VUS	2	4	MISSING_FUNCTIONAL	MISSING_FUNCTIONAL	PM5:moderate		neighbour_evidence
2020-01-01	2026-08-04	NM_007294.4:c.181_183delinsGAA	p.Cys61Glu	missense	VUS	VUS	2	4	MISSING_FUNCTIONAL	MISSING_FUNCTIONAL	PM5:moderate		neighbour_evidence
2020-01-01	2026-08-04	NM_007294.4:c.181_183delinsGAC	p.Cys61Asp	missense	VUS	VUS	2	4	MISSING_FUNCTIONAL	MISSING_FUNCTIONAL	PM5:moderate		neighbour_evidence
2020-01-01	2026-08-04	NM_007294.4:c.181_183delinsGAG	p.Cys61Glu	missense	VUS	VUS	2	4	MISSING_FUNCTIONAL	MISSING_FUNCTIONAL	PM5:moderate		neighbour_evidence
2020-01-01	2026-08-04	NM_007294.4:c.181_182delinsGA	p.Cys61Asp	missense	VUS	VUS	2	4	MISSING_FUNCTIONAL	MISSING_FUNCTIONAL	PM5:moderate		neighbour_evidence
2020-01-01	2026-08-04	NM_007294.4:c.181_183delinsGCA	p.Cys61Ala	missense	VUS	VUS	2	4	MISSING_FUNCTIONAL	MISSING_FUNCTIONAL	PM5:moderate		neighbour_evidence
2020-01-01	2026-08-04	NM_007294.4:c.181_183delinsGCC	p.Cys61Ala	missense	VUS	VUS	2	4	MISSING_FUNCTIONAL	MISSING_FUNCTIONAL	PM5:moderate		neighbour_evidence
2020-01-01	2026-08-04	NM_007294.4:c.181_183delinsGCG	p.Cys61Ala	missense	VUS	VUS	2	4	MISSING_FUNCTIONAL	MISSING_FUNCTIONAL	PM5:moderate		neighbour_evidence
2020-01-01	2026-08-04	NM_007294.4:c.181_182delinsGC	p.Cys61Ala	missense	VUS	VUS	2	4	MISSING_FUNCTIONAL	MISSING_FUNCTIONAL	PM5:moderate		neighbour_evidence
2020-01-01	2026-08-04	NM_007294.4:c.181_183delinsGGA	p.Cys61Gly	missense	VUS	LP	2	8	MISSING_FUNCTIONAL	RESOLVED_NOT_BLOCKED	PM5:moderate;PS1:strong		neighbour_evidence
2020-01-01	2026-08-04	NM_007294.4:c.181_183delinsGGC	p.Cys61Gly	missense	VUS	LP	2	8	MISSING_FUNCTIONAL	RESOLVED_NOT_BLOCKED	PM5:moderate;PS1:strong		neighbour_evidence
2020-01-01	2026-08-04	NM_007294.4:c.181_183delinsGGG	p.Cys61Gly	missense	VUS	LP	2	8	MISSING_FUNCTIONAL	RESOLVED_NOT_BLOCKED	PM5:moderate;PS1:strong		neighbour_evidence
2020-01-01	2026-08-04	NM_007294.4:c.181_183delinsGTA	p.Cys61Val	missense	VUS	VUS	2	4	MISSING_FUNCTIONAL	MISSING_FUNCTIONAL	PM5:moderate		neighbour_evidence
2020-01-01	2026-08-04	NM_007294.4:c.181_183delinsGTC	p.Cys61Val	missense	VUS	VUS	2	4	MISSING_FUNCTIONAL	MISSING_FUNCTIONAL	PM5:moderate		neighbour_evidence
2020-01-01	2026-08-04	NM_007294.4:c.181_183delinsGTG	p.Cys61Val	missense	VUS	VUS	2	4	MISSING_FUNCTIONAL	MISSING_FUNCTIONAL	PM5:moderate		neighbour_evidence
2020-01-01	2026-08-04	NM_007294.4:c.181_182delinsGT	p.Cys61Val	missense	VUS	VUS	2	4	MISSING_FUNCTIONAL	MISSING_FUNCTIONAL	PM5:moderate		neighbour_evidence
2020-01-01	2026-08-04	NM_007294.4:c.182_183delinsAC	p.Cys61Tyr	missense	VUS	LP	2	8	MISSING_FUNCTIONAL	RESOLVED_NOT_BLOCKED	PM5:moderate;PS1:strong		neighbour_evidence
2020-01-01	2026-08-04	NM_007294.4:c.182_183delinsCA	p.Cys61Ser	missense	VUS	LP	2	8	MISSING_FUNCTIONAL	RESOLVED_NOT_BLOCKED	PM5:moderate;PS1:strong		neighbour_evidence
2020-01-01	2026-08-04	NM_007294.4:c.182_183delinsCC	p.Cys61Ser	missense	VUS	LP	2	8	MISSING_FUNCTIONAL	RESOLVED_NOT_BLOCKED	PM5:moderate;PS1:strong		neighbour_evidence
2020-01-01	2026-08-04	NM_007294.4:c.182_183delinsCG	p.Cys61Ser	missense	VUS	LP	2	8	MISSING_FUNCTIONAL	RESOLVED_NOT_BLOCKED	PM5:moderate;PS1:strong		neighbour_evidence
2020-01-01	2026-08-04	NM_007294.4:c.182_183delinsTA	p.Cys61Leu	missense	VUS	VUS	2	4	MISSING_FUNCTIONAL	MISSING_FUNCTIONAL	PM5:moderate		neighbour_evidence
2020-01-01	2026-08-04	NM_007294.4:c.182_183delinsTC	p.Cys61Phe	missense	VUS	VUS	2	4	MISSING_FUNCTIONAL	MISSING_FUNCTIONAL	PM5:moderate		neighbour_evidence
2020-01-01	2026-08-04	NM_007294.4:c.182_183delinsTG	p.Cys61Leu	missense	VUS	VUS	2	4	MISSING_FUNCTIONAL	MISSING_FUNCTIONAL	PM5:moderate		neighbour_evidence
2020-01-01	2026-08-04	NM_007294.4:c.190_192delinsAAA	p.Cys64Lys	missense	VUS	VUS	2	4	MISSING_FUNCTIONAL	MISSING_FUNCTIONAL	PM5:moderate		neighbour_evidence
2020-01-01	2026-08-04	NM_007294.4:c.190_192delinsAAC	p.Cys64Asn	missense	VUS	VUS	2	4	MISSING_FUNCTIONAL	MISSING_FUNCTIONAL	PM5:moderate		neighbour_evidence
2020-01-01	2026-08-04	NM_007294.4:c.190_192delinsAAG	p.Cys64Lys	missense	VUS	VUS	2	4	MISSING_FUNCTIONAL	MISSING_FUNCTIONAL	PM5:moderate		neighbour_evidence
2020-01-01	2026-08-04	NM_007294.4:c.190_191delinsAA	p.Cys64Asn	missense	VUS	VUS	2	4	MISSING_FUNCTIONAL	MISSING_FUNCTIONAL	PM5:moderate		neighbour_evidence
2020-01-01	2026-08-04	NM_007294.4:c.190_192delinsACA	p.Cys64Thr	missense	VUS	VUS	2	4	MISSING_FUNCTIONAL	MISSING_FUNCTIONAL	PM5:moderate		neighbour_evidence
2020-01-01	2026-08-04	NM_007294.4:c.190_192delinsACC	p.Cys64Thr	missense	VUS	VUS	2	4	MISSING_FUNCTIONAL	MISSING_FUNCTIONAL	PM5:moderate		neighbour_evidence
2020-01-01	2026-08-04	NM_007294.4:c.190_192delinsACG	p.Cys64Thr	missense	VUS	VUS	2	4	MISSING_FUNCTIONAL	MISSING_FUNCTIONAL	PM5:moderate		neighbour_evidence
2020-01-01	2026-08-04	NM_007294.4:c.190_191delinsAC	p.Cys64Thr	missense	VUS	VUS	2	4	MISSING_FUNCTIONAL	MISSING_FUNCTIONAL	PM5:moderate		neighbour_evidence
2020-01-01	2026-08-04	NM_007294.4:c.190_192delinsAGA	p.Cys64Arg	missense	VUS	LP	2	8	MISSING_FUNCTIONAL	RESOLVED_NOT_BLOCKED	PM5:moderate;PS1:strong		neighbour_evidence
2020-01-01	2026-08-04	NM_007294.4:c.190_192delinsAGC	p.Cys64Ser	missense	VUS	LP	2	8	MISSING_FUNCTIONAL	RESOLVED_NOT_BLOCKED	PM5:moderate;PS1:strong		neighbour_evidence
2020-01-01	2026-08-04	NM_007294.4:c.190_192delinsAGG	p.Cys64Arg	missense	VUS	LP	2	8	MISSING_FUNCTIONAL	RESOLVED_NOT_BLOCKED	PM5:moderate;PS1:strong		neighbour_evidence
2020-01-01	2026-08-04	NM_007294.4:c.190_192delinsATA	p.Cys64Ile	missense	VUS	VUS	2	4	MISSING_FUNCTIONAL	MISSING_FUNCTIONAL	PM5:moderate		neighbour_evidence
2020-01-01	2026-08-04	NM_007294.4:c.190_192delinsATC	p.Cys64Ile	missense	VUS	VUS	2	4	MISSING_FUNCTIONAL	MISSING_FUNCTIONAL	PM5:moderate		neighbour_evidence
2020-01-01	2026-08-04	NM_007294.4:c.190_192delinsATG	p.Cys64Met	missense	VUS	VUS	2	4	MISSING_FUNCTIONAL	MISSING_FUNCTIONAL	PM5:moderate		neighbour_evidence
2020-01-01	2026-08-04	NM_007294.4:c.190_191delinsAT	p.Cys64Ile	missense	VUS	VUS	2	4	MISSING_FUNCTIONAL	MISSING_FUNCTIONAL	PM5:moderate		neighbour_evidence
2020-01-01	2026-08-04	NM_007294.4:c.190_192delinsCAA	p.Cys64Gln	missense	VUS	VUS	2	4	MISSING_FUNCTIONAL	MISSING_FUNCTIONAL	PM5:moderate		neighbour_evidence
2020-01-01	2026-08-04	NM_007294.4:c.190_192delinsCAC	p.Cys64His	missense	VUS	VUS	2	4	MISSING_FUNCTIONAL	MISSING_FUNCTIONAL	PM5:moderate		neighbour_evidence
2020-01-01	2026-08-04	NM_007294.4:c.190_192delinsCAG	p.Cys64Gln	missense	VUS	VUS	2	4	MISSING_FUNCTIONAL	MISSING_FUNCTIONAL	PM5:moderate		neighbour_evidence
2020-01-01	2026-08-04	NM_007294.4:c.190_191delinsCA	p.Cys64His	missense	VUS	VUS	2	4	MISSING_FUNCTIONAL	MISSING_FUNCTIONAL	PM5:moderate		neighbour_evidence
2020-01-01	2026-08-04	NM_007294.4:c.190_192delinsCCA	p.Cys64Pro	missense	VUS	VUS	2	4	MISSING_FUNCTIONAL	MISSING_FUNCTIONAL	PM5:moderate		neighbour_evidence
2020-01-01	2026-08-04	NM_007294.4:c.190_192delinsCCC	p.Cys64Pro	missense	VUS	VUS	2	4	MISSING_FUNCTIONAL	MISSING_FUNCTIONAL	PM5:moderate		neighbour_evidence
2020-01-01	2026-08-04	NM_007294.4:c.190_192delinsCCG	p.Cys64Pro	missense	VUS	VUS	2	4	MISSING_FUNCTIONAL	MISSING_FUNCTIONAL	PM5:moderate		neighbour_evidence
2020-01-01	2026-08-04	NM_007294.4:c.190_191delinsCC	p.Cys64Pro	missense	VUS	VUS	2	4	MISSING_FUNCTIONAL	MISSING_FUNCTIONAL	PM5:moderate		neighbour_evidence
2020-01-01	2026-08-04	NM_007294.4:c.190_192delinsCGA	p.Cys64Arg	missense	VUS	LP	2	8	MISSING_FUNCTIONAL	RESOLVED_NOT_BLOCKED	PM5:moderate;PS1:strong		neighbour_evidence
2020-01-01	2026-08-04	NM_007294.4:c.190_192delinsCGC	p.Cys64Arg	missense	VUS	LP	2	8	MISSING_FUNCTIONAL	RESOLVED_NOT_BLOCKED	PM5:moderate;PS1:strong		neighbour_evidence
2020-01-01	2026-08-04	NM_007294.4:c.190_192delinsCGG	p.Cys64Arg	missense	VUS	LP	2	8	MISSING_FUNCTIONAL	RESOLVED_NOT_BLOCKED	PM5:moderate;PS1:strong		neighbour_evidence
2020-01-01	2026-08-04	NM_007294.4:c.190_192delinsCTA	p.Cys64Leu	missense	VUS	VUS	2	4	MISSING_FUNCTIONAL	MISSING_FUNCTIONAL	PM5:moderate		neighbour_evidence
2020-01-01	2026-08-04	NM_007294.4:c.190_192delinsCTC	p.Cys64Leu	missense	VUS	VUS	2	4	MISSING_FUNCTIONAL	MISSING_FUNCTIONAL	PM5:moderate		neighbour_evidence
2020-01-01	2026-08-04	NM_007294.4:c.190_192delinsCTG	p.Cys64Leu	missense	VUS	VUS	2	4	MISSING_FUNCTIONAL	MISSING_FUNCTIONAL	PM5:moderate		neighbour_evidence
2020-01-01	2026-08-04	NM_007294.4:c.190_191delinsCT	p.Cys64Leu	missense	VUS	VUS	2	4	MISSING_FUNCTIONAL	MISSING_FUNCTIONAL	PM5:moderate		neighbour_evidence
2020-01-01	2026-08-04	NM_007294.4:c.190_192delinsGAA	p.Cys64Glu	missense	VUS	VUS	2	4	MISSING_FUNCTIONAL	MISSING_FUNCTIONAL	PM5:moderate		neighbour_evidence
2020-01-01	2026-08-04	NM_007294.4:c.190_192delinsGAC	p.Cys64Asp	missense	VUS	VUS	2	4	MISSING_FUNCTIONAL	MISSING_FUNCTIONAL	PM5:moderate		neighbour_evidence
2020-01-01	2026-08-04	NM_007294.4:c.190_192delinsGAG	p.Cys64Glu	missense	VUS	VUS	2	4	MISSING_FUNCTIONAL	MISSING_FUNCTIONAL	PM5:moderate		neighbour_evidence
2020-01-01	2026-08-04	NM_007294.4:c.190_191delinsGA	p.Cys64Asp	missense	VUS	VUS	2	4	MISSING_FUNCTIONAL	MISSING_FUNCTIONAL	PM5:moderate		neighbour_evidence
2020-01-01	2026-08-04	NM_007294.4:c.190_192delinsGCA	p.Cys64Ala	missense	VUS	VUS	2	4	MISSING_FUNCTIONAL	MISSING_FUNCTIONAL	PM5:moderate		neighbour_evidence
2020-01-01	2026-08-04	NM_007294.4:c.190_192delinsGCC	p.Cys64Ala	missense	VUS	VUS	2	4	MISSING_FUNCTIONAL	MISSING_FUNCTIONAL	PM5:moderate		neighbour_evidence
2020-01-01	2026-08-04	NM_007294.4:c.190_192delinsGCG	p.Cys64Ala	missense	VUS	VUS	2	4	MISSING_FUNCTIONAL	MISSING_FUNCTIONAL	PM5:moderate		neighbour_evidence
2020-01-01	2026-08-04	NM_007294.4:c.190_191delinsGC	p.Cys64Ala	missense	VUS	VUS	2	4	MISSING_FUNCTIONAL	MISSING_FUNCTIONAL	PM5:moderate		neighbour_evidence
2020-01-01	2026-08-04	NM_007294.4:c.190_192delinsGGA	p.Cys64Gly	missense	VUS	LP	2	8	MISSING_FUNCTIONAL	RESOLVED_NOT_BLOCKED	PM5:moderate;PS1:strong		neighbour_evidence
2020-01-01	2026-08-04	NM_007294.4:c.190_192delinsGGC	p.Cys64Gly	missense	VUS	LP	2	8	MISSING_FUNCTIONAL	RESOLVED_NOT_BLOCKED	PM5:moderate;PS1:strong		neighbour_evidence
2020-01-01	2026-08-04	NM_007294.4:c.190_192delinsGGG	p.Cys64Gly	missense	VUS	LP	2	8	MISSING_FUNCTIONAL	RESOLVED_NOT_BLOCKED	PM5:moderate;PS1:strong		neighbour_evidence
2020-01-01	2026-08-04	NM_007294.4:c.190_192delinsGTA	p.Cys64Val	missense	VUS	VUS	2	4	MISSING_FUNCTIONAL	MISSING_FUNCTIONAL	PM5:moderate		neighbour_evidence
2020-01-01	2026-08-04	NM_007294.4:c.190_192delinsGTC	p.Cys64Val	missense	VUS	VUS	2	4	MISSING_FUNCTIONAL	MISSING_FUNCTIONAL	PM5:moderate		neighbour_evidence
2020-01-01	2026-08-04	NM_007294.4:c.190_192delinsGTG	p.Cys64Val	missense	VUS	VUS	2	4	MISSING_FUNCTIONAL	MISSING_FUNCTIONAL	PM5:moderate		neighbour_evidence
2020-01-01	2026-08-04	NM_007294.4:c.190_191delinsGT	p.Cys64Val	missense	VUS	VUS	2	4	MISSING_FUNCTIONAL	MISSING_FUNCTIONAL	PM5:moderate		neighbour_evidence
2020-01-01	2026-08-04	NM_007294.4:c.191_192delinsAC	p.Cys64Tyr	missense	VUS	LP	2	8	MISSING_FUNCTIONAL	RESOLVED_NOT_BLOCKED	PM5:moderate;PS1:strong		neighbour_evidence
2020-01-01	2026-08-04	NM_007294.4:c.191_192delinsCA	p.Cys64Ser	missense	VUS	LP	2	8	MISSING_FUNCTIONAL	RESOLVED_NOT_BLOCKED	PM5:moderate;PS1:strong		neighbour_evidence
2020-01-01	2026-08-04	NM_007294.4:c.191_192delinsCC	p.Cys64Ser	missense	VUS	LP	2	8	MISSING_FUNCTIONAL	RESOLVED_NOT_BLOCKED	PM5:moderate;PS1:strong		neighbour_evidence
2020-01-01	2026-08-04	NM_007294.4:c.191_192delinsCG	p.Cys64Ser	missense	VUS	LP	2	8	MISSING_FUNCTIONAL	RESOLVED_NOT_BLOCKED	PM5:moderate;PS1:strong		neighbour_evidence
2020-01-01	2026-08-04	NM_007294.4:c.191_192delinsTA	p.Cys64Leu	missense	VUS	VUS	2	4	MISSING_FUNCTIONAL	MISSING_FUNCTIONAL	PM5:moderate		neighbour_evidence
2020-01-01	2026-08-04	NM_007294.4:c.191_192delinsTC	p.Cys64Phe	missense	VUS	VUS	2	4	MISSING_FUNCTIONAL	MISSING_FUNCTIONAL	PM5:moderate		neighbour_evidence
2020-01-01	2026-08-04	NM_007294.4:c.191_192delinsTG	p.Cys64Leu	missense	VUS	VUS	2	4	MISSING_FUNCTIONAL	MISSING_FUNCTIONAL	PM5:moderate		neighbour_evidence
2020-01-01	2026-08-04	NM_007294.4:c.212_213delinsAA	p.Arg71Lys	missense	VUS	LP	2	8	MISSING_FUNCTIONAL	RESOLVED_NOT_BLOCKED	PM5:moderate;PS1:strong		neighbour_evidence
2020-01-01	2026-08-04	NM_007294.4:c.212_213delinsAC	p.Arg71Asn	missense	VUS	VUS	2	4	MISSING_FUNCTIONAL	MISSING_FUNCTIONAL	PM5:moderate		neighbour_evidence
2020-01-01	2026-08-04	NM_007294.4:c.212_213delinsAT	p.Arg71Asn	missense	VUS	VUS	2	4	MISSING_FUNCTIONAL	MISSING_FUNCTIONAL	PM5:moderate		neighbour_evidence
2020-01-01	2026-08-04	NM_007294.4:c.212_213delinsCA	p.Arg71Thr	missense	VUS	LP	2	8	MISSING_FUNCTIONAL	RESOLVED_NOT_BLOCKED	PM5:moderate;PS1:strong		neighbour_evidence
2020-01-01	2026-08-04	NM_007294.4:c.212_213delinsCC	p.Arg71Thr	missense	VUS	LP	2	8	MISSING_FUNCTIONAL	RESOLVED_NOT_BLOCKED	PM5:moderate;PS1:strong		neighbour_evidence
2020-01-01	2026-08-04	NM_007294.4:c.212_213delinsCT	p.Arg71Thr	missense	VUS	LP	2	8	MISSING_FUNCTIONAL	RESOLVED_NOT_BLOCKED	PM5:moderate;PS1:strong		neighbour_evidence
2020-01-01	2026-08-04	NM_007294.4:c.212_213delinsTA	p.Arg71Ile	missense	VUS	VUS	2	4	MISSING_FUNCTIONAL	MISSING_FUNCTIONAL	PM5:moderate		neighbour_evidence
2020-01-01	2026-08-04	NM_007294.4:c.212_213delinsTC	p.Arg71Ile	missense	VUS	VUS	2	4	MISSING_FUNCTIONAL	MISSING_FUNCTIONAL	PM5:moderate		neighbour_evidence
2020-01-01	2026-08-04	NM_007294.4:c.212_213delinsTT	p.Arg71Ile	missense	VUS	VUS	2	4	MISSING_FUNCTIONAL	MISSING_FUNCTIONAL	PM5:moderate		neighbour_evidence
2020-01-01	2026-08-04	NM_007294.4:c.211_213delinsCAA	p.Arg71Gln	missense	VUS	VUS	2	4	MISSING_FUNCTIONAL	MISSING_FUNCTIONAL	PM5:moderate		neighbour_evidence
2020-01-01	2026-08-04	NM_007294.4:c.211_213delinsCAC	p.Arg71His	missense	VUS	VUS	2	4	MISSING_FUNCTIONAL	MISSING_FUNCTIONAL	PM5:moderate		neighbour_evidence
2020-01-01	2026-08-04	NM_007294.4:c.211_212delinsCA	p.Arg71Gln	missense	VUS	VUS	2	4	MISSING_FUNCTIONAL	MISSING_FUNCTIONAL	PM5:moderate		neighbour_evidence
2020-01-01	2026-08-04	NM_007294.4:c.211_213delinsCAT	p.Arg71His	missense	VUS	VUS	2	4	MISSING_FUNCTIONAL	MISSING_FUNCTIONAL	PM5:moderate		neighbour_evidence
2020-01-01	2026-08-04	NM_007294.4:c.211_213delinsCCA	p.Arg71Pro	missense	VUS	VUS	2	4	MISSING_FUNCTIONAL	MISSING_FUNCTIONAL	PM5:moderate		neighbour_evidence
2020-01-01	2026-08-04	NM_007294.4:c.211_213delinsCCC	p.Arg71Pro	missense	VUS	VUS	2	4	MISSING_FUNCTIONAL	MISSING_FUNCTIONAL	PM5:moderate		neighbour_evidence
2020-01-01	2026-08-04	NM_007294.4:c.211_212delinsCC	p.Arg71Pro	missense	VUS	VUS	2	4	MISSING_FUNCTIONAL	MISSING_FUNCTIONAL	PM5:moderate		neighbour_evidence
2020-01-01	2026-08-04	NM_007294.4:c.211_213delinsCCT	p.Arg71Pro	missense	VUS	VUS	2	4	MISSING_FUNCTIONAL	MISSING_FUNCTIONAL	PM5:moderate		neighbour_evidence
2020-01-01	2026-08-04	NM_007294.4:c.211_213delinsCTA	p.Arg71Leu	missense	VUS	VUS	2	4	MISSING_FUNCTIONAL	MISSING_FUNCTIONAL	PM5:moderate		neighbour_evidence
2020-01-01	2026-08-04	NM_007294.4:c.211_213delinsCTC	p.Arg71Leu	missense	VUS	VUS	2	4	MISSING_FUNCTIONAL	MISSING_FUNCTIONAL	PM5:moderate		neighbour_evidence
2020-01-01	2026-08-04	NM_007294.4:c.211_212delinsCT	p.Arg71Leu	missense	VUS	VUS	2	4	MISSING_FUNCTIONAL	MISSING_FUNCTIONAL	PM5:moderate		neighbour_evidence
2020-01-01	2026-08-04	NM_007294.4:c.211_213delinsCTT	p.Arg71Leu	missense	VUS	VUS	2	4	MISSING_FUNCTIONAL	MISSING_FUNCTIONAL	PM5:moderate		neighbour_evidence
2020-01-01	2026-08-04	NM_007294.4:c.211_213delinsGAA	p.Arg71Glu	missense	VUS	VUS	2	4	MISSING_FUNCTIONAL	MISSING_FUNCTIONAL	PM5:moderate		neighbour_evidence
2020-01-01	2026-08-04	NM_007294.4:c.211_213delinsGAC	p.Arg71Asp	missense	VUS	VUS	2	4	MISSING_FUNCTIONAL	MISSING_FUNCTIONAL	PM5:moderate		neighbour_evidence
2020-01-01	2026-08-04	NM_007294.4:c.211_212delinsGA	p.Arg71Glu	missense	VUS	VUS	2	4	MISSING_FUNCTIONAL	MISSING_FUNCTIONAL	PM5:moderate		neighbour_evidence
2020-01-01	2026-08-04	NM_007294.4:c.211_213delinsGAT	p.Arg71Asp	missense	VUS	VUS	2	4	MISSING_FUNCTIONAL	MISSING_FUNCTIONAL	PM5:moderate		neighbour_evidence
2020-01-01	2026-08-04	NM_007294.4:c.211_213delinsGCA	p.Arg71Ala	missense	VUS	VUS	2	4	MISSING_FUNCTIONAL	MISSING_FUNCTIONAL	PM5:moderate		neighbour_evidence
2020-01-01	2026-08-04	NM_007294.4:c.211_213delinsGCC	p.Arg71Ala	missense	VUS	VUS	2	4	MISSING_FUNCTIONAL	MISSING_FUNCTIONAL	PM5:moderate		neighbour_evidence
2020-01-01	2026-08-04	NM_007294.4:c.211_212delinsGC	p.Arg71Ala	missense	VUS	VUS	2	4	MISSING_FUNCTIONAL	MISSING_FUNCTIONAL	PM5:moderate		neighbour_evidence
2020-01-01	2026-08-04	NM_007294.4:c.211_213delinsGCT	p.Arg71Ala	missense	VUS	VUS	2	4	MISSING_FUNCTIONAL	MISSING_FUNCTIONAL	PM5:moderate		neighbour_evidence
2020-01-01	2026-08-04	NM_007294.4:c.211_213delinsGGA	p.Arg71Gly	missense	VUS	LP	2	8	MISSING_FUNCTIONAL	RESOLVED_NOT_BLOCKED	PM5:moderate;PS1:strong		neighbour_evidence
2020-01-01	2026-08-04	NM_007294.4:c.211_213delinsGGC	p.Arg71Gly	missense	VUS	LP	2	8	MISSING_FUNCTIONAL	RESOLVED_NOT_BLOCKED	PM5:moderate;PS1:strong		neighbour_evidence
2020-01-01	2026-08-04	NM_007294.4:c.211_213delinsGGT	p.Arg71Gly	missense	VUS	LP	2	8	MISSING_FUNCTIONAL	RESOLVED_NOT_BLOCKED	PM5:moderate;PS1:strong		neighbour_evidence
2020-01-01	2026-08-04	NM_007294.4:c.211_213delinsGTA	p.Arg71Val	missense	VUS	VUS	2	4	MISSING_FUNCTIONAL	MISSING_FUNCTIONAL	PM5:moderate		neighbour_evidence
2020-01-01	2026-08-04	NM_007294.4:c.211_213delinsGTC	p.Arg71Val	missense	VUS	VUS	2	4	MISSING_FUNCTIONAL	MISSING_FUNCTIONAL	PM5:moderate		neighbour_evidence
2020-01-01	2026-08-04	NM_007294.4:c.211_212delinsGT	p.Arg71Val	missense	VUS	VUS	2	4	MISSING_FUNCTIONAL	MISSING_FUNCTIONAL	PM5:moderate		neighbour_evidence
2020-01-01	2026-08-04	NM_007294.4:c.211_213delinsGTT	p.Arg71Val	missense	VUS	VUS	2	4	MISSING_FUNCTIONAL	MISSING_FUNCTIONAL	PM5:moderate		neighbour_evidence
2020-01-01	2026-08-04	NM_007294.4:c.211_213delinsTAC	p.Arg71Tyr	missense	VUS	VUS	2	4	MISSING_FUNCTIONAL	MISSING_FUNCTIONAL	PM5:moderate		neighbour_evidence
2020-01-01	2026-08-04	NM_007294.4:c.211_213delinsTAT	p.Arg71Tyr	missense	VUS	VUS	2	4	MISSING_FUNCTIONAL	MISSING_FUNCTIONAL	PM5:moderate		neighbour_evidence
2020-01-01	2026-08-04	NM_007294.4:c.211_213delinsTCA	p.Arg71Ser	missense	VUS	VUS	2	4	MISSING_FUNCTIONAL	MISSING_FUNCTIONAL	PM5:moderate		neighbour_evidence
2020-01-01	2026-08-04	NM_007294.4:c.211_213delinsTCC	p.Arg71Ser	missense	VUS	VUS	2	4	MISSING_FUNCTIONAL	MISSING_FUNCTIONAL	PM5:moderate		neighbour_evidence
2020-01-01	2026-08-04	NM_007294.4:c.211_212delinsTC	p.Arg71Ser	missense	VUS	VUS	2	4	MISSING_FUNCTIONAL	MISSING_FUNCTIONAL	PM5:moderate		neighbour_evidence
2020-01-01	2026-08-04	NM_007294.4:c.211_213delinsTCT	p.Arg71Ser	missense	VUS	VUS	2	4	MISSING_FUNCTIONAL	MISSING_FUNCTIONAL	PM5:moderate		neighbour_evidence
2020-01-01	2026-08-04	NM_007294.4:c.211_213delinsTGC	p.Arg71Cys	missense	VUS	VUS	2	4	MISSING_FUNCTIONAL	MISSING_FUNCTIONAL	PM5:moderate		neighbour_evidence
2020-01-01	2026-08-04	NM_007294.4:c.211_213delinsTGT	p.Arg71Cys	missense	VUS	VUS	2	4	MISSING_FUNCTIONAL	MISSING_FUNCTIONAL	PM5:moderate		neighbour_evidence
2020-01-01	2026-08-04	NM_007294.4:c.211_213delinsTTA	p.Arg71Leu	missense	VUS	VUS	2	4	MISSING_FUNCTIONAL	MISSING_FUNCTIONAL	PM5:moderate		neighbour_evidence
2020-01-01	2026-08-04	NM_007294.4:c.211_213delinsTTC	p.Arg71Phe	missense	VUS	VUS	2	4	MISSING_FUNCTIONAL	MISSING_FUNCTIONAL	PM5:moderate		neighbour_evidence
2020-01-01	2026-08-04	NM_007294.4:c.211_212delinsTT	p.Arg71Leu	missense	VUS	VUS	2	4	MISSING_FUNCTIONAL	MISSING_FUNCTIONAL	PM5:moderate		neighbour_evidence
2020-01-01	2026-08-04	NM_007294.4:c.211_213delinsTTT	p.Arg71Phe	missense	VUS	VUS	2	4	MISSING_FUNCTIONAL	MISSING_FUNCTIONAL	PM5:moderate		neighbour_evidence
2020-01-01	2026-08-04	NM_007294.4:c.283_285delinsAAA	p.Leu95Lys	missense	VUS	VUS	2	4	MISSING_FUNCTIONAL	MISSING_FUNCTIONAL	PM5:moderate		neighbour_evidence
2020-01-01	2026-08-04	NM_007294.4:c.283_285delinsAAC	p.Leu95Asn	missense	VUS	VUS	2	4	MISSING_FUNCTIONAL	MISSING_FUNCTIONAL	PM5:moderate		neighbour_evidence
2020-01-01	2026-08-04	NM_007294.4:c.283_285delinsAAG	p.Leu95Lys	missense	VUS	VUS	2	4	MISSING_FUNCTIONAL	MISSING_FUNCTIONAL	PM5:moderate		neighbour_evidence
2020-01-01	2026-08-04	NM_007294.4:c.283_284delinsAA	p.Leu95Asn	missense	VUS	VUS	2	4	MISSING_FUNCTIONAL	MISSING_FUNCTIONAL	PM5:moderate		neighbour_evidence
2020-01-01	2026-08-04	NM_007294.4:c.283_285delinsACA	p.Leu95Thr	missense	VUS	VUS	2	4	MISSING_FUNCTIONAL	MISSING_FUNCTIONAL	PM5:moderate		neighbour_evidence
2020-01-01	2026-08-04	NM_007294.4:c.283_285delinsACC	p.Leu95Thr	missense	VUS	VUS	2	4	MISSING_FUNCTIONAL	MISSING_FUNCTIONAL	PM5:moderate		neighbour_evidence
2020-01-01	2026-08-04	NM_007294.4:c.283_285delinsACG	p.Leu95Thr	missense	VUS	VUS	2	4	MISSING_FUNCTIONAL	MISSING_FUNCTIONAL	PM5:moderate		neighbour_evidence
2020-01-01	2026-08-04	NM_007294.4:c.283_284delinsAC	p.Leu95Thr	missense	VUS	VUS	2	4	MISSING_FUNCTIONAL	MISSING_FUNCTIONAL	PM5:moderate		neighbour_evidence
2020-01-01	2026-08-04	NM_007294.4:c.283_285delinsAGA	p.Leu95Arg	missense	VUS	VUS	2	4	MISSING_FUNCTIONAL	MISSING_FUNCTIONAL	PM5:moderate		neighbour_evidence
2020-01-01	2026-08-04	NM_007294.4:c.283_285delinsAGC	p.Leu95Ser	missense	VUS	VUS	2	4	MISSING_FUNCTIONAL	MISSING_FUNCTIONAL	PM5:moderate		neighbour_evidence
2020-01-01	2026-08-04	NM_007294.4:c.283_285delinsAGG	p.Leu95Arg	missense	VUS	VUS	2	4	MISSING_FUNCTIONAL	MISSING_FUNCTIONAL	PM5:moderate		neighbour_evidence
2020-01-01	2026-08-04	NM_007294.4:c.283_284delinsAG	p.Leu95Ser	missense	VUS	VUS	2	4	MISSING_FUNCTIONAL	MISSING_FUNCTIONAL	PM5:moderate		neighbour_evidence
2020-01-01	2026-08-04	NM_007294.4:c.283_285delinsATA	p.Leu95Ile	missense	VUS	VUS	2	4	MISSING_FUNCTIONAL	MISSING_FUNCTIONAL	PM5:moderate		neighbour_evidence
2020-01-01	2026-08-04	NM_007294.4:c.283_285delinsATC	p.Leu95Ile	missense	VUS	VUS	2	4	MISSING_FUNCTIONAL	MISSING_FUNCTIONAL	PM5:moderate		neighbour_evidence
2020-01-01	2026-08-04	NM_007294.4:c.283_285delinsATG	p.Leu95Met	missense	VUS	VUS	2	4	MISSING_FUNCTIONAL	MISSING_FUNCTIONAL	PM5:moderate		neighbour_evidence
2020-01-01	2026-08-04	NM_007294.4:c.284_285delinsAA	p.Leu95Gln	missense	VUS	VUS	2	4	MISSING_FUNCTIONAL	MISSING_FUNCTIONAL	PM5:moderate		neighbour_evidence
2020-01-01	2026-08-04	NM_007294.4:c.284_285delinsAC	p.Leu95His	missense	VUS	VUS	2	4	MISSING_FUNCTIONAL	MISSING_FUNCTIONAL	PM5:moderate		neighbour_evidence
2020-01-01	2026-08-04	NM_007294.4:c.284_285delinsAG	p.Leu95Gln	missense	VUS	VUS	2	4	MISSING_FUNCTIONAL	MISSING_FUNCTIONAL	PM5:moderate		neighbour_evidence
2020-01-01	2026-08-04	NM_007294.4:c.284_285delinsCA	p.Leu95Pro	missense	VUS	LP	2	6	MISSING_FUNCTIONAL	RESOLVED_NOT_BLOCKED	PS1:strong		neighbour_evidence
2020-01-01	2026-08-04	NM_007294.4:c.284_285delinsCC	p.Leu95Pro	missense	VUS	LP	2	6	MISSING_FUNCTIONAL	RESOLVED_NOT_BLOCKED	PS1:strong		neighbour_evidence
2020-01-01	2026-08-04	NM_007294.4:c.284_285delinsCG	p.Leu95Pro	missense	VUS	LP	2	6	MISSING_FUNCTIONAL	RESOLVED_NOT_BLOCKED	PS1:strong		neighbour_evidence
2020-01-01	2026-08-04	NM_007294.4:c.284_285delinsGA	p.Leu95Arg	missense	VUS	VUS	2	4	MISSING_FUNCTIONAL	MISSING_FUNCTIONAL	PM5:moderate		neighbour_evidence
2020-01-01	2026-08-04	NM_007294.4:c.284_285delinsGC	p.Leu95Arg	missense	VUS	VUS	2	4	MISSING_FUNCTIONAL	MISSING_FUNCTIONAL	PM5:moderate		neighbour_evidence
2020-01-01	2026-08-04	NM_007294.4:c.284_285delinsGG	p.Leu95Arg	missense	VUS	VUS	2	4	MISSING_FUNCTIONAL	MISSING_FUNCTIONAL	PM5:moderate		neighbour_evidence
2020-01-01	2026-08-04	NM_007294.4:c.283_285delinsGAA	p.Leu95Glu	missense	VUS	VUS	2	4	MISSING_FUNCTIONAL	MISSING_FUNCTIONAL	PM5:moderate		neighbour_evidence
2020-01-01	2026-08-04	NM_007294.4:c.283_285delinsGAC	p.Leu95Asp	missense	VUS	VUS	2	4	MISSING_FUNCTIONAL	MISSING_FUNCTIONAL	PM5:moderate		neighbour_evidence
2020-01-01	2026-08-04	NM_007294.4:c.283_285delinsGAG	p.Leu95Glu	missense	VUS	VUS	2	4	MISSING_FUNCTIONAL	MISSING_FUNCTIONAL	PM5:moderate		neighbour_evidence
2020-01-01	2026-08-04	NM_007294.4:c.283_284delinsGA	p.Leu95Asp	missense	VUS	VUS	2	4	MISSING_FUNCTIONAL	MISSING_FUNCTIONAL	PM5:moderate		neighbour_evidence
2020-01-01	2026-08-04	NM_007294.4:c.283_285delinsGCA	p.Leu95Ala	missense	VUS	VUS	2	4	MISSING_FUNCTIONAL	MISSING_FUNCTIONAL	PM5:moderate		neighbour_evidence
2020-01-01	2026-08-04	NM_007294.4:c.283_285delinsGCC	p.Leu95Ala	missense	VUS	VUS	2	4	MISSING_FUNCTIONAL	MISSING_FUNCTIONAL	PM5:moderate		neighbour_evidence
2020-01-01	2026-08-04	NM_007294.4:c.283_285delinsGCG	p.Leu95Ala	missense	VUS	VUS	2	4	MISSING_FUNCTIONAL	MISSING_FUNCTIONAL	PM5:moderate		neighbour_evidence
2020-01-01	2026-08-04	NM_007294.4:c.283_284delinsGC	p.Leu95Ala	missense	VUS	VUS	2	4	MISSING_FUNCTIONAL	MISSING_FUNCTIONAL	PM5:moderate		neighbour_evidence
2020-01-01	2026-08-04	NM_007294.4:c.283_285delinsGGA	p.Leu95Gly	missense	VUS	VUS	2	4	MISSING_FUNCTIONAL	MISSING_FUNCTIONAL	PM5:moderate		neighbour_evidence
2020-01-01	2026-08-04	NM_007294.4:c.283_285delinsGGC	p.Leu95Gly	missense	VUS	VUS	2	4	MISSING_FUNCTIONAL	MISSING_FUNCTIONAL	PM5:moderate		neighbour_evidence
2020-01-01	2026-08-04	NM_007294.4:c.283_285delinsGGG	p.Leu95Gly	missense	VUS	VUS	2	4	MISSING_FUNCTIONAL	MISSING_FUNCTIONAL	PM5:moderate		neighbour_evidence
2020-01-01	2026-08-04	NM_007294.4:c.283_284delinsGG	p.Leu95Gly	missense	VUS	VUS	2	4	MISSING_FUNCTIONAL	MISSING_FUNCTIONAL	PM5:moderate		neighbour_evidence
2020-01-01	2026-08-04	NM_007294.4:c.283_285delinsGTA	p.Leu95Val	missense	VUS	VUS	2	4	MISSING_FUNCTIONAL	MISSING_FUNCTIONAL	PM5:moderate		neighbour_evidence
2020-01-01	2026-08-04	NM_007294.4:c.283_285delinsGTC	p.Leu95Val	missense	VUS	VUS	2	4	MISSING_FUNCTIONAL	MISSING_FUNCTIONAL	PM5:moderate		neighbour_evidence
2020-01-01	2026-08-04	NM_007294.4:c.283_285delinsGTG	p.Leu95Val	missense	VUS	VUS	2	4	MISSING_FUNCTIONAL	MISSING_FUNCTIONAL	PM5:moderate		neighbour_evidence
2020-01-01	2026-08-04	NM_007294.4:c.283_285delinsTAC	p.Leu95Tyr	missense	VUS	VUS	2	4	MISSING_FUNCTIONAL	MISSING_FUNCTIONAL	PM5:moderate		neighbour_evidence
2020-01-01	2026-08-04	NM_007294.4:c.283_284delinsTA	p.Leu95Tyr	missense	VUS	VUS	2	4	MISSING_FUNCTIONAL	MISSING_FUNCTIONAL	PM5:moderate		neighbour_evidence
2020-01-01	2026-08-04	NM_007294.4:c.283_285delinsTCA	p.Leu95Ser	missense	VUS	VUS	2	4	MISSING_FUNCTIONAL	MISSING_FUNCTIONAL	PM5:moderate		neighbour_evidence
2020-01-01	2026-08-04	NM_007294.4:c.283_285delinsTCC	p.Leu95Ser	missense	VUS	VUS	2	4	MISSING_FUNCTIONAL	MISSING_FUNCTIONAL	PM5:moderate		neighbour_evidence
2020-01-01	2026-08-04	NM_007294.4:c.283_285delinsTCG	p.Leu95Ser	missense	VUS	VUS	2	4	MISSING_FUNCTIONAL	MISSING_FUNCTIONAL	PM5:moderate		neighbour_evidence
2020-01-01	2026-08-04	NM_007294.4:c.283_284delinsTC	p.Leu95Ser	missense	VUS	VUS	2	4	MISSING_FUNCTIONAL	MISSING_FUNCTIONAL	PM5:moderate		neighbour_evidence
2020-01-01	2026-08-04	NM_007294.4:c.283_285delinsTGC	p.Leu95Cys	missense	VUS	VUS	2	4	MISSING_FUNCTIONAL	MISSING_FUNCTIONAL	PM5:moderate		neighbour_evidence
2020-01-01	2026-08-04	NM_007294.4:c.283_285delinsTGG	p.Leu95Trp	missense	VUS	VUS	2	4	MISSING_FUNCTIONAL	MISSING_FUNCTIONAL	PM5:moderate		neighbour_evidence
2020-01-01	2026-08-04	NM_007294.4:c.283_284delinsTG	p.Leu95Cys	missense	VUS	VUS	2	4	MISSING_FUNCTIONAL	MISSING_FUNCTIONAL	PM5:moderate		neighbour_evidence
2020-01-01	2026-08-04	NM_007294.4:c.283_285delinsTTC	p.Leu95Phe	missense	VUS	VUS	2	4	MISSING_FUNCTIONAL	MISSING_FUNCTIONAL	PM5:moderate		neighbour_evidence
2020-01-01	2026-08-04	NM_007294.4:c.286_288delinsAAA	p.Asp96Lys	missense	VUS	VUS	2	4	MISSING_FUNCTIONAL	MISSING_FUNCTIONAL	PM5:moderate		neighbour_evidence
2020-01-01	2026-08-04	NM_007294.4:c.286_288delinsAAG	p.Asp96Lys	missense	VUS	VUS	2	4	MISSING_FUNCTIONAL	MISSING_FUNCTIONAL	PM5:moderate		neighbour_evidence
2020-01-01	2026-08-04	NM_007294.4:c.286_288delinsAAT	p.Asp96Asn	missense	VUS	LP	2	8	MISSING_FUNCTIONAL	RESOLVED_NOT_BLOCKED	PM5:moderate;PS1:strong		neighbour_evidence
2020-01-01	2026-08-04	NM_007294.4:c.286_288delinsACA	p.Asp96Thr	missense	VUS	VUS	2	4	MISSING_FUNCTIONAL	MISSING_FUNCTIONAL	PM5:moderate		neighbour_evidence
2020-01-01	2026-08-04	NM_007294.4:c.286_287delinsAC	p.Asp96Thr	missense	VUS	VUS	2	4	MISSING_FUNCTIONAL	MISSING_FUNCTIONAL	PM5:moderate		neighbour_evidence
2020-01-01	2026-08-04	NM_007294.4:c.286_288delinsACG	p.Asp96Thr	missense	VUS	VUS	2	4	MISSING_FUNCTIONAL	MISSING_FUNCTIONAL	PM5:moderate		neighbour_evidence
2020-01-01	2026-08-04	NM_007294.4:c.286_288delinsACT	p.Asp96Thr	missense	VUS	VUS	2	4	MISSING_FUNCTIONAL	MISSING_FUNCTIONAL	PM5:moderate		neighbour_evidence
2020-01-01	2026-08-04	NM_007294.4:c.286_288delinsAGA	p.Asp96Arg	missense	VUS	VUS	2	4	MISSING_FUNCTIONAL	MISSING_FUNCTIONAL	PM5:moderate		neighbour_evidence
2020-01-01	2026-08-04	NM_007294.4:c.286_287delinsAG	p.Asp96Ser	missense	VUS	VUS	2	4	MISSING_FUNCTIONAL	MISSING_FUNCTIONAL	PM5:moderate		neighbour_evidence
2020-01-01	2026-08-04	NM_007294.4:c.286_288delinsAGG	p.Asp96Arg	missense	VUS	VUS	2	4	MISSING_FUNCTIONAL	MISSING_FUNCTIONAL	PM5:moderate		neighbour_evidence
2020-01-01	2026-08-04	NM_007294.4:c.286_288delinsAGT	p.Asp96Ser	missense	VUS	VUS	2	4	MISSING_FUNCTIONAL	MISSING_FUNCTIONAL	PM5:moderate		neighbour_evidence
2020-01-01	2026-08-04	NM_007294.4:c.286_288delinsATA	p.Asp96Ile	missense	VUS	VUS	2	4	MISSING_FUNCTIONAL	MISSING_FUNCTIONAL	PM5:moderate		neighbour_evidence
2020-01-01	2026-08-04	NM_007294.4:c.286_287delinsAT	p.Asp96Ile	missense	VUS	VUS	2	4	MISSING_FUNCTIONAL	MISSING_FUNCTIONAL	PM5:moderate		neighbour_evidence
2020-01-01	2026-08-04	NM_007294.4:c.286_288delinsATG	p.Asp96Met	missense	VUS	VUS	2	4	MISSING_FUNCTIONAL	MISSING_FUNCTIONAL	PM5:moderate		neighbour_evidence
2020-01-01	2026-08-04	NM_007294.4:c.286_288delinsATT	p.Asp96Ile	missense	VUS	VUS	2	4	MISSING_FUNCTIONAL	MISSING_FUNCTIONAL	PM5:moderate		neighbour_evidence
2020-01-01	2026-08-04	NM_007294.4:c.286_288delinsCAA	p.Asp96Gln	missense	VUS	VUS	2	4	MISSING_FUNCTIONAL	MISSING_FUNCTIONAL	PM5:moderate		neighbour_evidence
2020-01-01	2026-08-04	NM_007294.4:c.286_288delinsCAG	p.Asp96Gln	missense	VUS	VUS	2	4	MISSING_FUNCTIONAL	MISSING_FUNCTIONAL	PM5:moderate		neighbour_evidence
2020-01-01	2026-08-04	NM_007294.4:c.286_288delinsCAT	p.Asp96His	missense	VUS	VUS	2	4	MISSING_FUNCTIONAL	MISSING_FUNCTIONAL	PM5:moderate		neighbour_evidence
2020-01-01	2026-08-04	NM_007294.4:c.286_288delinsCCA	p.Asp96Pro	missense	VUS	VUS	2	4	MISSING_FUNCTIONAL	MISSING_FUNCTIONAL	PM5:moderate		neighbour_evidence
2020-01-01	2026-08-04	NM_007294.4:c.286_287delinsCC	p.Asp96Pro	missense	VUS	VUS	2	4	MISSING_FUNCTIONAL	MISSING_FUNCTIONAL	PM5:moderate		neighbour_evidence
2020-01-01	2026-08-04	NM_007294.4:c.286_288delinsCCG	p.Asp96Pro	missense	VUS	VUS	2	4	MISSING_FUNCTIONAL	MISSING_FUNCTIONAL	PM5:moderate		neighbour_evidence
2020-01-01	2026-08-04	NM_007294.4:c.286_288delinsCCT	p.Asp96Pro	missense	VUS	VUS	2	4	MISSING_FUNCTIONAL	MISSING_FUNCTIONAL	PM5:moderate		neighbour_evidence
2020-01-01	2026-08-04	NM_007294.4:c.286_288delinsCGA	p.Asp96Arg	missense	VUS	VUS	2	4	MISSING_FUNCTIONAL	MISSING_FUNCTIONAL	PM5:moderate		neighbour_evidence
2020-01-01	2026-08-04	NM_007294.4:c.286_287delinsCG	p.Asp96Arg	missense	VUS	VUS	2	4	MISSING_FUNCTIONAL	MISSING_FUNCTIONAL	PM5:moderate		neighbour_evidence
2020-01-01	2026-08-04	NM_007294.4:c.286_288delinsCGG	p.Asp96Arg	missense	VUS	VUS	2	4	MISSING_FUNCTIONAL	MISSING_FUNCTIONAL	PM5:moderate		neighbour_evidence
2020-01-01	2026-08-04	NM_007294.4:c.286_288delinsCGT	p.Asp96Arg	missense	VUS	VUS	2	4	MISSING_FUNCTIONAL	MISSING_FUNCTIONAL	PM5:moderate		neighbour_evidence
2020-01-01	2026-08-04	NM_007294.4:c.286_288delinsCTA	p.Asp96Leu	missense	VUS	VUS	2	4	MISSING_FUNCTIONAL	MISSING_FUNCTIONAL	PM5:moderate		neighbour_evidence
2020-01-01	2026-08-04	NM_007294.4:c.286_287delinsCT	p.Asp96Leu	missense	VUS	VUS	2	4	MISSING_FUNCTIONAL	MISSING_FUNCTIONAL	PM5:moderate		neighbour_evidence
2020-01-01	2026-08-04	NM_007294.4:c.286_288delinsCTG	p.Asp96Leu	missense	VUS	VUS	2	4	MISSING_FUNCTIONAL	MISSING_FUNCTIONAL	PM5:moderate		neighbour_evidence
2020-01-01	2026-08-04	NM_007294.4:c.286_288delinsCTT	p.Asp96Leu	missense	VUS	VUS	2	4	MISSING_FUNCTIONAL	MISSING_FUNCTIONAL	PM5:moderate		neighbour_evidence
2020-01-01	2026-08-04	NM_007294.4:c.287_288delinsCA	p.Asp96Ala	missense	VUS	LP	2	8	MISSING_FUNCTIONAL	RESOLVED_NOT_BLOCKED	PM5:moderate;PS1:strong		neighbour_evidence
2020-01-01	2026-08-04	NM_007294.4:c.287_288delinsCG	p.Asp96Ala	missense	VUS	LP	2	8	MISSING_FUNCTIONAL	RESOLVED_NOT_BLOCKED	PM5:moderate;PS1:strong		neighbour_evidence
2020-01-01	2026-08-04	NM_007294.4:c.287_288delinsCT	p.Asp96Ala	missense	VUS	LP	2	8	MISSING_FUNCTIONAL	RESOLVED_NOT_BLOCKED	PM5:moderate;PS1:strong		neighbour_evidence
2020-01-01	2026-08-04	NM_007294.4:c.287_288delinsGA	p.Asp96Gly	missense	VUS	LP	2	8	MISSING_FUNCTIONAL	RESOLVED_NOT_BLOCKED	PM5:moderate;PS1:strong		neighbour_evidence
2020-01-01	2026-08-04	NM_007294.4:c.287_288delinsGG	p.Asp96Gly	missense	VUS	LP	2	8	MISSING_FUNCTIONAL	RESOLVED_NOT_BLOCKED	PM5:moderate;PS1:strong		neighbour_evidence
2020-01-01	2026-08-04	NM_007294.4:c.287_288delinsGT	p.Asp96Gly	missense	VUS	LP	2	8	MISSING_FUNCTIONAL	RESOLVED_NOT_BLOCKED	PM5:moderate;PS1:strong		neighbour_evidence
2020-01-01	2026-08-04	NM_007294.4:c.287_288delinsTA	p.Asp96Val	missense	VUS	LP	2	8	MISSING_FUNCTIONAL	RESOLVED_NOT_BLOCKED	PM5:moderate;PS1:strong		neighbour_evidence
2020-01-01	2026-08-04	NM_007294.4:c.287_288delinsTG	p.Asp96Val	missense	VUS	LP	2	8	MISSING_FUNCTIONAL	RESOLVED_NOT_BLOCKED	PM5:moderate;PS1:strong		neighbour_evidence
2020-01-01	2026-08-04	NM_007294.4:c.287_288delinsTT	p.Asp96Val	missense	VUS	LP	2	8	MISSING_FUNCTIONAL	RESOLVED_NOT_BLOCKED	PM5:moderate;PS1:strong		neighbour_evidence
2020-01-01	2026-08-04	NM_007294.4:c.286_288delinsTAT	p.Asp96Tyr	missense	VUS	VUS	2	4	MISSING_FUNCTIONAL	MISSING_FUNCTIONAL	PM5:moderate		neighbour_evidence
2020-01-01	2026-08-04	NM_007294.4:c.286_288delinsTCA	p.Asp96Ser	missense	VUS	VUS	2	4	MISSING_FUNCTIONAL	MISSING_FUNCTIONAL	PM5:moderate		neighbour_evidence
2020-01-01	2026-08-04	NM_007294.4:c.286_287delinsTC	p.Asp96Ser	missense	VUS	VUS	2	4	MISSING_FUNCTIONAL	MISSING_FUNCTIONAL	PM5:moderate		neighbour_evidence
2020-01-01	2026-08-04	NM_007294.4:c.286_288delinsTCG	p.Asp96Ser	missense	VUS	VUS	2	4	MISSING_FUNCTIONAL	MISSING_FUNCTIONAL	PM5:moderate		neighbour_evidence
2020-01-01	2026-08-04	NM_007294.4:c.286_288delinsTCT	p.Asp96Ser	missense	VUS	VUS	2	4	MISSING_FUNCTIONAL	MISSING_FUNCTIONAL	PM5:moderate		neighbour_evidence
2020-01-01	2026-08-04	NM_007294.4:c.286_287delinsTG	p.Asp96Cys	missense	VUS	VUS	2	4	MISSING_FUNCTIONAL	MISSING_FUNCTIONAL	PM5:moderate		neighbour_evidence
2020-01-01	2026-08-04	NM_007294.4:c.286_288delinsTGG	p.Asp96Trp	missense	VUS	VUS	2	4	MISSING_FUNCTIONAL	MISSING_FUNCTIONAL	PM5:moderate		neighbour_evidence
2020-01-01	2026-08-04	NM_007294.4:c.286_288delinsTGT	p.Asp96Cys	missense	VUS	VUS	2	4	MISSING_FUNCTIONAL	MISSING_FUNCTIONAL	PM5:moderate		neighbour_evidence
2020-01-01	2026-08-04	NM_007294.4:c.286_288delinsTTA	p.Asp96Leu	missense	VUS	VUS	2	4	MISSING_FUNCTIONAL	MISSING_FUNCTIONAL	PM5:moderate		neighbour_evidence
2020-01-01	2026-08-04	NM_007294.4:c.286_287delinsTT	p.Asp96Phe	missense	VUS	VUS	2	4	MISSING_FUNCTIONAL	MISSING_FUNCTIONAL	PM5:moderate		neighbour_evidence
2020-01-01	2026-08-04	NM_007294.4:c.286_288delinsTTG	p.Asp96Leu	missense	VUS	VUS	2	4	MISSING_FUNCTIONAL	MISSING_FUNCTIONAL	PM5:moderate		neighbour_evidence
2020-01-01	2026-08-04	NM_007294.4:c.286_288delinsTTT	p.Asp96Phe	missense	VUS	VUS	2	4	MISSING_FUNCTIONAL	MISSING_FUNCTIONAL	PM5:moderate		neighbour_evidence
2020-01-01	2026-08-04	NM_007294.4:c.952_954delinsAAA	p.His318Lys	missense	VUS	VUS	0	2	MISSING_FUNCTIONAL	MISSING_FUNCTIONAL	PM5:moderate		neighbour_evidence
2020-01-01	2026-08-04	NM_007294.4:c.952_954delinsAAC	p.His318Asn	missense	VUS	VUS	0	2	MISSING_FUNCTIONAL	MISSING_FUNCTIONAL	PM5:moderate		neighbour_evidence
2020-01-01	2026-08-04	NM_007294.4:c.952_954delinsAAG	p.His318Lys	missense	VUS	VUS	0	2	MISSING_FUNCTIONAL	MISSING_FUNCTIONAL	PM5:moderate		neighbour_evidence
2020-01-01	2026-08-04	NM_007294.4:c.952_954delinsACA	p.His318Thr	missense	VUS	VUS	0	2	MISSING_FUNCTIONAL	MISSING_FUNCTIONAL	PM5:moderate		neighbour_evidence
2020-01-01	2026-08-04	NM_007294.4:c.952_954delinsACC	p.His318Thr	missense	VUS	VUS	0	2	MISSING_FUNCTIONAL	MISSING_FUNCTIONAL	PM5:moderate		neighbour_evidence
2020-01-01	2026-08-04	NM_007294.4:c.952_954delinsACG	p.His318Thr	missense	VUS	VUS	0	2	MISSING_FUNCTIONAL	MISSING_FUNCTIONAL	PM5:moderate		neighbour_evidence
2020-01-01	2026-08-04	NM_007294.4:c.952_953delinsAC	p.His318Thr	missense	VUS	VUS	0	2	MISSING_FUNCTIONAL	MISSING_FUNCTIONAL	PM5:moderate		neighbour_evidence
2020-01-01	2026-08-04	NM_007294.4:c.952_954delinsAGA	p.His318Arg	missense	VUS	VUS	0	2	MISSING_FUNCTIONAL	MISSING_FUNCTIONAL	PM5:moderate		neighbour_evidence
2020-01-01	2026-08-04	NM_007294.4:c.952_954delinsAGC	p.His318Ser	missense	VUS	VUS	0	2	MISSING_FUNCTIONAL	MISSING_FUNCTIONAL	PM5:moderate		neighbour_evidence
2020-01-01	2026-08-04	NM_007294.4:c.952_954delinsAGG	p.His318Arg	missense	VUS	VUS	0	2	MISSING_FUNCTIONAL	MISSING_FUNCTIONAL	PM5:moderate		neighbour_evidence
2020-01-01	2026-08-04	NM_007294.4:c.952_953delinsAG	p.His318Ser	missense	VUS	VUS	0	2	MISSING_FUNCTIONAL	MISSING_FUNCTIONAL	PM5:moderate		neighbour_evidence
2020-01-01	2026-08-04	NM_007294.4:c.952_954delinsATA	p.His318Ile	missense	VUS	VUS	0	2	MISSING_FUNCTIONAL	MISSING_FUNCTIONAL	PM5:moderate		neighbour_evidence
2020-01-01	2026-08-04	NM_007294.4:c.952_954delinsATC	p.His318Ile	missense	VUS	VUS	0	2	MISSING_FUNCTIONAL	MISSING_FUNCTIONAL	PM5:moderate		neighbour_evidence
2020-01-01	2026-08-04	NM_007294.4:c.952_954delinsATG	p.His318Met	missense	VUS	VUS	0	2	MISSING_FUNCTIONAL	MISSING_FUNCTIONAL	PM5:moderate		neighbour_evidence
2020-01-01	2026-08-04	NM_007294.4:c.952_953delinsAT	p.His318Ile	missense	VUS	VUS	0	2	MISSING_FUNCTIONAL	MISSING_FUNCTIONAL	PM5:moderate		neighbour_evidence
2020-01-01	2026-08-04	NM_007294.4:c.953_954delinsCA	p.His318Pro	missense	VUS	VUS	0	2	MISSING_FUNCTIONAL	MISSING_FUNCTIONAL	PM5:moderate		neighbour_evidence
2020-01-01	2026-08-04	NM_007294.4:c.953_954delinsCC	p.His318Pro	missense	VUS	VUS	0	2	MISSING_FUNCTIONAL	MISSING_FUNCTIONAL	PM5:moderate		neighbour_evidence
2020-01-01	2026-08-04	NM_007294.4:c.953_954delinsCG	p.His318Pro	missense	VUS	VUS	0	2	MISSING_FUNCTIONAL	MISSING_FUNCTIONAL	PM5:moderate		neighbour_evidence
2020-01-01	2026-08-04	NM_007294.4:c.953_954delinsGA	p.His318Arg	missense	VUS	VUS	0	2	MISSING_FUNCTIONAL	MISSING_FUNCTIONAL	PM5:moderate		neighbour_evidence
2020-01-01	2026-08-04	NM_007294.4:c.953_954delinsGC	p.His318Arg	missense	VUS	VUS	0	2	MISSING_FUNCTIONAL	MISSING_FUNCTIONAL	PM5:moderate		neighbour_evidence
2020-01-01	2026-08-04	NM_007294.4:c.953_954delinsGG	p.His318Arg	missense	VUS	VUS	0	2	MISSING_FUNCTIONAL	MISSING_FUNCTIONAL	PM5:moderate		neighbour_evidence
2020-01-01	2026-08-04	NM_007294.4:c.953_954delinsTA	p.His318Leu	missense	VUS	VUS	0	4	MISSING_FUNCTIONAL	MISSING_FUNCTIONAL	PS1:strong		neighbour_evidence
2020-01-01	2026-08-04	NM_007294.4:c.953_954delinsTC	p.His318Leu	missense	VUS	VUS	0	4	MISSING_FUNCTIONAL	MISSING_FUNCTIONAL	PS1:strong		neighbour_evidence
2020-01-01	2026-08-04	NM_007294.4:c.953_954delinsTG	p.His318Leu	missense	VUS	VUS	0	4	MISSING_FUNCTIONAL	MISSING_FUNCTIONAL	PS1:strong		neighbour_evidence
2020-01-01	2026-08-04	NM_007294.4:c.952_954delinsGAA	p.His318Glu	missense	VUS	VUS	0	2	MISSING_FUNCTIONAL	MISSING_FUNCTIONAL	PM5:moderate		neighbour_evidence
2020-01-01	2026-08-04	NM_007294.4:c.952_954delinsGAC	p.His318Asp	missense	VUS	VUS	0	2	MISSING_FUNCTIONAL	MISSING_FUNCTIONAL	PM5:moderate		neighbour_evidence
2020-01-01	2026-08-04	NM_007294.4:c.952_954delinsGAG	p.His318Glu	missense	VUS	VUS	0	2	MISSING_FUNCTIONAL	MISSING_FUNCTIONAL	PM5:moderate		neighbour_evidence
2020-01-01	2026-08-04	NM_007294.4:c.952_954delinsGCA	p.His318Ala	missense	VUS	VUS	0	2	MISSING_FUNCTIONAL	MISSING_FUNCTIONAL	PM5:moderate		neighbour_evidence
2020-01-01	2026-08-04	NM_007294.4:c.952_954delinsGCC	p.His318Ala	missense	VUS	VUS	0	2	MISSING_FUNCTIONAL	MISSING_FUNCTIONAL	PM5:moderate		neighbour_evidence
2020-01-01	2026-08-04	NM_007294.4:c.952_954delinsGCG	p.His318Ala	missense	VUS	VUS	0	2	MISSING_FUNCTIONAL	MISSING_FUNCTIONAL	PM5:moderate		neighbour_evidence
2020-01-01	2026-08-04	NM_007294.4:c.952_953delinsGC	p.His318Ala	missense	VUS	VUS	0	2	MISSING_FUNCTIONAL	MISSING_FUNCTIONAL	PM5:moderate		neighbour_evidence
2020-01-01	2026-08-04	NM_007294.4:c.952_954delinsGGA	p.His318Gly	missense	VUS	VUS	0	2	MISSING_FUNCTIONAL	MISSING_FUNCTIONAL	PM5:moderate		neighbour_evidence
2020-01-01	2026-08-04	NM_007294.4:c.952_954delinsGGC	p.His318Gly	missense	VUS	VUS	0	2	MISSING_FUNCTIONAL	MISSING_FUNCTIONAL	PM5:moderate		neighbour_evidence
2020-01-01	2026-08-04	NM_007294.4:c.952_954delinsGGG	p.His318Gly	missense	VUS	VUS	0	2	MISSING_FUNCTIONAL	MISSING_FUNCTIONAL	PM5:moderate		neighbour_evidence
2020-01-01	2026-08-04	NM_007294.4:c.952_953delinsGG	p.His318Gly	missense	VUS	VUS	0	2	MISSING_FUNCTIONAL	MISSING_FUNCTIONAL	PM5:moderate		neighbour_evidence
2020-01-01	2026-08-04	NM_007294.4:c.952_954delinsGTA	p.His318Val	missense	VUS	VUS	0	2	MISSING_FUNCTIONAL	MISSING_FUNCTIONAL	PM5:moderate		neighbour_evidence
2020-01-01	2026-08-04	NM_007294.4:c.952_954delinsGTC	p.His318Val	missense	VUS	VUS	0	2	MISSING_FUNCTIONAL	MISSING_FUNCTIONAL	PM5:moderate		neighbour_evidence
2020-01-01	2026-08-04	NM_007294.4:c.952_954delinsGTG	p.His318Val	missense	VUS	VUS	0	2	MISSING_FUNCTIONAL	MISSING_FUNCTIONAL	PM5:moderate		neighbour_evidence
2020-01-01	2026-08-04	NM_007294.4:c.952_953delinsGT	p.His318Val	missense	VUS	VUS	0	2	MISSING_FUNCTIONAL	MISSING_FUNCTIONAL	PM5:moderate		neighbour_evidence
2020-01-01	2026-08-04	NM_007294.4:c.952_954delinsTAC	p.His318Tyr	missense	VUS	VUS	0	2	MISSING_FUNCTIONAL	MISSING_FUNCTIONAL	PM5:moderate		neighbour_evidence
2020-01-01	2026-08-04	NM_007294.4:c.952_954delinsTCA	p.His318Ser	missense	VUS	VUS	0	2	MISSING_FUNCTIONAL	MISSING_FUNCTIONAL	PM5:moderate		neighbour_evidence
2020-01-01	2026-08-04	NM_007294.4:c.952_954delinsTCC	p.His318Ser	missense	VUS	VUS	0	2	MISSING_FUNCTIONAL	MISSING_FUNCTIONAL	PM5:moderate		neighbour_evidence
2020-01-01	2026-08-04	NM_007294.4:c.952_954delinsTCG	p.His318Ser	missense	VUS	VUS	0	2	MISSING_FUNCTIONAL	MISSING_FUNCTIONAL	PM5:moderate		neighbour_evidence
2020-01-01	2026-08-04	NM_007294.4:c.952_953delinsTC	p.His318Ser	missense	VUS	VUS	0	2	MISSING_FUNCTIONAL	MISSING_FUNCTIONAL	PM5:moderate		neighbour_evidence
2020-01-01	2026-08-04	NM_007294.4:c.952_954delinsTGC	p.His318Cys	missense	VUS	VUS	0	2	MISSING_FUNCTIONAL	MISSING_FUNCTIONAL	PM5:moderate		neighbour_evidence
2020-01-01	2026-08-04	NM_007294.4:c.952_954delinsTGG	p.His318Trp	missense	VUS	VUS	0	2	MISSING_FUNCTIONAL	MISSING_FUNCTIONAL	PM5:moderate		neighbour_evidence
2020-01-01	2026-08-04	NM_007294.4:c.952_953delinsTG	p.His318Cys	missense	VUS	VUS	0	2	MISSING_FUNCTIONAL	MISSING_FUNCTIONAL	PM5:moderate		neighbour_evidence
2020-01-01	2026-08-04	NM_007294.4:c.952_954delinsTTA	p.His318Leu	missense	VUS	VUS	0	4	MISSING_FUNCTIONAL	MISSING_FUNCTIONAL	PS1:strong		neighbour_evidence
2020-01-01	2026-08-04	NM_007294.4:c.952_954delinsTTC	p.His318Phe	missense	VUS	VUS	0	2	MISSING_FUNCTIONAL	MISSING_FUNCTIONAL	PM5:moderate		neighbour_evidence
2020-01-01	2026-08-04	NM_007294.4:c.952_954delinsTTG	p.His318Leu	missense	VUS	VUS	0	4	MISSING_FUNCTIONAL	MISSING_FUNCTIONAL	PS1:strong		neighbour_evidence
2020-01-01	2026-08-04	NM_007294.4:c.952_953delinsTT	p.His318Phe	missense	VUS	VUS	0	2	MISSING_FUNCTIONAL	MISSING_FUNCTIONAL	PM5:moderate		neighbour_evidence
2020-01-01	2026-08-04	NM_007294.4:c.4183_4185delinsAAA	p.Gln1395Lys	missense	VUS	VUS	0	2	MISSING_FUNCTIONAL	MISSING_FUNCTIONAL	PM5:moderate		neighbour_evidence
2020-01-01	2026-08-04	NM_007294.4:c.4183_4185delinsAAC	p.Gln1395Asn	missense	VUS	VUS	0	2	MISSING_FUNCTIONAL	MISSING_FUNCTIONAL	PM5:moderate		neighbour_evidence
2020-01-01	2026-08-04	NM_007294.4:c.4183_4185delinsAAT	p.Gln1395Asn	missense	VUS	VUS	0	2	MISSING_FUNCTIONAL	MISSING_FUNCTIONAL	PM5:moderate		neighbour_evidence
2020-01-01	2026-08-04	NM_007294.4:c.4183_4185delinsACA	p.Gln1395Thr	missense	VUS	VUS	0	2	MISSING_FUNCTIONAL	MISSING_FUNCTIONAL	PM5:moderate		neighbour_evidence
2020-01-01	2026-08-04	NM_007294.4:c.4183_4185delinsACC	p.Gln1395Thr	missense	VUS	VUS	0	2	MISSING_FUNCTIONAL	MISSING_FUNCTIONAL	PM5:moderate		neighbour_evidence
2020-01-01	2026-08-04	NM_007294.4:c.4183_4184delinsAC	p.Gln1395Thr	missense	VUS	VUS	0	2	MISSING_FUNCTIONAL	MISSING_FUNCTIONAL	PM5:moderate		neighbour_evidence
2020-01-01	2026-08-04	NM_007294.4:c.4183_4185delinsACT	p.Gln1395Thr	missense	VUS	VUS	0	2	MISSING_FUNCTIONAL	MISSING_FUNCTIONAL	PM5:moderate		neighbour_evidence
2020-01-01	2026-08-04	NM_007294.4:c.4183_4185delinsAGA	p.Gln1395Arg	missense	VUS	VUS	0	2	MISSING_FUNCTIONAL	MISSING_FUNCTIONAL	PM5:moderate		neighbour_evidence
2020-01-01	2026-08-04	NM_007294.4:c.4183_4185delinsAGC	p.Gln1395Ser	missense	VUS	VUS	0	2	MISSING_FUNCTIONAL	MISSING_FUNCTIONAL	PM5:moderate		neighbour_evidence
2020-01-01	2026-08-04	NM_007294.4:c.4183_4184delinsAG	p.Gln1395Arg	missense	VUS	VUS	0	2	MISSING_FUNCTIONAL	MISSING_FUNCTIONAL	PM5:moderate		neighbour_evidence
2020-01-01	2026-08-04	NM_007294.4:c.4183_4185delinsAGT	p.Gln1395Ser	missense	VUS	VUS	0	2	MISSING_FUNCTIONAL	MISSING_FUNCTIONAL	PM5:moderate		neighbour_evidence
2020-01-01	2026-08-04	NM_007294.4:c.4183_4185delinsATA	p.Gln1395Ile	missense	VUS	VUS	0	2	MISSING_FUNCTIONAL	MISSING_FUNCTIONAL	PM5:moderate		neighbour_evidence
2020-01-01	2026-08-04	NM_007294.4:c.4183_4185delinsATC	p.Gln1395Ile	missense	VUS	VUS	0	2	MISSING_FUNCTIONAL	MISSING_FUNCTIONAL	PM5:moderate		neighbour_evidence
2020-01-01	2026-08-04	NM_007294.4:c.4183_4184delinsAT	p.Gln1395Met	missense	VUS	VUS	0	2	MISSING_FUNCTIONAL	MISSING_FUNCTIONAL	PM5:moderate		neighbour_evidence
2020-01-01	2026-08-04	NM_007294.4:c.4183_4185delinsATT	p.Gln1395Ile	missense	VUS	VUS	0	2	MISSING_FUNCTIONAL	MISSING_FUNCTIONAL	PM5:moderate		neighbour_evidence
2020-01-01	2026-08-04	NM_007294.4:c.4184_4185delinsCA	p.Gln1395Pro	missense	VUS	VUS	0	2	MISSING_FUNCTIONAL	MISSING_FUNCTIONAL	PM5:moderate		neighbour_evidence
2020-01-01	2026-08-04	NM_007294.4:c.4184_4185delinsCC	p.Gln1395Pro	missense	VUS	VUS	0	2	MISSING_FUNCTIONAL	MISSING_FUNCTIONAL	PM5:moderate		neighbour_evidence
2020-01-01	2026-08-04	NM_007294.4:c.4184_4185delinsCT	p.Gln1395Pro	missense	VUS	VUS	0	2	MISSING_FUNCTIONAL	MISSING_FUNCTIONAL	PM5:moderate		neighbour_evidence
2020-01-01	2026-08-04	NM_007294.4:c.4184_4185delinsGA	p.Gln1395Arg	missense	VUS	VUS	0	2	MISSING_FUNCTIONAL	MISSING_FUNCTIONAL	PM5:moderate		neighbour_evidence
2020-01-01	2026-08-04	NM_007294.4:c.4184_4185delinsGC	p.Gln1395Arg	missense	VUS	VUS	0	2	MISSING_FUNCTIONAL	MISSING_FUNCTIONAL	PM5:moderate		neighbour_evidence
2020-01-01	2026-08-04	NM_007294.4:c.4184_4185delinsGT	p.Gln1395Arg	missense	VUS	VUS	0	2	MISSING_FUNCTIONAL	MISSING_FUNCTIONAL	PM5:moderate		neighbour_evidence
2020-01-01	2026-08-04	NM_007294.4:c.4184_4185delinsTA	p.Gln1395Leu	missense	VUS	VUS	0	2	MISSING_FUNCTIONAL	MISSING_FUNCTIONAL	PM5:moderate		neighbour_evidence
2020-01-01	2026-08-04	NM_007294.4:c.4184_4185delinsTC	p.Gln1395Leu	missense	VUS	VUS	0	2	MISSING_FUNCTIONAL	MISSING_FUNCTIONAL	PM5:moderate		neighbour_evidence
2020-01-01	2026-08-04	NM_007294.4:c.4184_4185delinsTT	p.Gln1395Leu	missense	VUS	VUS	0	2	MISSING_FUNCTIONAL	MISSING_FUNCTIONAL	PM5:moderate		neighbour_evidence
2020-01-01	2026-08-04	NM_007294.4:c.4183_4185delinsGAA	p.Gln1395Glu	missense	VUS	VUS	0	2	MISSING_FUNCTIONAL	MISSING_FUNCTIONAL	PM5:moderate		neighbour_evidence
2020-01-01	2026-08-04	NM_007294.4:c.4183_4185delinsGAC	p.Gln1395Asp	missense	VUS	VUS	0	2	MISSING_FUNCTIONAL	MISSING_FUNCTIONAL	PM5:moderate		neighbour_evidence
2020-01-01	2026-08-04	NM_007294.4:c.4183_4185delinsGAT	p.Gln1395Asp	missense	VUS	VUS	0	2	MISSING_FUNCTIONAL	MISSING_FUNCTIONAL	PM5:moderate		neighbour_evidence
2020-01-01	2026-08-04	NM_007294.4:c.4183_4185delinsGCA	p.Gln1395Ala	missense	VUS	VUS	0	2	MISSING_FUNCTIONAL	MISSING_FUNCTIONAL	PM5:moderate		neighbour_evidence
2020-01-01	2026-08-04	NM_007294.4:c.4183_4185delinsGCC	p.Gln1395Ala	missense	VUS	VUS	0	2	MISSING_FUNCTIONAL	MISSING_FUNCTIONAL	PM5:moderate		neighbour_evidence
2020-01-01	2026-08-04	NM_007294.4:c.4183_4184delinsGC	p.Gln1395Ala	missense	VUS	VUS	0	2	MISSING_FUNCTIONAL	MISSING_FUNCTIONAL	PM5:moderate		neighbour_evidence
2020-01-01	2026-08-04	NM_007294.4:c.4183_4185delinsGCT	p.Gln1395Ala	missense	VUS	VUS	0	2	MISSING_FUNCTIONAL	MISSING_FUNCTIONAL	PM5:moderate		neighbour_evidence
2020-01-01	2026-08-04	NM_007294.4:c.4183_4185delinsGGA	p.Gln1395Gly	missense	VUS	VUS	0	2	MISSING_FUNCTIONAL	MISSING_FUNCTIONAL	PM5:moderate		neighbour_evidence
2020-01-01	2026-08-04	NM_007294.4:c.4183_4185delinsGGC	p.Gln1395Gly	missense	VUS	VUS	0	2	MISSING_FUNCTIONAL	MISSING_FUNCTIONAL	PM5:moderate		neighbour_evidence
2020-01-01	2026-08-04	NM_007294.4:c.4183_4184delinsGG	p.Gln1395Gly	missense	VUS	VUS	0	2	MISSING_FUNCTIONAL	MISSING_FUNCTIONAL	PM5:moderate		neighbour_evidence
2020-01-01	2026-08-04	NM_007294.4:c.4183_4185delinsGGT	p.Gln1395Gly	missense	VUS	VUS	0	2	MISSING_FUNCTIONAL	MISSING_FUNCTIONAL	PM5:moderate		neighbour_evidence
2020-01-01	2026-08-04	NM_007294.4:c.4183_4185delinsGTA	p.Gln1395Val	missense	VUS	VUS	0	2	MISSING_FUNCTIONAL	MISSING_FUNCTIONAL	PM5:moderate		neighbour_evidence
2020-01-01	2026-08-04	NM_007294.4:c.4183_4185delinsGTC	p.Gln1395Val	missense	VUS	VUS	0	2	MISSING_FUNCTIONAL	MISSING_FUNCTIONAL	PM5:moderate		neighbour_evidence
2020-01-01	2026-08-04	NM_007294.4:c.4183_4184delinsGT	p.Gln1395Val	missense	VUS	VUS	0	2	MISSING_FUNCTIONAL	MISSING_FUNCTIONAL	PM5:moderate		neighbour_evidence
2020-01-01	2026-08-04	NM_007294.4:c.4183_4185delinsGTT	p.Gln1395Val	missense	VUS	VUS	0	2	MISSING_FUNCTIONAL	MISSING_FUNCTIONAL	PM5:moderate		neighbour_evidence
2020-01-01	2026-08-04	NM_007294.4:c.4183_4185delinsTAC	p.Gln1395Tyr	missense	VUS	VUS	0	2	MISSING_FUNCTIONAL	MISSING_FUNCTIONAL	PM5:moderate		neighbour_evidence
2020-01-01	2026-08-04	NM_007294.4:c.4183_4185delinsTAT	p.Gln1395Tyr	missense	VUS	VUS	0	2	MISSING_FUNCTIONAL	MISSING_FUNCTIONAL	PM5:moderate		neighbour_evidence
2020-01-01	2026-08-04	NM_007294.4:c.4183_4185delinsTCA	p.Gln1395Ser	missense	VUS	VUS	0	2	MISSING_FUNCTIONAL	MISSING_FUNCTIONAL	PM5:moderate		neighbour_evidence
2020-01-01	2026-08-04	NM_007294.4:c.4183_4185delinsTCC	p.Gln1395Ser	missense	VUS	VUS	0	2	MISSING_FUNCTIONAL	MISSING_FUNCTIONAL	PM5:moderate		neighbour_evidence
2020-01-01	2026-08-04	NM_007294.4:c.4183_4184delinsTC	p.Gln1395Ser	missense	VUS	VUS	0	2	MISSING_FUNCTIONAL	MISSING_FUNCTIONAL	PM5:moderate		neighbour_evidence
2020-01-01	2026-08-04	NM_007294.4:c.4183_4185delinsTCT	p.Gln1395Ser	missense	VUS	VUS	0	2	MISSING_FUNCTIONAL	MISSING_FUNCTIONAL	PM5:moderate		neighbour_evidence
2020-01-01	2026-08-04	NM_007294.4:c.4183_4185delinsTGC	p.Gln1395Cys	missense	VUS	VUS	0	2	MISSING_FUNCTIONAL	MISSING_FUNCTIONAL	PM5:moderate		neighbour_evidence
2020-01-01	2026-08-04	NM_007294.4:c.4183_4184delinsTG	p.Gln1395Trp	missense	VUS	VUS	0	2	MISSING_FUNCTIONAL	MISSING_FUNCTIONAL	PM5:moderate		neighbour_evidence
2020-01-01	2026-08-04	NM_007294.4:c.4183_4185delinsTGT	p.Gln1395Cys	missense	VUS	VUS	0	2	MISSING_FUNCTIONAL	MISSING_FUNCTIONAL	PM5:moderate		neighbour_evidence
2020-01-01	2026-08-04	NM_007294.4:c.4183_4185delinsTTA	p.Gln1395Leu	missense	VUS	VUS	0	2	MISSING_FUNCTIONAL	MISSING_FUNCTIONAL	PM5:moderate		neighbour_evidence
2020-01-01	2026-08-04	NM_007294.4:c.4183_4185delinsTTC	p.Gln1395Phe	missense	VUS	VUS	0	2	MISSING_FUNCTIONAL	MISSING_FUNCTIONAL	PM5:moderate		neighbour_evidence
2020-01-01	2026-08-04	NM_007294.4:c.4183_4184delinsTT	p.Gln1395Leu	missense	VUS	VUS	0	2	MISSING_FUNCTIONAL	MISSING_FUNCTIONAL	PM5:moderate		neighbour_evidence
2020-01-01	2026-08-04	NM_007294.4:c.4183_4185delinsTTT	p.Gln1395Phe	missense	VUS	VUS	0	2	MISSING_FUNCTIONAL	MISSING_FUNCTIONAL	PM5:moderate		neighbour_evidence
2020-01-01	2026-08-04	NM_007294.4:c.4232_4233delinsAA	p.Met1411Lys	missense	VUS	VUS	0	2	MISSING_FUNCTIONAL	MISSING_FUNCTIONAL	PM5:moderate		neighbour_evidence
2020-01-01	2026-08-04	NM_007294.4:c.4232_4233delinsAC	p.Met1411Asn	missense	VUS	VUS	0	2	MISSING_FUNCTIONAL	MISSING_FUNCTIONAL	PM5:moderate		neighbour_evidence
2020-01-01	2026-08-04	NM_007294.4:c.4232_4233delinsAT	p.Met1411Asn	missense	VUS	VUS	0	2	MISSING_FUNCTIONAL	MISSING_FUNCTIONAL	PM5:moderate		neighbour_evidence
2020-01-01	2026-08-04	NM_007294.4:c.4232_4233delinsCA	p.Met1411Thr	missense	VUS	VUS	0	4	MISSING_FUNCTIONAL	MISSING_FUNCTIONAL	PS1:strong		neighbour_evidence
2020-01-01	2026-08-04	NM_007294.4:c.4232_4233delinsCC	p.Met1411Thr	missense	VUS	VUS	0	4	MISSING_FUNCTIONAL	MISSING_FUNCTIONAL	PS1:strong		neighbour_evidence
2020-01-01	2026-08-04	NM_007294.4:c.4232_4233delinsCT	p.Met1411Thr	missense	VUS	VUS	0	4	MISSING_FUNCTIONAL	MISSING_FUNCTIONAL	PS1:strong		neighbour_evidence
2020-01-01	2026-08-04	NM_007294.4:c.4232_4233delinsGA	p.Met1411Arg	missense	VUS	VUS	0	2	MISSING_FUNCTIONAL	MISSING_FUNCTIONAL	PM5:moderate		neighbour_evidence
2020-01-01	2026-08-04	NM_007294.4:c.4232_4233delinsGC	p.Met1411Ser	missense	VUS	VUS	0	2	MISSING_FUNCTIONAL	MISSING_FUNCTIONAL	PM5:moderate		neighbour_evidence
2020-01-01	2026-08-04	NM_007294.4:c.4232_4233delinsGT	p.Met1411Ser	missense	VUS	VUS	0	2	MISSING_FUNCTIONAL	MISSING_FUNCTIONAL	PM5:moderate		neighbour_evidence
2020-01-01	2026-08-04	NM_007294.4:c.4231_4233delinsCAA	p.Met1411Gln	missense	VUS	VUS	0	2	MISSING_FUNCTIONAL	MISSING_FUNCTIONAL	PM5:moderate		neighbour_evidence
2020-01-01	2026-08-04	NM_007294.4:c.4231_4233delinsCAC	p.Met1411His	missense	VUS	VUS	0	2	MISSING_FUNCTIONAL	MISSING_FUNCTIONAL	PM5:moderate		neighbour_evidence
2020-01-01	2026-08-04	NM_007294.4:c.4231_4232delinsCA	p.Met1411Gln	missense	VUS	VUS	0	2	MISSING_FUNCTIONAL	MISSING_FUNCTIONAL	PM5:moderate		neighbour_evidence
2020-01-01	2026-08-04	NM_007294.4:c.4231_4233delinsCAT	p.Met1411His	missense	VUS	VUS	0	2	MISSING_FUNCTIONAL	MISSING_FUNCTIONAL	PM5:moderate		neighbour_evidence
2020-01-01	2026-08-04	NM_007294.4:c.4231_4233delinsCCA	p.Met1411Pro	missense	VUS	VUS	0	2	MISSING_FUNCTIONAL	MISSING_FUNCTIONAL	PM5:moderate		neighbour_evidence
2020-01-01	2026-08-04	NM_007294.4:c.4231_4233delinsCCC	p.Met1411Pro	missense	VUS	VUS	0	2	MISSING_FUNCTIONAL	MISSING_FUNCTIONAL	PM5:moderate		neighbour_evidence
2020-01-01	2026-08-04	NM_007294.4:c.4231_4232delinsCC	p.Met1411Pro	missense	VUS	VUS	0	2	MISSING_FUNCTIONAL	MISSING_FUNCTIONAL	PM5:moderate		neighbour_evidence
2020-01-01	2026-08-04	NM_007294.4:c.4231_4233delinsCCT	p.Met1411Pro	missense	VUS	VUS	0	2	MISSING_FUNCTIONAL	MISSING_FUNCTIONAL	PM5:moderate		neighbour_evidence
2020-01-01	2026-08-04	NM_007294.4:c.4231_4233delinsCGA	p.Met1411Arg	missense	VUS	VUS	0	2	MISSING_FUNCTIONAL	MISSING_FUNCTIONAL	PM5:moderate		neighbour_evidence
2020-01-01	2026-08-04	NM_007294.4:c.4231_4233delinsCGC	p.Met1411Arg	missense	VUS	VUS	0	2	MISSING_FUNCTIONAL	MISSING_FUNCTIONAL	PM5:moderate		neighbour_evidence
2020-01-01	2026-08-04	NM_007294.4:c.4231_4232delinsCG	p.Met1411Arg	missense	VUS	VUS	0	2	MISSING_FUNCTIONAL	MISSING_FUNCTIONAL	PM5:moderate		neighbour_evidence
2020-01-01	2026-08-04	NM_007294.4:c.4231_4233delinsCGT	p.Met1411Arg	missense	VUS	VUS	0	2	MISSING_FUNCTIONAL	MISSING_FUNCTIONAL	PM5:moderate		neighbour_evidence
2020-01-01	2026-08-04	NM_007294.4:c.4231_4233delinsCTA	p.Met1411Leu	missense	VUS	VUS	0	2	MISSING_FUNCTIONAL	MISSING_FUNCTIONAL	PM5:moderate		neighbour_evidence
2020-01-01	2026-08-04	NM_007294.4:c.4231_4233delinsCTC	p.Met1411Leu	missense	VUS	VUS	0	2	MISSING_FUNCTIONAL	MISSING_FUNCTIONAL	PM5:moderate		neighbour_evidence
2020-01-01	2026-08-04	NM_007294.4:c.4231_4233delinsCTT	p.Met1411Leu	missense	VUS	VUS	0	2	MISSING_FUNCTIONAL	MISSING_FUNCTIONAL	PM5:moderate		neighbour_evidence
2020-01-01	2026-08-04	NM_007294.4:c.4231_4233delinsGAA	p.Met1411Glu	missense	VUS	VUS	0	2	MISSING_FUNCTIONAL	MISSING_FUNCTIONAL	PM5:moderate		neighbour_evidence
2020-01-01	2026-08-04	NM_007294.4:c.4231_4233delinsGAC	p.Met1411Asp	missense	VUS	VUS	0	2	MISSING_FUNCTIONAL	MISSING_FUNCTIONAL	PM5:moderate		neighbour_evidence
2020-01-01	2026-08-04	NM_007294.4:c.4231_4232delinsGA	p.Met1411Glu	missense	VUS	VUS	0	2	MISSING_FUNCTIONAL	MISSING_FUNCTIONAL	PM5:moderate		neighbour_evidence
2020-01-01	2026-08-04	NM_007294.4:c.4231_4233delinsGAT	p.Met1411Asp	missense	VUS	VUS	0	2	MISSING_FUNCTIONAL	MISSING_FUNCTIONAL	PM5:moderate		neighbour_evidence
2020-01-01	2026-08-04	NM_007294.4:c.4231_4233delinsGCA	p.Met1411Ala	missense	VUS	VUS	0	2	MISSING_FUNCTIONAL	MISSING_FUNCTIONAL	PM5:moderate		neighbour_evidence
2020-01-01	2026-08-04	NM_007294.4:c.4231_4233delinsGCC	p.Met1411Ala	missense	VUS	VUS	0	2	MISSING_FUNCTIONAL	MISSING_FUNCTIONAL	PM5:moderate		neighbour_evidence
2020-01-01	2026-08-04	NM_007294.4:c.4231_4232delinsGC	p.Met1411Ala	missense	VUS	VUS	0	2	MISSING_FUNCTIONAL	MISSING_FUNCTIONAL	PM5:moderate		neighbour_evidence
2020-01-01	2026-08-04	NM_007294.4:c.4231_4233delinsGCT	p.Met1411Ala	missense	VUS	VUS	0	2	MISSING_FUNCTIONAL	MISSING_FUNCTIONAL	PM5:moderate		neighbour_evidence
2020-01-01	2026-08-04	NM_007294.4:c.4231_4233delinsGGA	p.Met1411Gly	missense	VUS	VUS	0	2	MISSING_FUNCTIONAL	MISSING_FUNCTIONAL	PM5:moderate		neighbour_evidence
2020-01-01	2026-08-04	NM_007294.4:c.4231_4233delinsGGC	p.Met1411Gly	missense	VUS	VUS	0	2	MISSING_FUNCTIONAL	MISSING_FUNCTIONAL	PM5:moderate		neighbour_evidence
2020-01-01	2026-08-04	NM_007294.4:c.4231_4232delinsGG	p.Met1411Gly	missense	VUS	VUS	0	2	MISSING_FUNCTIONAL	MISSING_FUNCTIONAL	PM5:moderate		neighbour_evidence
2020-01-01	2026-08-04	NM_007294.4:c.4231_4233delinsGGT	p.Met1411Gly	missense	VUS	VUS	0	2	MISSING_FUNCTIONAL	MISSING_FUNCTIONAL	PM5:moderate		neighbour_evidence
2020-01-01	2026-08-04	NM_007294.4:c.4231_4233delinsGTA	p.Met1411Val	missense	VUS	VUS	0	2	MISSING_FUNCTIONAL	MISSING_FUNCTIONAL	PM5:moderate		neighbour_evidence
2020-01-01	2026-08-04	NM_007294.4:c.4231_4233delinsGTC	p.Met1411Val	missense	VUS	VUS	0	2	MISSING_FUNCTIONAL	MISSING_FUNCTIONAL	PM5:moderate		neighbour_evidence
2020-01-01	2026-08-04	NM_007294.4:c.4231_4233delinsGTT	p.Met1411Val	missense	VUS	VUS	0	2	MISSING_FUNCTIONAL	MISSING_FUNCTIONAL	PM5:moderate		neighbour_evidence
2020-01-01	2026-08-04	NM_007294.4:c.4231_4233delinsTAC	p.Met1411Tyr	missense	VUS	VUS	0	2	MISSING_FUNCTIONAL	MISSING_FUNCTIONAL	PM5:moderate		neighbour_evidence
2020-01-01	2026-08-04	NM_007294.4:c.4231_4233delinsTAT	p.Met1411Tyr	missense	VUS	VUS	0	2	MISSING_FUNCTIONAL	MISSING_FUNCTIONAL	PM5:moderate		neighbour_evidence
2020-01-01	2026-08-04	NM_007294.4:c.4231_4233delinsTCA	p.Met1411Ser	missense	VUS	VUS	0	2	MISSING_FUNCTIONAL	MISSING_FUNCTIONAL	PM5:moderate		neighbour_evidence
2020-01-01	2026-08-04	NM_007294.4:c.4231_4233delinsTCC	p.Met1411Ser	missense	VUS	VUS	0	2	MISSING_FUNCTIONAL	MISSING_FUNCTIONAL	PM5:moderate		neighbour_evidence
2020-01-01	2026-08-04	NM_007294.4:c.4231_4232delinsTC	p.Met1411Ser	missense	VUS	VUS	0	2	MISSING_FUNCTIONAL	MISSING_FUNCTIONAL	PM5:moderate		neighbour_evidence
2020-01-01	2026-08-04	NM_007294.4:c.4231_4233delinsTCT	p.Met1411Ser	missense	VUS	VUS	0	2	MISSING_FUNCTIONAL	MISSING_FUNCTIONAL	PM5:moderate		neighbour_evidence
2020-01-01	2026-08-04	NM_007294.4:c.4231_4233delinsTGC	p.Met1411Cys	missense	VUS	VUS	0	2	MISSING_FUNCTIONAL	MISSING_FUNCTIONAL	PM5:moderate		neighbour_evidence
2020-01-01	2026-08-04	NM_007294.4:c.4231_4232delinsTG	p.Met1411Trp	missense	VUS	VUS	0	2	MISSING_FUNCTIONAL	MISSING_FUNCTIONAL	PM5:moderate		neighbour_evidence
2020-01-01	2026-08-04	NM_007294.4:c.4231_4233delinsTGT	p.Met1411Cys	missense	VUS	VUS	0	2	MISSING_FUNCTIONAL	MISSING_FUNCTIONAL	PM5:moderate		neighbour_evidence
2020-01-01	2026-08-04	NM_007294.4:c.4231_4233delinsTTA	p.Met1411Leu	missense	VUS	VUS	0	2	MISSING_FUNCTIONAL	MISSING_FUNCTIONAL	PM5:moderate		neighbour_evidence
2020-01-01	2026-08-04	NM_007294.4:c.4231_4233delinsTTC	p.Met1411Phe	missense	VUS	VUS	0	2	MISSING_FUNCTIONAL	MISSING_FUNCTIONAL	PM5:moderate		neighbour_evidence
2020-01-01	2026-08-04	NM_007294.4:c.4231_4233delinsTTT	p.Met1411Phe	missense	VUS	VUS	0	2	MISSING_FUNCTIONAL	MISSING_FUNCTIONAL	PM5:moderate		neighbour_evidence
2020-01-01	2026-08-04	NM_007294.4:c.4321_4323delinsAAA	p.Asp1441Lys	missense	VUS	VUS	0	2	MISSING_FUNCTIONAL	MISSING_FUNCTIONAL	PM5:moderate		neighbour_evidence
2020-01-01	2026-08-04	NM_007294.4:c.4321_4323delinsAAG	p.Asp1441Lys	missense	VUS	VUS	0	2	MISSING_FUNCTIONAL	MISSING_FUNCTIONAL	PM5:moderate		neighbour_evidence
2020-01-01	2026-08-04	NM_007294.4:c.4321_4323delinsAAT	p.Asp1441Asn	missense	VUS	VUS	0	4	MISSING_FUNCTIONAL	MISSING_FUNCTIONAL	PS1:strong		neighbour_evidence
2020-01-01	2026-08-04	NM_007294.4:c.4321_4323delinsACA	p.Asp1441Thr	missense	VUS	VUS	0	2	MISSING_FUNCTIONAL	MISSING_FUNCTIONAL	PM5:moderate		neighbour_evidence
2020-01-01	2026-08-04	NM_007294.4:c.4321_4322delinsAC	p.Asp1441Thr	missense	VUS	VUS	0	2	MISSING_FUNCTIONAL	MISSING_FUNCTIONAL	PM5:moderate		neighbour_evidence
2020-01-01	2026-08-04	NM_007294.4:c.4321_4323delinsACG	p.Asp1441Thr	missense	VUS	VUS	0	2	MISSING_FUNCTIONAL	MISSING_FUNCTIONAL	PM5:moderate		neighbour_evidence
2020-01-01	2026-08-04	NM_007294.4:c.4321_4323delinsACT	p.Asp1441Thr	missense	VUS	VUS	0	2	MISSING_FUNCTIONAL	MISSING_FUNCTIONAL	PM5:moderate		neighbour_evidence
2020-01-01	2026-08-04	NM_007294.4:c.4321_4323delinsAGA	p.Asp1441Arg	missense	VUS	VUS	0	2	MISSING_FUNCTIONAL	MISSING_FUNCTIONAL	PM5:moderate		neighbour_evidence
2020-01-01	2026-08-04	NM_007294.4:c.4321_4322delinsAG	p.Asp1441Ser	missense	VUS	VUS	0	2	MISSING_FUNCTIONAL	MISSING_FUNCTIONAL	PM5:moderate		neighbour_evidence
2020-01-01	2026-08-04	NM_007294.4:c.4321_4323delinsAGG	p.Asp1441Arg	missense	VUS	VUS	0	2	MISSING_FUNCTIONAL	MISSING_FUNCTIONAL	PM5:moderate		neighbour_evidence
2020-01-01	2026-08-04	NM_007294.4:c.4321_4323delinsAGT	p.Asp1441Ser	missense	VUS	VUS	0	2	MISSING_FUNCTIONAL	MISSING_FUNCTIONAL	PM5:moderate		neighbour_evidence
2020-01-01	2026-08-04	NM_007294.4:c.4321_4323delinsATA	p.Asp1441Ile	missense	VUS	VUS	0	2	MISSING_FUNCTIONAL	MISSING_FUNCTIONAL	PM5:moderate		neighbour_evidence
2020-01-01	2026-08-04	NM_007294.4:c.4321_4322delinsAT	p.Asp1441Ile	missense	VUS	VUS	0	2	MISSING_FUNCTIONAL	MISSING_FUNCTIONAL	PM5:moderate		neighbour_evidence
2020-01-01	2026-08-04	NM_007294.4:c.4321_4323delinsATG	p.Asp1441Met	missense	VUS	VUS	0	2	MISSING_FUNCTIONAL	MISSING_FUNCTIONAL	PM5:moderate		neighbour_evidence
2020-01-01	2026-08-04	NM_007294.4:c.4321_4323delinsATT	p.Asp1441Ile	missense	VUS	VUS	0	2	MISSING_FUNCTIONAL	MISSING_FUNCTIONAL	PM5:moderate		neighbour_evidence
2020-01-01	2026-08-04	NM_007294.4:c.4321_4323delinsCAA	p.Asp1441Gln	missense	VUS	VUS	0	2	MISSING_FUNCTIONAL	MISSING_FUNCTIONAL	PM5:moderate		neighbour_evidence
2020-01-01	2026-08-04	NM_007294.4:c.4321_4323delinsCAG	p.Asp1441Gln	missense	VUS	VUS	0	2	MISSING_FUNCTIONAL	MISSING_FUNCTIONAL	PM5:moderate		neighbour_evidence
2020-01-01	2026-08-04	NM_007294.4:c.4321_4323delinsCAT	p.Asp1441His	missense	VUS	VUS	0	2	MISSING_FUNCTIONAL	MISSING_FUNCTIONAL	PM5:moderate		neighbour_evidence
2020-01-01	2026-08-04	NM_007294.4:c.4321_4323delinsCCA	p.Asp1441Pro	missense	VUS	VUS	0	2	MISSING_FUNCTIONAL	MISSING_FUNCTIONAL	PM5:moderate		neighbour_evidence
2020-01-01	2026-08-04	NM_007294.4:c.4321_4322delinsCC	p.Asp1441Pro	missense	VUS	VUS	0	2	MISSING_FUNCTIONAL	MISSING_FUNCTIONAL	PM5:moderate		neighbour_evidence
2020-01-01	2026-08-04	NM_007294.4:c.4321_4323delinsCCG	p.Asp1441Pro	missense	VUS	VUS	0	2	MISSING_FUNCTIONAL	MISSING_FUNCTIONAL	PM5:moderate		neighbour_evidence
2020-01-01	2026-08-04	NM_007294.4:c.4321_4323delinsCCT	p.Asp1441Pro	missense	VUS	VUS	0	2	MISSING_FUNCTIONAL	MISSING_FUNCTIONAL	PM5:moderate		neighbour_evidence
2020-01-01	2026-08-04	NM_007294.4:c.4321_4323delinsCGA	p.Asp1441Arg	missense	VUS	VUS	0	2	MISSING_FUNCTIONAL	MISSING_FUNCTIONAL	PM5:moderate		neighbour_evidence
2020-01-01	2026-08-04	NM_007294.4:c.4321_4322delinsCG	p.Asp1441Arg	missense	VUS	VUS	0	2	MISSING_FUNCTIONAL	MISSING_FUNCTIONAL	PM5:moderate		neighbour_evidence
2020-01-01	2026-08-04	NM_007294.4:c.4321_4323delinsCGG	p.Asp1441Arg	missense	VUS	VUS	0	2	MISSING_FUNCTIONAL	MISSING_FUNCTIONAL	PM5:moderate		neighbour_evidence
2020-01-01	2026-08-04	NM_007294.4:c.4321_4323delinsCGT	p.Asp1441Arg	missense	VUS	VUS	0	2	MISSING_FUNCTIONAL	MISSING_FUNCTIONAL	PM5:moderate		neighbour_evidence
2020-01-01	2026-08-04	NM_007294.4:c.4321_4323delinsCTA	p.Asp1441Leu	missense	VUS	VUS	0	2	MISSING_FUNCTIONAL	MISSING_FUNCTIONAL	PM5:moderate		neighbour_evidence
2020-01-01	2026-08-04	NM_007294.4:c.4321_4322delinsCT	p.Asp1441Leu	missense	VUS	VUS	0	2	MISSING_FUNCTIONAL	MISSING_FUNCTIONAL	PM5:moderate		neighbour_evidence
2020-01-01	2026-08-04	NM_007294.4:c.4321_4323delinsCTG	p.Asp1441Leu	missense	VUS	VUS	0	2	MISSING_FUNCTIONAL	MISSING_FUNCTIONAL	PM5:moderate		neighbour_evidence
2020-01-01	2026-08-04	NM_007294.4:c.4321_4323delinsCTT	p.Asp1441Leu	missense	VUS	VUS	0	2	MISSING_FUNCTIONAL	MISSING_FUNCTIONAL	PM5:moderate		neighbour_evidence
2020-01-01	2026-08-04	NM_007294.4:c.4322_4323delinsCA	p.Asp1441Ala	missense	VUS	VUS	0	2	MISSING_FUNCTIONAL	MISSING_FUNCTIONAL	PM5:moderate		neighbour_evidence
2020-01-01	2026-08-04	NM_007294.4:c.4322_4323delinsCG	p.Asp1441Ala	missense	VUS	VUS	0	2	MISSING_FUNCTIONAL	MISSING_FUNCTIONAL	PM5:moderate		neighbour_evidence
2020-01-01	2026-08-04	NM_007294.4:c.4322_4323delinsCT	p.Asp1441Ala	missense	VUS	VUS	0	2	MISSING_FUNCTIONAL	MISSING_FUNCTIONAL	PM5:moderate		neighbour_evidence
2020-01-01	2026-08-04	NM_007294.4:c.4322_4323delinsGA	p.Asp1441Gly	missense	VUS	VUS	0	2	MISSING_FUNCTIONAL	MISSING_FUNCTIONAL	PM5:moderate		neighbour_evidence
2020-01-01	2026-08-04	NM_007294.4:c.4322_4323delinsGG	p.Asp1441Gly	missense	VUS	VUS	0	2	MISSING_FUNCTIONAL	MISSING_FUNCTIONAL	PM5:moderate		neighbour_evidence
2020-01-01	2026-08-04	NM_007294.4:c.4322_4323delinsGT	p.Asp1441Gly	missense	VUS	VUS	0	2	MISSING_FUNCTIONAL	MISSING_FUNCTIONAL	PM5:moderate		neighbour_evidence
2020-01-01	2026-08-04	NM_007294.4:c.4322_4323delinsTA	p.Asp1441Val	missense	VUS	VUS	0	2	MISSING_FUNCTIONAL	MISSING_FUNCTIONAL	PM5:moderate		neighbour_evidence
2020-01-01	2026-08-04	NM_007294.4:c.4322_4323delinsTG	p.Asp1441Val	missense	VUS	VUS	0	2	MISSING_FUNCTIONAL	MISSING_FUNCTIONAL	PM5:moderate		neighbour_evidence
2020-01-01	2026-08-04	NM_007294.4:c.4322_4323delinsTT	p.Asp1441Val	missense	VUS	VUS	0	2	MISSING_FUNCTIONAL	MISSING_FUNCTIONAL	PM5:moderate		neighbour_evidence
2020-01-01	2026-08-04	NM_007294.4:c.4321_4323delinsTAT	p.Asp1441Tyr	missense	VUS	VUS	0	2	MISSING_FUNCTIONAL	MISSING_FUNCTIONAL	PM5:moderate		neighbour_evidence
2020-01-01	2026-08-04	NM_007294.4:c.4321_4323delinsTCA	p.Asp1441Ser	missense	VUS	VUS	0	2	MISSING_FUNCTIONAL	MISSING_FUNCTIONAL	PM5:moderate		neighbour_evidence
2020-01-01	2026-08-04	NM_007294.4:c.4321_4322delinsTC	p.Asp1441Ser	missense	VUS	VUS	0	2	MISSING_FUNCTIONAL	MISSING_FUNCTIONAL	PM5:moderate		neighbour_evidence
2020-01-01	2026-08-04	NM_007294.4:c.4321_4323delinsTCG	p.Asp1441Ser	missense	VUS	VUS	0	2	MISSING_FUNCTIONAL	MISSING_FUNCTIONAL	PM5:moderate		neighbour_evidence
2020-01-01	2026-08-04	NM_007294.4:c.4321_4323delinsTCT	p.Asp1441Ser	missense	VUS	VUS	0	2	MISSING_FUNCTIONAL	MISSING_FUNCTIONAL	PM5:moderate		neighbour_evidence
2020-01-01	2026-08-04	NM_007294.4:c.4321_4322delinsTG	p.Asp1441Cys	missense	VUS	VUS	0	2	MISSING_FUNCTIONAL	MISSING_FUNCTIONAL	PM5:moderate		neighbour_evidence
2020-01-01	2026-08-04	NM_007294.4:c.4321_4323delinsTGG	p.Asp1441Trp	missense	VUS	VUS	0	2	MISSING_FUNCTIONAL	MISSING_FUNCTIONAL	PM5:moderate		neighbour_evidence
2020-01-01	2026-08-04	NM_007294.4:c.4321_4323delinsTGT	p.Asp1441Cys	missense	VUS	VUS	0	2	MISSING_FUNCTIONAL	MISSING_FUNCTIONAL	PM5:moderate		neighbour_evidence
2020-01-01	2026-08-04	NM_007294.4:c.4321_4323delinsTTA	p.Asp1441Leu	missense	VUS	VUS	0	2	MISSING_FUNCTIONAL	MISSING_FUNCTIONAL	PM5:moderate		neighbour_evidence
2020-01-01	2026-08-04	NM_007294.4:c.4321_4322delinsTT	p.Asp1441Phe	missense	VUS	VUS	0	2	MISSING_FUNCTIONAL	MISSING_FUNCTIONAL	PM5:moderate		neighbour_evidence
2020-01-01	2026-08-04	NM_007294.4:c.4321_4323delinsTTG	p.Asp1441Leu	missense	VUS	VUS	0	2	MISSING_FUNCTIONAL	MISSING_FUNCTIONAL	PM5:moderate		neighbour_evidence
2020-01-01	2026-08-04	NM_007294.4:c.4321_4323delinsTTT	p.Asp1441Phe	missense	VUS	VUS	0	2	MISSING_FUNCTIONAL	MISSING_FUNCTIONAL	PM5:moderate		neighbour_evidence
2020-01-01	2026-08-04	NM_007294.4:c.4484_4485delinsAA	p.Arg1495Lys	missense	VUS	LP	0	6	MISSING_FUNCTIONAL	RESOLVED_NOT_BLOCKED	PM5:moderate;PS1:strong		neighbour_evidence
2020-01-01	2026-08-04	NM_007294.4:c.4484_4485delinsAC	p.Arg1495Asn	missense	VUS	VUS	0	2	MISSING_FUNCTIONAL	MISSING_FUNCTIONAL	PM5:moderate		neighbour_evidence
2020-01-01	2026-08-04	NM_007294.4:c.4484_4485delinsAT	p.Arg1495Asn	missense	VUS	VUS	0	2	MISSING_FUNCTIONAL	MISSING_FUNCTIONAL	PM5:moderate		neighbour_evidence
2020-01-01	2026-08-04	NM_007294.4:c.4484_4485delinsCA	p.Arg1495Thr	missense	VUS	LP	0	6	MISSING_FUNCTIONAL	RESOLVED_NOT_BLOCKED	PM5:moderate;PS1:strong		neighbour_evidence
2020-01-01	2026-08-04	NM_007294.4:c.4484_4485delinsCC	p.Arg1495Thr	missense	VUS	LP	0	6	MISSING_FUNCTIONAL	RESOLVED_NOT_BLOCKED	PM5:moderate;PS1:strong		neighbour_evidence
2020-01-01	2026-08-04	NM_007294.4:c.4484_4485delinsCT	p.Arg1495Thr	missense	VUS	LP	0	6	MISSING_FUNCTIONAL	RESOLVED_NOT_BLOCKED	PM5:moderate;PS1:strong		neighbour_evidence
2020-01-01	2026-08-04	NM_007294.4:c.4484_4485delinsTA	p.Arg1495Ile	missense	VUS	VUS	0	2	MISSING_FUNCTIONAL	MISSING_FUNCTIONAL	PM5:moderate		neighbour_evidence
2020-01-01	2026-08-04	NM_007294.4:c.4484_4485delinsTC	p.Arg1495Ile	missense	VUS	VUS	0	2	MISSING_FUNCTIONAL	MISSING_FUNCTIONAL	PM5:moderate		neighbour_evidence
2020-01-01	2026-08-04	NM_007294.4:c.4484_4485delinsTT	p.Arg1495Ile	missense	VUS	VUS	0	2	MISSING_FUNCTIONAL	MISSING_FUNCTIONAL	PM5:moderate		neighbour_evidence
2020-01-01	2026-08-04	NM_007294.4:c.4483_4485delinsCAA	p.Arg1495Gln	missense	VUS	VUS	0	2	MISSING_FUNCTIONAL	MISSING_FUNCTIONAL	PM5:moderate		neighbour_evidence
2020-01-01	2026-08-04	NM_007294.4:c.4483_4485delinsCAC	p.Arg1495His	missense	VUS	VUS	0	2	MISSING_FUNCTIONAL	MISSING_FUNCTIONAL	PM5:moderate		neighbour_evidence
2020-01-01	2026-08-04	NM_007294.4:c.4483_4484delinsCA	p.Arg1495Gln	missense	VUS	VUS	0	2	MISSING_FUNCTIONAL	MISSING_FUNCTIONAL	PM5:moderate		neighbour_evidence
2020-01-01	2026-08-04	NM_007294.4:c.4483_4485delinsCAT	p.Arg1495His	missense	VUS	VUS	0	2	MISSING_FUNCTIONAL	MISSING_FUNCTIONAL	PM5:moderate		neighbour_evidence
2020-01-01	2026-08-04	NM_007294.4:c.4483_4485delinsCCA	p.Arg1495Pro	missense	VUS	VUS	0	2	MISSING_FUNCTIONAL	MISSING_FUNCTIONAL	PM5:moderate		neighbour_evidence
2020-01-01	2026-08-04	NM_007294.4:c.4483_4485delinsCCC	p.Arg1495Pro	missense	VUS	VUS	0	2	MISSING_FUNCTIONAL	MISSING_FUNCTIONAL	PM5:moderate		neighbour_evidence
2020-01-01	2026-08-04	NM_007294.4:c.4483_4484delinsCC	p.Arg1495Pro	missense	VUS	VUS	0	2	MISSING_FUNCTIONAL	MISSING_FUNCTIONAL	PM5:moderate		neighbour_evidence
2020-01-01	2026-08-04	NM_007294.4:c.4483_4485delinsCCT	p.Arg1495Pro	missense	VUS	VUS	0	2	MISSING_FUNCTIONAL	MISSING_FUNCTIONAL	PM5:moderate		neighbour_evidence
2020-01-01	2026-08-04	NM_007294.4:c.4483_4485delinsCTA	p.Arg1495Leu	missense	VUS	VUS	0	2	MISSING_FUNCTIONAL	MISSING_FUNCTIONAL	PM5:moderate		neighbour_evidence
2020-01-01	2026-08-04	NM_007294.4:c.4483_4485delinsCTC	p.Arg1495Leu	missense	VUS	VUS	0	2	MISSING_FUNCTIONAL	MISSING_FUNCTIONAL	PM5:moderate		neighbour_evidence
2020-01-01	2026-08-04	NM_007294.4:c.4483_4484delinsCT	p.Arg1495Leu	missense	VUS	VUS	0	2	MISSING_FUNCTIONAL	MISSING_FUNCTIONAL	PM5:moderate		neighbour_evidence
2020-01-01	2026-08-04	NM_007294.4:c.4483_4485delinsCTT	p.Arg1495Leu	missense	VUS	VUS	0	2	MISSING_FUNCTIONAL	MISSING_FUNCTIONAL	PM5:moderate		neighbour_evidence
2020-01-01	2026-08-04	NM_007294.4:c.4483_4485delinsGAA	p.Arg1495Glu	missense	VUS	VUS	0	2	MISSING_FUNCTIONAL	MISSING_FUNCTIONAL	PM5:moderate		neighbour_evidence
2020-01-01	2026-08-04	NM_007294.4:c.4483_4485delinsGAC	p.Arg1495Asp	missense	VUS	VUS	0	2	MISSING_FUNCTIONAL	MISSING_FUNCTIONAL	PM5:moderate		neighbour_evidence
2020-01-01	2026-08-04	NM_007294.4:c.4483_4484delinsGA	p.Arg1495Glu	missense	VUS	VUS	0	2	MISSING_FUNCTIONAL	MISSING_FUNCTIONAL	PM5:moderate		neighbour_evidence
2020-01-01	2026-08-04	NM_007294.4:c.4483_4485delinsGAT	p.Arg1495Asp	missense	VUS	VUS	0	2	MISSING_FUNCTIONAL	MISSING_FUNCTIONAL	PM5:moderate		neighbour_evidence
2020-01-01	2026-08-04	NM_007294.4:c.4483_4485delinsGCA	p.Arg1495Ala	missense	VUS	VUS	0	2	MISSING_FUNCTIONAL	MISSING_FUNCTIONAL	PM5:moderate		neighbour_evidence
2020-01-01	2026-08-04	NM_007294.4:c.4483_4485delinsGCC	p.Arg1495Ala	missense	VUS	VUS	0	2	MISSING_FUNCTIONAL	MISSING_FUNCTIONAL	PM5:moderate		neighbour_evidence
2020-01-01	2026-08-04	NM_007294.4:c.4483_4484delinsGC	p.Arg1495Ala	missense	VUS	VUS	0	2	MISSING_FUNCTIONAL	MISSING_FUNCTIONAL	PM5:moderate		neighbour_evidence
2020-01-01	2026-08-04	NM_007294.4:c.4483_4485delinsGCT	p.Arg1495Ala	missense	VUS	VUS	0	2	MISSING_FUNCTIONAL	MISSING_FUNCTIONAL	PM5:moderate		neighbour_evidence
2020-01-01	2026-08-04	NM_007294.4:c.4483_4485delinsGGA	p.Arg1495Gly	missense	VUS	VUS	0	2	MISSING_FUNCTIONAL	MISSING_FUNCTIONAL	PM5:moderate		neighbour_evidence
2020-01-01	2026-08-04	NM_007294.4:c.4483_4485delinsGGC	p.Arg1495Gly	missense	VUS	VUS	0	2	MISSING_FUNCTIONAL	MISSING_FUNCTIONAL	PM5:moderate		neighbour_evidence
2020-01-01	2026-08-04	NM_007294.4:c.4483_4485delinsGGT	p.Arg1495Gly	missense	VUS	VUS	0	2	MISSING_FUNCTIONAL	MISSING_FUNCTIONAL	PM5:moderate		neighbour_evidence
2020-01-01	2026-08-04	NM_007294.4:c.4483_4485delinsGTA	p.Arg1495Val	missense	VUS	VUS	0	2	MISSING_FUNCTIONAL	MISSING_FUNCTIONAL	PM5:moderate		neighbour_evidence
2020-01-01	2026-08-04	NM_007294.4:c.4483_4485delinsGTC	p.Arg1495Val	missense	VUS	VUS	0	2	MISSING_FUNCTIONAL	MISSING_FUNCTIONAL	PM5:moderate		neighbour_evidence
2020-01-01	2026-08-04	NM_007294.4:c.4483_4484delinsGT	p.Arg1495Val	missense	VUS	VUS	0	2	MISSING_FUNCTIONAL	MISSING_FUNCTIONAL	PM5:moderate		neighbour_evidence
2020-01-01	2026-08-04	NM_007294.4:c.4483_4485delinsGTT	p.Arg1495Val	missense	VUS	VUS	0	2	MISSING_FUNCTIONAL	MISSING_FUNCTIONAL	PM5:moderate		neighbour_evidence
2020-01-01	2026-08-04	NM_007294.4:c.4483_4485delinsTAC	p.Arg1495Tyr	missense	VUS	VUS	0	2	MISSING_FUNCTIONAL	MISSING_FUNCTIONAL	PM5:moderate		neighbour_evidence
2020-01-01	2026-08-04	NM_007294.4:c.4483_4485delinsTAT	p.Arg1495Tyr	missense	VUS	VUS	0	2	MISSING_FUNCTIONAL	MISSING_FUNCTIONAL	PM5:moderate		neighbour_evidence
2020-01-01	2026-08-04	NM_007294.4:c.4483_4485delinsTCA	p.Arg1495Ser	missense	VUS	VUS	0	2	MISSING_FUNCTIONAL	MISSING_FUNCTIONAL	PM5:moderate		neighbour_evidence
2020-01-01	2026-08-04	NM_007294.4:c.4483_4485delinsTCC	p.Arg1495Ser	missense	VUS	VUS	0	2	MISSING_FUNCTIONAL	MISSING_FUNCTIONAL	PM5:moderate		neighbour_evidence
2020-01-01	2026-08-04	NM_007294.4:c.4483_4484delinsTC	p.Arg1495Ser	missense	VUS	VUS	0	2	MISSING_FUNCTIONAL	MISSING_FUNCTIONAL	PM5:moderate		neighbour_evidence
2020-01-01	2026-08-04	NM_007294.4:c.4483_4485delinsTCT	p.Arg1495Ser	missense	VUS	VUS	0	2	MISSING_FUNCTIONAL	MISSING_FUNCTIONAL	PM5:moderate		neighbour_evidence
2020-01-01	2026-08-04	NM_007294.4:c.4483_4485delinsTGC	p.Arg1495Cys	missense	VUS	VUS	0	2	MISSING_FUNCTIONAL	MISSING_FUNCTIONAL	PM5:moderate		neighbour_evidence
2020-01-01	2026-08-04	NM_007294.4:c.4483_4485delinsTGT	p.Arg1495Cys	missense	VUS	VUS	0	2	MISSING_FUNCTIONAL	MISSING_FUNCTIONAL	PM5:moderate		neighbour_evidence
2020-01-01	2026-08-04	NM_007294.4:c.4483_4485delinsTTA	p.Arg1495Leu	missense	VUS	VUS	0	2	MISSING_FUNCTIONAL	MISSING_FUNCTIONAL	PM5:moderate		neighbour_evidence
2020-01-01	2026-08-04	NM_007294.4:c.4483_4485delinsTTC	p.Arg1495Phe	missense	VUS	VUS	0	2	MISSING_FUNCTIONAL	MISSING_FUNCTIONAL	PM5:moderate		neighbour_evidence
2020-01-01	2026-08-04	NM_007294.4:c.4483_4484delinsTT	p.Arg1495Leu	missense	VUS	VUS	0	2	MISSING_FUNCTIONAL	MISSING_FUNCTIONAL	PM5:moderate		neighbour_evidence
2020-01-01	2026-08-04	NM_007294.4:c.4483_4485delinsTTT	p.Arg1495Phe	missense	VUS	VUS	0	2	MISSING_FUNCTIONAL	MISSING_FUNCTIONAL	PM5:moderate		neighbour_evidence
2020-01-01	2026-08-04	NM_007294.4:c.4675_4677delinsAAA	p.Glu1559Lys	missense	VUS	LP	0	6	MISSING_FUNCTIONAL	RESOLVED_NOT_BLOCKED	PM5:moderate;PS1:strong		neighbour_evidence
2020-01-01	2026-08-04	NM_007294.4:c.4675_4677delinsAAC	p.Glu1559Asn	missense	VUS	VUS	0	2	MISSING_FUNCTIONAL	MISSING_FUNCTIONAL	PM5:moderate		neighbour_evidence
2020-01-01	2026-08-04	NM_007294.4:c.4675_4677delinsAAT	p.Glu1559Asn	missense	VUS	VUS	0	2	MISSING_FUNCTIONAL	MISSING_FUNCTIONAL	PM5:moderate		neighbour_evidence
2020-01-01	2026-08-04	NM_007294.4:c.4675_4677delinsACA	p.Glu1559Thr	missense	VUS	VUS	0	2	MISSING_FUNCTIONAL	MISSING_FUNCTIONAL	PM5:moderate		neighbour_evidence
2020-01-01	2026-08-04	NM_007294.4:c.4675_4677delinsACC	p.Glu1559Thr	missense	VUS	VUS	0	2	MISSING_FUNCTIONAL	MISSING_FUNCTIONAL	PM5:moderate		neighbour_evidence
2020-01-01	2026-08-04	NM_007294.4:c.4675_4676delinsAC	p.Glu1559Thr	missense	VUS	VUS	0	2	MISSING_FUNCTIONAL	MISSING_FUNCTIONAL	PM5:moderate		neighbour_evidence
2020-01-01	2026-08-04	NM_007294.4:c.4675_4677delinsACT	p.Glu1559Thr	missense	VUS	VUS	0	2	MISSING_FUNCTIONAL	MISSING_FUNCTIONAL	PM5:moderate		neighbour_evidence
2020-01-01	2026-08-04	NM_007294.4:c.4675_4677delinsAGA	p.Glu1559Arg	missense	VUS	VUS	0	2	MISSING_FUNCTIONAL	MISSING_FUNCTIONAL	PM5:moderate		neighbour_evidence
2020-01-01	2026-08-04	NM_007294.4:c.4675_4677delinsAGC	p.Glu1559Ser	missense	VUS	VUS	0	2	MISSING_FUNCTIONAL	MISSING_FUNCTIONAL	PM5:moderate		neighbour_evidence
2020-01-01	2026-08-04	NM_007294.4:c.4675_4676delinsAG	p.Glu1559Arg	missense	VUS	VUS	0	2	MISSING_FUNCTIONAL	MISSING_FUNCTIONAL	PM5:moderate		neighbour_evidence
2020-01-01	2026-08-04	NM_007294.4:c.4675_4677delinsAGT	p.Glu1559Ser	missense	VUS	VUS	0	2	MISSING_FUNCTIONAL	MISSING_FUNCTIONAL	PM5:moderate		neighbour_evidence
2020-01-01	2026-08-04	NM_007294.4:c.4675_4677delinsATA	p.Glu1559Ile	missense	VUS	VUS	0	2	MISSING_FUNCTIONAL	MISSING_FUNCTIONAL	PM5:moderate		neighbour_evidence
2020-01-01	2026-08-04	NM_007294.4:c.4675_4677delinsATC	p.Glu1559Ile	missense	VUS	VUS	0	2	MISSING_FUNCTIONAL	MISSING_FUNCTIONAL	PM5:moderate		neighbour_evidence
2020-01-01	2026-08-04	NM_007294.4:c.4675_4676delinsAT	p.Glu1559Met	missense	VUS	VUS	0	2	MISSING_FUNCTIONAL	MISSING_FUNCTIONAL	PM5:moderate		neighbour_evidence
2020-01-01	2026-08-04	NM_007294.4:c.4675_4677delinsATT	p.Glu1559Ile	missense	VUS	VUS	0	2	MISSING_FUNCTIONAL	MISSING_FUNCTIONAL	PM5:moderate		neighbour_evidence
2020-01-01	2026-08-04	NM_007294.4:c.4675_4677delinsCAA	p.Glu1559Gln	missense	VUS	LP	0	6	MISSING_FUNCTIONAL	RESOLVED_NOT_BLOCKED	PM5:moderate;PS1:strong		neighbour_evidence
2020-01-01	2026-08-04	NM_007294.4:c.4675_4677delinsCAC	p.Glu1559His	missense	VUS	VUS	0	2	MISSING_FUNCTIONAL	MISSING_FUNCTIONAL	PM5:moderate		neighbour_evidence
2020-01-01	2026-08-04	NM_007294.4:c.4675_4677delinsCAT	p.Glu1559His	missense	VUS	VUS	0	2	MISSING_FUNCTIONAL	MISSING_FUNCTIONAL	PM5:moderate		neighbour_evidence
2020-01-01	2026-08-04	NM_007294.4:c.4675_4677delinsCCA	p.Glu1559Pro	missense	VUS	VUS	0	2	MISSING_FUNCTIONAL	MISSING_FUNCTIONAL	PM5:moderate		neighbour_evidence
2020-01-01	2026-08-04	NM_007294.4:c.4675_4677delinsCCC	p.Glu1559Pro	missense	VUS	VUS	0	2	MISSING_FUNCTIONAL	MISSING_FUNCTIONAL	PM5:moderate		neighbour_evidence
2020-01-01	2026-08-04	NM_007294.4:c.4675_4676delinsCC	p.Glu1559Pro	missense	VUS	VUS	0	2	MISSING_FUNCTIONAL	MISSING_FUNCTIONAL	PM5:moderate		neighbour_evidence
2020-01-01	2026-08-04	NM_007294.4:c.4675_4677delinsCCT	p.Glu1559Pro	missense	VUS	VUS	0	2	MISSING_FUNCTIONAL	MISSING_FUNCTIONAL	PM5:moderate		neighbour_evidence
2020-01-01	2026-08-04	NM_007294.4:c.4675_4677delinsCGA	p.Glu1559Arg	missense	VUS	VUS	0	2	MISSING_FUNCTIONAL	MISSING_FUNCTIONAL	PM5:moderate		neighbour_evidence
2020-01-01	2026-08-04	NM_007294.4:c.4675_4677delinsCGC	p.Glu1559Arg	missense	VUS	VUS	0	2	MISSING_FUNCTIONAL	MISSING_FUNCTIONAL	PM5:moderate		neighbour_evidence
2020-01-01	2026-08-04	NM_007294.4:c.4675_4676delinsCG	p.Glu1559Arg	missense	VUS	VUS	0	2	MISSING_FUNCTIONAL	MISSING_FUNCTIONAL	PM5:moderate		neighbour_evidence
2020-01-01	2026-08-04	NM_007294.4:c.4675_4677delinsCGT	p.Glu1559Arg	missense	VUS	VUS	0	2	MISSING_FUNCTIONAL	MISSING_FUNCTIONAL	PM5:moderate		neighbour_evidence
2020-01-01	2026-08-04	NM_007294.4:c.4675_4677delinsCTA	p.Glu1559Leu	missense	VUS	VUS	0	2	MISSING_FUNCTIONAL	MISSING_FUNCTIONAL	PM5:moderate		neighbour_evidence
2020-01-01	2026-08-04	NM_007294.4:c.4675_4677delinsCTC	p.Glu1559Leu	missense	VUS	VUS	0	2	MISSING_FUNCTIONAL	MISSING_FUNCTIONAL	PM5:moderate		neighbour_evidence
2020-01-01	2026-08-04	NM_007294.4:c.4675_4676delinsCT	p.Glu1559Leu	missense	VUS	VUS	0	2	MISSING_FUNCTIONAL	MISSING_FUNCTIONAL	PM5:moderate		neighbour_evidence
2020-01-01	2026-08-04	NM_007294.4:c.4675_4677delinsCTT	p.Glu1559Leu	missense	VUS	VUS	0	2	MISSING_FUNCTIONAL	MISSING_FUNCTIONAL	PM5:moderate		neighbour_evidence
2020-01-01	2026-08-04	NM_007294.4:c.4676_4677delinsCA	p.Glu1559Ala	missense	VUS	VUS	0	2	MISSING_FUNCTIONAL	MISSING_FUNCTIONAL	PM5:moderate		neighbour_evidence
2020-01-01	2026-08-04	NM_007294.4:c.4676_4677delinsCC	p.Glu1559Ala	missense	VUS	VUS	0	2	MISSING_FUNCTIONAL	MISSING_FUNCTIONAL	PM5:moderate		neighbour_evidence
2020-01-01	2026-08-04	NM_007294.4:c.4676_4677delinsCT	p.Glu1559Ala	missense	VUS	VUS	0	2	MISSING_FUNCTIONAL	MISSING_FUNCTIONAL	PM5:moderate		neighbour_evidence
2020-01-01	2026-08-04	NM_007294.4:c.4676_4677delinsGA	p.Glu1559Gly	missense	VUS	VUS	0	2	MISSING_FUNCTIONAL	MISSING_FUNCTIONAL	PM5:moderate		neighbour_evidence
2020-01-01	2026-08-04	NM_007294.4:c.4676_4677delinsGC	p.Glu1559Gly	missense	VUS	VUS	0	2	MISSING_FUNCTIONAL	MISSING_FUNCTIONAL	PM5:moderate		neighbour_evidence
2020-01-01	2026-08-04	NM_007294.4:c.4676_4677delinsGT	p.Glu1559Gly	missense	VUS	VUS	0	2	MISSING_FUNCTIONAL	MISSING_FUNCTIONAL	PM5:moderate		neighbour_evidence
2020-01-01	2026-08-04	NM_007294.4:c.4676_4677delinsTA	p.Glu1559Val	missense	VUS	VUS	0	2	MISSING_FUNCTIONAL	MISSING_FUNCTIONAL	PM5:moderate		neighbour_evidence
2020-01-01	2026-08-04	NM_007294.4:c.4676_4677delinsTC	p.Glu1559Val	missense	VUS	VUS	0	2	MISSING_FUNCTIONAL	MISSING_FUNCTIONAL	PM5:moderate		neighbour_evidence
2020-01-01	2026-08-04	NM_007294.4:c.4676_4677delinsTT	p.Glu1559Val	missense	VUS	VUS	0	2	MISSING_FUNCTIONAL	MISSING_FUNCTIONAL	PM5:moderate		neighbour_evidence
2020-01-01	2026-08-04	NM_007294.4:c.4675_4677delinsTAC	p.Glu1559Tyr	missense	VUS	VUS	0	2	MISSING_FUNCTIONAL	MISSING_FUNCTIONAL	PM5:moderate		neighbour_evidence
2020-01-01	2026-08-04	NM_007294.4:c.4675_4677delinsTAT	p.Glu1559Tyr	missense	VUS	VUS	0	2	MISSING_FUNCTIONAL	MISSING_FUNCTIONAL	PM5:moderate		neighbour_evidence
2020-01-01	2026-08-04	NM_007294.4:c.4675_4677delinsTCA	p.Glu1559Ser	missense	VUS	VUS	0	2	MISSING_FUNCTIONAL	MISSING_FUNCTIONAL	PM5:moderate		neighbour_evidence
2020-01-01	2026-08-04	NM_007294.4:c.4675_4677delinsTCC	p.Glu1559Ser	missense	VUS	VUS	0	2	MISSING_FUNCTIONAL	MISSING_FUNCTIONAL	PM5:moderate		neighbour_evidence
2020-01-01	2026-08-04	NM_007294.4:c.4675_4676delinsTC	p.Glu1559Ser	missense	VUS	VUS	0	2	MISSING_FUNCTIONAL	MISSING_FUNCTIONAL	PM5:moderate		neighbour_evidence
2020-01-01	2026-08-04	NM_007294.4:c.4675_4677delinsTCT	p.Glu1559Ser	missense	VUS	VUS	0	2	MISSING_FUNCTIONAL	MISSING_FUNCTIONAL	PM5:moderate		neighbour_evidence
2020-01-01	2026-08-04	NM_007294.4:c.4675_4677delinsTGC	p.Glu1559Cys	missense	VUS	VUS	0	2	MISSING_FUNCTIONAL	MISSING_FUNCTIONAL	PM5:moderate		neighbour_evidence
2020-01-01	2026-08-04	NM_007294.4:c.4675_4676delinsTG	p.Glu1559Trp	missense	VUS	VUS	0	2	MISSING_FUNCTIONAL	MISSING_FUNCTIONAL	PM5:moderate		neighbour_evidence
2020-01-01	2026-08-04	NM_007294.4:c.4675_4677delinsTGT	p.Glu1559Cys	missense	VUS	VUS	0	2	MISSING_FUNCTIONAL	MISSING_FUNCTIONAL	PM5:moderate		neighbour_evidence
2020-01-01	2026-08-04	NM_007294.4:c.4675_4677delinsTTA	p.Glu1559Leu	missense	VUS	VUS	0	2	MISSING_FUNCTIONAL	MISSING_FUNCTIONAL	PM5:moderate		neighbour_evidence
2020-01-01	2026-08-04	NM_007294.4:c.4675_4677delinsTTC	p.Glu1559Phe	missense	VUS	VUS	0	2	MISSING_FUNCTIONAL	MISSING_FUNCTIONAL	PM5:moderate		neighbour_evidence
2020-01-01	2026-08-04	NM_007294.4:c.4675_4676delinsTT	p.Glu1559Leu	missense	VUS	VUS	0	2	MISSING_FUNCTIONAL	MISSING_FUNCTIONAL	PM5:moderate		neighbour_evidence
2020-01-01	2026-08-04	NM_007294.4:c.4675_4677delinsTTT	p.Glu1559Phe	missense	VUS	VUS	0	2	MISSING_FUNCTIONAL	MISSING_FUNCTIONAL	PM5:moderate		neighbour_evidence
2020-01-01	2026-08-04	NM_007294.4:c.4867_4869delinsAAA	p.Ala1623Lys	missense	VUS	VUS	0	2	MISSING_FUNCTIONAL	MISSING_FUNCTIONAL	PM5:moderate		neighbour_evidence
2020-01-01	2026-08-04	NM_007294.4:c.4867_4869delinsAAC	p.Ala1623Asn	missense	VUS	VUS	0	2	MISSING_FUNCTIONAL	MISSING_FUNCTIONAL	PM5:moderate		neighbour_evidence
2020-01-01	2026-08-04	NM_007294.4:c.4867_4869delinsAAG	p.Ala1623Lys	missense	VUS	VUS	0	2	MISSING_FUNCTIONAL	MISSING_FUNCTIONAL	PM5:moderate		neighbour_evidence
2020-01-01	2026-08-04	NM_007294.4:c.4867_4868delinsAA	p.Ala1623Asn	missense	VUS	VUS	0	2	MISSING_FUNCTIONAL	MISSING_FUNCTIONAL	PM5:moderate		neighbour_evidence
2020-01-01	2026-08-04	NM_007294.4:c.4867_4869delinsACA	p.Ala1623Thr	missense	VUS	VUS	0	2	MISSING_FUNCTIONAL	MISSING_FUNCTIONAL	PM5:moderate		neighbour_evidence
2020-01-01	2026-08-04	NM_007294.4:c.4867_4869delinsACC	p.Ala1623Thr	missense	VUS	VUS	0	2	MISSING_FUNCTIONAL	MISSING_FUNCTIONAL	PM5:moderate		neighbour_evidence
2020-01-01	2026-08-04	NM_007294.4:c.4867_4869delinsACG	p.Ala1623Thr	missense	VUS	VUS	0	2	MISSING_FUNCTIONAL	MISSING_FUNCTIONAL	PM5:moderate		neighbour_evidence
2020-01-01	2026-08-04	NM_007294.4:c.4867_4869delinsAGA	p.Ala1623Arg	missense	VUS	VUS	0	2	MISSING_FUNCTIONAL	MISSING_FUNCTIONAL	PM5:moderate		neighbour_evidence
2020-01-01	2026-08-04	NM_007294.4:c.4867_4869delinsAGC	p.Ala1623Ser	missense	VUS	VUS	0	2	MISSING_FUNCTIONAL	MISSING_FUNCTIONAL	PM5:moderate		neighbour_evidence
2020-01-01	2026-08-04	NM_007294.4:c.4867_4869delinsAGG	p.Ala1623Arg	missense	VUS	VUS	0	2	MISSING_FUNCTIONAL	MISSING_FUNCTIONAL	PM5:moderate		neighbour_evidence
2020-01-01	2026-08-04	NM_007294.4:c.4867_4868delinsAG	p.Ala1623Ser	missense	VUS	VUS	0	2	MISSING_FUNCTIONAL	MISSING_FUNCTIONAL	PM5:moderate		neighbour_evidence
2020-01-01	2026-08-04	NM_007294.4:c.4867_4869delinsATA	p.Ala1623Ile	missense	VUS	VUS	0	2	MISSING_FUNCTIONAL	MISSING_FUNCTIONAL	PM5:moderate		neighbour_evidence
2020-01-01	2026-08-04	NM_007294.4:c.4867_4869delinsATC	p.Ala1623Ile	missense	VUS	VUS	0	2	MISSING_FUNCTIONAL	MISSING_FUNCTIONAL	PM5:moderate		neighbour_evidence
2020-01-01	2026-08-04	NM_007294.4:c.4867_4869delinsATG	p.Ala1623Met	missense	VUS	VUS	0	2	MISSING_FUNCTIONAL	MISSING_FUNCTIONAL	PM5:moderate		neighbour_evidence
2020-01-01	2026-08-04	NM_007294.4:c.4867_4868delinsAT	p.Ala1623Ile	missense	VUS	VUS	0	2	MISSING_FUNCTIONAL	MISSING_FUNCTIONAL	PM5:moderate		neighbour_evidence
2020-01-01	2026-08-04	NM_007294.4:c.4867_4869delinsCAA	p.Ala1623Gln	missense	VUS	VUS	0	2	MISSING_FUNCTIONAL	MISSING_FUNCTIONAL	PM5:moderate		neighbour_evidence
2020-01-01	2026-08-04	NM_007294.4:c.4867_4869delinsCAC	p.Ala1623His	missense	VUS	VUS	0	2	MISSING_FUNCTIONAL	MISSING_FUNCTIONAL	PM5:moderate		neighbour_evidence
2020-01-01	2026-08-04	NM_007294.4:c.4867_4869delinsCAG	p.Ala1623Gln	missense	VUS	VUS	0	2	MISSING_FUNCTIONAL	MISSING_FUNCTIONAL	PM5:moderate		neighbour_evidence
2020-01-01	2026-08-04	NM_007294.4:c.4867_4868delinsCA	p.Ala1623His	missense	VUS	VUS	0	2	MISSING_FUNCTIONAL	MISSING_FUNCTIONAL	PM5:moderate		neighbour_evidence
2020-01-01	2026-08-04	NM_007294.4:c.4867_4869delinsCCA	p.Ala1623Pro	missense	VUS	VUS	0	2	MISSING_FUNCTIONAL	MISSING_FUNCTIONAL	PM5:moderate		neighbour_evidence
2020-01-01	2026-08-04	NM_007294.4:c.4867_4869delinsCCC	p.Ala1623Pro	missense	VUS	VUS	0	2	MISSING_FUNCTIONAL	MISSING_FUNCTIONAL	PM5:moderate		neighbour_evidence
2020-01-01	2026-08-04	NM_007294.4:c.4867_4869delinsCCG	p.Ala1623Pro	missense	VUS	VUS	0	2	MISSING_FUNCTIONAL	MISSING_FUNCTIONAL	PM5:moderate		neighbour_evidence
2020-01-01	2026-08-04	NM_007294.4:c.4867_4869delinsCGA	p.Ala1623Arg	missense	VUS	VUS	0	2	MISSING_FUNCTIONAL	MISSING_FUNCTIONAL	PM5:moderate		neighbour_evidence
2020-01-01	2026-08-04	NM_007294.4:c.4867_4869delinsCGC	p.Ala1623Arg	missense	VUS	VUS	0	2	MISSING_FUNCTIONAL	MISSING_FUNCTIONAL	PM5:moderate		neighbour_evidence
2020-01-01	2026-08-04	NM_007294.4:c.4867_4869delinsCGG	p.Ala1623Arg	missense	VUS	VUS	0	2	MISSING_FUNCTIONAL	MISSING_FUNCTIONAL	PM5:moderate		neighbour_evidence
2020-01-01	2026-08-04	NM_007294.4:c.4867_4868delinsCG	p.Ala1623Arg	missense	VUS	VUS	0	2	MISSING_FUNCTIONAL	MISSING_FUNCTIONAL	PM5:moderate		neighbour_evidence
2020-01-01	2026-08-04	NM_007294.4:c.4867_4869delinsCTA	p.Ala1623Leu	missense	VUS	VUS	0	2	MISSING_FUNCTIONAL	MISSING_FUNCTIONAL	PM5:moderate		neighbour_evidence
2020-01-01	2026-08-04	NM_007294.4:c.4867_4869delinsCTC	p.Ala1623Leu	missense	VUS	VUS	0	2	MISSING_FUNCTIONAL	MISSING_FUNCTIONAL	PM5:moderate		neighbour_evidence
2020-01-01	2026-08-04	NM_007294.4:c.4867_4869delinsCTG	p.Ala1623Leu	missense	VUS	VUS	0	2	MISSING_FUNCTIONAL	MISSING_FUNCTIONAL	PM5:moderate		neighbour_evidence
2020-01-01	2026-08-04	NM_007294.4:c.4867_4868delinsCT	p.Ala1623Leu	missense	VUS	VUS	0	2	MISSING_FUNCTIONAL	MISSING_FUNCTIONAL	PM5:moderate		neighbour_evidence
2020-01-01	2026-08-04	NM_007294.4:c.4868_4869delinsAA	p.Ala1623Glu	missense	VUS	VUS	0	2	MISSING_FUNCTIONAL	MISSING_FUNCTIONAL	PM5:moderate		neighbour_evidence
2020-01-01	2026-08-04	NM_007294.4:c.4868_4869delinsAC	p.Ala1623Asp	missense	VUS	VUS	0	2	MISSING_FUNCTIONAL	MISSING_FUNCTIONAL	PM5:moderate		neighbour_evidence
2020-01-01	2026-08-04	NM_007294.4:c.4868_4869delinsAG	p.Ala1623Glu	missense	VUS	VUS	0	2	MISSING_FUNCTIONAL	MISSING_FUNCTIONAL	PM5:moderate		neighbour_evidence
2020-01-01	2026-08-04	NM_007294.4:c.4868_4869delinsGA	p.Ala1623Gly	missense	VUS	VUS	0	4	MISSING_FUNCTIONAL	MISSING_FUNCTIONAL	PS1:strong		neighbour_evidence
2020-01-01	2026-08-04	NM_007294.4:c.4868_4869delinsGC	p.Ala1623Gly	missense	VUS	VUS	0	4	MISSING_FUNCTIONAL	MISSING_FUNCTIONAL	PS1:strong		neighbour_evidence
2020-01-01	2026-08-04	NM_007294.4:c.4868_4869delinsGG	p.Ala1623Gly	missense	VUS	VUS	0	4	MISSING_FUNCTIONAL	MISSING_FUNCTIONAL	PS1:strong		neighbour_evidence
2020-01-01	2026-08-04	NM_007294.4:c.4868_4869delinsTA	p.Ala1623Val	missense	VUS	VUS	0	2	MISSING_FUNCTIONAL	MISSING_FUNCTIONAL	PM5:moderate		neighbour_evidence
2020-01-01	2026-08-04	NM_007294.4:c.4868_4869delinsTC	p.Ala1623Val	missense	VUS	VUS	0	2	MISSING_FUNCTIONAL	MISSING_FUNCTIONAL	PM5:moderate		neighbour_evidence
2020-01-01	2026-08-04	NM_007294.4:c.4868_4869delinsTG	p.Ala1623Val	missense	VUS	VUS	0	2	MISSING_FUNCTIONAL	MISSING_FUNCTIONAL	PM5:moderate		neighbour_evidence
2020-01-01	2026-08-04	NM_007294.4:c.4867_4869delinsTAC	p.Ala1623Tyr	missense	VUS	VUS	0	2	MISSING_FUNCTIONAL	MISSING_FUNCTIONAL	PM5:moderate		neighbour_evidence
2020-01-01	2026-08-04	NM_007294.4:c.4867_4868delinsTA	p.Ala1623Tyr	missense	VUS	VUS	0	2	MISSING_FUNCTIONAL	MISSING_FUNCTIONAL	PM5:moderate		neighbour_evidence
2020-01-01	2026-08-04	NM_007294.4:c.4867_4869delinsTCA	p.Ala1623Ser	missense	VUS	VUS	0	2	MISSING_FUNCTIONAL	MISSING_FUNCTIONAL	PM5:moderate		neighbour_evidence
2020-01-01	2026-08-04	NM_007294.4:c.4867_4869delinsTCC	p.Ala1623Ser	missense	VUS	VUS	0	2	MISSING_FUNCTIONAL	MISSING_FUNCTIONAL	PM5:moderate		neighbour_evidence
2020-01-01	2026-08-04	NM_007294.4:c.4867_4869delinsTCG	p.Ala1623Ser	missense	VUS	VUS	0	2	MISSING_FUNCTIONAL	MISSING_FUNCTIONAL	PM5:moderate		neighbour_evidence
2020-01-01	2026-08-04	NM_007294.4:c.4867_4869delinsTGC	p.Ala1623Cys	missense	VUS	VUS	0	2	MISSING_FUNCTIONAL	MISSING_FUNCTIONAL	PM5:moderate		neighbour_evidence
2020-01-01	2026-08-04	NM_007294.4:c.4867_4869delinsTGG	p.Ala1623Trp	missense	VUS	VUS	0	2	MISSING_FUNCTIONAL	MISSING_FUNCTIONAL	PM5:moderate		neighbour_evidence
2020-01-01	2026-08-04	NM_007294.4:c.4867_4868delinsTG	p.Ala1623Cys	missense	VUS	VUS	0	2	MISSING_FUNCTIONAL	MISSING_FUNCTIONAL	PM5:moderate		neighbour_evidence
2020-01-01	2026-08-04	NM_007294.4:c.4867_4869delinsTTA	p.Ala1623Leu	missense	VUS	VUS	0	2	MISSING_FUNCTIONAL	MISSING_FUNCTIONAL	PM5:moderate		neighbour_evidence
2020-01-01	2026-08-04	NM_007294.4:c.4867_4869delinsTTC	p.Ala1623Phe	missense	VUS	VUS	0	2	MISSING_FUNCTIONAL	MISSING_FUNCTIONAL	PM5:moderate		neighbour_evidence
2020-01-01	2026-08-04	NM_007294.4:c.4867_4869delinsTTG	p.Ala1623Leu	missense	VUS	VUS	0	2	MISSING_FUNCTIONAL	MISSING_FUNCTIONAL	PM5:moderate		neighbour_evidence
2020-01-01	2026-08-04	NM_007294.4:c.4867_4868delinsTT	p.Ala1623Phe	missense	VUS	VUS	0	2	MISSING_FUNCTIONAL	MISSING_FUNCTIONAL	PM5:moderate		neighbour_evidence
2020-01-01	2026-08-04	NM_007294.4:c.4957_4959delinsAAA	p.Val1653Lys	missense	VUS	VUS	2	4	MISSING_FUNCTIONAL	MISSING_FUNCTIONAL	PM5:moderate		neighbour_evidence
2020-01-01	2026-08-04	NM_007294.4:c.4957_4959delinsAAC	p.Val1653Asn	missense	VUS	VUS	2	4	MISSING_FUNCTIONAL	MISSING_FUNCTIONAL	PM5:moderate		neighbour_evidence
2020-01-01	2026-08-04	NM_007294.4:c.4957_4958delinsAA	p.Val1653Lys	missense	VUS	VUS	2	4	MISSING_FUNCTIONAL	MISSING_FUNCTIONAL	PM5:moderate		neighbour_evidence
2020-01-01	2026-08-04	NM_007294.4:c.4957_4959delinsAAT	p.Val1653Asn	missense	VUS	VUS	2	4	MISSING_FUNCTIONAL	MISSING_FUNCTIONAL	PM5:moderate		neighbour_evidence
2020-01-01	2026-08-04	NM_007294.4:c.4957_4959delinsACA	p.Val1653Thr	missense	VUS	VUS	2	4	MISSING_FUNCTIONAL	MISSING_FUNCTIONAL	PM5:moderate		neighbour_evidence
2020-01-01	2026-08-04	NM_007294.4:c.4957_4959delinsACC	p.Val1653Thr	missense	VUS	VUS	2	4	MISSING_FUNCTIONAL	MISSING_FUNCTIONAL	PM5:moderate		neighbour_evidence
2020-01-01	2026-08-04	NM_007294.4:c.4957_4958delinsAC	p.Val1653Thr	missense	VUS	VUS	2	4	MISSING_FUNCTIONAL	MISSING_FUNCTIONAL	PM5:moderate		neighbour_evidence
2020-01-01	2026-08-04	NM_007294.4:c.4957_4959delinsACT	p.Val1653Thr	missense	VUS	VUS	2	4	MISSING_FUNCTIONAL	MISSING_FUNCTIONAL	PM5:moderate		neighbour_evidence
2020-01-01	2026-08-04	NM_007294.4:c.4957_4959delinsAGA	p.Val1653Arg	missense	VUS	VUS	2	4	MISSING_FUNCTIONAL	MISSING_FUNCTIONAL	PM5:moderate		neighbour_evidence
2020-01-01	2026-08-04	NM_007294.4:c.4957_4959delinsAGC	p.Val1653Ser	missense	VUS	VUS	2	4	MISSING_FUNCTIONAL	MISSING_FUNCTIONAL	PM5:moderate		neighbour_evidence
2020-01-01	2026-08-04	NM_007294.4:c.4957_4958delinsAG	p.Val1653Arg	missense	VUS	VUS	2	4	MISSING_FUNCTIONAL	MISSING_FUNCTIONAL	PM5:moderate		neighbour_evidence
2020-01-01	2026-08-04	NM_007294.4:c.4957_4959delinsAGT	p.Val1653Ser	missense	VUS	VUS	2	4	MISSING_FUNCTIONAL	MISSING_FUNCTIONAL	PM5:moderate		neighbour_evidence
2020-01-01	2026-08-04	NM_007294.4:c.4957_4959delinsATA	p.Val1653Ile	missense	VUS	VUS	2	4	MISSING_FUNCTIONAL	MISSING_FUNCTIONAL	PM5:moderate		neighbour_evidence
2020-01-01	2026-08-04	NM_007294.4:c.4957_4959delinsATC	p.Val1653Ile	missense	VUS	VUS	2	4	MISSING_FUNCTIONAL	MISSING_FUNCTIONAL	PM5:moderate		neighbour_evidence
2020-01-01	2026-08-04	NM_007294.4:c.4957_4959delinsATT	p.Val1653Ile	missense	VUS	VUS	2	4	MISSING_FUNCTIONAL	MISSING_FUNCTIONAL	PM5:moderate		neighbour_evidence
2020-01-01	2026-08-04	NM_007294.4:c.4957_4959delinsCAA	p.Val1653Gln	missense	VUS	VUS	2	4	MISSING_FUNCTIONAL	MISSING_FUNCTIONAL	PM5:moderate		neighbour_evidence
2020-01-01	2026-08-04	NM_007294.4:c.4957_4959delinsCAC	p.Val1653His	missense	VUS	VUS	2	4	MISSING_FUNCTIONAL	MISSING_FUNCTIONAL	PM5:moderate		neighbour_evidence
2020-01-01	2026-08-04	NM_007294.4:c.4957_4958delinsCA	p.Val1653Gln	missense	VUS	VUS	2	4	MISSING_FUNCTIONAL	MISSING_FUNCTIONAL	PM5:moderate		neighbour_evidence
2020-01-01	2026-08-04	NM_007294.4:c.4957_4959delinsCAT	p.Val1653His	missense	VUS	VUS	2	4	MISSING_FUNCTIONAL	MISSING_FUNCTIONAL	PM5:moderate		neighbour_evidence
2020-01-01	2026-08-04	NM_007294.4:c.4957_4959delinsCCA	p.Val1653Pro	missense	VUS	VUS	2	4	MISSING_FUNCTIONAL	MISSING_FUNCTIONAL	PM5:moderate		neighbour_evidence
2020-01-01	2026-08-04	NM_007294.4:c.4957_4959delinsCCC	p.Val1653Pro	missense	VUS	VUS	2	4	MISSING_FUNCTIONAL	MISSING_FUNCTIONAL	PM5:moderate		neighbour_evidence
2020-01-01	2026-08-04	NM_007294.4:c.4957_4958delinsCC	p.Val1653Pro	missense	VUS	VUS	2	4	MISSING_FUNCTIONAL	MISSING_FUNCTIONAL	PM5:moderate		neighbour_evidence
2020-01-01	2026-08-04	NM_007294.4:c.4957_4959delinsCCT	p.Val1653Pro	missense	VUS	VUS	2	4	MISSING_FUNCTIONAL	MISSING_FUNCTIONAL	PM5:moderate		neighbour_evidence
2020-01-01	2026-08-04	NM_007294.4:c.4957_4959delinsCGA	p.Val1653Arg	missense	VUS	VUS	2	4	MISSING_FUNCTIONAL	MISSING_FUNCTIONAL	PM5:moderate		neighbour_evidence
2020-01-01	2026-08-04	NM_007294.4:c.4957_4959delinsCGC	p.Val1653Arg	missense	VUS	VUS	2	4	MISSING_FUNCTIONAL	MISSING_FUNCTIONAL	PM5:moderate		neighbour_evidence
2020-01-01	2026-08-04	NM_007294.4:c.4957_4958delinsCG	p.Val1653Arg	missense	VUS	VUS	2	4	MISSING_FUNCTIONAL	MISSING_FUNCTIONAL	PM5:moderate		neighbour_evidence
2020-01-01	2026-08-04	NM_007294.4:c.4957_4959delinsCGT	p.Val1653Arg	missense	VUS	VUS	2	4	MISSING_FUNCTIONAL	MISSING_FUNCTIONAL	PM5:moderate		neighbour_evidence
2020-01-01	2026-08-04	NM_007294.4:c.4957_4959delinsCTA	p.Val1653Leu	missense	VUS	VUS	2	4	MISSING_FUNCTIONAL	MISSING_FUNCTIONAL	PM5:moderate		neighbour_evidence
2020-01-01	2026-08-04	NM_007294.4:c.4957_4959delinsCTC	p.Val1653Leu	missense	VUS	VUS	2	4	MISSING_FUNCTIONAL	MISSING_FUNCTIONAL	PM5:moderate		neighbour_evidence
2020-01-01	2026-08-04	NM_007294.4:c.4957_4959delinsCTT	p.Val1653Leu	missense	VUS	VUS	2	4	MISSING_FUNCTIONAL	MISSING_FUNCTIONAL	PM5:moderate		neighbour_evidence
2020-01-01	2026-08-04	NM_007294.4:c.4958_4959delinsAA	p.Val1653Glu	missense	VUS	LP	2	6	MISSING_FUNCTIONAL	RESOLVED_NOT_BLOCKED	PS1:strong		neighbour_evidence
2020-01-01	2026-08-04	NM_007294.4:c.4958_4959delinsAC	p.Val1653Asp	missense	VUS	VUS	2	4	MISSING_FUNCTIONAL	MISSING_FUNCTIONAL	PM5:moderate		neighbour_evidence
2020-01-01	2026-08-04	NM_007294.4:c.4958_4959delinsAT	p.Val1653Asp	missense	VUS	VUS	2	4	MISSING_FUNCTIONAL	MISSING_FUNCTIONAL	PM5:moderate		neighbour_evidence
2020-01-01	2026-08-04	NM_007294.4:c.4958_4959delinsCA	p.Val1653Ala	missense	VUS	VUS	2	4	MISSING_FUNCTIONAL	MISSING_FUNCTIONAL	PM5:moderate		neighbour_evidence
2020-01-01	2026-08-04	NM_007294.4:c.4958_4959delinsCC	p.Val1653Ala	missense	VUS	VUS	2	4	MISSING_FUNCTIONAL	MISSING_FUNCTIONAL	PM5:moderate		neighbour_evidence
2020-01-01	2026-08-04	NM_007294.4:c.4958_4959delinsCT	p.Val1653Ala	missense	VUS	VUS	2	4	MISSING_FUNCTIONAL	MISSING_FUNCTIONAL	PM5:moderate		neighbour_evidence
2020-01-01	2026-08-04	NM_007294.4:c.4958_4959delinsGA	p.Val1653Gly	missense	VUS	VUS	2	4	MISSING_FUNCTIONAL	MISSING_FUNCTIONAL	PM5:moderate		neighbour_evidence
2020-01-01	2026-08-04	NM_007294.4:c.4958_4959delinsGC	p.Val1653Gly	missense	VUS	VUS	2	4	MISSING_FUNCTIONAL	MISSING_FUNCTIONAL	PM5:moderate		neighbour_evidence
2020-01-01	2026-08-04	NM_007294.4:c.4958_4959delinsGT	p.Val1653Gly	missense	VUS	VUS	2	4	MISSING_FUNCTIONAL	MISSING_FUNCTIONAL	PM5:moderate		neighbour_evidence
2020-01-01	2026-08-04	NM_007294.4:c.4957_4959delinsTAC	p.Val1653Tyr	missense	VUS	VUS	2	4	MISSING_FUNCTIONAL	MISSING_FUNCTIONAL	PM5:moderate		neighbour_evidence
2020-01-01	2026-08-04	NM_007294.4:c.4957_4959delinsTAT	p.Val1653Tyr	missense	VUS	VUS	2	4	MISSING_FUNCTIONAL	MISSING_FUNCTIONAL	PM5:moderate		neighbour_evidence
2020-01-01	2026-08-04	NM_007294.4:c.4957_4959delinsTCA	p.Val1653Ser	missense	VUS	VUS	2	4	MISSING_FUNCTIONAL	MISSING_FUNCTIONAL	PM5:moderate		neighbour_evidence
2020-01-01	2026-08-04	NM_007294.4:c.4957_4959delinsTCC	p.Val1653Ser	missense	VUS	VUS	2	4	MISSING_FUNCTIONAL	MISSING_FUNCTIONAL	PM5:moderate		neighbour_evidence
2020-01-01	2026-08-04	NM_007294.4:c.4957_4958delinsTC	p.Val1653Ser	missense	VUS	VUS	2	4	MISSING_FUNCTIONAL	MISSING_FUNCTIONAL	PM5:moderate		neighbour_evidence
2020-01-01	2026-08-04	NM_007294.4:c.4957_4959delinsTCT	p.Val1653Ser	missense	VUS	VUS	2	4	MISSING_FUNCTIONAL	MISSING_FUNCTIONAL	PM5:moderate		neighbour_evidence
2020-01-01	2026-08-04	NM_007294.4:c.4957_4959delinsTGC	p.Val1653Cys	missense	VUS	VUS	2	4	MISSING_FUNCTIONAL	MISSING_FUNCTIONAL	PM5:moderate		neighbour_evidence
2020-01-01	2026-08-04	NM_007294.4:c.4957_4958delinsTG	p.Val1653Trp	missense	VUS	VUS	2	4	MISSING_FUNCTIONAL	MISSING_FUNCTIONAL	PM5:moderate		neighbour_evidence
2020-01-01	2026-08-04	NM_007294.4:c.4957_4959delinsTGT	p.Val1653Cys	missense	VUS	VUS	2	4	MISSING_FUNCTIONAL	MISSING_FUNCTIONAL	PM5:moderate		neighbour_evidence
2020-01-01	2026-08-04	NM_007294.4:c.4957_4959delinsTTA	p.Val1653Leu	missense	VUS	VUS	2	4	MISSING_FUNCTIONAL	MISSING_FUNCTIONAL	PM5:moderate		neighbour_evidence
2020-01-01	2026-08-04	NM_007294.4:c.4957_4959delinsTTC	p.Val1653Phe	missense	VUS	VUS	2	4	MISSING_FUNCTIONAL	MISSING_FUNCTIONAL	PM5:moderate		neighbour_evidence
2020-01-01	2026-08-04	NM_007294.4:c.4957_4959delinsTTT	p.Val1653Phe	missense	VUS	VUS	2	4	MISSING_FUNCTIONAL	MISSING_FUNCTIONAL	PM5:moderate		neighbour_evidence
2020-01-01	2026-08-04	NM_007294.4:c.4963_4965delinsAAA	p.Ser1655Lys	missense	VUS	VUS	2	4	MISSING_FUNCTIONAL	MISSING_FUNCTIONAL	PM5:moderate		neighbour_evidence
2020-01-01	2026-08-04	NM_007294.4:c.4963_4965delinsAAC	p.Ser1655Asn	missense	VUS	VUS	2	4	MISSING_FUNCTIONAL	MISSING_FUNCTIONAL	PM5:moderate		neighbour_evidence
2020-01-01	2026-08-04	NM_007294.4:c.4963_4965delinsAAG	p.Ser1655Lys	missense	VUS	VUS	2	4	MISSING_FUNCTIONAL	MISSING_FUNCTIONAL	PM5:moderate		neighbour_evidence
2020-01-01	2026-08-04	NM_007294.4:c.4963_4964delinsAA	p.Ser1655Asn	missense	VUS	VUS	2	4	MISSING_FUNCTIONAL	MISSING_FUNCTIONAL	PM5:moderate		neighbour_evidence
2020-01-01	2026-08-04	NM_007294.4:c.4963_4965delinsACA	p.Ser1655Thr	missense	VUS	VUS	2	4	MISSING_FUNCTIONAL	MISSING_FUNCTIONAL	PM5:moderate		neighbour_evidence
2020-01-01	2026-08-04	NM_007294.4:c.4963_4965delinsACC	p.Ser1655Thr	missense	VUS	VUS	2	4	MISSING_FUNCTIONAL	MISSING_FUNCTIONAL	PM5:moderate		neighbour_evidence
2020-01-01	2026-08-04	NM_007294.4:c.4963_4965delinsACG	p.Ser1655Thr	missense	VUS	VUS	2	4	MISSING_FUNCTIONAL	MISSING_FUNCTIONAL	PM5:moderate		neighbour_evidence
2020-01-01	2026-08-04	NM_007294.4:c.4963_4965delinsAGA	p.Ser1655Arg	missense	VUS	VUS	2	4	MISSING_FUNCTIONAL	MISSING_FUNCTIONAL	PM5:moderate		neighbour_evidence
2020-01-01	2026-08-04	NM_007294.4:c.4963_4965delinsAGG	p.Ser1655Arg	missense	VUS	VUS	2	4	MISSING_FUNCTIONAL	MISSING_FUNCTIONAL	PM5:moderate		neighbour_evidence
2020-01-01	2026-08-04	NM_007294.4:c.4963_4965delinsATA	p.Ser1655Ile	missense	VUS	VUS	2	4	MISSING_FUNCTIONAL	MISSING_FUNCTIONAL	PM5:moderate		neighbour_evidence
2020-01-01	2026-08-04	NM_007294.4:c.4963_4965delinsATC	p.Ser1655Ile	missense	VUS	VUS	2	4	MISSING_FUNCTIONAL	MISSING_FUNCTIONAL	PM5:moderate		neighbour_evidence
2020-01-01	2026-08-04	NM_007294.4:c.4963_4965delinsATG	p.Ser1655Met	missense	VUS	VUS	2	4	MISSING_FUNCTIONAL	MISSING_FUNCTIONAL	PM5:moderate		neighbour_evidence
2020-01-01	2026-08-04	NM_007294.4:c.4963_4964delinsAT	p.Ser1655Ile	missense	VUS	VUS	2	4	MISSING_FUNCTIONAL	MISSING_FUNCTIONAL	PM5:moderate		neighbour_evidence
2020-01-01	2026-08-04	NM_007294.4:c.4963_4965delinsCAA	p.Ser1655Gln	missense	VUS	VUS	2	4	MISSING_FUNCTIONAL	MISSING_FUNCTIONAL	PM5:moderate		neighbour_evidence
2020-01-01	2026-08-04	NM_007294.4:c.4963_4965delinsCAC	p.Ser1655His	missense	VUS	VUS	2	4	MISSING_FUNCTIONAL	MISSING_FUNCTIONAL	PM5:moderate		neighbour_evidence
2020-01-01	2026-08-04	NM_007294.4:c.4963_4965delinsCAG	p.Ser1655Gln	missense	VUS	VUS	2	4	MISSING_FUNCTIONAL	MISSING_FUNCTIONAL	PM5:moderate		neighbour_evidence
2020-01-01	2026-08-04	NM_007294.4:c.4963_4964delinsCA	p.Ser1655His	missense	VUS	VUS	2	4	MISSING_FUNCTIONAL	MISSING_FUNCTIONAL	PM5:moderate		neighbour_evidence
2020-01-01	2026-08-04	NM_007294.4:c.4963_4965delinsCCA	p.Ser1655Pro	missense	VUS	LP	2	8	MISSING_FUNCTIONAL	RESOLVED_NOT_BLOCKED	PM5:moderate;PS1:strong		neighbour_evidence
2020-01-01	2026-08-04	NM_007294.4:c.4963_4965delinsCCC	p.Ser1655Pro	missense	VUS	LP	2	8	MISSING_FUNCTIONAL	RESOLVED_NOT_BLOCKED	PM5:moderate;PS1:strong		neighbour_evidence
2020-01-01	2026-08-04	NM_007294.4:c.4963_4965delinsCCG	p.Ser1655Pro	missense	VUS	LP	2	8	MISSING_FUNCTIONAL	RESOLVED_NOT_BLOCKED	PM5:moderate;PS1:strong		neighbour_evidence
2020-01-01	2026-08-04	NM_007294.4:c.4963_4965delinsCGA	p.Ser1655Arg	missense	VUS	VUS	2	4	MISSING_FUNCTIONAL	MISSING_FUNCTIONAL	PM5:moderate		neighbour_evidence
2020-01-01	2026-08-04	NM_007294.4:c.4963_4965delinsCGC	p.Ser1655Arg	missense	VUS	VUS	2	4	MISSING_FUNCTIONAL	MISSING_FUNCTIONAL	PM5:moderate		neighbour_evidence
2020-01-01	2026-08-04	NM_007294.4:c.4963_4965delinsCGG	p.Ser1655Arg	missense	VUS	VUS	2	4	MISSING_FUNCTIONAL	MISSING_FUNCTIONAL	PM5:moderate		neighbour_evidence
2020-01-01	2026-08-04	NM_007294.4:c.4963_4964delinsCG	p.Ser1655Arg	missense	VUS	VUS	2	4	MISSING_FUNCTIONAL	MISSING_FUNCTIONAL	PM5:moderate		neighbour_evidence
2020-01-01	2026-08-04	NM_007294.4:c.4963_4965delinsCTA	p.Ser1655Leu	missense	VUS	VUS	2	4	MISSING_FUNCTIONAL	MISSING_FUNCTIONAL	PM5:moderate		neighbour_evidence
2020-01-01	2026-08-04	NM_007294.4:c.4963_4965delinsCTC	p.Ser1655Leu	missense	VUS	VUS	2	4	MISSING_FUNCTIONAL	MISSING_FUNCTIONAL	PM5:moderate		neighbour_evidence
2020-01-01	2026-08-04	NM_007294.4:c.4963_4965delinsCTG	p.Ser1655Leu	missense	VUS	VUS	2	4	MISSING_FUNCTIONAL	MISSING_FUNCTIONAL	PM5:moderate		neighbour_evidence
2020-01-01	2026-08-04	NM_007294.4:c.4963_4964delinsCT	p.Ser1655Leu	missense	VUS	VUS	2	4	MISSING_FUNCTIONAL	MISSING_FUNCTIONAL	PM5:moderate		neighbour_evidence
2020-01-01	2026-08-04	NM_007294.4:c.4963_4965delinsGAA	p.Ser1655Glu	missense	VUS	VUS	2	4	MISSING_FUNCTIONAL	MISSING_FUNCTIONAL	PM5:moderate		neighbour_evidence
2020-01-01	2026-08-04	NM_007294.4:c.4963_4965delinsGAC	p.Ser1655Asp	missense	VUS	VUS	2	4	MISSING_FUNCTIONAL	MISSING_FUNCTIONAL	PM5:moderate		neighbour_evidence
2020-01-01	2026-08-04	NM_007294.4:c.4963_4965delinsGAG	p.Ser1655Glu	missense	VUS	VUS	2	4	MISSING_FUNCTIONAL	MISSING_FUNCTIONAL	PM5:moderate		neighbour_evidence
2020-01-01	2026-08-04	NM_007294.4:c.4963_4964delinsGA	p.Ser1655Asp	missense	VUS	VUS	2	4	MISSING_FUNCTIONAL	MISSING_FUNCTIONAL	PM5:moderate		neighbour_evidence
2020-01-01	2026-08-04	NM_007294.4:c.4963_4965delinsGCA	p.Ser1655Ala	missense	VUS	VUS	2	4	MISSING_FUNCTIONAL	MISSING_FUNCTIONAL	PM5:moderate		neighbour_evidence
2020-01-01	2026-08-04	NM_007294.4:c.4963_4965delinsGCC	p.Ser1655Ala	missense	VUS	VUS	2	4	MISSING_FUNCTIONAL	MISSING_FUNCTIONAL	PM5:moderate		neighbour_evidence
2020-01-01	2026-08-04	NM_007294.4:c.4963_4965delinsGCG	p.Ser1655Ala	missense	VUS	VUS	2	4	MISSING_FUNCTIONAL	MISSING_FUNCTIONAL	PM5:moderate		neighbour_evidence
2020-01-01	2026-08-04	NM_007294.4:c.4963_4965delinsGGA	p.Ser1655Gly	missense	VUS	VUS	2	4	MISSING_FUNCTIONAL	MISSING_FUNCTIONAL	PM5:moderate		neighbour_evidence
2020-01-01	2026-08-04	NM_007294.4:c.4963_4965delinsGGC	p.Ser1655Gly	missense	VUS	VUS	2	4	MISSING_FUNCTIONAL	MISSING_FUNCTIONAL	PM5:moderate		neighbour_evidence
2020-01-01	2026-08-04	NM_007294.4:c.4963_4965delinsGGG	p.Ser1655Gly	missense	VUS	VUS	2	4	MISSING_FUNCTIONAL	MISSING_FUNCTIONAL	PM5:moderate		neighbour_evidence
2020-01-01	2026-08-04	NM_007294.4:c.4963_4964delinsGG	p.Ser1655Gly	missense	VUS	VUS	2	4	MISSING_FUNCTIONAL	MISSING_FUNCTIONAL	PM5:moderate		neighbour_evidence
2020-01-01	2026-08-04	NM_007294.4:c.4963_4965delinsGTA	p.Ser1655Val	missense	VUS	VUS	2	4	MISSING_FUNCTIONAL	MISSING_FUNCTIONAL	PM5:moderate		neighbour_evidence
2020-01-01	2026-08-04	NM_007294.4:c.4963_4965delinsGTC	p.Ser1655Val	missense	VUS	VUS	2	4	MISSING_FUNCTIONAL	MISSING_FUNCTIONAL	PM5:moderate		neighbour_evidence
2020-01-01	2026-08-04	NM_007294.4:c.4963_4965delinsGTG	p.Ser1655Val	missense	VUS	VUS	2	4	MISSING_FUNCTIONAL	MISSING_FUNCTIONAL	PM5:moderate		neighbour_evidence
2020-01-01	2026-08-04	NM_007294.4:c.4963_4964delinsGT	p.Ser1655Val	missense	VUS	VUS	2	4	MISSING_FUNCTIONAL	MISSING_FUNCTIONAL	PM5:moderate		neighbour_evidence
2020-01-01	2026-08-04	NM_007294.4:c.4964_4965delinsAC	p.Ser1655Tyr	missense	VUS	VUS	2	4	MISSING_FUNCTIONAL	MISSING_FUNCTIONAL	PM5:moderate		neighbour_evidence
2020-01-01	2026-08-04	NM_007294.4:c.4964_4965delinsGC	p.Ser1655Cys	missense	VUS	VUS	2	4	MISSING_FUNCTIONAL	MISSING_FUNCTIONAL	PM5:moderate		neighbour_evidence
2020-01-01	2026-08-04	NM_007294.4:c.4964_4965delinsGG	p.Ser1655Trp	missense	VUS	VUS	2	4	MISSING_FUNCTIONAL	MISSING_FUNCTIONAL	PM5:moderate		neighbour_evidence
2020-01-01	2026-08-04	NM_007294.4:c.4964_4965delinsTA	p.Ser1655Leu	missense	VUS	VUS	2	4	MISSING_FUNCTIONAL	MISSING_FUNCTIONAL	PM5:moderate		neighbour_evidence
2020-01-01	2026-08-04	NM_007294.4:c.4964_4965delinsTC	p.Ser1655Phe	missense	VUS	LP	2	8	MISSING_FUNCTIONAL	RESOLVED_NOT_BLOCKED	PM5:moderate;PS1:strong		neighbour_evidence
2020-01-01	2026-08-04	NM_007294.4:c.4964_4965delinsTG	p.Ser1655Leu	missense	VUS	VUS	2	4	MISSING_FUNCTIONAL	MISSING_FUNCTIONAL	PM5:moderate		neighbour_evidence
2020-01-01	2026-08-04	NM_007294.4:c.4988_4989delinsAA	p.Met1663Lys	missense	VUS	VUS	2	4	MISSING_FUNCTIONAL	MISSING_FUNCTIONAL	PM5:moderate		neighbour_evidence
2020-01-01	2026-08-04	NM_007294.4:c.4988_4989delinsAC	p.Met1663Asn	missense	VUS	VUS	2	4	MISSING_FUNCTIONAL	MISSING_FUNCTIONAL	PM5:moderate		neighbour_evidence
2020-01-01	2026-08-04	NM_007294.4:c.4988_4989delinsAT	p.Met1663Asn	missense	VUS	VUS	2	4	MISSING_FUNCTIONAL	MISSING_FUNCTIONAL	PM5:moderate		neighbour_evidence
2020-01-01	2026-08-04	NM_007294.4:c.4988_4989delinsCA	p.Met1663Thr	missense	VUS	VUS	2	4	MISSING_FUNCTIONAL	MISSING_FUNCTIONAL	PM5:moderate		neighbour_evidence
2020-01-01	2026-08-04	NM_007294.4:c.4988_4989delinsCC	p.Met1663Thr	missense	VUS	VUS	2	4	MISSING_FUNCTIONAL	MISSING_FUNCTIONAL	PM5:moderate		neighbour_evidence
2020-01-01	2026-08-04	NM_007294.4:c.4988_4989delinsCT	p.Met1663Thr	missense	VUS	VUS	2	4	MISSING_FUNCTIONAL	MISSING_FUNCTIONAL	PM5:moderate		neighbour_evidence
2020-01-01	2026-08-04	NM_007294.4:c.4988_4989delinsGA	p.Met1663Arg	missense	VUS	LP	2	6	MISSING_FUNCTIONAL	RESOLVED_NOT_BLOCKED	PS1:strong		neighbour_evidence
2020-01-01	2026-08-04	NM_007294.4:c.4988_4989delinsGC	p.Met1663Ser	missense	VUS	VUS	2	4	MISSING_FUNCTIONAL	MISSING_FUNCTIONAL	PM5:moderate		neighbour_evidence
2020-01-01	2026-08-04	NM_007294.4:c.4988_4989delinsGT	p.Met1663Ser	missense	VUS	VUS	2	4	MISSING_FUNCTIONAL	MISSING_FUNCTIONAL	PM5:moderate		neighbour_evidence
2020-01-01	2026-08-04	NM_007294.4:c.4987_4989delinsCAA	p.Met1663Gln	missense	VUS	VUS	2	4	MISSING_FUNCTIONAL	MISSING_FUNCTIONAL	PM5:moderate		neighbour_evidence
2020-01-01	2026-08-04	NM_007294.4:c.4987_4989delinsCAC	p.Met1663His	missense	VUS	VUS	2	4	MISSING_FUNCTIONAL	MISSING_FUNCTIONAL	PM5:moderate		neighbour_evidence
2020-01-01	2026-08-04	NM_007294.4:c.4987_4988delinsCA	p.Met1663Gln	missense	VUS	VUS	2	4	MISSING_FUNCTIONAL	MISSING_FUNCTIONAL	PM5:moderate		neighbour_evidence
2020-01-01	2026-08-04	NM_007294.4:c.4987_4989delinsCAT	p.Met1663His	missense	VUS	VUS	2	4	MISSING_FUNCTIONAL	MISSING_FUNCTIONAL	PM5:moderate		neighbour_evidence
2020-01-01	2026-08-04	NM_007294.4:c.4987_4989delinsCCA	p.Met1663Pro	missense	VUS	VUS	2	4	MISSING_FUNCTIONAL	MISSING_FUNCTIONAL	PM5:moderate		neighbour_evidence
2020-01-01	2026-08-04	NM_007294.4:c.4987_4989delinsCCC	p.Met1663Pro	missense	VUS	VUS	2	4	MISSING_FUNCTIONAL	MISSING_FUNCTIONAL	PM5:moderate		neighbour_evidence
2020-01-01	2026-08-04	NM_007294.4:c.4987_4988delinsCC	p.Met1663Pro	missense	VUS	VUS	2	4	MISSING_FUNCTIONAL	MISSING_FUNCTIONAL	PM5:moderate		neighbour_evidence
2020-01-01	2026-08-04	NM_007294.4:c.4987_4989delinsCCT	p.Met1663Pro	missense	VUS	VUS	2	4	MISSING_FUNCTIONAL	MISSING_FUNCTIONAL	PM5:moderate		neighbour_evidence
2020-01-01	2026-08-04	NM_007294.4:c.4987_4989delinsCGA	p.Met1663Arg	missense	VUS	LP	2	6	MISSING_FUNCTIONAL	RESOLVED_NOT_BLOCKED	PS1:strong		neighbour_evidence
2020-01-01	2026-08-04	NM_007294.4:c.4987_4989delinsCGC	p.Met1663Arg	missense	VUS	LP	2	6	MISSING_FUNCTIONAL	RESOLVED_NOT_BLOCKED	PS1:strong		neighbour_evidence
2020-01-01	2026-08-04	NM_007294.4:c.4987_4988delinsCG	p.Met1663Arg	missense	VUS	LP	2	6	MISSING_FUNCTIONAL	RESOLVED_NOT_BLOCKED	PS1:strong		neighbour_evidence
2020-01-01	2026-08-04	NM_007294.4:c.4987_4989delinsCGT	p.Met1663Arg	missense	VUS	LP	2	6	MISSING_FUNCTIONAL	RESOLVED_NOT_BLOCKED	PS1:strong		neighbour_evidence
2020-01-01	2026-08-04	NM_007294.4:c.4987_4989delinsCTA	p.Met1663Leu	missense	VUS	VUS	2	4	MISSING_FUNCTIONAL	MISSING_FUNCTIONAL	PM5:moderate		neighbour_evidence
2020-01-01	2026-08-04	NM_007294.4:c.4987_4989delinsCTC	p.Met1663Leu	missense	VUS	VUS	2	4	MISSING_FUNCTIONAL	MISSING_FUNCTIONAL	PM5:moderate		neighbour_evidence
2020-01-01	2026-08-04	NM_007294.4:c.4987_4989delinsCTT	p.Met1663Leu	missense	VUS	VUS	2	4	MISSING_FUNCTIONAL	MISSING_FUNCTIONAL	PM5:moderate		neighbour_evidence
2020-01-01	2026-08-04	NM_007294.4:c.4987_4989delinsGAA	p.Met1663Glu	missense	VUS	VUS	2	4	MISSING_FUNCTIONAL	MISSING_FUNCTIONAL	PM5:moderate		neighbour_evidence
2020-01-01	2026-08-04	NM_007294.4:c.4987_4989delinsGAC	p.Met1663Asp	missense	VUS	VUS	2	4	MISSING_FUNCTIONAL	MISSING_FUNCTIONAL	PM5:moderate		neighbour_evidence
2020-01-01	2026-08-04	NM_007294.4:c.4987_4988delinsGA	p.Met1663Glu	missense	VUS	VUS	2	4	MISSING_FUNCTIONAL	MISSING_FUNCTIONAL	PM5:moderate		neighbour_evidence
2020-01-01	2026-08-04	NM_007294.4:c.4987_4989delinsGAT	p.Met1663Asp	missense	VUS	VUS	2	4	MISSING_FUNCTIONAL	MISSING_FUNCTIONAL	PM5:moderate		neighbour_evidence
2020-01-01	2026-08-04	NM_007294.4:c.4987_4989delinsGCA	p.Met1663Ala	missense	VUS	VUS	2	4	MISSING_FUNCTIONAL	MISSING_FUNCTIONAL	PM5:moderate		neighbour_evidence
2020-01-01	2026-08-04	NM_007294.4:c.4987_4989delinsGCC	p.Met1663Ala	missense	VUS	VUS	2	4	MISSING_FUNCTIONAL	MISSING_FUNCTIONAL	PM5:moderate		neighbour_evidence
2020-01-01	2026-08-04	NM_007294.4:c.4987_4988delinsGC	p.Met1663Ala	missense	VUS	VUS	2	4	MISSING_FUNCTIONAL	MISSING_FUNCTIONAL	PM5:moderate		neighbour_evidence
2020-01-01	2026-08-04	NM_007294.4:c.4987_4989delinsGCT	p.Met1663Ala	missense	VUS	VUS	2	4	MISSING_FUNCTIONAL	MISSING_FUNCTIONAL	PM5:moderate		neighbour_evidence
2020-01-01	2026-08-04	NM_007294.4:c.4987_4989delinsGGA	p.Met1663Gly	missense	VUS	VUS	2	4	MISSING_FUNCTIONAL	MISSING_FUNCTIONAL	PM5:moderate		neighbour_evidence
2020-01-01	2026-08-04	NM_007294.4:c.4987_4989delinsGGC	p.Met1663Gly	missense	VUS	VUS	2	4	MISSING_FUNCTIONAL	MISSING_FUNCTIONAL	PM5:moderate		neighbour_evidence
2020-01-01	2026-08-04	NM_007294.4:c.4987_4988delinsGG	p.Met1663Gly	missense	VUS	VUS	2	4	MISSING_FUNCTIONAL	MISSING_FUNCTIONAL	PM5:moderate		neighbour_evidence
2020-01-01	2026-08-04	NM_007294.4:c.4987_4989delinsGGT	p.Met1663Gly	missense	VUS	VUS	2	4	MISSING_FUNCTIONAL	MISSING_FUNCTIONAL	PM5:moderate		neighbour_evidence
2020-01-01	2026-08-04	NM_007294.4:c.4987_4989delinsGTA	p.Met1663Val	missense	VUS	VUS	2	4	MISSING_FUNCTIONAL	MISSING_FUNCTIONAL	PM5:moderate		neighbour_evidence
2020-01-01	2026-08-04	NM_007294.4:c.4987_4989delinsGTC	p.Met1663Val	missense	VUS	VUS	2	4	MISSING_FUNCTIONAL	MISSING_FUNCTIONAL	PM5:moderate		neighbour_evidence
2020-01-01	2026-08-04	NM_007294.4:c.4987_4989delinsGTT	p.Met1663Val	missense	VUS	VUS	2	4	MISSING_FUNCTIONAL	MISSING_FUNCTIONAL	PM5:moderate		neighbour_evidence
2020-01-01	2026-08-04	NM_007294.4:c.4987_4989delinsTAC	p.Met1663Tyr	missense	VUS	VUS	2	4	MISSING_FUNCTIONAL	MISSING_FUNCTIONAL	PM5:moderate		neighbour_evidence
2020-01-01	2026-08-04	NM_007294.4:c.4987_4989delinsTAT	p.Met1663Tyr	missense	VUS	VUS	2	4	MISSING_FUNCTIONAL	MISSING_FUNCTIONAL	PM5:moderate		neighbour_evidence
2020-01-01	2026-08-04	NM_007294.4:c.4987_4989delinsTCA	p.Met1663Ser	missense	VUS	VUS	2	4	MISSING_FUNCTIONAL	MISSING_FUNCTIONAL	PM5:moderate		neighbour_evidence
2020-01-01	2026-08-04	NM_007294.4:c.4987_4989delinsTCC	p.Met1663Ser	missense	VUS	VUS	2	4	MISSING_FUNCTIONAL	MISSING_FUNCTIONAL	PM5:moderate		neighbour_evidence
2020-01-01	2026-08-04	NM_007294.4:c.4987_4988delinsTC	p.Met1663Ser	missense	VUS	VUS	2	4	MISSING_FUNCTIONAL	MISSING_FUNCTIONAL	PM5:moderate		neighbour_evidence
2020-01-01	2026-08-04	NM_007294.4:c.4987_4989delinsTCT	p.Met1663Ser	missense	VUS	VUS	2	4	MISSING_FUNCTIONAL	MISSING_FUNCTIONAL	PM5:moderate		neighbour_evidence
2020-01-01	2026-08-04	NM_007294.4:c.4987_4989delinsTGC	p.Met1663Cys	missense	VUS	VUS	2	4	MISSING_FUNCTIONAL	MISSING_FUNCTIONAL	PM5:moderate		neighbour_evidence
2020-01-01	2026-08-04	NM_007294.4:c.4987_4988delinsTG	p.Met1663Trp	missense	VUS	VUS	2	4	MISSING_FUNCTIONAL	MISSING_FUNCTIONAL	PM5:moderate		neighbour_evidence
2020-01-01	2026-08-04	NM_007294.4:c.4987_4989delinsTGT	p.Met1663Cys	missense	VUS	VUS	2	4	MISSING_FUNCTIONAL	MISSING_FUNCTIONAL	PM5:moderate		neighbour_evidence
2020-01-01	2026-08-04	NM_007294.4:c.4987_4989delinsTTA	p.Met1663Leu	missense	VUS	VUS	2	4	MISSING_FUNCTIONAL	MISSING_FUNCTIONAL	PM5:moderate		neighbour_evidence
2020-01-01	2026-08-04	NM_007294.4:c.4987_4989delinsTTC	p.Met1663Phe	missense	VUS	VUS	2	4	MISSING_FUNCTIONAL	MISSING_FUNCTIONAL	PM5:moderate		neighbour_evidence
2020-01-01	2026-08-04	NM_007294.4:c.4987_4989delinsTTT	p.Met1663Phe	missense	VUS	VUS	2	4	MISSING_FUNCTIONAL	MISSING_FUNCTIONAL	PM5:moderate		neighbour_evidence
2020-01-01	2026-08-04	NM_007294.4:c.5044_5046delinsAAC	p.Glu1682Asn	missense	VUS	VUS	2	4	MISSING_FUNCTIONAL	MISSING_FUNCTIONAL	PM5:moderate		neighbour_evidence
2020-01-01	2026-08-04	NM_007294.4:c.5044_5046delinsAAG	p.Glu1682Lys	missense	VUS	VUS	2	4	MISSING_FUNCTIONAL	MISSING_FUNCTIONAL	PM5:moderate		neighbour_evidence
2020-01-01	2026-08-04	NM_007294.4:c.5044_5046delinsAAT	p.Glu1682Asn	missense	VUS	VUS	2	4	MISSING_FUNCTIONAL	MISSING_FUNCTIONAL	PM5:moderate		neighbour_evidence
2020-01-01	2026-08-04	NM_007294.4:c.5044_5045delinsAC	p.Glu1682Thr	missense	VUS	VUS	2	4	MISSING_FUNCTIONAL	MISSING_FUNCTIONAL	PM5:moderate		neighbour_evidence
2020-01-01	2026-08-04	NM_007294.4:c.5044_5046delinsACC	p.Glu1682Thr	missense	VUS	VUS	2	4	MISSING_FUNCTIONAL	MISSING_FUNCTIONAL	PM5:moderate		neighbour_evidence
2020-01-01	2026-08-04	NM_007294.4:c.5044_5046delinsACG	p.Glu1682Thr	missense	VUS	VUS	2	4	MISSING_FUNCTIONAL	MISSING_FUNCTIONAL	PM5:moderate		neighbour_evidence
2020-01-01	2026-08-04	NM_007294.4:c.5044_5046delinsACT	p.Glu1682Thr	missense	VUS	VUS	2	4	MISSING_FUNCTIONAL	MISSING_FUNCTIONAL	PM5:moderate		neighbour_evidence
2020-01-01	2026-08-04	NM_007294.4:c.5044_5045delinsAG	p.Glu1682Arg	missense	VUS	VUS	2	4	MISSING_FUNCTIONAL	MISSING_FUNCTIONAL	PM5:moderate		neighbour_evidence
2020-01-01	2026-08-04	NM_007294.4:c.5044_5046delinsAGC	p.Glu1682Ser	missense	VUS	VUS	2	4	MISSING_FUNCTIONAL	MISSING_FUNCTIONAL	PM5:moderate		neighbour_evidence
2020-01-01	2026-08-04	NM_007294.4:c.5044_5046delinsAGG	p.Glu1682Arg	missense	VUS	VUS	2	4	MISSING_FUNCTIONAL	MISSING_FUNCTIONAL	PM5:moderate		neighbour_evidence
2020-01-01	2026-08-04	NM_007294.4:c.5044_5046delinsAGT	p.Glu1682Ser	missense	VUS	VUS	2	4	MISSING_FUNCTIONAL	MISSING_FUNCTIONAL	PM5:moderate		neighbour_evidence
2020-01-01	2026-08-04	NM_007294.4:c.5044_5045delinsAT	p.Glu1682Ile	missense	VUS	VUS	2	4	MISSING_FUNCTIONAL	MISSING_FUNCTIONAL	PM5:moderate		neighbour_evidence
2020-01-01	2026-08-04	NM_007294.4:c.5044_5046delinsATC	p.Glu1682Ile	missense	VUS	VUS	2	4	MISSING_FUNCTIONAL	MISSING_FUNCTIONAL	PM5:moderate		neighbour_evidence
2020-01-01	2026-08-04	NM_007294.4:c.5044_5046delinsATG	p.Glu1682Met	missense	VUS	VUS	2	4	MISSING_FUNCTIONAL	MISSING_FUNCTIONAL	PM5:moderate		neighbour_evidence
2020-01-01	2026-08-04	NM_007294.4:c.5044_5046delinsATT	p.Glu1682Ile	missense	VUS	VUS	2	4	MISSING_FUNCTIONAL	MISSING_FUNCTIONAL	PM5:moderate		neighbour_evidence
2020-01-01	2026-08-04	NM_007294.4:c.5044_5046delinsCAC	p.Glu1682His	missense	VUS	VUS	2	4	MISSING_FUNCTIONAL	MISSING_FUNCTIONAL	PM5:moderate		neighbour_evidence
2020-01-01	2026-08-04	NM_007294.4:c.5044_5046delinsCAG	p.Glu1682Gln	missense	VUS	VUS	2	4	MISSING_FUNCTIONAL	MISSING_FUNCTIONAL	PM5:moderate		neighbour_evidence
2020-01-01	2026-08-04	NM_007294.4:c.5044_5046delinsCAT	p.Glu1682His	missense	VUS	VUS	2	4	MISSING_FUNCTIONAL	MISSING_FUNCTIONAL	PM5:moderate		neighbour_evidence
2020-01-01	2026-08-04	NM_007294.4:c.5044_5045delinsCC	p.Glu1682Pro	missense	VUS	VUS	2	4	MISSING_FUNCTIONAL	MISSING_FUNCTIONAL	PM5:moderate		neighbour_evidence
2020-01-01	2026-08-04	NM_007294.4:c.5044_5046delinsCCC	p.Glu1682Pro	missense	VUS	VUS	2	4	MISSING_FUNCTIONAL	MISSING_FUNCTIONAL	PM5:moderate		neighbour_evidence
2020-01-01	2026-08-04	NM_007294.4:c.5044_5046delinsCCG	p.Glu1682Pro	missense	VUS	VUS	2	4	MISSING_FUNCTIONAL	MISSING_FUNCTIONAL	PM5:moderate		neighbour_evidence
2020-01-01	2026-08-04	NM_007294.4:c.5044_5046delinsCCT	p.Glu1682Pro	missense	VUS	VUS	2	4	MISSING_FUNCTIONAL	MISSING_FUNCTIONAL	PM5:moderate		neighbour_evidence
2020-01-01	2026-08-04	NM_007294.4:c.5044_5045delinsCG	p.Glu1682Arg	missense	VUS	VUS	2	4	MISSING_FUNCTIONAL	MISSING_FUNCTIONAL	PM5:moderate		neighbour_evidence
2020-01-01	2026-08-04	NM_007294.4:c.5044_5046delinsCGC	p.Glu1682Arg	missense	VUS	VUS	2	4	MISSING_FUNCTIONAL	MISSING_FUNCTIONAL	PM5:moderate		neighbour_evidence
2020-01-01	2026-08-04	NM_007294.4:c.5044_5046delinsCGG	p.Glu1682Arg	missense	VUS	VUS	2	4	MISSING_FUNCTIONAL	MISSING_FUNCTIONAL	PM5:moderate		neighbour_evidence
2020-01-01	2026-08-04	NM_007294.4:c.5044_5046delinsCGT	p.Glu1682Arg	missense	VUS	VUS	2	4	MISSING_FUNCTIONAL	MISSING_FUNCTIONAL	PM5:moderate		neighbour_evidence
2020-01-01	2026-08-04	NM_007294.4:c.5044_5045delinsCT	p.Glu1682Leu	missense	VUS	VUS	2	4	MISSING_FUNCTIONAL	MISSING_FUNCTIONAL	PM5:moderate		neighbour_evidence
2020-01-01	2026-08-04	NM_007294.4:c.5044_5046delinsCTC	p.Glu1682Leu	missense	VUS	VUS	2	4	MISSING_FUNCTIONAL	MISSING_FUNCTIONAL	PM5:moderate		neighbour_evidence
2020-01-01	2026-08-04	NM_007294.4:c.5044_5046delinsCTG	p.Glu1682Leu	missense	VUS	VUS	2	4	MISSING_FUNCTIONAL	MISSING_FUNCTIONAL	PM5:moderate		neighbour_evidence
2020-01-01	2026-08-04	NM_007294.4:c.5044_5046delinsCTT	p.Glu1682Leu	missense	VUS	VUS	2	4	MISSING_FUNCTIONAL	MISSING_FUNCTIONAL	PM5:moderate		neighbour_evidence
2020-01-01	2026-08-04	NM_007294.4:c.5045_5046delinsCC	p.Glu1682Ala	missense	VUS	VUS	2	4	MISSING_FUNCTIONAL	MISSING_FUNCTIONAL	PM5:moderate		neighbour_evidence
2020-01-01	2026-08-04	NM_007294.4:c.5045_5046delinsCG	p.Glu1682Ala	missense	VUS	VUS	2	4	MISSING_FUNCTIONAL	MISSING_FUNCTIONAL	PM5:moderate		neighbour_evidence
2020-01-01	2026-08-04	NM_007294.4:c.5045_5046delinsCT	p.Glu1682Ala	missense	VUS	VUS	2	4	MISSING_FUNCTIONAL	MISSING_FUNCTIONAL	PM5:moderate		neighbour_evidence
2020-01-01	2026-08-04	NM_007294.4:c.5045_5046delinsGC	p.Glu1682Gly	missense	VUS	VUS	2	4	MISSING_FUNCTIONAL	MISSING_FUNCTIONAL	PM5:moderate		neighbour_evidence
2020-01-01	2026-08-04	NM_007294.4:c.5045_5046delinsGG	p.Glu1682Gly	missense	VUS	VUS	2	4	MISSING_FUNCTIONAL	MISSING_FUNCTIONAL	PM5:moderate		neighbour_evidence
2020-01-01	2026-08-04	NM_007294.4:c.5045_5046delinsGT	p.Glu1682Gly	missense	VUS	VUS	2	4	MISSING_FUNCTIONAL	MISSING_FUNCTIONAL	PM5:moderate		neighbour_evidence
2020-01-01	2026-08-04	NM_007294.4:c.5045_5046delinsTC	p.Glu1682Val	missense	VUS	LP	2	6	MISSING_FUNCTIONAL	RESOLVED_NOT_BLOCKED	PS1:strong		neighbour_evidence
2020-01-01	2026-08-04	NM_007294.4:c.5045_5046delinsTG	p.Glu1682Val	missense	VUS	LP	2	6	MISSING_FUNCTIONAL	RESOLVED_NOT_BLOCKED	PS1:strong		neighbour_evidence
2020-01-01	2026-08-04	NM_007294.4:c.5045_5046delinsTT	p.Glu1682Val	missense	VUS	LP	2	6	MISSING_FUNCTIONAL	RESOLVED_NOT_BLOCKED	PS1:strong		neighbour_evidence
2020-01-01	2026-08-04	NM_007294.4:c.5044_5046delinsTAC	p.Glu1682Tyr	missense	VUS	VUS	2	4	MISSING_FUNCTIONAL	MISSING_FUNCTIONAL	PM5:moderate		neighbour_evidence
2020-01-01	2026-08-04	NM_007294.4:c.5044_5046delinsTAT	p.Glu1682Tyr	missense	VUS	VUS	2	4	MISSING_FUNCTIONAL	MISSING_FUNCTIONAL	PM5:moderate		neighbour_evidence
2020-01-01	2026-08-04	NM_007294.4:c.5044_5045delinsTC	p.Glu1682Ser	missense	VUS	VUS	2	4	MISSING_FUNCTIONAL	MISSING_FUNCTIONAL	PM5:moderate		neighbour_evidence
2020-01-01	2026-08-04	NM_007294.4:c.5044_5046delinsTCC	p.Glu1682Ser	missense	VUS	VUS	2	4	MISSING_FUNCTIONAL	MISSING_FUNCTIONAL	PM5:moderate		neighbour_evidence
2020-01-01	2026-08-04	NM_007294.4:c.5044_5046delinsTCG	p.Glu1682Ser	missense	VUS	VUS	2	4	MISSING_FUNCTIONAL	MISSING_FUNCTIONAL	PM5:moderate		neighbour_evidence
2020-01-01	2026-08-04	NM_007294.4:c.5044_5046delinsTCT	p.Glu1682Ser	missense	VUS	VUS	2	4	MISSING_FUNCTIONAL	MISSING_FUNCTIONAL	PM5:moderate		neighbour_evidence
2020-01-01	2026-08-04	NM_007294.4:c.5044_5046delinsTGC	p.Glu1682Cys	missense	VUS	VUS	2	4	MISSING_FUNCTIONAL	MISSING_FUNCTIONAL	PM5:moderate		neighbour_evidence
2020-01-01	2026-08-04	NM_007294.4:c.5044_5046delinsTGG	p.Glu1682Trp	missense	VUS	VUS	2	4	MISSING_FUNCTIONAL	MISSING_FUNCTIONAL	PM5:moderate		neighbour_evidence
2020-01-01	2026-08-04	NM_007294.4:c.5044_5046delinsTGT	p.Glu1682Cys	missense	VUS	VUS	2	4	MISSING_FUNCTIONAL	MISSING_FUNCTIONAL	PM5:moderate		neighbour_evidence
2020-01-01	2026-08-04	NM_007294.4:c.5044_5045delinsTT	p.Glu1682Leu	missense	VUS	VUS	2	4	MISSING_FUNCTIONAL	MISSING_FUNCTIONAL	PM5:moderate		neighbour_evidence
2020-01-01	2026-08-04	NM_007294.4:c.5044_5046delinsTTC	p.Glu1682Phe	missense	VUS	VUS	2	4	MISSING_FUNCTIONAL	MISSING_FUNCTIONAL	PM5:moderate		neighbour_evidence
2020-01-01	2026-08-04	NM_007294.4:c.5044_5046delinsTTG	p.Glu1682Leu	missense	VUS	VUS	2	4	MISSING_FUNCTIONAL	MISSING_FUNCTIONAL	PM5:moderate		neighbour_evidence
2020-01-01	2026-08-04	NM_007294.4:c.5044_5046delinsTTT	p.Glu1682Phe	missense	VUS	VUS	2	4	MISSING_FUNCTIONAL	MISSING_FUNCTIONAL	PM5:moderate		neighbour_evidence
2020-01-01	2026-08-04	NM_007294.4:c.5054_5055delinsAA	p.Thr1685Lys	missense	VUS	VUS	2	4	MISSING_FUNCTIONAL	MISSING_FUNCTIONAL	PM5:moderate		neighbour_evidence
2020-01-01	2026-08-04	NM_007294.4:c.5054_5055delinsAC	p.Thr1685Asn	missense	VUS	VUS	2	4	MISSING_FUNCTIONAL	MISSING_FUNCTIONAL	PM5:moderate		neighbour_evidence
2020-01-01	2026-08-04	NM_007294.4:c.5054_5055delinsAG	p.Thr1685Lys	missense	VUS	VUS	2	4	MISSING_FUNCTIONAL	MISSING_FUNCTIONAL	PM5:moderate		neighbour_evidence
2020-01-01	2026-08-04	NM_007294.4:c.5054_5055delinsGA	p.Thr1685Arg	missense	VUS	VUS	2	4	MISSING_FUNCTIONAL	MISSING_FUNCTIONAL	PM5:moderate		neighbour_evidence
2020-01-01	2026-08-04	NM_007294.4:c.5054_5055delinsGC	p.Thr1685Ser	missense	VUS	VUS	2	4	MISSING_FUNCTIONAL	MISSING_FUNCTIONAL	PM5:moderate		neighbour_evidence
2020-01-01	2026-08-04	NM_007294.4:c.5054_5055delinsGG	p.Thr1685Arg	missense	VUS	VUS	2	4	MISSING_FUNCTIONAL	MISSING_FUNCTIONAL	PM5:moderate		neighbour_evidence
2020-01-01	2026-08-04	NM_007294.4:c.5054_5055delinsTA	p.Thr1685Ile	missense	VUS	LP	2	8	MISSING_FUNCTIONAL	RESOLVED_NOT_BLOCKED	PM5:moderate;PS1:strong		neighbour_evidence
2020-01-01	2026-08-04	NM_007294.4:c.5054_5055delinsTC	p.Thr1685Ile	missense	VUS	LP	2	8	MISSING_FUNCTIONAL	RESOLVED_NOT_BLOCKED	PM5:moderate;PS1:strong		neighbour_evidence
2020-01-01	2026-08-04	NM_007294.4:c.5054_5055delinsTG	p.Thr1685Met	missense	VUS	VUS	2	4	MISSING_FUNCTIONAL	MISSING_FUNCTIONAL	PM5:moderate		neighbour_evidence
2020-01-01	2026-08-04	NM_007294.4:c.5053_5055delinsCAA	p.Thr1685Gln	missense	VUS	VUS	2	4	MISSING_FUNCTIONAL	MISSING_FUNCTIONAL	PM5:moderate		neighbour_evidence
2020-01-01	2026-08-04	NM_007294.4:c.5053_5055delinsCAC	p.Thr1685His	missense	VUS	VUS	2	4	MISSING_FUNCTIONAL	MISSING_FUNCTIONAL	PM5:moderate		neighbour_evidence
2020-01-01	2026-08-04	NM_007294.4:c.5053_5055delinsCAG	p.Thr1685Gln	missense	VUS	VUS	2	4	MISSING_FUNCTIONAL	MISSING_FUNCTIONAL	PM5:moderate		neighbour_evidence
2020-01-01	2026-08-04	NM_007294.4:c.5053_5054delinsCA	p.Thr1685His	missense	VUS	VUS	2	4	MISSING_FUNCTIONAL	MISSING_FUNCTIONAL	PM5:moderate		neighbour_evidence
2020-01-01	2026-08-04	NM_007294.4:c.5053_5055delinsCCA	p.Thr1685Pro	missense	VUS	VUS	2	4	MISSING_FUNCTIONAL	MISSING_FUNCTIONAL	PM5:moderate		neighbour_evidence
2020-01-01	2026-08-04	NM_007294.4:c.5053_5055delinsCCC	p.Thr1685Pro	missense	VUS	VUS	2	4	MISSING_FUNCTIONAL	MISSING_FUNCTIONAL	PM5:moderate		neighbour_evidence
2020-01-01	2026-08-04	NM_007294.4:c.5053_5055delinsCCG	p.Thr1685Pro	missense	VUS	VUS	2	4	MISSING_FUNCTIONAL	MISSING_FUNCTIONAL	PM5:moderate		neighbour_evidence
2020-01-01	2026-08-04	NM_007294.4:c.5053_5055delinsCGA	p.Thr1685Arg	missense	VUS	VUS	2	4	MISSING_FUNCTIONAL	MISSING_FUNCTIONAL	PM5:moderate		neighbour_evidence
2020-01-01	2026-08-04	NM_007294.4:c.5053_5055delinsCGC	p.Thr1685Arg	missense	VUS	VUS	2	4	MISSING_FUNCTIONAL	MISSING_FUNCTIONAL	PM5:moderate		neighbour_evidence
2020-01-01	2026-08-04	NM_007294.4:c.5053_5055delinsCGG	p.Thr1685Arg	missense	VUS	VUS	2	4	MISSING_FUNCTIONAL	MISSING_FUNCTIONAL	PM5:moderate		neighbour_evidence
2020-01-01	2026-08-04	NM_007294.4:c.5053_5054delinsCG	p.Thr1685Arg	missense	VUS	VUS	2	4	MISSING_FUNCTIONAL	MISSING_FUNCTIONAL	PM5:moderate		neighbour_evidence
2020-01-01	2026-08-04	NM_007294.4:c.5053_5055delinsCTA	p.Thr1685Leu	missense	VUS	VUS	2	4	MISSING_FUNCTIONAL	MISSING_FUNCTIONAL	PM5:moderate		neighbour_evidence
2020-01-01	2026-08-04	NM_007294.4:c.5053_5055delinsCTC	p.Thr1685Leu	missense	VUS	VUS	2	4	MISSING_FUNCTIONAL	MISSING_FUNCTIONAL	PM5:moderate		neighbour_evidence
2020-01-01	2026-08-04	NM_007294.4:c.5053_5055delinsCTG	p.Thr1685Leu	missense	VUS	VUS	2	4	MISSING_FUNCTIONAL	MISSING_FUNCTIONAL	PM5:moderate		neighbour_evidence
2020-01-01	2026-08-04	NM_007294.4:c.5053_5054delinsCT	p.Thr1685Leu	missense	VUS	VUS	2	4	MISSING_FUNCTIONAL	MISSING_FUNCTIONAL	PM5:moderate		neighbour_evidence
2020-01-01	2026-08-04	NM_007294.4:c.5053_5055delinsGAA	p.Thr1685Glu	missense	VUS	VUS	2	4	MISSING_FUNCTIONAL	MISSING_FUNCTIONAL	PM5:moderate		neighbour_evidence
2020-01-01	2026-08-04	NM_007294.4:c.5053_5055delinsGAC	p.Thr1685Asp	missense	VUS	VUS	2	4	MISSING_FUNCTIONAL	MISSING_FUNCTIONAL	PM5:moderate		neighbour_evidence
2020-01-01	2026-08-04	NM_007294.4:c.5053_5055delinsGAG	p.Thr1685Glu	missense	VUS	VUS	2	4	MISSING_FUNCTIONAL	MISSING_FUNCTIONAL	PM5:moderate		neighbour_evidence
2020-01-01	2026-08-04	NM_007294.4:c.5053_5054delinsGA	p.Thr1685Asp	missense	VUS	VUS	2	4	MISSING_FUNCTIONAL	MISSING_FUNCTIONAL	PM5:moderate		neighbour_evidence
2020-01-01	2026-08-04	NM_007294.4:c.5053_5055delinsGCA	p.Thr1685Ala	missense	VUS	LP	2	8	MISSING_FUNCTIONAL	RESOLVED_NOT_BLOCKED	PM5:moderate;PS1:strong		neighbour_evidence
2020-01-01	2026-08-04	NM_007294.4:c.5053_5055delinsGCC	p.Thr1685Ala	missense	VUS	LP	2	8	MISSING_FUNCTIONAL	RESOLVED_NOT_BLOCKED	PM5:moderate;PS1:strong		neighbour_evidence
2020-01-01	2026-08-04	NM_007294.4:c.5053_5055delinsGCG	p.Thr1685Ala	missense	VUS	LP	2	8	MISSING_FUNCTIONAL	RESOLVED_NOT_BLOCKED	PM5:moderate;PS1:strong		neighbour_evidence
2020-01-01	2026-08-04	NM_007294.4:c.5053_5055delinsGGA	p.Thr1685Gly	missense	VUS	VUS	2	4	MISSING_FUNCTIONAL	MISSING_FUNCTIONAL	PM5:moderate		neighbour_evidence
2020-01-01	2026-08-04	NM_007294.4:c.5053_5055delinsGGC	p.Thr1685Gly	missense	VUS	VUS	2	4	MISSING_FUNCTIONAL	MISSING_FUNCTIONAL	PM5:moderate		neighbour_evidence
2020-01-01	2026-08-04	NM_007294.4:c.5053_5055delinsGGG	p.Thr1685Gly	missense	VUS	VUS	2	4	MISSING_FUNCTIONAL	MISSING_FUNCTIONAL	PM5:moderate		neighbour_evidence
2020-01-01	2026-08-04	NM_007294.4:c.5053_5054delinsGG	p.Thr1685Gly	missense	VUS	VUS	2	4	MISSING_FUNCTIONAL	MISSING_FUNCTIONAL	PM5:moderate		neighbour_evidence
2020-01-01	2026-08-04	NM_007294.4:c.5053_5055delinsGTA	p.Thr1685Val	missense	VUS	VUS	2	4	MISSING_FUNCTIONAL	MISSING_FUNCTIONAL	PM5:moderate		neighbour_evidence
2020-01-01	2026-08-04	NM_007294.4:c.5053_5055delinsGTC	p.Thr1685Val	missense	VUS	VUS	2	4	MISSING_FUNCTIONAL	MISSING_FUNCTIONAL	PM5:moderate		neighbour_evidence
2020-01-01	2026-08-04	NM_007294.4:c.5053_5055delinsGTG	p.Thr1685Val	missense	VUS	VUS	2	4	MISSING_FUNCTIONAL	MISSING_FUNCTIONAL	PM5:moderate		neighbour_evidence
2020-01-01	2026-08-04	NM_007294.4:c.5053_5054delinsGT	p.Thr1685Val	missense	VUS	VUS	2	4	MISSING_FUNCTIONAL	MISSING_FUNCTIONAL	PM5:moderate		neighbour_evidence
2020-01-01	2026-08-04	NM_007294.4:c.5053_5055delinsTAC	p.Thr1685Tyr	missense	VUS	VUS	2	4	MISSING_FUNCTIONAL	MISSING_FUNCTIONAL	PM5:moderate		neighbour_evidence
2020-01-01	2026-08-04	NM_007294.4:c.5053_5054delinsTA	p.Thr1685Tyr	missense	VUS	VUS	2	4	MISSING_FUNCTIONAL	MISSING_FUNCTIONAL	PM5:moderate		neighbour_evidence
2020-01-01	2026-08-04	NM_007294.4:c.5053_5055delinsTCA	p.Thr1685Ser	missense	VUS	VUS	2	4	MISSING_FUNCTIONAL	MISSING_FUNCTIONAL	PM5:moderate		neighbour_evidence
2020-01-01	2026-08-04	NM_007294.4:c.5053_5055delinsTCC	p.Thr1685Ser	missense	VUS	VUS	2	4	MISSING_FUNCTIONAL	MISSING_FUNCTIONAL	PM5:moderate		neighbour_evidence
2020-01-01	2026-08-04	NM_007294.4:c.5053_5055delinsTCG	p.Thr1685Ser	missense	VUS	VUS	2	4	MISSING_FUNCTIONAL	MISSING_FUNCTIONAL	PM5:moderate		neighbour_evidence
2020-01-01	2026-08-04	NM_007294.4:c.5053_5055delinsTGC	p.Thr1685Cys	missense	VUS	VUS	2	4	MISSING_FUNCTIONAL	MISSING_FUNCTIONAL	PM5:moderate		neighbour_evidence
2020-01-01	2026-08-04	NM_007294.4:c.5053_5055delinsTGG	p.Thr1685Trp	missense	VUS	VUS	2	4	MISSING_FUNCTIONAL	MISSING_FUNCTIONAL	PM5:moderate		neighbour_evidence
2020-01-01	2026-08-04	NM_007294.4:c.5053_5054delinsTG	p.Thr1685Cys	missense	VUS	VUS	2	4	MISSING_FUNCTIONAL	MISSING_FUNCTIONAL	PM5:moderate		neighbour_evidence
2020-01-01	2026-08-04	NM_007294.4:c.5053_5055delinsTTA	p.Thr1685Leu	missense	VUS	VUS	2	4	MISSING_FUNCTIONAL	MISSING_FUNCTIONAL	PM5:moderate		neighbour_evidence
2020-01-01	2026-08-04	NM_007294.4:c.5053_5055delinsTTC	p.Thr1685Phe	missense	VUS	VUS	2	4	MISSING_FUNCTIONAL	MISSING_FUNCTIONAL	PM5:moderate		neighbour_evidence
2020-01-01	2026-08-04	NM_007294.4:c.5053_5055delinsTTG	p.Thr1685Leu	missense	VUS	VUS	2	4	MISSING_FUNCTIONAL	MISSING_FUNCTIONAL	PM5:moderate		neighbour_evidence
2020-01-01	2026-08-04	NM_007294.4:c.5053_5054delinsTT	p.Thr1685Phe	missense	VUS	VUS	2	4	MISSING_FUNCTIONAL	MISSING_FUNCTIONAL	PM5:moderate		neighbour_evidence
2020-01-01	2026-08-04	NM_007294.4:c.5056_5058delinsAAA	p.His1686Lys	missense	VUS	VUS	2	4	MISSING_FUNCTIONAL	MISSING_FUNCTIONAL	PM5:moderate		neighbour_evidence
2020-01-01	2026-08-04	NM_007294.4:c.5056_5058delinsAAC	p.His1686Asn	missense	VUS	VUS	2	4	MISSING_FUNCTIONAL	MISSING_FUNCTIONAL	PM5:moderate		neighbour_evidence
2020-01-01	2026-08-04	NM_007294.4:c.5056_5058delinsAAG	p.His1686Lys	missense	VUS	VUS	2	4	MISSING_FUNCTIONAL	MISSING_FUNCTIONAL	PM5:moderate		neighbour_evidence
2020-01-01	2026-08-04	NM_007294.4:c.5056_5058delinsACA	p.His1686Thr	missense	VUS	VUS	2	4	MISSING_FUNCTIONAL	MISSING_FUNCTIONAL	PM5:moderate		neighbour_evidence
2020-01-01	2026-08-04	NM_007294.4:c.5056_5058delinsACC	p.His1686Thr	missense	VUS	VUS	2	4	MISSING_FUNCTIONAL	MISSING_FUNCTIONAL	PM5:moderate		neighbour_evidence
2020-01-01	2026-08-04	NM_007294.4:c.5056_5058delinsACG	p.His1686Thr	missense	VUS	VUS	2	4	MISSING_FUNCTIONAL	MISSING_FUNCTIONAL	PM5:moderate		neighbour_evidence
2020-01-01	2026-08-04	NM_007294.4:c.5056_5057delinsAC	p.His1686Thr	missense	VUS	VUS	2	4	MISSING_FUNCTIONAL	MISSING_FUNCTIONAL	PM5:moderate		neighbour_evidence
2020-01-01	2026-08-04	NM_007294.4:c.5056_5058delinsAGA	p.His1686Arg	missense	VUS	LP	2	8	MISSING_FUNCTIONAL	RESOLVED_NOT_BLOCKED	PM5:moderate;PS1:strong		neighbour_evidence
2020-01-01	2026-08-04	NM_007294.4:c.5056_5058delinsAGC	p.His1686Ser	missense	VUS	VUS	2	4	MISSING_FUNCTIONAL	MISSING_FUNCTIONAL	PM5:moderate		neighbour_evidence
2020-01-01	2026-08-04	NM_007294.4:c.5056_5058delinsAGG	p.His1686Arg	missense	VUS	LP	2	8	MISSING_FUNCTIONAL	RESOLVED_NOT_BLOCKED	PM5:moderate;PS1:strong		neighbour_evidence
2020-01-01	2026-08-04	NM_007294.4:c.5056_5057delinsAG	p.His1686Ser	missense	VUS	VUS	2	4	MISSING_FUNCTIONAL	MISSING_FUNCTIONAL	PM5:moderate		neighbour_evidence
2020-01-01	2026-08-04	NM_007294.4:c.5056_5058delinsATA	p.His1686Ile	missense	VUS	VUS	2	4	MISSING_FUNCTIONAL	MISSING_FUNCTIONAL	PM5:moderate		neighbour_evidence
2020-01-01	2026-08-04	NM_007294.4:c.5056_5058delinsATC	p.His1686Ile	missense	VUS	VUS	2	4	MISSING_FUNCTIONAL	MISSING_FUNCTIONAL	PM5:moderate		neighbour_evidence
2020-01-01	2026-08-04	NM_007294.4:c.5056_5058delinsATG	p.His1686Met	missense	VUS	VUS	2	4	MISSING_FUNCTIONAL	MISSING_FUNCTIONAL	PM5:moderate		neighbour_evidence
2020-01-01	2026-08-04	NM_007294.4:c.5056_5057delinsAT	p.His1686Ile	missense	VUS	VUS	2	4	MISSING_FUNCTIONAL	MISSING_FUNCTIONAL	PM5:moderate		neighbour_evidence
2020-01-01	2026-08-04	NM_007294.4:c.5057_5058delinsCA	p.His1686Pro	missense	VUS	VUS	2	4	MISSING_FUNCTIONAL	MISSING_FUNCTIONAL	PM5:moderate		neighbour_evidence
2020-01-01	2026-08-04	NM_007294.4:c.5057_5058delinsCC	p.His1686Pro	missense	VUS	VUS	2	4	MISSING_FUNCTIONAL	MISSING_FUNCTIONAL	PM5:moderate		neighbour_evidence
2020-01-01	2026-08-04	NM_007294.4:c.5057_5058delinsCG	p.His1686Pro	missense	VUS	VUS	2	4	MISSING_FUNCTIONAL	MISSING_FUNCTIONAL	PM5:moderate		neighbour_evidence
2020-01-01	2026-08-04	NM_007294.4:c.5057_5058delinsGA	p.His1686Arg	missense	VUS	LP	2	8	MISSING_FUNCTIONAL	RESOLVED_NOT_BLOCKED	PM5:moderate;PS1:strong		neighbour_evidence
2020-01-01	2026-08-04	NM_007294.4:c.5057_5058delinsGC	p.His1686Arg	missense	VUS	LP	2	8	MISSING_FUNCTIONAL	RESOLVED_NOT_BLOCKED	PM5:moderate;PS1:strong		neighbour_evidence
2020-01-01	2026-08-04	NM_007294.4:c.5057_5058delinsGG	p.His1686Arg	missense	VUS	LP	2	8	MISSING_FUNCTIONAL	RESOLVED_NOT_BLOCKED	PM5:moderate;PS1:strong		neighbour_evidence
2020-01-01	2026-08-04	NM_007294.4:c.5057_5058delinsTA	p.His1686Leu	missense	VUS	VUS	2	4	MISSING_FUNCTIONAL	MISSING_FUNCTIONAL	PM5:moderate		neighbour_evidence
2020-01-01	2026-08-04	NM_007294.4:c.5057_5058delinsTC	p.His1686Leu	missense	VUS	VUS	2	4	MISSING_FUNCTIONAL	MISSING_FUNCTIONAL	PM5:moderate		neighbour_evidence
2020-01-01	2026-08-04	NM_007294.4:c.5057_5058delinsTG	p.His1686Leu	missense	VUS	VUS	2	4	MISSING_FUNCTIONAL	MISSING_FUNCTIONAL	PM5:moderate		neighbour_evidence
2020-01-01	2026-08-04	NM_007294.4:c.5056_5058delinsGAA	p.His1686Glu	missense	VUS	VUS	2	4	MISSING_FUNCTIONAL	MISSING_FUNCTIONAL	PM5:moderate		neighbour_evidence
2020-01-01	2026-08-04	NM_007294.4:c.5056_5058delinsGAC	p.His1686Asp	missense	VUS	LP	2	8	MISSING_FUNCTIONAL	RESOLVED_NOT_BLOCKED	PM5:moderate;PS1:strong		neighbour_evidence
2020-01-01	2026-08-04	NM_007294.4:c.5056_5058delinsGAG	p.His1686Glu	missense	VUS	VUS	2	4	MISSING_FUNCTIONAL	MISSING_FUNCTIONAL	PM5:moderate		neighbour_evidence
2020-01-01	2026-08-04	NM_007294.4:c.5056_5058delinsGCA	p.His1686Ala	missense	VUS	VUS	2	4	MISSING_FUNCTIONAL	MISSING_FUNCTIONAL	PM5:moderate		neighbour_evidence
2020-01-01	2026-08-04	NM_007294.4:c.5056_5058delinsGCC	p.His1686Ala	missense	VUS	VUS	2	4	MISSING_FUNCTIONAL	MISSING_FUNCTIONAL	PM5:moderate		neighbour_evidence
2020-01-01	2026-08-04	NM_007294.4:c.5056_5058delinsGCG	p.His1686Ala	missense	VUS	VUS	2	4	MISSING_FUNCTIONAL	MISSING_FUNCTIONAL	PM5:moderate		neighbour_evidence
2020-01-01	2026-08-04	NM_007294.4:c.5056_5057delinsGC	p.His1686Ala	missense	VUS	VUS	2	4	MISSING_FUNCTIONAL	MISSING_FUNCTIONAL	PM5:moderate		neighbour_evidence
2020-01-01	2026-08-04	NM_007294.4:c.5056_5058delinsGGA	p.His1686Gly	missense	VUS	VUS	2	4	MISSING_FUNCTIONAL	MISSING_FUNCTIONAL	PM5:moderate		neighbour_evidence
2020-01-01	2026-08-04	NM_007294.4:c.5056_5058delinsGGC	p.His1686Gly	missense	VUS	VUS	2	4	MISSING_FUNCTIONAL	MISSING_FUNCTIONAL	PM5:moderate		neighbour_evidence
2020-01-01	2026-08-04	NM_007294.4:c.5056_5058delinsGGG	p.His1686Gly	missense	VUS	VUS	2	4	MISSING_FUNCTIONAL	MISSING_FUNCTIONAL	PM5:moderate		neighbour_evidence
2020-01-01	2026-08-04	NM_007294.4:c.5056_5057delinsGG	p.His1686Gly	missense	VUS	VUS	2	4	MISSING_FUNCTIONAL	MISSING_FUNCTIONAL	PM5:moderate		neighbour_evidence
2020-01-01	2026-08-04	NM_007294.4:c.5056_5058delinsGTA	p.His1686Val	missense	VUS	VUS	2	4	MISSING_FUNCTIONAL	MISSING_FUNCTIONAL	PM5:moderate		neighbour_evidence
2020-01-01	2026-08-04	NM_007294.4:c.5056_5058delinsGTC	p.His1686Val	missense	VUS	VUS	2	4	MISSING_FUNCTIONAL	MISSING_FUNCTIONAL	PM5:moderate		neighbour_evidence
2020-01-01	2026-08-04	NM_007294.4:c.5056_5058delinsGTG	p.His1686Val	missense	VUS	VUS	2	4	MISSING_FUNCTIONAL	MISSING_FUNCTIONAL	PM5:moderate		neighbour_evidence
2020-01-01	2026-08-04	NM_007294.4:c.5056_5057delinsGT	p.His1686Val	missense	VUS	VUS	2	4	MISSING_FUNCTIONAL	MISSING_FUNCTIONAL	PM5:moderate		neighbour_evidence
2020-01-01	2026-08-04	NM_007294.4:c.5056_5058delinsTAC	p.His1686Tyr	missense	VUS	LP	2	8	MISSING_FUNCTIONAL	RESOLVED_NOT_BLOCKED	PM5:moderate;PS1:strong		neighbour_evidence
2020-01-01	2026-08-04	NM_007294.4:c.5056_5058delinsTCA	p.His1686Ser	missense	VUS	VUS	2	4	MISSING_FUNCTIONAL	MISSING_FUNCTIONAL	PM5:moderate		neighbour_evidence
2020-01-01	2026-08-04	NM_007294.4:c.5056_5058delinsTCC	p.His1686Ser	missense	VUS	VUS	2	4	MISSING_FUNCTIONAL	MISSING_FUNCTIONAL	PM5:moderate		neighbour_evidence
2020-01-01	2026-08-04	NM_007294.4:c.5056_5058delinsTCG	p.His1686Ser	missense	VUS	VUS	2	4	MISSING_FUNCTIONAL	MISSING_FUNCTIONAL	PM5:moderate		neighbour_evidence
2020-01-01	2026-08-04	NM_007294.4:c.5056_5057delinsTC	p.His1686Ser	missense	VUS	VUS	2	4	MISSING_FUNCTIONAL	MISSING_FUNCTIONAL	PM5:moderate		neighbour_evidence
2020-01-01	2026-08-04	NM_007294.4:c.5056_5058delinsTGC	p.His1686Cys	missense	VUS	VUS	2	4	MISSING_FUNCTIONAL	MISSING_FUNCTIONAL	PM5:moderate		neighbour_evidence
2020-01-01	2026-08-04	NM_007294.4:c.5056_5058delinsTGG	p.His1686Trp	missense	VUS	VUS	2	4	MISSING_FUNCTIONAL	MISSING_FUNCTIONAL	PM5:moderate		neighbour_evidence
2020-01-01	2026-08-04	NM_007294.4:c.5056_5057delinsTG	p.His1686Cys	missense	VUS	VUS	2	4	MISSING_FUNCTIONAL	MISSING_FUNCTIONAL	PM5:moderate		neighbour_evidence
2020-01-01	2026-08-04	NM_007294.4:c.5056_5058delinsTTA	p.His1686Leu	missense	VUS	VUS	2	4	MISSING_FUNCTIONAL	MISSING_FUNCTIONAL	PM5:moderate		neighbour_evidence
2020-01-01	2026-08-04	NM_007294.4:c.5056_5058delinsTTC	p.His1686Phe	missense	VUS	VUS	2	4	MISSING_FUNCTIONAL	MISSING_FUNCTIONAL	PM5:moderate		neighbour_evidence
2020-01-01	2026-08-04	NM_007294.4:c.5056_5058delinsTTG	p.His1686Leu	missense	VUS	VUS	2	4	MISSING_FUNCTIONAL	MISSING_FUNCTIONAL	PM5:moderate		neighbour_evidence
2020-01-01	2026-08-04	NM_007294.4:c.5056_5057delinsTT	p.His1686Phe	missense	VUS	VUS	2	4	MISSING_FUNCTIONAL	MISSING_FUNCTIONAL	PM5:moderate		neighbour_evidence
2020-01-01	2026-08-04	NM_007294.4:c.5059_5061delinsAAA	p.Val1687Lys	missense	VUS	VUS	2	4	MISSING_FUNCTIONAL	MISSING_FUNCTIONAL	PM5:moderate		neighbour_evidence
2020-01-01	2026-08-04	NM_007294.4:c.5059_5061delinsAAC	p.Val1687Asn	missense	VUS	VUS	2	4	MISSING_FUNCTIONAL	MISSING_FUNCTIONAL	PM5:moderate		neighbour_evidence
2020-01-01	2026-08-04	NM_007294.4:c.5059_5061delinsAAG	p.Val1687Lys	missense	VUS	VUS	2	4	MISSING_FUNCTIONAL	MISSING_FUNCTIONAL	PM5:moderate		neighbour_evidence
2020-01-01	2026-08-04	NM_007294.4:c.5059_5060delinsAA	p.Val1687Asn	missense	VUS	VUS	2	4	MISSING_FUNCTIONAL	MISSING_FUNCTIONAL	PM5:moderate		neighbour_evidence
2020-01-01	2026-08-04	NM_007294.4:c.5059_5061delinsACA	p.Val1687Thr	missense	VUS	VUS	2	4	MISSING_FUNCTIONAL	MISSING_FUNCTIONAL	PM5:moderate		neighbour_evidence
2020-01-01	2026-08-04	NM_007294.4:c.5059_5061delinsACC	p.Val1687Thr	missense	VUS	VUS	2	4	MISSING_FUNCTIONAL	MISSING_FUNCTIONAL	PM5:moderate		neighbour_evidence
2020-01-01	2026-08-04	NM_007294.4:c.5059_5061delinsACG	p.Val1687Thr	missense	VUS	VUS	2	4	MISSING_FUNCTIONAL	MISSING_FUNCTIONAL	PM5:moderate		neighbour_evidence
2020-01-01	2026-08-04	NM_007294.4:c.5059_5060delinsAC	p.Val1687Thr	missense	VUS	VUS	2	4	MISSING_FUNCTIONAL	MISSING_FUNCTIONAL	PM5:moderate		neighbour_evidence
2020-01-01	2026-08-04	NM_007294.4:c.5059_5061delinsAGA	p.Val1687Arg	missense	VUS	VUS	2	4	MISSING_FUNCTIONAL	MISSING_FUNCTIONAL	PM5:moderate		neighbour_evidence
2020-01-01	2026-08-04	NM_007294.4:c.5059_5061delinsAGC	p.Val1687Ser	missense	VUS	VUS	2	4	MISSING_FUNCTIONAL	MISSING_FUNCTIONAL	PM5:moderate		neighbour_evidence
2020-01-01	2026-08-04	NM_007294.4:c.5059_5061delinsAGG	p.Val1687Arg	missense	VUS	VUS	2	4	MISSING_FUNCTIONAL	MISSING_FUNCTIONAL	PM5:moderate		neighbour_evidence
2020-01-01	2026-08-04	NM_007294.4:c.5059_5060delinsAG	p.Val1687Ser	missense	VUS	VUS	2	4	MISSING_FUNCTIONAL	MISSING_FUNCTIONAL	PM5:moderate		neighbour_evidence
2020-01-01	2026-08-04	NM_007294.4:c.5059_5061delinsATA	p.Val1687Ile	missense	VUS	VUS	2	4	MISSING_FUNCTIONAL	MISSING_FUNCTIONAL	PM5:moderate		neighbour_evidence
2020-01-01	2026-08-04	NM_007294.4:c.5059_5061delinsATC	p.Val1687Ile	missense	VUS	VUS	2	4	MISSING_FUNCTIONAL	MISSING_FUNCTIONAL	PM5:moderate		neighbour_evidence
2020-01-01	2026-08-04	NM_007294.4:c.5059_5061delinsATG	p.Val1687Met	missense	VUS	VUS	2	4	MISSING_FUNCTIONAL	MISSING_FUNCTIONAL	PM5:moderate		neighbour_evidence
2020-01-01	2026-08-04	NM_007294.4:c.5059_5061delinsCAA	p.Val1687Gln	missense	VUS	VUS	2	4	MISSING_FUNCTIONAL	MISSING_FUNCTIONAL	PM5:moderate		neighbour_evidence
2020-01-01	2026-08-04	NM_007294.4:c.5059_5061delinsCAC	p.Val1687His	missense	VUS	VUS	2	4	MISSING_FUNCTIONAL	MISSING_FUNCTIONAL	PM5:moderate		neighbour_evidence
2020-01-01	2026-08-04	NM_007294.4:c.5059_5061delinsCAG	p.Val1687Gln	missense	VUS	VUS	2	4	MISSING_FUNCTIONAL	MISSING_FUNCTIONAL	PM5:moderate		neighbour_evidence
2020-01-01	2026-08-04	NM_007294.4:c.5059_5060delinsCA	p.Val1687His	missense	VUS	VUS	2	4	MISSING_FUNCTIONAL	MISSING_FUNCTIONAL	PM5:moderate		neighbour_evidence
2020-01-01	2026-08-04	NM_007294.4:c.5059_5061delinsCCA	p.Val1687Pro	missense	VUS	VUS	2	4	MISSING_FUNCTIONAL	MISSING_FUNCTIONAL	PM5:moderate		neighbour_evidence
2020-01-01	2026-08-04	NM_007294.4:c.5059_5061delinsCCC	p.Val1687Pro	missense	VUS	VUS	2	4	MISSING_FUNCTIONAL	MISSING_FUNCTIONAL	PM5:moderate		neighbour_evidence
2020-01-01	2026-08-04	NM_007294.4:c.5059_5061delinsCCG	p.Val1687Pro	missense	VUS	VUS	2	4	MISSING_FUNCTIONAL	MISSING_FUNCTIONAL	PM5:moderate		neighbour_evidence
2020-01-01	2026-08-04	NM_007294.4:c.5059_5060delinsCC	p.Val1687Pro	missense	VUS	VUS	2	4	MISSING_FUNCTIONAL	MISSING_FUNCTIONAL	PM5:moderate		neighbour_evidence
2020-01-01	2026-08-04	NM_007294.4:c.5059_5061delinsCGA	p.Val1687Arg	missense	VUS	VUS	2	4	MISSING_FUNCTIONAL	MISSING_FUNCTIONAL	PM5:moderate		neighbour_evidence
2020-01-01	2026-08-04	NM_007294.4:c.5059_5061delinsCGC	p.Val1687Arg	missense	VUS	VUS	2	4	MISSING_FUNCTIONAL	MISSING_FUNCTIONAL	PM5:moderate		neighbour_evidence
2020-01-01	2026-08-04	NM_007294.4:c.5059_5061delinsCGG	p.Val1687Arg	missense	VUS	VUS	2	4	MISSING_FUNCTIONAL	MISSING_FUNCTIONAL	PM5:moderate		neighbour_evidence
2020-01-01	2026-08-04	NM_007294.4:c.5059_5060delinsCG	p.Val1687Arg	missense	VUS	VUS	2	4	MISSING_FUNCTIONAL	MISSING_FUNCTIONAL	PM5:moderate		neighbour_evidence
2020-01-01	2026-08-04	NM_007294.4:c.5059_5061delinsCTA	p.Val1687Leu	missense	VUS	VUS	2	4	MISSING_FUNCTIONAL	MISSING_FUNCTIONAL	PM5:moderate		neighbour_evidence
2020-01-01	2026-08-04	NM_007294.4:c.5059_5061delinsCTC	p.Val1687Leu	missense	VUS	VUS	2	4	MISSING_FUNCTIONAL	MISSING_FUNCTIONAL	PM5:moderate		neighbour_evidence
2020-01-01	2026-08-04	NM_007294.4:c.5059_5061delinsCTG	p.Val1687Leu	missense	VUS	VUS	2	4	MISSING_FUNCTIONAL	MISSING_FUNCTIONAL	PM5:moderate		neighbour_evidence
2020-01-01	2026-08-04	NM_007294.4:c.5060_5061delinsAA	p.Val1687Glu	missense	VUS	VUS	2	4	MISSING_FUNCTIONAL	MISSING_FUNCTIONAL	PM5:moderate		neighbour_evidence
2020-01-01	2026-08-04	NM_007294.4:c.5060_5061delinsAC	p.Val1687Asp	missense	VUS	VUS	2	4	MISSING_FUNCTIONAL	MISSING_FUNCTIONAL	PM5:moderate		neighbour_evidence
2020-01-01	2026-08-04	NM_007294.4:c.5060_5061delinsAG	p.Val1687Glu	missense	VUS	VUS	2	4	MISSING_FUNCTIONAL	MISSING_FUNCTIONAL	PM5:moderate		neighbour_evidence
2020-01-01	2026-08-04	NM_007294.4:c.5060_5061delinsCA	p.Val1687Ala	missense	VUS	VUS	2	4	MISSING_FUNCTIONAL	MISSING_FUNCTIONAL	PM5:moderate		neighbour_evidence
2020-01-01	2026-08-04	NM_007294.4:c.5060_5061delinsCC	p.Val1687Ala	missense	VUS	VUS	2	4	MISSING_FUNCTIONAL	MISSING_FUNCTIONAL	PM5:moderate		neighbour_evidence
2020-01-01	2026-08-04	NM_007294.4:c.5060_5061delinsCG	p.Val1687Ala	missense	VUS	VUS	2	4	MISSING_FUNCTIONAL	MISSING_FUNCTIONAL	PM5:moderate		neighbour_evidence
2020-01-01	2026-08-04	NM_007294.4:c.5060_5061delinsGA	p.Val1687Gly	missense	VUS	LP	2	6	MISSING_FUNCTIONAL	RESOLVED_NOT_BLOCKED	PS1:strong		neighbour_evidence
2020-01-01	2026-08-04	NM_007294.4:c.5060_5061delinsGC	p.Val1687Gly	missense	VUS	LP	2	6	MISSING_FUNCTIONAL	RESOLVED_NOT_BLOCKED	PS1:strong		neighbour_evidence
2020-01-01	2026-08-04	NM_007294.4:c.5060_5061delinsGG	p.Val1687Gly	missense	VUS	LP	2	6	MISSING_FUNCTIONAL	RESOLVED_NOT_BLOCKED	PS1:strong		neighbour_evidence
2020-01-01	2026-08-04	NM_007294.4:c.5059_5061delinsTAC	p.Val1687Tyr	missense	VUS	VUS	2	4	MISSING_FUNCTIONAL	MISSING_FUNCTIONAL	PM5:moderate		neighbour_evidence
2020-01-01	2026-08-04	NM_007294.4:c.5059_5060delinsTA	p.Val1687Tyr	missense	VUS	VUS	2	4	MISSING_FUNCTIONAL	MISSING_FUNCTIONAL	PM5:moderate		neighbour_evidence
2020-01-01	2026-08-04	NM_007294.4:c.5059_5061delinsTCA	p.Val1687Ser	missense	VUS	VUS	2	4	MISSING_FUNCTIONAL	MISSING_FUNCTIONAL	PM5:moderate		neighbour_evidence
2020-01-01	2026-08-04	NM_007294.4:c.5059_5061delinsTCC	p.Val1687Ser	missense	VUS	VUS	2	4	MISSING_FUNCTIONAL	MISSING_FUNCTIONAL	PM5:moderate		neighbour_evidence
2020-01-01	2026-08-04	NM_007294.4:c.5059_5061delinsTCG	p.Val1687Ser	missense	VUS	VUS	2	4	MISSING_FUNCTIONAL	MISSING_FUNCTIONAL	PM5:moderate		neighbour_evidence
2020-01-01	2026-08-04	NM_007294.4:c.5059_5060delinsTC	p.Val1687Ser	missense	VUS	VUS	2	4	MISSING_FUNCTIONAL	MISSING_FUNCTIONAL	PM5:moderate		neighbour_evidence
2020-01-01	2026-08-04	NM_007294.4:c.5059_5061delinsTGC	p.Val1687Cys	missense	VUS	VUS	2	4	MISSING_FUNCTIONAL	MISSING_FUNCTIONAL	PM5:moderate		neighbour_evidence
2020-01-01	2026-08-04	NM_007294.4:c.5059_5061delinsTGG	p.Val1687Trp	missense	VUS	VUS	2	4	MISSING_FUNCTIONAL	MISSING_FUNCTIONAL	PM5:moderate		neighbour_evidence
2020-01-01	2026-08-04	NM_007294.4:c.5059_5060delinsTG	p.Val1687Cys	missense	VUS	VUS	2	4	MISSING_FUNCTIONAL	MISSING_FUNCTIONAL	PM5:moderate		neighbour_evidence
2020-01-01	2026-08-04	NM_007294.4:c.5059_5061delinsTTA	p.Val1687Leu	missense	VUS	VUS	2	4	MISSING_FUNCTIONAL	MISSING_FUNCTIONAL	PM5:moderate		neighbour_evidence
2020-01-01	2026-08-04	NM_007294.4:c.5059_5061delinsTTC	p.Val1687Phe	missense	VUS	VUS	2	4	MISSING_FUNCTIONAL	MISSING_FUNCTIONAL	PM5:moderate		neighbour_evidence
2020-01-01	2026-08-04	NM_007294.4:c.5059_5061delinsTTG	p.Val1687Leu	missense	VUS	VUS	2	4	MISSING_FUNCTIONAL	MISSING_FUNCTIONAL	PM5:moderate		neighbour_evidence
2020-01-01	2026-08-04	NM_007294.4:c.5062_5064delinsAAA	p.Val1688Lys	missense	VUS	VUS	2	4	MISSING_FUNCTIONAL	MISSING_FUNCTIONAL	PM5:moderate		neighbour_evidence
2020-01-01	2026-08-04	NM_007294.4:c.5062_5064delinsAAC	p.Val1688Asn	missense	VUS	VUS	2	4	MISSING_FUNCTIONAL	MISSING_FUNCTIONAL	PM5:moderate		neighbour_evidence
2020-01-01	2026-08-04	NM_007294.4:c.5062_5064delinsAAG	p.Val1688Lys	missense	VUS	VUS	2	4	MISSING_FUNCTIONAL	MISSING_FUNCTIONAL	PM5:moderate		neighbour_evidence
2020-01-01	2026-08-04	NM_007294.4:c.5062_5063delinsAA	p.Val1688Asn	missense	VUS	VUS	2	4	MISSING_FUNCTIONAL	MISSING_FUNCTIONAL	PM5:moderate		neighbour_evidence
2020-01-01	2026-08-04	NM_007294.4:c.5062_5064delinsACA	p.Val1688Thr	missense	VUS	VUS	2	4	MISSING_FUNCTIONAL	MISSING_FUNCTIONAL	PM5:moderate		neighbour_evidence
2020-01-01	2026-08-04	NM_007294.4:c.5062_5064delinsACC	p.Val1688Thr	missense	VUS	VUS	2	4	MISSING_FUNCTIONAL	MISSING_FUNCTIONAL	PM5:moderate		neighbour_evidence
2020-01-01	2026-08-04	NM_007294.4:c.5062_5064delinsACG	p.Val1688Thr	missense	VUS	VUS	2	4	MISSING_FUNCTIONAL	MISSING_FUNCTIONAL	PM5:moderate		neighbour_evidence
2020-01-01	2026-08-04	NM_007294.4:c.5062_5063delinsAC	p.Val1688Thr	missense	VUS	VUS	2	4	MISSING_FUNCTIONAL	MISSING_FUNCTIONAL	PM5:moderate		neighbour_evidence
2020-01-01	2026-08-04	NM_007294.4:c.5062_5064delinsAGA	p.Val1688Arg	missense	VUS	VUS	2	4	MISSING_FUNCTIONAL	MISSING_FUNCTIONAL	PM5:moderate		neighbour_evidence
2020-01-01	2026-08-04	NM_007294.4:c.5062_5064delinsAGC	p.Val1688Ser	missense	VUS	VUS	2	4	MISSING_FUNCTIONAL	MISSING_FUNCTIONAL	PM5:moderate		neighbour_evidence
2020-01-01	2026-08-04	NM_007294.4:c.5062_5064delinsAGG	p.Val1688Arg	missense	VUS	VUS	2	4	MISSING_FUNCTIONAL	MISSING_FUNCTIONAL	PM5:moderate		neighbour_evidence
2020-01-01	2026-08-04	NM_007294.4:c.5062_5063delinsAG	p.Val1688Ser	missense	VUS	VUS	2	4	MISSING_FUNCTIONAL	MISSING_FUNCTIONAL	PM5:moderate		neighbour_evidence
2020-01-01	2026-08-04	NM_007294.4:c.5062_5064delinsATA	p.Val1688Ile	missense	VUS	VUS	2	4	MISSING_FUNCTIONAL	MISSING_FUNCTIONAL	PM5:moderate		neighbour_evidence
2020-01-01	2026-08-04	NM_007294.4:c.5062_5064delinsATC	p.Val1688Ile	missense	VUS	VUS	2	4	MISSING_FUNCTIONAL	MISSING_FUNCTIONAL	PM5:moderate		neighbour_evidence
2020-01-01	2026-08-04	NM_007294.4:c.5062_5064delinsATG	p.Val1688Met	missense	VUS	VUS	2	4	MISSING_FUNCTIONAL	MISSING_FUNCTIONAL	PM5:moderate		neighbour_evidence
2020-01-01	2026-08-04	NM_007294.4:c.5062_5064delinsCAA	p.Val1688Gln	missense	VUS	VUS	2	4	MISSING_FUNCTIONAL	MISSING_FUNCTIONAL	PM5:moderate		neighbour_evidence
2020-01-01	2026-08-04	NM_007294.4:c.5062_5064delinsCAC	p.Val1688His	missense	VUS	VUS	2	4	MISSING_FUNCTIONAL	MISSING_FUNCTIONAL	PM5:moderate		neighbour_evidence
2020-01-01	2026-08-04	NM_007294.4:c.5062_5064delinsCAG	p.Val1688Gln	missense	VUS	VUS	2	4	MISSING_FUNCTIONAL	MISSING_FUNCTIONAL	PM5:moderate		neighbour_evidence
2020-01-01	2026-08-04	NM_007294.4:c.5062_5063delinsCA	p.Val1688His	missense	VUS	VUS	2	4	MISSING_FUNCTIONAL	MISSING_FUNCTIONAL	PM5:moderate		neighbour_evidence
2020-01-01	2026-08-04	NM_007294.4:c.5062_5064delinsCCA	p.Val1688Pro	missense	VUS	VUS	2	4	MISSING_FUNCTIONAL	MISSING_FUNCTIONAL	PM5:moderate		neighbour_evidence
2020-01-01	2026-08-04	NM_007294.4:c.5062_5064delinsCCC	p.Val1688Pro	missense	VUS	VUS	2	4	MISSING_FUNCTIONAL	MISSING_FUNCTIONAL	PM5:moderate		neighbour_evidence
2020-01-01	2026-08-04	NM_007294.4:c.5062_5064delinsCCG	p.Val1688Pro	missense	VUS	VUS	2	4	MISSING_FUNCTIONAL	MISSING_FUNCTIONAL	PM5:moderate		neighbour_evidence
2020-01-01	2026-08-04	NM_007294.4:c.5062_5063delinsCC	p.Val1688Pro	missense	VUS	VUS	2	4	MISSING_FUNCTIONAL	MISSING_FUNCTIONAL	PM5:moderate		neighbour_evidence
2020-01-01	2026-08-04	NM_007294.4:c.5062_5064delinsCGA	p.Val1688Arg	missense	VUS	VUS	2	4	MISSING_FUNCTIONAL	MISSING_FUNCTIONAL	PM5:moderate		neighbour_evidence
2020-01-01	2026-08-04	NM_007294.4:c.5062_5064delinsCGC	p.Val1688Arg	missense	VUS	VUS	2	4	MISSING_FUNCTIONAL	MISSING_FUNCTIONAL	PM5:moderate		neighbour_evidence
2020-01-01	2026-08-04	NM_007294.4:c.5062_5064delinsCGG	p.Val1688Arg	missense	VUS	VUS	2	4	MISSING_FUNCTIONAL	MISSING_FUNCTIONAL	PM5:moderate		neighbour_evidence
2020-01-01	2026-08-04	NM_007294.4:c.5062_5063delinsCG	p.Val1688Arg	missense	VUS	VUS	2	4	MISSING_FUNCTIONAL	MISSING_FUNCTIONAL	PM5:moderate		neighbour_evidence
2020-01-01	2026-08-04	NM_007294.4:c.5062_5064delinsCTA	p.Val1688Leu	missense	VUS	VUS	2	4	MISSING_FUNCTIONAL	MISSING_FUNCTIONAL	PM5:moderate		neighbour_evidence
2020-01-01	2026-08-04	NM_007294.4:c.5062_5064delinsCTC	p.Val1688Leu	missense	VUS	VUS	2	4	MISSING_FUNCTIONAL	MISSING_FUNCTIONAL	PM5:moderate		neighbour_evidence
2020-01-01	2026-08-04	NM_007294.4:c.5062_5064delinsCTG	p.Val1688Leu	missense	VUS	VUS	2	4	MISSING_FUNCTIONAL	MISSING_FUNCTIONAL	PM5:moderate		neighbour_evidence
2020-01-01	2026-08-04	NM_007294.4:c.5063_5064delinsAA	p.Val1688Glu	missense	VUS	VUS	2	4	MISSING_FUNCTIONAL	MISSING_FUNCTIONAL	PM5:moderate		neighbour_evidence
2020-01-01	2026-08-04	NM_007294.4:c.5063_5064delinsAC	p.Val1688Asp	missense	VUS	VUS	2	4	MISSING_FUNCTIONAL	MISSING_FUNCTIONAL	PM5:moderate		neighbour_evidence
2020-01-01	2026-08-04	NM_007294.4:c.5063_5064delinsAG	p.Val1688Glu	missense	VUS	VUS	2	4	MISSING_FUNCTIONAL	MISSING_FUNCTIONAL	PM5:moderate		neighbour_evidence
2020-01-01	2026-08-04	NM_007294.4:c.5063_5064delinsCA	p.Val1688Ala	missense	VUS	VUS	2	4	MISSING_FUNCTIONAL	MISSING_FUNCTIONAL	PM5:moderate		neighbour_evidence
2020-01-01	2026-08-04	NM_007294.4:c.5063_5064delinsCC	p.Val1688Ala	missense	VUS	VUS	2	4	MISSING_FUNCTIONAL	MISSING_FUNCTIONAL	PM5:moderate		neighbour_evidence
2020-01-01	2026-08-04	NM_007294.4:c.5063_5064delinsCG	p.Val1688Ala	missense	VUS	VUS	2	4	MISSING_FUNCTIONAL	MISSING_FUNCTIONAL	PM5:moderate		neighbour_evidence
2020-01-01	2026-08-04	NM_007294.4:c.5063_5064delinsGA	p.Val1688Gly	missense	VUS	VUS	2	4	MISSING_FUNCTIONAL	MISSING_FUNCTIONAL	PM5:moderate		neighbour_evidence
2020-01-01	2026-08-04	NM_007294.4:c.5063_5064delinsGC	p.Val1688Gly	missense	VUS	VUS	2	4	MISSING_FUNCTIONAL	MISSING_FUNCTIONAL	PM5:moderate		neighbour_evidence
2020-01-01	2026-08-04	NM_007294.4:c.5063_5064delinsGG	p.Val1688Gly	missense	VUS	VUS	2	4	MISSING_FUNCTIONAL	MISSING_FUNCTIONAL	PM5:moderate		neighbour_evidence
2020-01-01	2026-08-04	NM_007294.4:c.5062_5064delinsTAC	p.Val1688Tyr	missense	VUS	VUS	2	4	MISSING_FUNCTIONAL	MISSING_FUNCTIONAL	PM5:moderate		neighbour_evidence
2020-01-01	2026-08-04	NM_007294.4:c.5062_5063delinsTA	p.Val1688Tyr	missense	VUS	VUS	2	4	MISSING_FUNCTIONAL	MISSING_FUNCTIONAL	PM5:moderate		neighbour_evidence
2020-01-01	2026-08-04	NM_007294.4:c.5062_5064delinsTCA	p.Val1688Ser	missense	VUS	VUS	2	4	MISSING_FUNCTIONAL	MISSING_FUNCTIONAL	PM5:moderate		neighbour_evidence
2020-01-01	2026-08-04	NM_007294.4:c.5062_5064delinsTCC	p.Val1688Ser	missense	VUS	VUS	2	4	MISSING_FUNCTIONAL	MISSING_FUNCTIONAL	PM5:moderate		neighbour_evidence
2020-01-01	2026-08-04	NM_007294.4:c.5062_5064delinsTCG	p.Val1688Ser	missense	VUS	VUS	2	4	MISSING_FUNCTIONAL	MISSING_FUNCTIONAL	PM5:moderate		neighbour_evidence
2020-01-01	2026-08-04	NM_007294.4:c.5062_5063delinsTC	p.Val1688Ser	missense	VUS	VUS	2	4	MISSING_FUNCTIONAL	MISSING_FUNCTIONAL	PM5:moderate		neighbour_evidence
2020-01-01	2026-08-04	NM_007294.4:c.5062_5064delinsTGC	p.Val1688Cys	missense	VUS	VUS	2	4	MISSING_FUNCTIONAL	MISSING_FUNCTIONAL	PM5:moderate		neighbour_evidence
2020-01-01	2026-08-04	NM_007294.4:c.5062_5064delinsTGG	p.Val1688Trp	missense	VUS	VUS	2	4	MISSING_FUNCTIONAL	MISSING_FUNCTIONAL	PM5:moderate		neighbour_evidence
2020-01-01	2026-08-04	NM_007294.4:c.5062_5063delinsTG	p.Val1688Cys	missense	VUS	VUS	2	4	MISSING_FUNCTIONAL	MISSING_FUNCTIONAL	PM5:moderate		neighbour_evidence
2020-01-01	2026-08-04	NM_007294.4:c.5062_5064delinsTTA	p.Val1688Leu	missense	VUS	VUS	2	4	MISSING_FUNCTIONAL	MISSING_FUNCTIONAL	PM5:moderate		neighbour_evidence
2020-01-01	2026-08-04	NM_007294.4:c.5062_5064delinsTTC	p.Val1688Phe	missense	VUS	LP	2	6	MISSING_FUNCTIONAL	RESOLVED_NOT_BLOCKED	PS1:strong		neighbour_evidence
2020-01-01	2026-08-04	NM_007294.4:c.5062_5064delinsTTG	p.Val1688Leu	missense	VUS	VUS	2	4	MISSING_FUNCTIONAL	MISSING_FUNCTIONAL	PM5:moderate		neighbour_evidence
2020-01-01	2026-08-04	NM_007294.4:c.5066_5067delinsAA	p.Met1689Lys	missense	VUS	LP	2	8	MISSING_FUNCTIONAL	RESOLVED_NOT_BLOCKED	PM5:moderate;PS1:strong		neighbour_evidence
2020-01-01	2026-08-04	NM_007294.4:c.5066_5067delinsAC	p.Met1689Asn	missense	VUS	VUS	2	4	MISSING_FUNCTIONAL	MISSING_FUNCTIONAL	PM5:moderate		neighbour_evidence
2020-01-01	2026-08-04	NM_007294.4:c.5066_5067delinsAT	p.Met1689Asn	missense	VUS	VUS	2	4	MISSING_FUNCTIONAL	MISSING_FUNCTIONAL	PM5:moderate		neighbour_evidence
2020-01-01	2026-08-04	NM_007294.4:c.5066_5067delinsCA	p.Met1689Thr	missense	VUS	VUS	2	4	MISSING_FUNCTIONAL	MISSING_FUNCTIONAL	PM5:moderate		neighbour_evidence
2020-01-01	2026-08-04	NM_007294.4:c.5066_5067delinsCC	p.Met1689Thr	missense	VUS	VUS	2	4	MISSING_FUNCTIONAL	MISSING_FUNCTIONAL	PM5:moderate		neighbour_evidence
2020-01-01	2026-08-04	NM_007294.4:c.5066_5067delinsCT	p.Met1689Thr	missense	VUS	VUS	2	4	MISSING_FUNCTIONAL	MISSING_FUNCTIONAL	PM5:moderate		neighbour_evidence
2020-01-01	2026-08-04	NM_007294.4:c.5066_5067delinsGA	p.Met1689Arg	missense	VUS	LP	2	8	MISSING_FUNCTIONAL	RESOLVED_NOT_BLOCKED	PM5:moderate;PS1:strong		neighbour_evidence
2020-01-01	2026-08-04	NM_007294.4:c.5066_5067delinsGC	p.Met1689Ser	missense	VUS	VUS	2	4	MISSING_FUNCTIONAL	MISSING_FUNCTIONAL	PM5:moderate		neighbour_evidence
2020-01-01	2026-08-04	NM_007294.4:c.5066_5067delinsGT	p.Met1689Ser	missense	VUS	VUS	2	4	MISSING_FUNCTIONAL	MISSING_FUNCTIONAL	PM5:moderate		neighbour_evidence
2020-01-01	2026-08-04	NM_007294.4:c.5065_5067delinsCAA	p.Met1689Gln	missense	VUS	VUS	2	4	MISSING_FUNCTIONAL	MISSING_FUNCTIONAL	PM5:moderate		neighbour_evidence
2020-01-01	2026-08-04	NM_007294.4:c.5065_5067delinsCAC	p.Met1689His	missense	VUS	VUS	2	4	MISSING_FUNCTIONAL	MISSING_FUNCTIONAL	PM5:moderate		neighbour_evidence
2020-01-01	2026-08-04	NM_007294.4:c.5065_5066delinsCA	p.Met1689Gln	missense	VUS	VUS	2	4	MISSING_FUNCTIONAL	MISSING_FUNCTIONAL	PM5:moderate		neighbour_evidence
2020-01-01	2026-08-04	NM_007294.4:c.5065_5067delinsCAT	p.Met1689His	missense	VUS	VUS	2	4	MISSING_FUNCTIONAL	MISSING_FUNCTIONAL	PM5:moderate		neighbour_evidence
2020-01-01	2026-08-04	NM_007294.4:c.5065_5067delinsCCA	p.Met1689Pro	missense	VUS	VUS	2	4	MISSING_FUNCTIONAL	MISSING_FUNCTIONAL	PM5:moderate		neighbour_evidence
2020-01-01	2026-08-04	NM_007294.4:c.5065_5067delinsCCC	p.Met1689Pro	missense	VUS	VUS	2	4	MISSING_FUNCTIONAL	MISSING_FUNCTIONAL	PM5:moderate		neighbour_evidence
2020-01-01	2026-08-04	NM_007294.4:c.5065_5066delinsCC	p.Met1689Pro	missense	VUS	VUS	2	4	MISSING_FUNCTIONAL	MISSING_FUNCTIONAL	PM5:moderate		neighbour_evidence
2020-01-01	2026-08-04	NM_007294.4:c.5065_5067delinsCCT	p.Met1689Pro	missense	VUS	VUS	2	4	MISSING_FUNCTIONAL	MISSING_FUNCTIONAL	PM5:moderate		neighbour_evidence
2020-01-01	2026-08-04	NM_007294.4:c.5065_5067delinsCGA	p.Met1689Arg	missense	VUS	LP	2	8	MISSING_FUNCTIONAL	RESOLVED_NOT_BLOCKED	PM5:moderate;PS1:strong		neighbour_evidence
2020-01-01	2026-08-04	NM_007294.4:c.5065_5067delinsCGC	p.Met1689Arg	missense	VUS	LP	2	8	MISSING_FUNCTIONAL	RESOLVED_NOT_BLOCKED	PM5:moderate;PS1:strong		neighbour_evidence
2020-01-01	2026-08-04	NM_007294.4:c.5065_5066delinsCG	p.Met1689Arg	missense	VUS	LP	2	8	MISSING_FUNCTIONAL	RESOLVED_NOT_BLOCKED	PM5:moderate;PS1:strong		neighbour_evidence
2020-01-01	2026-08-04	NM_007294.4:c.5065_5067delinsCGT	p.Met1689Arg	missense	VUS	LP	2	8	MISSING_FUNCTIONAL	RESOLVED_NOT_BLOCKED	PM5:moderate;PS1:strong		neighbour_evidence
2020-01-01	2026-08-04	NM_007294.4:c.5065_5067delinsCTA	p.Met1689Leu	missense	VUS	VUS	2	4	MISSING_FUNCTIONAL	MISSING_FUNCTIONAL	PM5:moderate		neighbour_evidence
2020-01-01	2026-08-04	NM_007294.4:c.5065_5067delinsCTC	p.Met1689Leu	missense	VUS	VUS	2	4	MISSING_FUNCTIONAL	MISSING_FUNCTIONAL	PM5:moderate		neighbour_evidence
2020-01-01	2026-08-04	NM_007294.4:c.5065_5067delinsCTT	p.Met1689Leu	missense	VUS	VUS	2	4	MISSING_FUNCTIONAL	MISSING_FUNCTIONAL	PM5:moderate		neighbour_evidence
2020-01-01	2026-08-04	NM_007294.4:c.5065_5067delinsGAA	p.Met1689Glu	missense	VUS	VUS	2	4	MISSING_FUNCTIONAL	MISSING_FUNCTIONAL	PM5:moderate		neighbour_evidence
2020-01-01	2026-08-04	NM_007294.4:c.5065_5067delinsGAC	p.Met1689Asp	missense	VUS	VUS	2	4	MISSING_FUNCTIONAL	MISSING_FUNCTIONAL	PM5:moderate		neighbour_evidence
2020-01-01	2026-08-04	NM_007294.4:c.5065_5066delinsGA	p.Met1689Glu	missense	VUS	VUS	2	4	MISSING_FUNCTIONAL	MISSING_FUNCTIONAL	PM5:moderate		neighbour_evidence
2020-01-01	2026-08-04	NM_007294.4:c.5065_5067delinsGAT	p.Met1689Asp	missense	VUS	VUS	2	4	MISSING_FUNCTIONAL	MISSING_FUNCTIONAL	PM5:moderate		neighbour_evidence
2020-01-01	2026-08-04	NM_007294.4:c.5065_5067delinsGCA	p.Met1689Ala	missense	VUS	VUS	2	4	MISSING_FUNCTIONAL	MISSING_FUNCTIONAL	PM5:moderate		neighbour_evidence
2020-01-01	2026-08-04	NM_007294.4:c.5065_5067delinsGCC	p.Met1689Ala	missense	VUS	VUS	2	4	MISSING_FUNCTIONAL	MISSING_FUNCTIONAL	PM5:moderate		neighbour_evidence
2020-01-01	2026-08-04	NM_007294.4:c.5065_5066delinsGC	p.Met1689Ala	missense	VUS	VUS	2	4	MISSING_FUNCTIONAL	MISSING_FUNCTIONAL	PM5:moderate		neighbour_evidence
2020-01-01	2026-08-04	NM_007294.4:c.5065_5067delinsGCT	p.Met1689Ala	missense	VUS	VUS	2	4	MISSING_FUNCTIONAL	MISSING_FUNCTIONAL	PM5:moderate		neighbour_evidence
2020-01-01	2026-08-04	NM_007294.4:c.5065_5067delinsGGA	p.Met1689Gly	missense	VUS	VUS	2	4	MISSING_FUNCTIONAL	MISSING_FUNCTIONAL	PM5:moderate		neighbour_evidence
2020-01-01	2026-08-04	NM_007294.4:c.5065_5067delinsGGC	p.Met1689Gly	missense	VUS	VUS	2	4	MISSING_FUNCTIONAL	MISSING_FUNCTIONAL	PM5:moderate		neighbour_evidence
2020-01-01	2026-08-04	NM_007294.4:c.5065_5066delinsGG	p.Met1689Gly	missense	VUS	VUS	2	4	MISSING_FUNCTIONAL	MISSING_FUNCTIONAL	PM5:moderate		neighbour_evidence
2020-01-01	2026-08-04	NM_007294.4:c.5065_5067delinsGGT	p.Met1689Gly	missense	VUS	VUS	2	4	MISSING_FUNCTIONAL	MISSING_FUNCTIONAL	PM5:moderate		neighbour_evidence
2020-01-01	2026-08-04	NM_007294.4:c.5065_5067delinsGTA	p.Met1689Val	missense	VUS	VUS	2	4	MISSING_FUNCTIONAL	MISSING_FUNCTIONAL	PM5:moderate		neighbour_evidence
2020-01-01	2026-08-04	NM_007294.4:c.5065_5067delinsGTC	p.Met1689Val	missense	VUS	VUS	2	4	MISSING_FUNCTIONAL	MISSING_FUNCTIONAL	PM5:moderate		neighbour_evidence
2020-01-01	2026-08-04	NM_007294.4:c.5065_5067delinsGTT	p.Met1689Val	missense	VUS	VUS	2	4	MISSING_FUNCTIONAL	MISSING_FUNCTIONAL	PM5:moderate		neighbour_evidence
2020-01-01	2026-08-04	NM_007294.4:c.5065_5067delinsTAC	p.Met1689Tyr	missense	VUS	VUS	2	4	MISSING_FUNCTIONAL	MISSING_FUNCTIONAL	PM5:moderate		neighbour_evidence
2020-01-01	2026-08-04	NM_007294.4:c.5065_5067delinsTAT	p.Met1689Tyr	missense	VUS	VUS	2	4	MISSING_FUNCTIONAL	MISSING_FUNCTIONAL	PM5:moderate		neighbour_evidence
2020-01-01	2026-08-04	NM_007294.4:c.5065_5067delinsTCA	p.Met1689Ser	missense	VUS	VUS	2	4	MISSING_FUNCTIONAL	MISSING_FUNCTIONAL	PM5:moderate		neighbour_evidence
2020-01-01	2026-08-04	NM_007294.4:c.5065_5067delinsTCC	p.Met1689Ser	missense	VUS	VUS	2	4	MISSING_FUNCTIONAL	MISSING_FUNCTIONAL	PM5:moderate		neighbour_evidence
2020-01-01	2026-08-04	NM_007294.4:c.5065_5066delinsTC	p.Met1689Ser	missense	VUS	VUS	2	4	MISSING_FUNCTIONAL	MISSING_FUNCTIONAL	PM5:moderate		neighbour_evidence
2020-01-01	2026-08-04	NM_007294.4:c.5065_5067delinsTCT	p.Met1689Ser	missense	VUS	VUS	2	4	MISSING_FUNCTIONAL	MISSING_FUNCTIONAL	PM5:moderate		neighbour_evidence
2020-01-01	2026-08-04	NM_007294.4:c.5065_5067delinsTGC	p.Met1689Cys	missense	VUS	VUS	2	4	MISSING_FUNCTIONAL	MISSING_FUNCTIONAL	PM5:moderate		neighbour_evidence
2020-01-01	2026-08-04	NM_007294.4:c.5065_5066delinsTG	p.Met1689Trp	missense	VUS	VUS	2	4	MISSING_FUNCTIONAL	MISSING_FUNCTIONAL	PM5:moderate		neighbour_evidence
2020-01-01	2026-08-04	NM_007294.4:c.5065_5067delinsTGT	p.Met1689Cys	missense	VUS	VUS	2	4	MISSING_FUNCTIONAL	MISSING_FUNCTIONAL	PM5:moderate		neighbour_evidence
2020-01-01	2026-08-04	NM_007294.4:c.5065_5067delinsTTA	p.Met1689Leu	missense	VUS	VUS	2	4	MISSING_FUNCTIONAL	MISSING_FUNCTIONAL	PM5:moderate		neighbour_evidence
2020-01-01	2026-08-04	NM_007294.4:c.5065_5067delinsTTC	p.Met1689Phe	missense	VUS	VUS	2	4	MISSING_FUNCTIONAL	MISSING_FUNCTIONAL	PM5:moderate		neighbour_evidence
2020-01-01	2026-08-04	NM_007294.4:c.5065_5067delinsTTT	p.Met1689Phe	missense	VUS	VUS	2	4	MISSING_FUNCTIONAL	MISSING_FUNCTIONAL	PM5:moderate		neighbour_evidence
2020-01-01	2026-08-04	NM_007294.4:c.5072_5073delinsAC	p.Thr1691Asn	missense	VUS	VUS	2	4	MISSING_FUNCTIONAL	MISSING_FUNCTIONAL	PM5:moderate		neighbour_evidence
2020-01-01	2026-08-04	NM_007294.4:c.5072_5073delinsAG	p.Thr1691Lys	missense	VUS	LP	2	8	MISSING_FUNCTIONAL	RESOLVED_NOT_BLOCKED	PM5:moderate;PS1:strong		neighbour_evidence
2020-01-01	2026-08-04	NM_007294.4:c.5072_5073delinsAT	p.Thr1691Asn	missense	VUS	VUS	2	4	MISSING_FUNCTIONAL	MISSING_FUNCTIONAL	PM5:moderate		neighbour_evidence
2020-01-01	2026-08-04	NM_007294.4:c.5072_5073delinsGC	p.Thr1691Ser	missense	VUS	VUS	2	4	MISSING_FUNCTIONAL	MISSING_FUNCTIONAL	PM5:moderate		neighbour_evidence
2020-01-01	2026-08-04	NM_007294.4:c.5072_5073delinsGG	p.Thr1691Arg	missense	VUS	LP	2	8	MISSING_FUNCTIONAL	RESOLVED_NOT_BLOCKED	PM5:moderate;PS1:strong		neighbour_evidence
2020-01-01	2026-08-04	NM_007294.4:c.5072_5073delinsGT	p.Thr1691Ser	missense	VUS	VUS	2	4	MISSING_FUNCTIONAL	MISSING_FUNCTIONAL	PM5:moderate		neighbour_evidence
2020-01-01	2026-08-04	NM_007294.4:c.5072_5073delinsTC	p.Thr1691Ile	missense	VUS	LP	2	8	MISSING_FUNCTIONAL	RESOLVED_NOT_BLOCKED	PM5:moderate;PS1:strong		neighbour_evidence
2020-01-01	2026-08-04	NM_007294.4:c.5072_5073delinsTG	p.Thr1691Met	missense	VUS	VUS	2	4	MISSING_FUNCTIONAL	MISSING_FUNCTIONAL	PM5:moderate		neighbour_evidence
2020-01-01	2026-08-04	NM_007294.4:c.5072_5073delinsTT	p.Thr1691Ile	missense	VUS	LP	2	8	MISSING_FUNCTIONAL	RESOLVED_NOT_BLOCKED	PM5:moderate;PS1:strong		neighbour_evidence
2020-01-01	2026-08-04	NM_007294.4:c.5071_5072delinsCA	p.Thr1691Gln	missense	VUS	VUS	2	4	MISSING_FUNCTIONAL	MISSING_FUNCTIONAL	PM5:moderate		neighbour_evidence
2020-01-01	2026-08-04	NM_007294.4:c.5071_5073delinsCAC	p.Thr1691His	missense	VUS	VUS	2	4	MISSING_FUNCTIONAL	MISSING_FUNCTIONAL	PM5:moderate		neighbour_evidence
2020-01-01	2026-08-04	NM_007294.4:c.5071_5073delinsCAG	p.Thr1691Gln	missense	VUS	VUS	2	4	MISSING_FUNCTIONAL	MISSING_FUNCTIONAL	PM5:moderate		neighbour_evidence
2020-01-01	2026-08-04	NM_007294.4:c.5071_5073delinsCAT	p.Thr1691His	missense	VUS	VUS	2	4	MISSING_FUNCTIONAL	MISSING_FUNCTIONAL	PM5:moderate		neighbour_evidence
2020-01-01	2026-08-04	NM_007294.4:c.5071_5073delinsCCC	p.Thr1691Pro	missense	VUS	VUS	2	4	MISSING_FUNCTIONAL	MISSING_FUNCTIONAL	PM5:moderate		neighbour_evidence
2020-01-01	2026-08-04	NM_007294.4:c.5071_5073delinsCCG	p.Thr1691Pro	missense	VUS	VUS	2	4	MISSING_FUNCTIONAL	MISSING_FUNCTIONAL	PM5:moderate		neighbour_evidence
2020-01-01	2026-08-04	NM_007294.4:c.5071_5073delinsCCT	p.Thr1691Pro	missense	VUS	VUS	2	4	MISSING_FUNCTIONAL	MISSING_FUNCTIONAL	PM5:moderate		neighbour_evidence
2020-01-01	2026-08-04	NM_007294.4:c.5071_5072delinsCG	p.Thr1691Arg	missense	VUS	LP	2	8	MISSING_FUNCTIONAL	RESOLVED_NOT_BLOCKED	PM5:moderate;PS1:strong		neighbour_evidence
2020-01-01	2026-08-04	NM_007294.4:c.5071_5073delinsCGC	p.Thr1691Arg	missense	VUS	LP	2	8	MISSING_FUNCTIONAL	RESOLVED_NOT_BLOCKED	PM5:moderate;PS1:strong		neighbour_evidence
2020-01-01	2026-08-04	NM_007294.4:c.5071_5073delinsCGG	p.Thr1691Arg	missense	VUS	LP	2	8	MISSING_FUNCTIONAL	RESOLVED_NOT_BLOCKED	PM5:moderate;PS1:strong		neighbour_evidence
2020-01-01	2026-08-04	NM_007294.4:c.5071_5073delinsCGT	p.Thr1691Arg	missense	VUS	LP	2	8	MISSING_FUNCTIONAL	RESOLVED_NOT_BLOCKED	PM5:moderate;PS1:strong		neighbour_evidence
2020-01-01	2026-08-04	NM_007294.4:c.5071_5072delinsCT	p.Thr1691Leu	missense	VUS	VUS	2	4	MISSING_FUNCTIONAL	MISSING_FUNCTIONAL	PM5:moderate		neighbour_evidence
2020-01-01	2026-08-04	NM_007294.4:c.5071_5073delinsCTC	p.Thr1691Leu	missense	VUS	VUS	2	4	MISSING_FUNCTIONAL	MISSING_FUNCTIONAL	PM5:moderate		neighbour_evidence
2020-01-01	2026-08-04	NM_007294.4:c.5071_5073delinsCTG	p.Thr1691Leu	missense	VUS	VUS	2	4	MISSING_FUNCTIONAL	MISSING_FUNCTIONAL	PM5:moderate		neighbour_evidence
2020-01-01	2026-08-04	NM_007294.4:c.5071_5073delinsCTT	p.Thr1691Leu	missense	VUS	VUS	2	4	MISSING_FUNCTIONAL	MISSING_FUNCTIONAL	PM5:moderate		neighbour_evidence
2020-01-01	2026-08-04	NM_007294.4:c.5071_5072delinsGA	p.Thr1691Glu	missense	VUS	VUS	2	4	MISSING_FUNCTIONAL	MISSING_FUNCTIONAL	PM5:moderate		neighbour_evidence
2020-01-01	2026-08-04	NM_007294.4:c.5071_5073delinsGAC	p.Thr1691Asp	missense	VUS	VUS	2	4	MISSING_FUNCTIONAL	MISSING_FUNCTIONAL	PM5:moderate		neighbour_evidence
2020-01-01	2026-08-04	NM_007294.4:c.5071_5073delinsGAG	p.Thr1691Glu	missense	VUS	VUS	2	4	MISSING_FUNCTIONAL	MISSING_FUNCTIONAL	PM5:moderate		neighbour_evidence
2020-01-01	2026-08-04	NM_007294.4:c.5071_5073delinsGAT	p.Thr1691Asp	missense	VUS	VUS	2	4	MISSING_FUNCTIONAL	MISSING_FUNCTIONAL	PM5:moderate		neighbour_evidence
2020-01-01	2026-08-04	NM_007294.4:c.5071_5073delinsGCC	p.Thr1691Ala	missense	VUS	VUS	2	4	MISSING_FUNCTIONAL	MISSING_FUNCTIONAL	PM5:moderate		neighbour_evidence
2020-01-01	2026-08-04	NM_007294.4:c.5071_5073delinsGCG	p.Thr1691Ala	missense	VUS	VUS	2	4	MISSING_FUNCTIONAL	MISSING_FUNCTIONAL	PM5:moderate		neighbour_evidence
2020-01-01	2026-08-04	NM_007294.4:c.5071_5073delinsGCT	p.Thr1691Ala	missense	VUS	VUS	2	4	MISSING_FUNCTIONAL	MISSING_FUNCTIONAL	PM5:moderate		neighbour_evidence
2020-01-01	2026-08-04	NM_007294.4:c.5071_5072delinsGG	p.Thr1691Gly	missense	VUS	VUS	2	4	MISSING_FUNCTIONAL	MISSING_FUNCTIONAL	PM5:moderate		neighbour_evidence
2020-01-01	2026-08-04	NM_007294.4:c.5071_5073delinsGGC	p.Thr1691Gly	missense	VUS	VUS	2	4	MISSING_FUNCTIONAL	MISSING_FUNCTIONAL	PM5:moderate		neighbour_evidence
2020-01-01	2026-08-04	NM_007294.4:c.5071_5073delinsGGG	p.Thr1691Gly	missense	VUS	VUS	2	4	MISSING_FUNCTIONAL	MISSING_FUNCTIONAL	PM5:moderate		neighbour_evidence
2020-01-01	2026-08-04	NM_007294.4:c.5071_5073delinsGGT	p.Thr1691Gly	missense	VUS	VUS	2	4	MISSING_FUNCTIONAL	MISSING_FUNCTIONAL	PM5:moderate		neighbour_evidence
2020-01-01	2026-08-04	NM_007294.4:c.5071_5072delinsGT	p.Thr1691Val	missense	VUS	VUS	2	4	MISSING_FUNCTIONAL	MISSING_FUNCTIONAL	PM5:moderate		neighbour_evidence
2020-01-01	2026-08-04	NM_007294.4:c.5071_5073delinsGTC	p.Thr1691Val	missense	VUS	VUS	2	4	MISSING_FUNCTIONAL	MISSING_FUNCTIONAL	PM5:moderate		neighbour_evidence
2020-01-01	2026-08-04	NM_007294.4:c.5071_5073delinsGTG	p.Thr1691Val	missense	VUS	VUS	2	4	MISSING_FUNCTIONAL	MISSING_FUNCTIONAL	PM5:moderate		neighbour_evidence
2020-01-01	2026-08-04	NM_007294.4:c.5071_5073delinsGTT	p.Thr1691Val	missense	VUS	VUS	2	4	MISSING_FUNCTIONAL	MISSING_FUNCTIONAL	PM5:moderate		neighbour_evidence
2020-01-01	2026-08-04	NM_007294.4:c.5071_5073delinsTAC	p.Thr1691Tyr	missense	VUS	VUS	2	4	MISSING_FUNCTIONAL	MISSING_FUNCTIONAL	PM5:moderate		neighbour_evidence
2020-01-01	2026-08-04	NM_007294.4:c.5071_5073delinsTAT	p.Thr1691Tyr	missense	VUS	VUS	2	4	MISSING_FUNCTIONAL	MISSING_FUNCTIONAL	PM5:moderate		neighbour_evidence
2020-01-01	2026-08-04	NM_007294.4:c.5071_5073delinsTCC	p.Thr1691Ser	missense	VUS	VUS	2	4	MISSING_FUNCTIONAL	MISSING_FUNCTIONAL	PM5:moderate		neighbour_evidence
2020-01-01	2026-08-04	NM_007294.4:c.5071_5073delinsTCG	p.Thr1691Ser	missense	VUS	VUS	2	4	MISSING_FUNCTIONAL	MISSING_FUNCTIONAL	PM5:moderate		neighbour_evidence
2020-01-01	2026-08-04	NM_007294.4:c.5071_5073delinsTCT	p.Thr1691Ser	missense	VUS	VUS	2	4	MISSING_FUNCTIONAL	MISSING_FUNCTIONAL	PM5:moderate		neighbour_evidence
2020-01-01	2026-08-04	NM_007294.4:c.5071_5073delinsTGC	p.Thr1691Cys	missense	VUS	VUS	2	4	MISSING_FUNCTIONAL	MISSING_FUNCTIONAL	PM5:moderate		neighbour_evidence
2020-01-01	2026-08-04	NM_007294.4:c.5071_5073delinsTGG	p.Thr1691Trp	missense	VUS	VUS	2	4	MISSING_FUNCTIONAL	MISSING_FUNCTIONAL	PM5:moderate		neighbour_evidence
2020-01-01	2026-08-04	NM_007294.4:c.5071_5073delinsTGT	p.Thr1691Cys	missense	VUS	VUS	2	4	MISSING_FUNCTIONAL	MISSING_FUNCTIONAL	PM5:moderate		neighbour_evidence
2020-01-01	2026-08-04	NM_007294.4:c.5071_5072delinsTT	p.Thr1691Leu	missense	VUS	VUS	2	4	MISSING_FUNCTIONAL	MISSING_FUNCTIONAL	PM5:moderate		neighbour_evidence
2020-01-01	2026-08-04	NM_007294.4:c.5071_5073delinsTTC	p.Thr1691Phe	missense	VUS	VUS	2	4	MISSING_FUNCTIONAL	MISSING_FUNCTIONAL	PM5:moderate		neighbour_evidence
2020-01-01	2026-08-04	NM_007294.4:c.5071_5073delinsTTG	p.Thr1691Leu	missense	VUS	VUS	2	4	MISSING_FUNCTIONAL	MISSING_FUNCTIONAL	PM5:moderate		neighbour_evidence
2020-01-01	2026-08-04	NM_007294.4:c.5071_5073delinsTTT	p.Thr1691Phe	missense	VUS	VUS	2	4	MISSING_FUNCTIONAL	MISSING_FUNCTIONAL	PM5:moderate		neighbour_evidence
2020-01-01	2026-08-04	NM_007294.4:c.5074_5076delinsAAA	p.Asp1692Lys	missense	VUS	VUS	2	4	MISSING_FUNCTIONAL	MISSING_FUNCTIONAL	PM5:moderate		neighbour_evidence
2020-01-01	2026-08-04	NM_007294.4:c.5074_5076delinsAAC	p.Asp1692Asn	missense	VUS	LP	2	8	MISSING_FUNCTIONAL	RESOLVED_NOT_BLOCKED	PM5:moderate;PS1:strong		neighbour_evidence
2020-01-01	2026-08-04	NM_007294.4:c.5074_5076delinsAAG	p.Asp1692Lys	missense	VUS	VUS	2	4	MISSING_FUNCTIONAL	MISSING_FUNCTIONAL	PM5:moderate		neighbour_evidence
2020-01-01	2026-08-04	NM_007294.4:c.5074_5076delinsACA	p.Asp1692Thr	missense	VUS	VUS	2	4	MISSING_FUNCTIONAL	MISSING_FUNCTIONAL	PM5:moderate		neighbour_evidence
2020-01-01	2026-08-04	NM_007294.4:c.5074_5076delinsACC	p.Asp1692Thr	missense	VUS	VUS	2	4	MISSING_FUNCTIONAL	MISSING_FUNCTIONAL	PM5:moderate		neighbour_evidence
2020-01-01	2026-08-04	NM_007294.4:c.5074_5076delinsACG	p.Asp1692Thr	missense	VUS	VUS	2	4	MISSING_FUNCTIONAL	MISSING_FUNCTIONAL	PM5:moderate		neighbour_evidence
2020-01-01	2026-08-04	NM_007294.4:c.5074_5075delinsAC	p.Asp1692Thr	missense	VUS	VUS	2	4	MISSING_FUNCTIONAL	MISSING_FUNCTIONAL	PM5:moderate		neighbour_evidence
2020-01-01	2026-08-04	NM_007294.4:c.5074_5076delinsAGA	p.Asp1692Arg	missense	VUS	VUS	2	4	MISSING_FUNCTIONAL	MISSING_FUNCTIONAL	PM5:moderate		neighbour_evidence
2020-01-01	2026-08-04	NM_007294.4:c.5074_5076delinsAGC	p.Asp1692Ser	missense	VUS	VUS	2	4	MISSING_FUNCTIONAL	MISSING_FUNCTIONAL	PM5:moderate		neighbour_evidence
2020-01-01	2026-08-04	NM_007294.4:c.5074_5076delinsAGG	p.Asp1692Arg	missense	VUS	VUS	2	4	MISSING_FUNCTIONAL	MISSING_FUNCTIONAL	PM5:moderate		neighbour_evidence
2020-01-01	2026-08-04	NM_007294.4:c.5074_5075delinsAG	p.Asp1692Ser	missense	VUS	VUS	2	4	MISSING_FUNCTIONAL	MISSING_FUNCTIONAL	PM5:moderate		neighbour_evidence
2020-01-01	2026-08-04	NM_007294.4:c.5074_5076delinsATA	p.Asp1692Ile	missense	VUS	VUS	2	4	MISSING_FUNCTIONAL	MISSING_FUNCTIONAL	PM5:moderate		neighbour_evidence
2020-01-01	2026-08-04	NM_007294.4:c.5074_5076delinsATC	p.Asp1692Ile	missense	VUS	VUS	2	4	MISSING_FUNCTIONAL	MISSING_FUNCTIONAL	PM5:moderate		neighbour_evidence
2020-01-01	2026-08-04	NM_007294.4:c.5074_5076delinsATG	p.Asp1692Met	missense	VUS	VUS	2	4	MISSING_FUNCTIONAL	MISSING_FUNCTIONAL	PM5:moderate		neighbour_evidence
2020-01-01	2026-08-04	NM_007294.4:c.5074_5075delinsAT	p.Asp1692Ile	missense	VUS	VUS	2	4	MISSING_FUNCTIONAL	MISSING_FUNCTIONAL	PM5:moderate		neighbour_evidence
2020-01-01	2026-08-04	NM_007294.4:c.5074_5076delinsCAA	p.Asp1692Gln	missense	VUS	VUS	2	4	MISSING_FUNCTIONAL	MISSING_FUNCTIONAL	PM5:moderate		neighbour_evidence
2020-01-01	2026-08-04	NM_007294.4:c.5074_5076delinsCAC	p.Asp1692His	missense	VUS	LP	2	8	MISSING_FUNCTIONAL	RESOLVED_NOT_BLOCKED	PM5:moderate;PS1:strong		neighbour_evidence
2020-01-01	2026-08-04	NM_007294.4:c.5074_5076delinsCAG	p.Asp1692Gln	missense	VUS	VUS	2	4	MISSING_FUNCTIONAL	MISSING_FUNCTIONAL	PM5:moderate		neighbour_evidence
2020-01-01	2026-08-04	NM_007294.4:c.5074_5076delinsCCA	p.Asp1692Pro	missense	VUS	VUS	2	4	MISSING_FUNCTIONAL	MISSING_FUNCTIONAL	PM5:moderate		neighbour_evidence
2020-01-01	2026-08-04	NM_007294.4:c.5074_5076delinsCCC	p.Asp1692Pro	missense	VUS	VUS	2	4	MISSING_FUNCTIONAL	MISSING_FUNCTIONAL	PM5:moderate		neighbour_evidence
2020-01-01	2026-08-04	NM_007294.4:c.5074_5076delinsCCG	p.Asp1692Pro	missense	VUS	VUS	2	4	MISSING_FUNCTIONAL	MISSING_FUNCTIONAL	PM5:moderate		neighbour_evidence
2020-01-01	2026-08-04	NM_007294.4:c.5074_5075delinsCC	p.Asp1692Pro	missense	VUS	VUS	2	4	MISSING_FUNCTIONAL	MISSING_FUNCTIONAL	PM5:moderate		neighbour_evidence
2020-01-01	2026-08-04	NM_007294.4:c.5074_5076delinsCGA	p.Asp1692Arg	missense	VUS	VUS	2	4	MISSING_FUNCTIONAL	MISSING_FUNCTIONAL	PM5:moderate		neighbour_evidence
2020-01-01	2026-08-04	NM_007294.4:c.5074_5076delinsCGC	p.Asp1692Arg	missense	VUS	VUS	2	4	MISSING_FUNCTIONAL	MISSING_FUNCTIONAL	PM5:moderate		neighbour_evidence
2020-01-01	2026-08-04	NM_007294.4:c.5074_5076delinsCGG	p.Asp1692Arg	missense	VUS	VUS	2	4	MISSING_FUNCTIONAL	MISSING_FUNCTIONAL	PM5:moderate		neighbour_evidence
2020-01-01	2026-08-04	NM_007294.4:c.5074_5075delinsCG	p.Asp1692Arg	missense	VUS	VUS	2	4	MISSING_FUNCTIONAL	MISSING_FUNCTIONAL	PM5:moderate		neighbour_evidence
2020-01-01	2026-08-04	NM_007294.4:c.5074_5076delinsCTA	p.Asp1692Leu	missense	VUS	VUS	2	4	MISSING_FUNCTIONAL	MISSING_FUNCTIONAL	PM5:moderate		neighbour_evidence
2020-01-01	2026-08-04	NM_007294.4:c.5074_5076delinsCTC	p.Asp1692Leu	missense	VUS	VUS	2	4	MISSING_FUNCTIONAL	MISSING_FUNCTIONAL	PM5:moderate		neighbour_evidence
2020-01-01	2026-08-04	NM_007294.4:c.5074_5076delinsCTG	p.Asp1692Leu	missense	VUS	VUS	2	4	MISSING_FUNCTIONAL	MISSING_FUNCTIONAL	PM5:moderate		neighbour_evidence
2020-01-01	2026-08-04	NM_007294.4:c.5074_5075delinsCT	p.Asp1692Leu	missense	VUS	VUS	2	4	MISSING_FUNCTIONAL	MISSING_FUNCTIONAL	PM5:moderate		neighbour_evidence
2020-01-01	2026-08-04	NM_007294.4:c.5075_5076delinsCA	p.Asp1692Ala	missense	VUS	VUS	2	4	MISSING_FUNCTIONAL	MISSING_FUNCTIONAL	PM5:moderate		neighbour_evidence
2020-01-01	2026-08-04	NM_007294.4:c.5075_5076delinsCC	p.Asp1692Ala	missense	VUS	VUS	2	4	MISSING_FUNCTIONAL	MISSING_FUNCTIONAL	PM5:moderate		neighbour_evidence
2020-01-01	2026-08-04	NM_007294.4:c.5075_5076delinsCG	p.Asp1692Ala	missense	VUS	VUS	2	4	MISSING_FUNCTIONAL	MISSING_FUNCTIONAL	PM5:moderate		neighbour_evidence
2020-01-01	2026-08-04	NM_007294.4:c.5075_5076delinsGA	p.Asp1692Gly	missense	VUS	VUS	2	4	MISSING_FUNCTIONAL	MISSING_FUNCTIONAL	PM5:moderate		neighbour_evidence
2020-01-01	2026-08-04	NM_007294.4:c.5075_5076delinsGC	p.Asp1692Gly	missense	VUS	VUS	2	4	MISSING_FUNCTIONAL	MISSING_FUNCTIONAL	PM5:moderate		neighbour_evidence
2020-01-01	2026-08-04	NM_007294.4:c.5075_5076delinsGG	p.Asp1692Gly	missense	VUS	VUS	2	4	MISSING_FUNCTIONAL	MISSING_FUNCTIONAL	PM5:moderate		neighbour_evidence
2020-01-01	2026-08-04	NM_007294.4:c.5075_5076delinsTA	p.Asp1692Val	missense	VUS	LP	2	8	MISSING_FUNCTIONAL	RESOLVED_NOT_BLOCKED	PM5:moderate;PS1:strong		neighbour_evidence
2020-01-01	2026-08-04	NM_007294.4:c.5075_5076delinsTC	p.Asp1692Val	missense	VUS	LP	2	8	MISSING_FUNCTIONAL	RESOLVED_NOT_BLOCKED	PM5:moderate;PS1:strong		neighbour_evidence
2020-01-01	2026-08-04	NM_007294.4:c.5075_5076delinsTG	p.Asp1692Val	missense	VUS	LP	2	8	MISSING_FUNCTIONAL	RESOLVED_NOT_BLOCKED	PM5:moderate;PS1:strong		neighbour_evidence
2020-01-01	2026-08-04	NM_007294.4:c.5074_5076delinsTAC	p.Asp1692Tyr	missense	VUS	LP	2	8	MISSING_FUNCTIONAL	RESOLVED_NOT_BLOCKED	PM5:moderate;PS1:strong		neighbour_evidence
2020-01-01	2026-08-04	NM_007294.4:c.5074_5076delinsTCA	p.Asp1692Ser	missense	VUS	VUS	2	4	MISSING_FUNCTIONAL	MISSING_FUNCTIONAL	PM5:moderate		neighbour_evidence
2020-01-01	2026-08-04	NM_007294.4:c.5074_5076delinsTCC	p.Asp1692Ser	missense	VUS	VUS	2	4	MISSING_FUNCTIONAL	MISSING_FUNCTIONAL	PM5:moderate		neighbour_evidence
2020-01-01	2026-08-04	NM_007294.4:c.5074_5076delinsTCG	p.Asp1692Ser	missense	VUS	VUS	2	4	MISSING_FUNCTIONAL	MISSING_FUNCTIONAL	PM5:moderate		neighbour_evidence
2020-01-01	2026-08-04	NM_007294.4:c.5074_5075delinsTC	p.Asp1692Ser	missense	VUS	VUS	2	4	MISSING_FUNCTIONAL	MISSING_FUNCTIONAL	PM5:moderate		neighbour_evidence
2020-01-01	2026-08-04	NM_007294.4:c.5074_5076delinsTGC	p.Asp1692Cys	missense	VUS	VUS	2	4	MISSING_FUNCTIONAL	MISSING_FUNCTIONAL	PM5:moderate		neighbour_evidence
2020-01-01	2026-08-04	NM_007294.4:c.5074_5076delinsTGG	p.Asp1692Trp	missense	VUS	VUS	2	4	MISSING_FUNCTIONAL	MISSING_FUNCTIONAL	PM5:moderate		neighbour_evidence
2020-01-01	2026-08-04	NM_007294.4:c.5074_5075delinsTG	p.Asp1692Cys	missense	VUS	VUS	2	4	MISSING_FUNCTIONAL	MISSING_FUNCTIONAL	PM5:moderate		neighbour_evidence
2020-01-01	2026-08-04	NM_007294.4:c.5074_5076delinsTTA	p.Asp1692Leu	missense	VUS	VUS	2	4	MISSING_FUNCTIONAL	MISSING_FUNCTIONAL	PM5:moderate		neighbour_evidence
2020-01-01	2026-08-04	NM_007294.4:c.5074_5076delinsTTC	p.Asp1692Phe	missense	VUS	VUS	2	4	MISSING_FUNCTIONAL	MISSING_FUNCTIONAL	PM5:moderate		neighbour_evidence
2020-01-01	2026-08-04	NM_007294.4:c.5074_5076delinsTTG	p.Asp1692Leu	missense	VUS	VUS	2	4	MISSING_FUNCTIONAL	MISSING_FUNCTIONAL	PM5:moderate		neighbour_evidence
2020-01-01	2026-08-04	NM_007294.4:c.5074_5075delinsTT	p.Asp1692Phe	missense	VUS	VUS	2	4	MISSING_FUNCTIONAL	MISSING_FUNCTIONAL	PM5:moderate		neighbour_evidence
2020-01-01	2026-08-04	NM_007294.4:c.5089_5091delinsAAA	p.Cys1697Lys	missense	VUS	VUS	2	4	MISSING_FUNCTIONAL	MISSING_FUNCTIONAL	PM5:moderate		neighbour_evidence
2020-01-01	2026-08-04	NM_007294.4:c.5089_5091delinsAAC	p.Cys1697Asn	missense	VUS	VUS	2	4	MISSING_FUNCTIONAL	MISSING_FUNCTIONAL	PM5:moderate		neighbour_evidence
2020-01-01	2026-08-04	NM_007294.4:c.5089_5091delinsAAG	p.Cys1697Lys	missense	VUS	VUS	2	4	MISSING_FUNCTIONAL	MISSING_FUNCTIONAL	PM5:moderate		neighbour_evidence
2020-01-01	2026-08-04	NM_007294.4:c.5089_5090delinsAA	p.Cys1697Asn	missense	VUS	VUS	2	4	MISSING_FUNCTIONAL	MISSING_FUNCTIONAL	PM5:moderate		neighbour_evidence
2020-01-01	2026-08-04	NM_007294.4:c.5089_5091delinsACA	p.Cys1697Thr	missense	VUS	VUS	2	4	MISSING_FUNCTIONAL	MISSING_FUNCTIONAL	PM5:moderate		neighbour_evidence
2020-01-01	2026-08-04	NM_007294.4:c.5089_5091delinsACC	p.Cys1697Thr	missense	VUS	VUS	2	4	MISSING_FUNCTIONAL	MISSING_FUNCTIONAL	PM5:moderate		neighbour_evidence
2020-01-01	2026-08-04	NM_007294.4:c.5089_5091delinsACG	p.Cys1697Thr	missense	VUS	VUS	2	4	MISSING_FUNCTIONAL	MISSING_FUNCTIONAL	PM5:moderate		neighbour_evidence
2020-01-01	2026-08-04	NM_007294.4:c.5089_5090delinsAC	p.Cys1697Thr	missense	VUS	VUS	2	4	MISSING_FUNCTIONAL	MISSING_FUNCTIONAL	PM5:moderate		neighbour_evidence
2020-01-01	2026-08-04	NM_007294.4:c.5089_5091delinsAGA	p.Cys1697Arg	missense	VUS	LP	2	8	MISSING_FUNCTIONAL	RESOLVED_NOT_BLOCKED	PM5:moderate;PS1:strong		neighbour_evidence
2020-01-01	2026-08-04	NM_007294.4:c.5089_5091delinsAGC	p.Cys1697Ser	missense	VUS	VUS	2	4	MISSING_FUNCTIONAL	MISSING_FUNCTIONAL	PM5:moderate		neighbour_evidence
2020-01-01	2026-08-04	NM_007294.4:c.5089_5091delinsAGG	p.Cys1697Arg	missense	VUS	LP	2	8	MISSING_FUNCTIONAL	RESOLVED_NOT_BLOCKED	PM5:moderate;PS1:strong		neighbour_evidence
2020-01-01	2026-08-04	NM_007294.4:c.5089_5091delinsATA	p.Cys1697Ile	missense	VUS	VUS	2	4	MISSING_FUNCTIONAL	MISSING_FUNCTIONAL	PM5:moderate		neighbour_evidence
2020-01-01	2026-08-04	NM_007294.4:c.5089_5091delinsATC	p.Cys1697Ile	missense	VUS	VUS	2	4	MISSING_FUNCTIONAL	MISSING_FUNCTIONAL	PM5:moderate		neighbour_evidence
2020-01-01	2026-08-04	NM_007294.4:c.5089_5091delinsATG	p.Cys1697Met	missense	VUS	VUS	2	4	MISSING_FUNCTIONAL	MISSING_FUNCTIONAL	PM5:moderate		neighbour_evidence
2020-01-01	2026-08-04	NM_007294.4:c.5089_5090delinsAT	p.Cys1697Ile	missense	VUS	VUS	2	4	MISSING_FUNCTIONAL	MISSING_FUNCTIONAL	PM5:moderate		neighbour_evidence
2020-01-01	2026-08-04	NM_007294.4:c.5089_5091delinsCAA	p.Cys1697Gln	missense	VUS	VUS	2	4	MISSING_FUNCTIONAL	MISSING_FUNCTIONAL	PM5:moderate		neighbour_evidence
2020-01-01	2026-08-04	NM_007294.4:c.5089_5091delinsCAC	p.Cys1697His	missense	VUS	VUS	2	4	MISSING_FUNCTIONAL	MISSING_FUNCTIONAL	PM5:moderate		neighbour_evidence
2020-01-01	2026-08-04	NM_007294.4:c.5089_5091delinsCAG	p.Cys1697Gln	missense	VUS	VUS	2	4	MISSING_FUNCTIONAL	MISSING_FUNCTIONAL	PM5:moderate		neighbour_evidence
2020-01-01	2026-08-04	NM_007294.4:c.5089_5090delinsCA	p.Cys1697His	missense	VUS	VUS	2	4	MISSING_FUNCTIONAL	MISSING_FUNCTIONAL	PM5:moderate		neighbour_evidence
2020-01-01	2026-08-04	NM_007294.4:c.5089_5091delinsCCA	p.Cys1697Pro	missense	VUS	VUS	2	4	MISSING_FUNCTIONAL	MISSING_FUNCTIONAL	PM5:moderate		neighbour_evidence
2020-01-01	2026-08-04	NM_007294.4:c.5089_5091delinsCCC	p.Cys1697Pro	missense	VUS	VUS	2	4	MISSING_FUNCTIONAL	MISSING_FUNCTIONAL	PM5:moderate		neighbour_evidence
2020-01-01	2026-08-04	NM_007294.4:c.5089_5091delinsCCG	p.Cys1697Pro	missense	VUS	VUS	2	4	MISSING_FUNCTIONAL	MISSING_FUNCTIONAL	PM5:moderate		neighbour_evidence
2020-01-01	2026-08-04	NM_007294.4:c.5089_5090delinsCC	p.Cys1697Pro	missense	VUS	VUS	2	4	MISSING_FUNCTIONAL	MISSING_FUNCTIONAL	PM5:moderate		neighbour_evidence
2020-01-01	2026-08-04	NM_007294.4:c.5089_5091delinsCGA	p.Cys1697Arg	missense	VUS	LP	2	8	MISSING_FUNCTIONAL	RESOLVED_NOT_BLOCKED	PM5:moderate;PS1:strong		neighbour_evidence
2020-01-01	2026-08-04	NM_007294.4:c.5089_5091delinsCGC	p.Cys1697Arg	missense	VUS	LP	2	8	MISSING_FUNCTIONAL	RESOLVED_NOT_BLOCKED	PM5:moderate;PS1:strong		neighbour_evidence
2020-01-01	2026-08-04	NM_007294.4:c.5089_5091delinsCGG	p.Cys1697Arg	missense	VUS	LP	2	8	MISSING_FUNCTIONAL	RESOLVED_NOT_BLOCKED	PM5:moderate;PS1:strong		neighbour_evidence
2020-01-01	2026-08-04	NM_007294.4:c.5089_5091delinsCTA	p.Cys1697Leu	missense	VUS	VUS	2	4	MISSING_FUNCTIONAL	MISSING_FUNCTIONAL	PM5:moderate		neighbour_evidence
2020-01-01	2026-08-04	NM_007294.4:c.5089_5091delinsCTC	p.Cys1697Leu	missense	VUS	VUS	2	4	MISSING_FUNCTIONAL	MISSING_FUNCTIONAL	PM5:moderate		neighbour_evidence
2020-01-01	2026-08-04	NM_007294.4:c.5089_5091delinsCTG	p.Cys1697Leu	missense	VUS	VUS	2	4	MISSING_FUNCTIONAL	MISSING_FUNCTIONAL	PM5:moderate		neighbour_evidence
2020-01-01	2026-08-04	NM_007294.4:c.5089_5090delinsCT	p.Cys1697Leu	missense	VUS	VUS	2	4	MISSING_FUNCTIONAL	MISSING_FUNCTIONAL	PM5:moderate		neighbour_evidence
2020-01-01	2026-08-04	NM_007294.4:c.5089_5091delinsGAA	p.Cys1697Glu	missense	VUS	VUS	2	4	MISSING_FUNCTIONAL	MISSING_FUNCTIONAL	PM5:moderate		neighbour_evidence
2020-01-01	2026-08-04	NM_007294.4:c.5089_5091delinsGAC	p.Cys1697Asp	missense	VUS	VUS	2	4	MISSING_FUNCTIONAL	MISSING_FUNCTIONAL	PM5:moderate		neighbour_evidence
2020-01-01	2026-08-04	NM_007294.4:c.5089_5091delinsGAG	p.Cys1697Glu	missense	VUS	VUS	2	4	MISSING_FUNCTIONAL	MISSING_FUNCTIONAL	PM5:moderate		neighbour_evidence
2020-01-01	2026-08-04	NM_007294.4:c.5089_5090delinsGA	p.Cys1697Asp	missense	VUS	VUS	2	4	MISSING_FUNCTIONAL	MISSING_FUNCTIONAL	PM5:moderate		neighbour_evidence
2020-01-01	2026-08-04	NM_007294.4:c.5089_5091delinsGCA	p.Cys1697Ala	missense	VUS	VUS	2	4	MISSING_FUNCTIONAL	MISSING_FUNCTIONAL	PM5:moderate		neighbour_evidence
2020-01-01	2026-08-04	NM_007294.4:c.5089_5091delinsGCC	p.Cys1697Ala	missense	VUS	VUS	2	4	MISSING_FUNCTIONAL	MISSING_FUNCTIONAL	PM5:moderate		neighbour_evidence
2020-01-01	2026-08-04	NM_007294.4:c.5089_5091delinsGCG	p.Cys1697Ala	missense	VUS	VUS	2	4	MISSING_FUNCTIONAL	MISSING_FUNCTIONAL	PM5:moderate		neighbour_evidence
2020-01-01	2026-08-04	NM_007294.4:c.5089_5090delinsGC	p.Cys1697Ala	missense	VUS	VUS	2	4	MISSING_FUNCTIONAL	MISSING_FUNCTIONAL	PM5:moderate		neighbour_evidence
2020-01-01	2026-08-04	NM_007294.4:c.5089_5091delinsGGA	p.Cys1697Gly	missense	VUS	VUS	2	4	MISSING_FUNCTIONAL	MISSING_FUNCTIONAL	PM5:moderate		neighbour_evidence
2020-01-01	2026-08-04	NM_007294.4:c.5089_5091delinsGGC	p.Cys1697Gly	missense	VUS	VUS	2	4	MISSING_FUNCTIONAL	MISSING_FUNCTIONAL	PM5:moderate		neighbour_evidence
2020-01-01	2026-08-04	NM_007294.4:c.5089_5091delinsGGG	p.Cys1697Gly	missense	VUS	VUS	2	4	MISSING_FUNCTIONAL	MISSING_FUNCTIONAL	PM5:moderate		neighbour_evidence
2020-01-01	2026-08-04	NM_007294.4:c.5089_5091delinsGTA	p.Cys1697Val	missense	VUS	VUS	2	4	MISSING_FUNCTIONAL	MISSING_FUNCTIONAL	PM5:moderate		neighbour_evidence
2020-01-01	2026-08-04	NM_007294.4:c.5089_5091delinsGTC	p.Cys1697Val	missense	VUS	VUS	2	4	MISSING_FUNCTIONAL	MISSING_FUNCTIONAL	PM5:moderate		neighbour_evidence
2020-01-01	2026-08-04	NM_007294.4:c.5089_5091delinsGTG	p.Cys1697Val	missense	VUS	VUS	2	4	MISSING_FUNCTIONAL	MISSING_FUNCTIONAL	PM5:moderate		neighbour_evidence
2020-01-01	2026-08-04	NM_007294.4:c.5089_5090delinsGT	p.Cys1697Val	missense	VUS	VUS	2	4	MISSING_FUNCTIONAL	MISSING_FUNCTIONAL	PM5:moderate		neighbour_evidence
2020-01-01	2026-08-04	NM_007294.4:c.5090_5091delinsAC	p.Cys1697Tyr	missense	VUS	LP	2	8	MISSING_FUNCTIONAL	RESOLVED_NOT_BLOCKED	PM5:moderate;PS1:strong		neighbour_evidence
2020-01-01	2026-08-04	NM_007294.4:c.5090_5091delinsCA	p.Cys1697Ser	missense	VUS	VUS	2	4	MISSING_FUNCTIONAL	MISSING_FUNCTIONAL	PM5:moderate		neighbour_evidence
2020-01-01	2026-08-04	NM_007294.4:c.5090_5091delinsCC	p.Cys1697Ser	missense	VUS	VUS	2	4	MISSING_FUNCTIONAL	MISSING_FUNCTIONAL	PM5:moderate		neighbour_evidence
2020-01-01	2026-08-04	NM_007294.4:c.5090_5091delinsCG	p.Cys1697Ser	missense	VUS	VUS	2	4	MISSING_FUNCTIONAL	MISSING_FUNCTIONAL	PM5:moderate		neighbour_evidence
2020-01-01	2026-08-04	NM_007294.4:c.5090_5091delinsTA	p.Cys1697Leu	missense	VUS	VUS	2	4	MISSING_FUNCTIONAL	MISSING_FUNCTIONAL	PM5:moderate		neighbour_evidence
2020-01-01	2026-08-04	NM_007294.4:c.5090_5091delinsTC	p.Cys1697Phe	missense	VUS	LP	2	8	MISSING_FUNCTIONAL	RESOLVED_NOT_BLOCKED	PM5:moderate;PS1:strong		neighbour_evidence
2020-01-01	2026-08-04	NM_007294.4:c.5090_5091delinsTG	p.Cys1697Leu	missense	VUS	VUS	2	4	MISSING_FUNCTIONAL	MISSING_FUNCTIONAL	PM5:moderate		neighbour_evidence
2020-01-01	2026-08-04	NM_007294.4:c.5095_5097delinsAAA	p.Arg1699Lys	missense	VUS	VUS	2	4	MISSING_FUNCTIONAL	MISSING_FUNCTIONAL	PM5:moderate		neighbour_evidence
2020-01-01	2026-08-04	NM_007294.4:c.5095_5097delinsAAC	p.Arg1699Asn	missense	VUS	VUS	2	4	MISSING_FUNCTIONAL	MISSING_FUNCTIONAL	PM5:moderate		neighbour_evidence
2020-01-01	2026-08-04	NM_007294.4:c.5095_5096delinsAA	p.Arg1699Lys	missense	VUS	VUS	2	4	MISSING_FUNCTIONAL	MISSING_FUNCTIONAL	PM5:moderate		neighbour_evidence
2020-01-01	2026-08-04	NM_007294.4:c.5095_5097delinsAAT	p.Arg1699Asn	missense	VUS	VUS	2	4	MISSING_FUNCTIONAL	MISSING_FUNCTIONAL	PM5:moderate		neighbour_evidence
2020-01-01	2026-08-04	NM_007294.4:c.5095_5097delinsACA	p.Arg1699Thr	missense	VUS	VUS	2	4	MISSING_FUNCTIONAL	MISSING_FUNCTIONAL	PM5:moderate		neighbour_evidence
2020-01-01	2026-08-04	NM_007294.4:c.5095_5097delinsACC	p.Arg1699Thr	missense	VUS	VUS	2	4	MISSING_FUNCTIONAL	MISSING_FUNCTIONAL	PM5:moderate		neighbour_evidence
2020-01-01	2026-08-04	NM_007294.4:c.5095_5096delinsAC	p.Arg1699Thr	missense	VUS	VUS	2	4	MISSING_FUNCTIONAL	MISSING_FUNCTIONAL	PM5:moderate		neighbour_evidence
2020-01-01	2026-08-04	NM_007294.4:c.5095_5097delinsACT	p.Arg1699Thr	missense	VUS	VUS	2	4	MISSING_FUNCTIONAL	MISSING_FUNCTIONAL	PM5:moderate		neighbour_evidence
2020-01-01	2026-08-04	NM_007294.4:c.5095_5097delinsAGC	p.Arg1699Ser	missense	VUS	VUS	2	4	MISSING_FUNCTIONAL	MISSING_FUNCTIONAL	PM5:moderate		neighbour_evidence
2020-01-01	2026-08-04	NM_007294.4:c.5095_5097delinsAGT	p.Arg1699Ser	missense	VUS	VUS	2	4	MISSING_FUNCTIONAL	MISSING_FUNCTIONAL	PM5:moderate		neighbour_evidence
2020-01-01	2026-08-04	NM_007294.4:c.5095_5097delinsATA	p.Arg1699Ile	missense	VUS	VUS	2	4	MISSING_FUNCTIONAL	MISSING_FUNCTIONAL	PM5:moderate		neighbour_evidence
2020-01-01	2026-08-04	NM_007294.4:c.5095_5097delinsATC	p.Arg1699Ile	missense	VUS	VUS	2	4	MISSING_FUNCTIONAL	MISSING_FUNCTIONAL	PM5:moderate		neighbour_evidence
2020-01-01	2026-08-04	NM_007294.4:c.5095_5096delinsAT	p.Arg1699Met	missense	VUS	VUS	2	4	MISSING_FUNCTIONAL	MISSING_FUNCTIONAL	PM5:moderate		neighbour_evidence
2020-01-01	2026-08-04	NM_007294.4:c.5095_5097delinsATT	p.Arg1699Ile	missense	VUS	VUS	2	4	MISSING_FUNCTIONAL	MISSING_FUNCTIONAL	PM5:moderate		neighbour_evidence
2020-01-01	2026-08-04	NM_007294.4:c.5096_5097delinsAA	p.Arg1699Gln	missense	VUS	LP	2	8	MISSING_FUNCTIONAL	RESOLVED_NOT_BLOCKED	PM5:moderate;PS1:strong		neighbour_evidence
2020-01-01	2026-08-04	NM_007294.4:c.5096_5097delinsAC	p.Arg1699His	missense	VUS	VUS	2	4	MISSING_FUNCTIONAL	MISSING_FUNCTIONAL	PM5:moderate		neighbour_evidence
2020-01-01	2026-08-04	NM_007294.4:c.5096_5097delinsAT	p.Arg1699His	missense	VUS	VUS	2	4	MISSING_FUNCTIONAL	MISSING_FUNCTIONAL	PM5:moderate		neighbour_evidence
2020-01-01	2026-08-04	NM_007294.4:c.5096_5097delinsCA	p.Arg1699Pro	missense	VUS	VUS	2	4	MISSING_FUNCTIONAL	MISSING_FUNCTIONAL	PM5:moderate		neighbour_evidence
2020-01-01	2026-08-04	NM_007294.4:c.5096_5097delinsCC	p.Arg1699Pro	missense	VUS	VUS	2	4	MISSING_FUNCTIONAL	MISSING_FUNCTIONAL	PM5:moderate		neighbour_evidence
2020-01-01	2026-08-04	NM_007294.4:c.5096_5097delinsCT	p.Arg1699Pro	missense	VUS	VUS	2	4	MISSING_FUNCTIONAL	MISSING_FUNCTIONAL	PM5:moderate		neighbour_evidence
2020-01-01	2026-08-04	NM_007294.4:c.5096_5097delinsTA	p.Arg1699Leu	missense	VUS	LP	2	8	MISSING_FUNCTIONAL	RESOLVED_NOT_BLOCKED	PM5:moderate;PS1:strong		neighbour_evidence
2020-01-01	2026-08-04	NM_007294.4:c.5096_5097delinsTC	p.Arg1699Leu	missense	VUS	LP	2	8	MISSING_FUNCTIONAL	RESOLVED_NOT_BLOCKED	PM5:moderate;PS1:strong		neighbour_evidence
2020-01-01	2026-08-04	NM_007294.4:c.5096_5097delinsTT	p.Arg1699Leu	missense	VUS	LP	2	8	MISSING_FUNCTIONAL	RESOLVED_NOT_BLOCKED	PM5:moderate;PS1:strong		neighbour_evidence
2020-01-01	2026-08-04	NM_007294.4:c.5095_5097delinsGAA	p.Arg1699Glu	missense	VUS	VUS	2	4	MISSING_FUNCTIONAL	MISSING_FUNCTIONAL	PM5:moderate		neighbour_evidence
2020-01-01	2026-08-04	NM_007294.4:c.5095_5097delinsGAC	p.Arg1699Asp	missense	VUS	VUS	2	4	MISSING_FUNCTIONAL	MISSING_FUNCTIONAL	PM5:moderate		neighbour_evidence
2020-01-01	2026-08-04	NM_007294.4:c.5095_5096delinsGA	p.Arg1699Glu	missense	VUS	VUS	2	4	MISSING_FUNCTIONAL	MISSING_FUNCTIONAL	PM5:moderate		neighbour_evidence
2020-01-01	2026-08-04	NM_007294.4:c.5095_5097delinsGAT	p.Arg1699Asp	missense	VUS	VUS	2	4	MISSING_FUNCTIONAL	MISSING_FUNCTIONAL	PM5:moderate		neighbour_evidence
2020-01-01	2026-08-04	NM_007294.4:c.5095_5097delinsGCA	p.Arg1699Ala	missense	VUS	VUS	2	4	MISSING_FUNCTIONAL	MISSING_FUNCTIONAL	PM5:moderate		neighbour_evidence
2020-01-01	2026-08-04	NM_007294.4:c.5095_5097delinsGCC	p.Arg1699Ala	missense	VUS	VUS	2	4	MISSING_FUNCTIONAL	MISSING_FUNCTIONAL	PM5:moderate		neighbour_evidence
2020-01-01	2026-08-04	NM_007294.4:c.5095_5096delinsGC	p.Arg1699Ala	missense	VUS	VUS	2	4	MISSING_FUNCTIONAL	MISSING_FUNCTIONAL	PM5:moderate		neighbour_evidence
2020-01-01	2026-08-04	NM_007294.4:c.5095_5097delinsGCT	p.Arg1699Ala	missense	VUS	VUS	2	4	MISSING_FUNCTIONAL	MISSING_FUNCTIONAL	PM5:moderate		neighbour_evidence
2020-01-01	2026-08-04	NM_007294.4:c.5095_5097delinsGGA	p.Arg1699Gly	missense	VUS	VUS	2	4	MISSING_FUNCTIONAL	MISSING_FUNCTIONAL	PM5:moderate		neighbour_evidence
2020-01-01	2026-08-04	NM_007294.4:c.5095_5097delinsGGC	p.Arg1699Gly	missense	VUS	VUS	2	4	MISSING_FUNCTIONAL	MISSING_FUNCTIONAL	PM5:moderate		neighbour_evidence
2020-01-01	2026-08-04	NM_007294.4:c.5095_5097delinsGGT	p.Arg1699Gly	missense	VUS	VUS	2	4	MISSING_FUNCTIONAL	MISSING_FUNCTIONAL	PM5:moderate		neighbour_evidence
2020-01-01	2026-08-04	NM_007294.4:c.5095_5097delinsGTA	p.Arg1699Val	missense	VUS	VUS	2	4	MISSING_FUNCTIONAL	MISSING_FUNCTIONAL	PM5:moderate		neighbour_evidence
2020-01-01	2026-08-04	NM_007294.4:c.5095_5097delinsGTC	p.Arg1699Val	missense	VUS	VUS	2	4	MISSING_FUNCTIONAL	MISSING_FUNCTIONAL	PM5:moderate		neighbour_evidence
2020-01-01	2026-08-04	NM_007294.4:c.5095_5096delinsGT	p.Arg1699Val	missense	VUS	VUS	2	4	MISSING_FUNCTIONAL	MISSING_FUNCTIONAL	PM5:moderate		neighbour_evidence
2020-01-01	2026-08-04	NM_007294.4:c.5095_5097delinsGTT	p.Arg1699Val	missense	VUS	VUS	2	4	MISSING_FUNCTIONAL	MISSING_FUNCTIONAL	PM5:moderate		neighbour_evidence
2020-01-01	2026-08-04	NM_007294.4:c.5095_5097delinsTAC	p.Arg1699Tyr	missense	VUS	VUS	2	4	MISSING_FUNCTIONAL	MISSING_FUNCTIONAL	PM5:moderate		neighbour_evidence
2020-01-01	2026-08-04	NM_007294.4:c.5095_5097delinsTAT	p.Arg1699Tyr	missense	VUS	VUS	2	4	MISSING_FUNCTIONAL	MISSING_FUNCTIONAL	PM5:moderate		neighbour_evidence
2020-01-01	2026-08-04	NM_007294.4:c.5095_5097delinsTCA	p.Arg1699Ser	missense	VUS	VUS	2	4	MISSING_FUNCTIONAL	MISSING_FUNCTIONAL	PM5:moderate		neighbour_evidence
2020-01-01	2026-08-04	NM_007294.4:c.5095_5097delinsTCC	p.Arg1699Ser	missense	VUS	VUS	2	4	MISSING_FUNCTIONAL	MISSING_FUNCTIONAL	PM5:moderate		neighbour_evidence
2020-01-01	2026-08-04	NM_007294.4:c.5095_5096delinsTC	p.Arg1699Ser	missense	VUS	VUS	2	4	MISSING_FUNCTIONAL	MISSING_FUNCTIONAL	PM5:moderate		neighbour_evidence
2020-01-01	2026-08-04	NM_007294.4:c.5095_5097delinsTCT	p.Arg1699Ser	missense	VUS	VUS	2	4	MISSING_FUNCTIONAL	MISSING_FUNCTIONAL	PM5:moderate		neighbour_evidence
2020-01-01	2026-08-04	NM_007294.4:c.5095_5097delinsTGC	p.Arg1699Cys	missense	VUS	VUS	2	4	MISSING_FUNCTIONAL	MISSING_FUNCTIONAL	PM5:moderate		neighbour_evidence
2020-01-01	2026-08-04	NM_007294.4:c.5095_5097delinsTGT	p.Arg1699Cys	missense	VUS	VUS	2	4	MISSING_FUNCTIONAL	MISSING_FUNCTIONAL	PM5:moderate		neighbour_evidence
2020-01-01	2026-08-04	NM_007294.4:c.5095_5097delinsTTA	p.Arg1699Leu	missense	VUS	LP	2	8	MISSING_FUNCTIONAL	RESOLVED_NOT_BLOCKED	PM5:moderate;PS1:strong		neighbour_evidence
2020-01-01	2026-08-04	NM_007294.4:c.5095_5097delinsTTC	p.Arg1699Phe	missense	VUS	VUS	2	4	MISSING_FUNCTIONAL	MISSING_FUNCTIONAL	PM5:moderate		neighbour_evidence
2020-01-01	2026-08-04	NM_007294.4:c.5095_5096delinsTT	p.Arg1699Leu	missense	VUS	LP	2	8	MISSING_FUNCTIONAL	RESOLVED_NOT_BLOCKED	PM5:moderate;PS1:strong		neighbour_evidence
2020-01-01	2026-08-04	NM_007294.4:c.5095_5097delinsTTT	p.Arg1699Phe	missense	VUS	VUS	2	4	MISSING_FUNCTIONAL	MISSING_FUNCTIONAL	PM5:moderate		neighbour_evidence
2020-01-01	2026-08-04	NM_007294.4:c.5099_5100delinsAC	p.Thr1700Asn	missense	VUS	VUS	2	4	MISSING_FUNCTIONAL	MISSING_FUNCTIONAL	PM5:moderate		neighbour_evidence
2020-01-01	2026-08-04	NM_007294.4:c.5099_5100delinsAG	p.Thr1700Lys	missense	VUS	VUS	2	4	MISSING_FUNCTIONAL	MISSING_FUNCTIONAL	PM5:moderate		neighbour_evidence
2020-01-01	2026-08-04	NM_007294.4:c.5099_5100delinsAT	p.Thr1700Asn	missense	VUS	VUS	2	4	MISSING_FUNCTIONAL	MISSING_FUNCTIONAL	PM5:moderate		neighbour_evidence
2020-01-01	2026-08-04	NM_007294.4:c.5099_5100delinsGC	p.Thr1700Ser	missense	VUS	VUS	2	4	MISSING_FUNCTIONAL	MISSING_FUNCTIONAL	PM5:moderate		neighbour_evidence
2020-01-01	2026-08-04	NM_007294.4:c.5099_5100delinsGG	p.Thr1700Arg	missense	VUS	VUS	2	4	MISSING_FUNCTIONAL	MISSING_FUNCTIONAL	PM5:moderate		neighbour_evidence
2020-01-01	2026-08-04	NM_007294.4:c.5099_5100delinsGT	p.Thr1700Ser	missense	VUS	VUS	2	4	MISSING_FUNCTIONAL	MISSING_FUNCTIONAL	PM5:moderate		neighbour_evidence
2020-01-01	2026-08-04	NM_007294.4:c.5099_5100delinsTC	p.Thr1700Ile	missense	VUS	VUS	2	4	MISSING_FUNCTIONAL	MISSING_FUNCTIONAL	PM5:moderate		neighbour_evidence
2020-01-01	2026-08-04	NM_007294.4:c.5099_5100delinsTG	p.Thr1700Met	missense	VUS	VUS	2	4	MISSING_FUNCTIONAL	MISSING_FUNCTIONAL	PM5:moderate		neighbour_evidence
2020-01-01	2026-08-04	NM_007294.4:c.5099_5100delinsTT	p.Thr1700Ile	missense	VUS	VUS	2	4	MISSING_FUNCTIONAL	MISSING_FUNCTIONAL	PM5:moderate		neighbour_evidence
2020-01-01	2026-08-04	NM_007294.4:c.5098_5099delinsCA	p.Thr1700Gln	missense	VUS	VUS	2	4	MISSING_FUNCTIONAL	MISSING_FUNCTIONAL	PM5:moderate		neighbour_evidence
2020-01-01	2026-08-04	NM_007294.4:c.5098_5100delinsCAC	p.Thr1700His	missense	VUS	VUS	2	4	MISSING_FUNCTIONAL	MISSING_FUNCTIONAL	PM5:moderate		neighbour_evidence
2020-01-01	2026-08-04	NM_007294.4:c.5098_5100delinsCAG	p.Thr1700Gln	missense	VUS	VUS	2	4	MISSING_FUNCTIONAL	MISSING_FUNCTIONAL	PM5:moderate		neighbour_evidence
2020-01-01	2026-08-04	NM_007294.4:c.5098_5100delinsCAT	p.Thr1700His	missense	VUS	VUS	2	4	MISSING_FUNCTIONAL	MISSING_FUNCTIONAL	PM5:moderate		neighbour_evidence
2020-01-01	2026-08-04	NM_007294.4:c.5098_5100delinsCCC	p.Thr1700Pro	missense	VUS	VUS	2	4	MISSING_FUNCTIONAL	MISSING_FUNCTIONAL	PM5:moderate		neighbour_evidence
2020-01-01	2026-08-04	NM_007294.4:c.5098_5100delinsCCG	p.Thr1700Pro	missense	VUS	VUS	2	4	MISSING_FUNCTIONAL	MISSING_FUNCTIONAL	PM5:moderate		neighbour_evidence
2020-01-01	2026-08-04	NM_007294.4:c.5098_5100delinsCCT	p.Thr1700Pro	missense	VUS	VUS	2	4	MISSING_FUNCTIONAL	MISSING_FUNCTIONAL	PM5:moderate		neighbour_evidence
2020-01-01	2026-08-04	NM_007294.4:c.5098_5099delinsCG	p.Thr1700Arg	missense	VUS	VUS	2	4	MISSING_FUNCTIONAL	MISSING_FUNCTIONAL	PM5:moderate		neighbour_evidence
2020-01-01	2026-08-04	NM_007294.4:c.5098_5100delinsCGC	p.Thr1700Arg	missense	VUS	VUS	2	4	MISSING_FUNCTIONAL	MISSING_FUNCTIONAL	PM5:moderate		neighbour_evidence
2020-01-01	2026-08-04	NM_007294.4:c.5098_5100delinsCGG	p.Thr1700Arg	missense	VUS	VUS	2	4	MISSING_FUNCTIONAL	MISSING_FUNCTIONAL	PM5:moderate		neighbour_evidence
2020-01-01	2026-08-04	NM_007294.4:c.5098_5100delinsCGT	p.Thr1700Arg	missense	VUS	VUS	2	4	MISSING_FUNCTIONAL	MISSING_FUNCTIONAL	PM5:moderate		neighbour_evidence
2020-01-01	2026-08-04	NM_007294.4:c.5098_5099delinsCT	p.Thr1700Leu	missense	VUS	VUS	2	4	MISSING_FUNCTIONAL	MISSING_FUNCTIONAL	PM5:moderate		neighbour_evidence
2020-01-01	2026-08-04	NM_007294.4:c.5098_5100delinsCTC	p.Thr1700Leu	missense	VUS	VUS	2	4	MISSING_FUNCTIONAL	MISSING_FUNCTIONAL	PM5:moderate		neighbour_evidence
2020-01-01	2026-08-04	NM_007294.4:c.5098_5100delinsCTG	p.Thr1700Leu	missense	VUS	VUS	2	4	MISSING_FUNCTIONAL	MISSING_FUNCTIONAL	PM5:moderate		neighbour_evidence
2020-01-01	2026-08-04	NM_007294.4:c.5098_5100delinsCTT	p.Thr1700Leu	missense	VUS	VUS	2	4	MISSING_FUNCTIONAL	MISSING_FUNCTIONAL	PM5:moderate		neighbour_evidence
2020-01-01	2026-08-04	NM_007294.4:c.5098_5099delinsGA	p.Thr1700Glu	missense	VUS	VUS	2	4	MISSING_FUNCTIONAL	MISSING_FUNCTIONAL	PM5:moderate		neighbour_evidence
2020-01-01	2026-08-04	NM_007294.4:c.5098_5100delinsGAC	p.Thr1700Asp	missense	VUS	VUS	2	4	MISSING_FUNCTIONAL	MISSING_FUNCTIONAL	PM5:moderate		neighbour_evidence
2020-01-01	2026-08-04	NM_007294.4:c.5098_5100delinsGAG	p.Thr1700Glu	missense	VUS	VUS	2	4	MISSING_FUNCTIONAL	MISSING_FUNCTIONAL	PM5:moderate		neighbour_evidence
2020-01-01	2026-08-04	NM_007294.4:c.5098_5100delinsGAT	p.Thr1700Asp	missense	VUS	VUS	2	4	MISSING_FUNCTIONAL	MISSING_FUNCTIONAL	PM5:moderate		neighbour_evidence
2020-01-01	2026-08-04	NM_007294.4:c.5098_5100delinsGCC	p.Thr1700Ala	missense	VUS	LP	2	6	MISSING_FUNCTIONAL	RESOLVED_NOT_BLOCKED	PS1:strong		neighbour_evidence
2020-01-01	2026-08-04	NM_007294.4:c.5098_5100delinsGCG	p.Thr1700Ala	missense	VUS	LP	2	6	MISSING_FUNCTIONAL	RESOLVED_NOT_BLOCKED	PS1:strong		neighbour_evidence
2020-01-01	2026-08-04	NM_007294.4:c.5098_5100delinsGCT	p.Thr1700Ala	missense	VUS	LP	2	6	MISSING_FUNCTIONAL	RESOLVED_NOT_BLOCKED	PS1:strong		neighbour_evidence
2020-01-01	2026-08-04	NM_007294.4:c.5098_5099delinsGG	p.Thr1700Gly	missense	VUS	VUS	2	4	MISSING_FUNCTIONAL	MISSING_FUNCTIONAL	PM5:moderate		neighbour_evidence
2020-01-01	2026-08-04	NM_007294.4:c.5098_5100delinsGGC	p.Thr1700Gly	missense	VUS	VUS	2	4	MISSING_FUNCTIONAL	MISSING_FUNCTIONAL	PM5:moderate		neighbour_evidence
2020-01-01	2026-08-04	NM_007294.4:c.5098_5100delinsGGG	p.Thr1700Gly	missense	VUS	VUS	2	4	MISSING_FUNCTIONAL	MISSING_FUNCTIONAL	PM5:moderate		neighbour_evidence
2020-01-01	2026-08-04	NM_007294.4:c.5098_5100delinsGGT	p.Thr1700Gly	missense	VUS	VUS	2	4	MISSING_FUNCTIONAL	MISSING_FUNCTIONAL	PM5:moderate		neighbour_evidence
2020-01-01	2026-08-04	NM_007294.4:c.5098_5099delinsGT	p.Thr1700Val	missense	VUS	VUS	2	4	MISSING_FUNCTIONAL	MISSING_FUNCTIONAL	PM5:moderate		neighbour_evidence
2020-01-01	2026-08-04	NM_007294.4:c.5098_5100delinsGTC	p.Thr1700Val	missense	VUS	VUS	2	4	MISSING_FUNCTIONAL	MISSING_FUNCTIONAL	PM5:moderate		neighbour_evidence
2020-01-01	2026-08-04	NM_007294.4:c.5098_5100delinsGTG	p.Thr1700Val	missense	VUS	VUS	2	4	MISSING_FUNCTIONAL	MISSING_FUNCTIONAL	PM5:moderate		neighbour_evidence
2020-01-01	2026-08-04	NM_007294.4:c.5098_5100delinsGTT	p.Thr1700Val	missense	VUS	VUS	2	4	MISSING_FUNCTIONAL	MISSING_FUNCTIONAL	PM5:moderate		neighbour_evidence
2020-01-01	2026-08-04	NM_007294.4:c.5098_5100delinsTAC	p.Thr1700Tyr	missense	VUS	VUS	2	4	MISSING_FUNCTIONAL	MISSING_FUNCTIONAL	PM5:moderate		neighbour_evidence
2020-01-01	2026-08-04	NM_007294.4:c.5098_5100delinsTAT	p.Thr1700Tyr	missense	VUS	VUS	2	4	MISSING_FUNCTIONAL	MISSING_FUNCTIONAL	PM5:moderate		neighbour_evidence
2020-01-01	2026-08-04	NM_007294.4:c.5098_5100delinsTCC	p.Thr1700Ser	missense	VUS	VUS	2	4	MISSING_FUNCTIONAL	MISSING_FUNCTIONAL	PM5:moderate		neighbour_evidence
2020-01-01	2026-08-04	NM_007294.4:c.5098_5100delinsTCG	p.Thr1700Ser	missense	VUS	VUS	2	4	MISSING_FUNCTIONAL	MISSING_FUNCTIONAL	PM5:moderate		neighbour_evidence
2020-01-01	2026-08-04	NM_007294.4:c.5098_5100delinsTCT	p.Thr1700Ser	missense	VUS	VUS	2	4	MISSING_FUNCTIONAL	MISSING_FUNCTIONAL	PM5:moderate		neighbour_evidence
2020-01-01	2026-08-04	NM_007294.4:c.5098_5100delinsTGC	p.Thr1700Cys	missense	VUS	VUS	2	4	MISSING_FUNCTIONAL	MISSING_FUNCTIONAL	PM5:moderate		neighbour_evidence
2020-01-01	2026-08-04	NM_007294.4:c.5098_5100delinsTGG	p.Thr1700Trp	missense	VUS	VUS	2	4	MISSING_FUNCTIONAL	MISSING_FUNCTIONAL	PM5:moderate		neighbour_evidence
2020-01-01	2026-08-04	NM_007294.4:c.5098_5100delinsTGT	p.Thr1700Cys	missense	VUS	VUS	2	4	MISSING_FUNCTIONAL	MISSING_FUNCTIONAL	PM5:moderate		neighbour_evidence
2020-01-01	2026-08-04	NM_007294.4:c.5098_5099delinsTT	p.Thr1700Leu	missense	VUS	VUS	2	4	MISSING_FUNCTIONAL	MISSING_FUNCTIONAL	PM5:moderate		neighbour_evidence
2020-01-01	2026-08-04	NM_007294.4:c.5098_5100delinsTTC	p.Thr1700Phe	missense	VUS	VUS	2	4	MISSING_FUNCTIONAL	MISSING_FUNCTIONAL	PM5:moderate		neighbour_evidence
2020-01-01	2026-08-04	NM_007294.4:c.5098_5100delinsTTG	p.Thr1700Leu	missense	VUS	VUS	2	4	MISSING_FUNCTIONAL	MISSING_FUNCTIONAL	PM5:moderate		neighbour_evidence
2020-01-01	2026-08-04	NM_007294.4:c.5098_5100delinsTTT	p.Thr1700Phe	missense	VUS	VUS	2	4	MISSING_FUNCTIONAL	MISSING_FUNCTIONAL	PM5:moderate		neighbour_evidence
2020-01-01	2026-08-04	NM_007294.4:c.5105_5106delinsCC	p.Lys1702Thr	missense	VUS	VUS	2	4	MISSING_FUNCTIONAL	MISSING_FUNCTIONAL	PM5:moderate		neighbour_evidence
2020-01-01	2026-08-04	NM_007294.4:c.5105_5106delinsCG	p.Lys1702Thr	missense	VUS	VUS	2	4	MISSING_FUNCTIONAL	MISSING_FUNCTIONAL	PM5:moderate		neighbour_evidence
2020-01-01	2026-08-04	NM_007294.4:c.5105_5106delinsCT	p.Lys1702Thr	missense	VUS	VUS	2	4	MISSING_FUNCTIONAL	MISSING_FUNCTIONAL	PM5:moderate		neighbour_evidence
2020-01-01	2026-08-04	NM_007294.4:c.5105_5106delinsGC	p.Lys1702Ser	missense	VUS	VUS	2	4	MISSING_FUNCTIONAL	MISSING_FUNCTIONAL	PM5:moderate		neighbour_evidence
2020-01-01	2026-08-04	NM_007294.4:c.5105_5106delinsGG	p.Lys1702Arg	missense	VUS	VUS	2	4	MISSING_FUNCTIONAL	MISSING_FUNCTIONAL	PM5:moderate		neighbour_evidence
2020-01-01	2026-08-04	NM_007294.4:c.5105_5106delinsGT	p.Lys1702Ser	missense	VUS	VUS	2	4	MISSING_FUNCTIONAL	MISSING_FUNCTIONAL	PM5:moderate		neighbour_evidence
2020-01-01	2026-08-04	NM_007294.4:c.5105_5106delinsTC	p.Lys1702Ile	missense	VUS	VUS	2	4	MISSING_FUNCTIONAL	MISSING_FUNCTIONAL	PM5:moderate		neighbour_evidence
2020-01-01	2026-08-04	NM_007294.4:c.5105_5106delinsTG	p.Lys1702Met	missense	VUS	VUS	2	4	MISSING_FUNCTIONAL	MISSING_FUNCTIONAL	PM5:moderate		neighbour_evidence
2020-01-01	2026-08-04	NM_007294.4:c.5105_5106delinsTT	p.Lys1702Ile	missense	VUS	VUS	2	4	MISSING_FUNCTIONAL	MISSING_FUNCTIONAL	PM5:moderate		neighbour_evidence
2020-01-01	2026-08-04	NM_007294.4:c.5104_5106delinsCAC	p.Lys1702His	missense	VUS	VUS	2	4	MISSING_FUNCTIONAL	MISSING_FUNCTIONAL	PM5:moderate		neighbour_evidence
2020-01-01	2026-08-04	NM_007294.4:c.5104_5106delinsCAG	p.Lys1702Gln	missense	VUS	LP	2	8	MISSING_FUNCTIONAL	RESOLVED_NOT_BLOCKED	PM5:moderate;PS1:strong		neighbour_evidence
2020-01-01	2026-08-04	NM_007294.4:c.5104_5106delinsCAT	p.Lys1702His	missense	VUS	VUS	2	4	MISSING_FUNCTIONAL	MISSING_FUNCTIONAL	PM5:moderate		neighbour_evidence
2020-01-01	2026-08-04	NM_007294.4:c.5104_5105delinsCC	p.Lys1702Pro	missense	VUS	VUS	2	4	MISSING_FUNCTIONAL	MISSING_FUNCTIONAL	PM5:moderate		neighbour_evidence
2020-01-01	2026-08-04	NM_007294.4:c.5104_5106delinsCCC	p.Lys1702Pro	missense	VUS	VUS	2	4	MISSING_FUNCTIONAL	MISSING_FUNCTIONAL	PM5:moderate		neighbour_evidence
2020-01-01	2026-08-04	NM_007294.4:c.5104_5106delinsCCG	p.Lys1702Pro	missense	VUS	VUS	2	4	MISSING_FUNCTIONAL	MISSING_FUNCTIONAL	PM5:moderate		neighbour_evidence
2020-01-01	2026-08-04	NM_007294.4:c.5104_5106delinsCCT	p.Lys1702Pro	missense	VUS	VUS	2	4	MISSING_FUNCTIONAL	MISSING_FUNCTIONAL	PM5:moderate		neighbour_evidence
2020-01-01	2026-08-04	NM_007294.4:c.5104_5105delinsCG	p.Lys1702Arg	missense	VUS	VUS	2	4	MISSING_FUNCTIONAL	MISSING_FUNCTIONAL	PM5:moderate		neighbour_evidence
2020-01-01	2026-08-04	NM_007294.4:c.5104_5106delinsCGC	p.Lys1702Arg	missense	VUS	VUS	2	4	MISSING_FUNCTIONAL	MISSING_FUNCTIONAL	PM5:moderate		neighbour_evidence
2020-01-01	2026-08-04	NM_007294.4:c.5104_5106delinsCGG	p.Lys1702Arg	missense	VUS	VUS	2	4	MISSING_FUNCTIONAL	MISSING_FUNCTIONAL	PM5:moderate		neighbour_evidence
2020-01-01	2026-08-04	NM_007294.4:c.5104_5106delinsCGT	p.Lys1702Arg	missense	VUS	VUS	2	4	MISSING_FUNCTIONAL	MISSING_FUNCTIONAL	PM5:moderate		neighbour_evidence
2020-01-01	2026-08-04	NM_007294.4:c.5104_5105delinsCT	p.Lys1702Leu	missense	VUS	VUS	2	4	MISSING_FUNCTIONAL	MISSING_FUNCTIONAL	PM5:moderate		neighbour_evidence
2020-01-01	2026-08-04	NM_007294.4:c.5104_5106delinsCTC	p.Lys1702Leu	missense	VUS	VUS	2	4	MISSING_FUNCTIONAL	MISSING_FUNCTIONAL	PM5:moderate		neighbour_evidence
2020-01-01	2026-08-04	NM_007294.4:c.5104_5106delinsCTG	p.Lys1702Leu	missense	VUS	VUS	2	4	MISSING_FUNCTIONAL	MISSING_FUNCTIONAL	PM5:moderate		neighbour_evidence
2020-01-01	2026-08-04	NM_007294.4:c.5104_5106delinsCTT	p.Lys1702Leu	missense	VUS	VUS	2	4	MISSING_FUNCTIONAL	MISSING_FUNCTIONAL	PM5:moderate		neighbour_evidence
2020-01-01	2026-08-04	NM_007294.4:c.5104_5106delinsGAC	p.Lys1702Asp	missense	VUS	VUS	2	4	MISSING_FUNCTIONAL	MISSING_FUNCTIONAL	PM5:moderate		neighbour_evidence
2020-01-01	2026-08-04	NM_007294.4:c.5104_5106delinsGAG	p.Lys1702Glu	missense	VUS	VUS	2	4	MISSING_FUNCTIONAL	MISSING_FUNCTIONAL	PM5:moderate		neighbour_evidence
2020-01-01	2026-08-04	NM_007294.4:c.5104_5106delinsGAT	p.Lys1702Asp	missense	VUS	VUS	2	4	MISSING_FUNCTIONAL	MISSING_FUNCTIONAL	PM5:moderate		neighbour_evidence
2020-01-01	2026-08-04	NM_007294.4:c.5104_5105delinsGC	p.Lys1702Ala	missense	VUS	VUS	2	4	MISSING_FUNCTIONAL	MISSING_FUNCTIONAL	PM5:moderate		neighbour_evidence
2020-01-01	2026-08-04	NM_007294.4:c.5104_5106delinsGCC	p.Lys1702Ala	missense	VUS	VUS	2	4	MISSING_FUNCTIONAL	MISSING_FUNCTIONAL	PM5:moderate		neighbour_evidence
2020-01-01	2026-08-04	NM_007294.4:c.5104_5106delinsGCG	p.Lys1702Ala	missense	VUS	VUS	2	4	MISSING_FUNCTIONAL	MISSING_FUNCTIONAL	PM5:moderate		neighbour_evidence
2020-01-01	2026-08-04	NM_007294.4:c.5104_5106delinsGCT	p.Lys1702Ala	missense	VUS	VUS	2	4	MISSING_FUNCTIONAL	MISSING_FUNCTIONAL	PM5:moderate		neighbour_evidence
2020-01-01	2026-08-04	NM_007294.4:c.5104_5105delinsGG	p.Lys1702Gly	missense	VUS	VUS	2	4	MISSING_FUNCTIONAL	MISSING_FUNCTIONAL	PM5:moderate		neighbour_evidence
2020-01-01	2026-08-04	NM_007294.4:c.5104_5106delinsGGC	p.Lys1702Gly	missense	VUS	VUS	2	4	MISSING_FUNCTIONAL	MISSING_FUNCTIONAL	PM5:moderate		neighbour_evidence
2020-01-01	2026-08-04	NM_007294.4:c.5104_5106delinsGGG	p.Lys1702Gly	missense	VUS	VUS	2	4	MISSING_FUNCTIONAL	MISSING_FUNCTIONAL	PM5:moderate		neighbour_evidence
2020-01-01	2026-08-04	NM_007294.4:c.5104_5106delinsGGT	p.Lys1702Gly	missense	VUS	VUS	2	4	MISSING_FUNCTIONAL	MISSING_FUNCTIONAL	PM5:moderate		neighbour_evidence
2020-01-01	2026-08-04	NM_007294.4:c.5104_5105delinsGT	p.Lys1702Val	missense	VUS	VUS	2	4	MISSING_FUNCTIONAL	MISSING_FUNCTIONAL	PM5:moderate		neighbour_evidence
2020-01-01	2026-08-04	NM_007294.4:c.5104_5106delinsGTC	p.Lys1702Val	missense	VUS	VUS	2	4	MISSING_FUNCTIONAL	MISSING_FUNCTIONAL	PM5:moderate		neighbour_evidence
2020-01-01	2026-08-04	NM_007294.4:c.5104_5106delinsGTG	p.Lys1702Val	missense	VUS	VUS	2	4	MISSING_FUNCTIONAL	MISSING_FUNCTIONAL	PM5:moderate		neighbour_evidence
2020-01-01	2026-08-04	NM_007294.4:c.5104_5106delinsGTT	p.Lys1702Val	missense	VUS	VUS	2	4	MISSING_FUNCTIONAL	MISSING_FUNCTIONAL	PM5:moderate		neighbour_evidence
2020-01-01	2026-08-04	NM_007294.4:c.5104_5106delinsTAC	p.Lys1702Tyr	missense	VUS	VUS	2	4	MISSING_FUNCTIONAL	MISSING_FUNCTIONAL	PM5:moderate		neighbour_evidence
2020-01-01	2026-08-04	NM_007294.4:c.5104_5106delinsTAT	p.Lys1702Tyr	missense	VUS	VUS	2	4	MISSING_FUNCTIONAL	MISSING_FUNCTIONAL	PM5:moderate		neighbour_evidence
2020-01-01	2026-08-04	NM_007294.4:c.5104_5105delinsTC	p.Lys1702Ser	missense	VUS	VUS	2	4	MISSING_FUNCTIONAL	MISSING_FUNCTIONAL	PM5:moderate		neighbour_evidence
2020-01-01	2026-08-04	NM_007294.4:c.5104_5106delinsTCC	p.Lys1702Ser	missense	VUS	VUS	2	4	MISSING_FUNCTIONAL	MISSING_FUNCTIONAL	PM5:moderate		neighbour_evidence
2020-01-01	2026-08-04	NM_007294.4:c.5104_5106delinsTCG	p.Lys1702Ser	missense	VUS	VUS	2	4	MISSING_FUNCTIONAL	MISSING_FUNCTIONAL	PM5:moderate		neighbour_evidence
2020-01-01	2026-08-04	NM_007294.4:c.5104_5106delinsTCT	p.Lys1702Ser	missense	VUS	VUS	2	4	MISSING_FUNCTIONAL	MISSING_FUNCTIONAL	PM5:moderate		neighbour_evidence
2020-01-01	2026-08-04	NM_007294.4:c.5104_5106delinsTGC	p.Lys1702Cys	missense	VUS	VUS	2	4	MISSING_FUNCTIONAL	MISSING_FUNCTIONAL	PM5:moderate		neighbour_evidence
2020-01-01	2026-08-04	NM_007294.4:c.5104_5106delinsTGG	p.Lys1702Trp	missense	VUS	VUS	2	4	MISSING_FUNCTIONAL	MISSING_FUNCTIONAL	PM5:moderate		neighbour_evidence
2020-01-01	2026-08-04	NM_007294.4:c.5104_5106delinsTGT	p.Lys1702Cys	missense	VUS	VUS	2	4	MISSING_FUNCTIONAL	MISSING_FUNCTIONAL	PM5:moderate		neighbour_evidence
2020-01-01	2026-08-04	NM_007294.4:c.5104_5105delinsTT	p.Lys1702Leu	missense	VUS	VUS	2	4	MISSING_FUNCTIONAL	MISSING_FUNCTIONAL	PM5:moderate		neighbour_evidence
2020-01-01	2026-08-04	NM_007294.4:c.5104_5106delinsTTC	p.Lys1702Phe	missense	VUS	VUS	2	4	MISSING_FUNCTIONAL	MISSING_FUNCTIONAL	PM5:moderate		neighbour_evidence
2020-01-01	2026-08-04	NM_007294.4:c.5104_5106delinsTTG	p.Lys1702Leu	missense	VUS	VUS	2	4	MISSING_FUNCTIONAL	MISSING_FUNCTIONAL	PM5:moderate		neighbour_evidence
2020-01-01	2026-08-04	NM_007294.4:c.5104_5106delinsTTT	p.Lys1702Phe	missense	VUS	VUS	2	4	MISSING_FUNCTIONAL	MISSING_FUNCTIONAL	PM5:moderate		neighbour_evidence
2020-01-01	2026-08-04	NM_007294.4:c.5107_5109delinsAAA	p.Tyr1703Lys	missense	VUS	VUS	2	4	MISSING_FUNCTIONAL	MISSING_FUNCTIONAL	PM5:moderate		neighbour_evidence
2020-01-01	2026-08-04	NM_007294.4:c.5107_5109delinsAAC	p.Tyr1703Asn	missense	VUS	VUS	2	4	MISSING_FUNCTIONAL	MISSING_FUNCTIONAL	PM5:moderate		neighbour_evidence
2020-01-01	2026-08-04	NM_007294.4:c.5107_5109delinsAAG	p.Tyr1703Lys	missense	VUS	VUS	2	4	MISSING_FUNCTIONAL	MISSING_FUNCTIONAL	PM5:moderate		neighbour_evidence
2020-01-01	2026-08-04	NM_007294.4:c.5107_5109delinsACA	p.Tyr1703Thr	missense	VUS	VUS	2	4	MISSING_FUNCTIONAL	MISSING_FUNCTIONAL	PM5:moderate		neighbour_evidence
2020-01-01	2026-08-04	NM_007294.4:c.5107_5109delinsACC	p.Tyr1703Thr	missense	VUS	VUS	2	4	MISSING_FUNCTIONAL	MISSING_FUNCTIONAL	PM5:moderate		neighbour_evidence
2020-01-01	2026-08-04	NM_007294.4:c.5107_5109delinsACG	p.Tyr1703Thr	missense	VUS	VUS	2	4	MISSING_FUNCTIONAL	MISSING_FUNCTIONAL	PM5:moderate		neighbour_evidence
2020-01-01	2026-08-04	NM_007294.4:c.5107_5108delinsAC	p.Tyr1703Thr	missense	VUS	VUS	2	4	MISSING_FUNCTIONAL	MISSING_FUNCTIONAL	PM5:moderate		neighbour_evidence
2020-01-01	2026-08-04	NM_007294.4:c.5107_5109delinsAGA	p.Tyr1703Arg	missense	VUS	VUS	2	4	MISSING_FUNCTIONAL	MISSING_FUNCTIONAL	PM5:moderate		neighbour_evidence
2020-01-01	2026-08-04	NM_007294.4:c.5107_5109delinsAGC	p.Tyr1703Ser	missense	VUS	VUS	2	4	MISSING_FUNCTIONAL	MISSING_FUNCTIONAL	PM5:moderate		neighbour_evidence
2020-01-01	2026-08-04	NM_007294.4:c.5107_5109delinsAGG	p.Tyr1703Arg	missense	VUS	VUS	2	4	MISSING_FUNCTIONAL	MISSING_FUNCTIONAL	PM5:moderate		neighbour_evidence
2020-01-01	2026-08-04	NM_007294.4:c.5107_5108delinsAG	p.Tyr1703Ser	missense	VUS	VUS	2	4	MISSING_FUNCTIONAL	MISSING_FUNCTIONAL	PM5:moderate		neighbour_evidence
2020-01-01	2026-08-04	NM_007294.4:c.5107_5109delinsATA	p.Tyr1703Ile	missense	VUS	VUS	2	4	MISSING_FUNCTIONAL	MISSING_FUNCTIONAL	PM5:moderate		neighbour_evidence
2020-01-01	2026-08-04	NM_007294.4:c.5107_5109delinsATC	p.Tyr1703Ile	missense	VUS	VUS	2	4	MISSING_FUNCTIONAL	MISSING_FUNCTIONAL	PM5:moderate		neighbour_evidence
2020-01-01	2026-08-04	NM_007294.4:c.5107_5109delinsATG	p.Tyr1703Met	missense	VUS	VUS	2	4	MISSING_FUNCTIONAL	MISSING_FUNCTIONAL	PM5:moderate		neighbour_evidence
2020-01-01	2026-08-04	NM_007294.4:c.5107_5108delinsAT	p.Tyr1703Ile	missense	VUS	VUS	2	4	MISSING_FUNCTIONAL	MISSING_FUNCTIONAL	PM5:moderate		neighbour_evidence
2020-01-01	2026-08-04	NM_007294.4:c.5107_5109delinsCAA	p.Tyr1703Gln	missense	VUS	VUS	2	4	MISSING_FUNCTIONAL	MISSING_FUNCTIONAL	PM5:moderate		neighbour_evidence
2020-01-01	2026-08-04	NM_007294.4:c.5107_5109delinsCAC	p.Tyr1703His	missense	VUS	VUS	2	4	MISSING_FUNCTIONAL	MISSING_FUNCTIONAL	PM5:moderate		neighbour_evidence
2020-01-01	2026-08-04	NM_007294.4:c.5107_5109delinsCAG	p.Tyr1703Gln	missense	VUS	VUS	2	4	MISSING_FUNCTIONAL	MISSING_FUNCTIONAL	PM5:moderate		neighbour_evidence
2020-01-01	2026-08-04	NM_007294.4:c.5107_5109delinsCCA	p.Tyr1703Pro	missense	VUS	VUS	2	4	MISSING_FUNCTIONAL	MISSING_FUNCTIONAL	PM5:moderate		neighbour_evidence
2020-01-01	2026-08-04	NM_007294.4:c.5107_5109delinsCCC	p.Tyr1703Pro	missense	VUS	VUS	2	4	MISSING_FUNCTIONAL	MISSING_FUNCTIONAL	PM5:moderate		neighbour_evidence
2020-01-01	2026-08-04	NM_007294.4:c.5107_5109delinsCCG	p.Tyr1703Pro	missense	VUS	VUS	2	4	MISSING_FUNCTIONAL	MISSING_FUNCTIONAL	PM5:moderate		neighbour_evidence
2020-01-01	2026-08-04	NM_007294.4:c.5107_5108delinsCC	p.Tyr1703Pro	missense	VUS	VUS	2	4	MISSING_FUNCTIONAL	MISSING_FUNCTIONAL	PM5:moderate		neighbour_evidence
2020-01-01	2026-08-04	NM_007294.4:c.5107_5109delinsCGA	p.Tyr1703Arg	missense	VUS	VUS	2	4	MISSING_FUNCTIONAL	MISSING_FUNCTIONAL	PM5:moderate		neighbour_evidence
2020-01-01	2026-08-04	NM_007294.4:c.5107_5109delinsCGC	p.Tyr1703Arg	missense	VUS	VUS	2	4	MISSING_FUNCTIONAL	MISSING_FUNCTIONAL	PM5:moderate		neighbour_evidence
2020-01-01	2026-08-04	NM_007294.4:c.5107_5109delinsCGG	p.Tyr1703Arg	missense	VUS	VUS	2	4	MISSING_FUNCTIONAL	MISSING_FUNCTIONAL	PM5:moderate		neighbour_evidence
2020-01-01	2026-08-04	NM_007294.4:c.5107_5108delinsCG	p.Tyr1703Arg	missense	VUS	VUS	2	4	MISSING_FUNCTIONAL	MISSING_FUNCTIONAL	PM5:moderate		neighbour_evidence
2020-01-01	2026-08-04	NM_007294.4:c.5107_5109delinsCTA	p.Tyr1703Leu	missense	VUS	VUS	2	4	MISSING_FUNCTIONAL	MISSING_FUNCTIONAL	PM5:moderate		neighbour_evidence
2020-01-01	2026-08-04	NM_007294.4:c.5107_5109delinsCTC	p.Tyr1703Leu	missense	VUS	VUS	2	4	MISSING_FUNCTIONAL	MISSING_FUNCTIONAL	PM5:moderate		neighbour_evidence
2020-01-01	2026-08-04	NM_007294.4:c.5107_5109delinsCTG	p.Tyr1703Leu	missense	VUS	VUS	2	4	MISSING_FUNCTIONAL	MISSING_FUNCTIONAL	PM5:moderate		neighbour_evidence
2020-01-01	2026-08-04	NM_007294.4:c.5107_5108delinsCT	p.Tyr1703Leu	missense	VUS	VUS	2	4	MISSING_FUNCTIONAL	MISSING_FUNCTIONAL	PM5:moderate		neighbour_evidence
2020-01-01	2026-08-04	NM_007294.4:c.5107_5109delinsGAA	p.Tyr1703Glu	missense	VUS	VUS	2	4	MISSING_FUNCTIONAL	MISSING_FUNCTIONAL	PM5:moderate		neighbour_evidence
2020-01-01	2026-08-04	NM_007294.4:c.5107_5109delinsGAC	p.Tyr1703Asp	missense	VUS	LP	2	8	MISSING_FUNCTIONAL	RESOLVED_NOT_BLOCKED	PM5:moderate;PS1:strong		neighbour_evidence
2020-01-01	2026-08-04	NM_007294.4:c.5107_5109delinsGAG	p.Tyr1703Glu	missense	VUS	VUS	2	4	MISSING_FUNCTIONAL	MISSING_FUNCTIONAL	PM5:moderate		neighbour_evidence
2020-01-01	2026-08-04	NM_007294.4:c.5107_5109delinsGCA	p.Tyr1703Ala	missense	VUS	VUS	2	4	MISSING_FUNCTIONAL	MISSING_FUNCTIONAL	PM5:moderate		neighbour_evidence
2020-01-01	2026-08-04	NM_007294.4:c.5107_5109delinsGCC	p.Tyr1703Ala	missense	VUS	VUS	2	4	MISSING_FUNCTIONAL	MISSING_FUNCTIONAL	PM5:moderate		neighbour_evidence
2020-01-01	2026-08-04	NM_007294.4:c.5107_5109delinsGCG	p.Tyr1703Ala	missense	VUS	VUS	2	4	MISSING_FUNCTIONAL	MISSING_FUNCTIONAL	PM5:moderate		neighbour_evidence
2020-01-01	2026-08-04	NM_007294.4:c.5107_5108delinsGC	p.Tyr1703Ala	missense	VUS	VUS	2	4	MISSING_FUNCTIONAL	MISSING_FUNCTIONAL	PM5:moderate		neighbour_evidence
2020-01-01	2026-08-04	NM_007294.4:c.5107_5109delinsGGA	p.Tyr1703Gly	missense	VUS	VUS	2	4	MISSING_FUNCTIONAL	MISSING_FUNCTIONAL	PM5:moderate		neighbour_evidence
2020-01-01	2026-08-04	NM_007294.4:c.5107_5109delinsGGC	p.Tyr1703Gly	missense	VUS	VUS	2	4	MISSING_FUNCTIONAL	MISSING_FUNCTIONAL	PM5:moderate		neighbour_evidence
2020-01-01	2026-08-04	NM_007294.4:c.5107_5109delinsGGG	p.Tyr1703Gly	missense	VUS	VUS	2	4	MISSING_FUNCTIONAL	MISSING_FUNCTIONAL	PM5:moderate		neighbour_evidence
2020-01-01	2026-08-04	NM_007294.4:c.5107_5108delinsGG	p.Tyr1703Gly	missense	VUS	VUS	2	4	MISSING_FUNCTIONAL	MISSING_FUNCTIONAL	PM5:moderate		neighbour_evidence
2020-01-01	2026-08-04	NM_007294.4:c.5107_5109delinsGTA	p.Tyr1703Val	missense	VUS	VUS	2	4	MISSING_FUNCTIONAL	MISSING_FUNCTIONAL	PM5:moderate		neighbour_evidence
2020-01-01	2026-08-04	NM_007294.4:c.5107_5109delinsGTC	p.Tyr1703Val	missense	VUS	VUS	2	4	MISSING_FUNCTIONAL	MISSING_FUNCTIONAL	PM5:moderate		neighbour_evidence
2020-01-01	2026-08-04	NM_007294.4:c.5107_5109delinsGTG	p.Tyr1703Val	missense	VUS	VUS	2	4	MISSING_FUNCTIONAL	MISSING_FUNCTIONAL	PM5:moderate		neighbour_evidence
2020-01-01	2026-08-04	NM_007294.4:c.5107_5108delinsGT	p.Tyr1703Val	missense	VUS	VUS	2	4	MISSING_FUNCTIONAL	MISSING_FUNCTIONAL	PM5:moderate		neighbour_evidence
2020-01-01	2026-08-04	NM_007294.4:c.5108_5109delinsCA	p.Tyr1703Ser	missense	VUS	VUS	2	4	MISSING_FUNCTIONAL	MISSING_FUNCTIONAL	PM5:moderate		neighbour_evidence
2020-01-01	2026-08-04	NM_007294.4:c.5108_5109delinsCC	p.Tyr1703Ser	missense	VUS	VUS	2	4	MISSING_FUNCTIONAL	MISSING_FUNCTIONAL	PM5:moderate		neighbour_evidence
2020-01-01	2026-08-04	NM_007294.4:c.5108_5109delinsCG	p.Tyr1703Ser	missense	VUS	VUS	2	4	MISSING_FUNCTIONAL	MISSING_FUNCTIONAL	PM5:moderate		neighbour_evidence
2020-01-01	2026-08-04	NM_007294.4:c.5108_5109delinsGC	p.Tyr1703Cys	missense	VUS	LP	2	8	MISSING_FUNCTIONAL	RESOLVED_NOT_BLOCKED	PM5:moderate;PS1:strong		neighbour_evidence
2020-01-01	2026-08-04	NM_007294.4:c.5108_5109delinsGG	p.Tyr1703Trp	missense	VUS	VUS	2	4	MISSING_FUNCTIONAL	MISSING_FUNCTIONAL	PM5:moderate		neighbour_evidence
2020-01-01	2026-08-04	NM_007294.4:c.5108_5109delinsTA	p.Tyr1703Leu	missense	VUS	VUS	2	4	MISSING_FUNCTIONAL	MISSING_FUNCTIONAL	PM5:moderate		neighbour_evidence
2020-01-01	2026-08-04	NM_007294.4:c.5108_5109delinsTC	p.Tyr1703Phe	missense	VUS	VUS	2	4	MISSING_FUNCTIONAL	MISSING_FUNCTIONAL	PM5:moderate		neighbour_evidence
2020-01-01	2026-08-04	NM_007294.4:c.5108_5109delinsTG	p.Tyr1703Leu	missense	VUS	VUS	2	4	MISSING_FUNCTIONAL	MISSING_FUNCTIONAL	PM5:moderate		neighbour_evidence
2020-01-01	2026-08-04	NM_007294.4:c.5113_5114delinsAA	p.Leu1705Lys	missense	VUS	VUS	2	4	MISSING_FUNCTIONAL	MISSING_FUNCTIONAL	PM5:moderate		neighbour_evidence
2020-01-01	2026-08-04	NM_007294.4:c.5113_5115delinsAAC	p.Leu1705Asn	missense	VUS	VUS	2	4	MISSING_FUNCTIONAL	MISSING_FUNCTIONAL	PM5:moderate		neighbour_evidence
2020-01-01	2026-08-04	NM_007294.4:c.5113_5115delinsAAG	p.Leu1705Lys	missense	VUS	VUS	2	4	MISSING_FUNCTIONAL	MISSING_FUNCTIONAL	PM5:moderate		neighbour_evidence
2020-01-01	2026-08-04	NM_007294.4:c.5113_5115delinsAAT	p.Leu1705Asn	missense	VUS	VUS	2	4	MISSING_FUNCTIONAL	MISSING_FUNCTIONAL	PM5:moderate		neighbour_evidence
2020-01-01	2026-08-04	NM_007294.4:c.5113_5114delinsAC	p.Leu1705Thr	missense	VUS	VUS	2	4	MISSING_FUNCTIONAL	MISSING_FUNCTIONAL	PM5:moderate		neighbour_evidence
2020-01-01	2026-08-04	NM_007294.4:c.5113_5115delinsACC	p.Leu1705Thr	missense	VUS	VUS	2	4	MISSING_FUNCTIONAL	MISSING_FUNCTIONAL	PM5:moderate		neighbour_evidence
2020-01-01	2026-08-04	NM_007294.4:c.5113_5115delinsACG	p.Leu1705Thr	missense	VUS	VUS	2	4	MISSING_FUNCTIONAL	MISSING_FUNCTIONAL	PM5:moderate		neighbour_evidence
2020-01-01	2026-08-04	NM_007294.4:c.5113_5115delinsACT	p.Leu1705Thr	missense	VUS	VUS	2	4	MISSING_FUNCTIONAL	MISSING_FUNCTIONAL	PM5:moderate		neighbour_evidence
2020-01-01	2026-08-04	NM_007294.4:c.5113_5114delinsAG	p.Leu1705Arg	missense	VUS	VUS	2	4	MISSING_FUNCTIONAL	MISSING_FUNCTIONAL	PM5:moderate		neighbour_evidence
2020-01-01	2026-08-04	NM_007294.4:c.5113_5115delinsAGC	p.Leu1705Ser	missense	VUS	VUS	2	4	MISSING_FUNCTIONAL	MISSING_FUNCTIONAL	PM5:moderate		neighbour_evidence
2020-01-01	2026-08-04	NM_007294.4:c.5113_5115delinsAGG	p.Leu1705Arg	missense	VUS	VUS	2	4	MISSING_FUNCTIONAL	MISSING_FUNCTIONAL	PM5:moderate		neighbour_evidence
2020-01-01	2026-08-04	NM_007294.4:c.5113_5115delinsAGT	p.Leu1705Ser	missense	VUS	VUS	2	4	MISSING_FUNCTIONAL	MISSING_FUNCTIONAL	PM5:moderate		neighbour_evidence
2020-01-01	2026-08-04	NM_007294.4:c.5113_5115delinsATC	p.Leu1705Ile	missense	VUS	VUS	2	4	MISSING_FUNCTIONAL	MISSING_FUNCTIONAL	PM5:moderate		neighbour_evidence
2020-01-01	2026-08-04	NM_007294.4:c.5113_5115delinsATG	p.Leu1705Met	missense	VUS	VUS	2	4	MISSING_FUNCTIONAL	MISSING_FUNCTIONAL	PM5:moderate		neighbour_evidence
2020-01-01	2026-08-04	NM_007294.4:c.5113_5115delinsATT	p.Leu1705Ile	missense	VUS	VUS	2	4	MISSING_FUNCTIONAL	MISSING_FUNCTIONAL	PM5:moderate		neighbour_evidence
2020-01-01	2026-08-04	NM_007294.4:c.5114_5115delinsAC	p.Leu1705His	missense	VUS	VUS	2	4	MISSING_FUNCTIONAL	MISSING_FUNCTIONAL	PM5:moderate		neighbour_evidence
2020-01-01	2026-08-04	NM_007294.4:c.5114_5115delinsAG	p.Leu1705Gln	missense	VUS	VUS	2	4	MISSING_FUNCTIONAL	MISSING_FUNCTIONAL	PM5:moderate		neighbour_evidence
2020-01-01	2026-08-04	NM_007294.4:c.5114_5115delinsAT	p.Leu1705His	missense	VUS	VUS	2	4	MISSING_FUNCTIONAL	MISSING_FUNCTIONAL	PM5:moderate		neighbour_evidence
2020-01-01	2026-08-04	NM_007294.4:c.5114_5115delinsCC	p.Leu1705Pro	missense	VUS	LP	2	6	MISSING_FUNCTIONAL	RESOLVED_NOT_BLOCKED	PS1:strong		neighbour_evidence
2020-01-01	2026-08-04	NM_007294.4:c.5114_5115delinsCG	p.Leu1705Pro	missense	VUS	LP	2	6	MISSING_FUNCTIONAL	RESOLVED_NOT_BLOCKED	PS1:strong		neighbour_evidence
2020-01-01	2026-08-04	NM_007294.4:c.5114_5115delinsCT	p.Leu1705Pro	missense	VUS	LP	2	6	MISSING_FUNCTIONAL	RESOLVED_NOT_BLOCKED	PS1:strong		neighbour_evidence
2020-01-01	2026-08-04	NM_007294.4:c.5114_5115delinsGC	p.Leu1705Arg	missense	VUS	VUS	2	4	MISSING_FUNCTIONAL	MISSING_FUNCTIONAL	PM5:moderate		neighbour_evidence
2020-01-01	2026-08-04	NM_007294.4:c.5114_5115delinsGG	p.Leu1705Arg	missense	VUS	VUS	2	4	MISSING_FUNCTIONAL	MISSING_FUNCTIONAL	PM5:moderate		neighbour_evidence
2020-01-01	2026-08-04	NM_007294.4:c.5114_5115delinsGT	p.Leu1705Arg	missense	VUS	VUS	2	4	MISSING_FUNCTIONAL	MISSING_FUNCTIONAL	PM5:moderate		neighbour_evidence
2020-01-01	2026-08-04	NM_007294.4:c.5113_5114delinsGA	p.Leu1705Glu	missense	VUS	VUS	2	4	MISSING_FUNCTIONAL	MISSING_FUNCTIONAL	PM5:moderate		neighbour_evidence
2020-01-01	2026-08-04	NM_007294.4:c.5113_5115delinsGAC	p.Leu1705Asp	missense	VUS	VUS	2	4	MISSING_FUNCTIONAL	MISSING_FUNCTIONAL	PM5:moderate		neighbour_evidence
2020-01-01	2026-08-04	NM_007294.4:c.5113_5115delinsGAG	p.Leu1705Glu	missense	VUS	VUS	2	4	MISSING_FUNCTIONAL	MISSING_FUNCTIONAL	PM5:moderate		neighbour_evidence
2020-01-01	2026-08-04	NM_007294.4:c.5113_5115delinsGAT	p.Leu1705Asp	missense	VUS	VUS	2	4	MISSING_FUNCTIONAL	MISSING_FUNCTIONAL	PM5:moderate		neighbour_evidence
2020-01-01	2026-08-04	NM_007294.4:c.5113_5114delinsGC	p.Leu1705Ala	missense	VUS	VUS	2	4	MISSING_FUNCTIONAL	MISSING_FUNCTIONAL	PM5:moderate		neighbour_evidence
2020-01-01	2026-08-04	NM_007294.4:c.5113_5115delinsGCC	p.Leu1705Ala	missense	VUS	VUS	2	4	MISSING_FUNCTIONAL	MISSING_FUNCTIONAL	PM5:moderate		neighbour_evidence
2020-01-01	2026-08-04	NM_007294.4:c.5113_5115delinsGCG	p.Leu1705Ala	missense	VUS	VUS	2	4	MISSING_FUNCTIONAL	MISSING_FUNCTIONAL	PM5:moderate		neighbour_evidence
2020-01-01	2026-08-04	NM_007294.4:c.5113_5115delinsGCT	p.Leu1705Ala	missense	VUS	VUS	2	4	MISSING_FUNCTIONAL	MISSING_FUNCTIONAL	PM5:moderate		neighbour_evidence
2020-01-01	2026-08-04	NM_007294.4:c.5113_5114delinsGG	p.Leu1705Gly	missense	VUS	VUS	2	4	MISSING_FUNCTIONAL	MISSING_FUNCTIONAL	PM5:moderate		neighbour_evidence
2020-01-01	2026-08-04	NM_007294.4:c.5113_5115delinsGGC	p.Leu1705Gly	missense	VUS	VUS	2	4	MISSING_FUNCTIONAL	MISSING_FUNCTIONAL	PM5:moderate		neighbour_evidence
2020-01-01	2026-08-04	NM_007294.4:c.5113_5115delinsGGG	p.Leu1705Gly	missense	VUS	VUS	2	4	MISSING_FUNCTIONAL	MISSING_FUNCTIONAL	PM5:moderate		neighbour_evidence
2020-01-01	2026-08-04	NM_007294.4:c.5113_5115delinsGGT	p.Leu1705Gly	missense	VUS	VUS	2	4	MISSING_FUNCTIONAL	MISSING_FUNCTIONAL	PM5:moderate		neighbour_evidence
2020-01-01	2026-08-04	NM_007294.4:c.5113_5115delinsGTC	p.Leu1705Val	missense	VUS	VUS	2	4	MISSING_FUNCTIONAL	MISSING_FUNCTIONAL	PM5:moderate		neighbour_evidence
2020-01-01	2026-08-04	NM_007294.4:c.5113_5115delinsGTG	p.Leu1705Val	missense	VUS	VUS	2	4	MISSING_FUNCTIONAL	MISSING_FUNCTIONAL	PM5:moderate		neighbour_evidence
2020-01-01	2026-08-04	NM_007294.4:c.5113_5115delinsGTT	p.Leu1705Val	missense	VUS	VUS	2	4	MISSING_FUNCTIONAL	MISSING_FUNCTIONAL	PM5:moderate		neighbour_evidence
2020-01-01	2026-08-04	NM_007294.4:c.5113_5115delinsTAC	p.Leu1705Tyr	missense	VUS	VUS	2	4	MISSING_FUNCTIONAL	MISSING_FUNCTIONAL	PM5:moderate		neighbour_evidence
2020-01-01	2026-08-04	NM_007294.4:c.5113_5115delinsTAT	p.Leu1705Tyr	missense	VUS	VUS	2	4	MISSING_FUNCTIONAL	MISSING_FUNCTIONAL	PM5:moderate		neighbour_evidence
2020-01-01	2026-08-04	NM_007294.4:c.5113_5114delinsTC	p.Leu1705Ser	missense	VUS	VUS	2	4	MISSING_FUNCTIONAL	MISSING_FUNCTIONAL	PM5:moderate		neighbour_evidence
2020-01-01	2026-08-04	NM_007294.4:c.5113_5115delinsTCC	p.Leu1705Ser	missense	VUS	VUS	2	4	MISSING_FUNCTIONAL	MISSING_FUNCTIONAL	PM5:moderate		neighbour_evidence
2020-01-01	2026-08-04	NM_007294.4:c.5113_5115delinsTCG	p.Leu1705Ser	missense	VUS	VUS	2	4	MISSING_FUNCTIONAL	MISSING_FUNCTIONAL	PM5:moderate		neighbour_evidence
2020-01-01	2026-08-04	NM_007294.4:c.5113_5115delinsTCT	p.Leu1705Ser	missense	VUS	VUS	2	4	MISSING_FUNCTIONAL	MISSING_FUNCTIONAL	PM5:moderate		neighbour_evidence
2020-01-01	2026-08-04	NM_007294.4:c.5113_5115delinsTGC	p.Leu1705Cys	missense	VUS	VUS	2	4	MISSING_FUNCTIONAL	MISSING_FUNCTIONAL	PM5:moderate		neighbour_evidence
2020-01-01	2026-08-04	NM_007294.4:c.5113_5115delinsTGG	p.Leu1705Trp	missense	VUS	VUS	2	4	MISSING_FUNCTIONAL	MISSING_FUNCTIONAL	PM5:moderate		neighbour_evidence
2020-01-01	2026-08-04	NM_007294.4:c.5113_5115delinsTGT	p.Leu1705Cys	missense	VUS	VUS	2	4	MISSING_FUNCTIONAL	MISSING_FUNCTIONAL	PM5:moderate		neighbour_evidence
2020-01-01	2026-08-04	NM_007294.4:c.5113_5115delinsTTC	p.Leu1705Phe	missense	VUS	VUS	2	4	MISSING_FUNCTIONAL	MISSING_FUNCTIONAL	PM5:moderate		neighbour_evidence
2020-01-01	2026-08-04	NM_007294.4:c.5113_5115delinsTTT	p.Leu1705Phe	missense	VUS	VUS	2	4	MISSING_FUNCTIONAL	MISSING_FUNCTIONAL	PM5:moderate		neighbour_evidence
2020-01-01	2026-08-04	NM_007294.4:c.5116_5117delinsAA	p.Gly1706Lys	missense	VUS	VUS	2	4	MISSING_FUNCTIONAL	MISSING_FUNCTIONAL	PM5:moderate		neighbour_evidence
2020-01-01	2026-08-04	NM_007294.4:c.5116_5118delinsAAC	p.Gly1706Asn	missense	VUS	VUS	2	4	MISSING_FUNCTIONAL	MISSING_FUNCTIONAL	PM5:moderate		neighbour_evidence
2020-01-01	2026-08-04	NM_007294.4:c.5116_5118delinsAAG	p.Gly1706Lys	missense	VUS	VUS	2	4	MISSING_FUNCTIONAL	MISSING_FUNCTIONAL	PM5:moderate		neighbour_evidence
2020-01-01	2026-08-04	NM_007294.4:c.5116_5118delinsAAT	p.Gly1706Asn	missense	VUS	VUS	2	4	MISSING_FUNCTIONAL	MISSING_FUNCTIONAL	PM5:moderate		neighbour_evidence
2020-01-01	2026-08-04	NM_007294.4:c.5116_5117delinsAC	p.Gly1706Thr	missense	VUS	VUS	2	4	MISSING_FUNCTIONAL	MISSING_FUNCTIONAL	PM5:moderate		neighbour_evidence
2020-01-01	2026-08-04	NM_007294.4:c.5116_5118delinsACC	p.Gly1706Thr	missense	VUS	VUS	2	4	MISSING_FUNCTIONAL	MISSING_FUNCTIONAL	PM5:moderate		neighbour_evidence
2020-01-01	2026-08-04	NM_007294.4:c.5116_5118delinsACG	p.Gly1706Thr	missense	VUS	VUS	2	4	MISSING_FUNCTIONAL	MISSING_FUNCTIONAL	PM5:moderate		neighbour_evidence
2020-01-01	2026-08-04	NM_007294.4:c.5116_5118delinsACT	p.Gly1706Thr	missense	VUS	VUS	2	4	MISSING_FUNCTIONAL	MISSING_FUNCTIONAL	PM5:moderate		neighbour_evidence
2020-01-01	2026-08-04	NM_007294.4:c.5116_5118delinsAGC	p.Gly1706Ser	missense	VUS	VUS	2	4	MISSING_FUNCTIONAL	MISSING_FUNCTIONAL	PM5:moderate		neighbour_evidence
2020-01-01	2026-08-04	NM_007294.4:c.5116_5118delinsAGG	p.Gly1706Arg	missense	VUS	LP	2	8	MISSING_FUNCTIONAL	RESOLVED_NOT_BLOCKED	PM5:moderate;PS1:strong		neighbour_evidence
2020-01-01	2026-08-04	NM_007294.4:c.5116_5118delinsAGT	p.Gly1706Ser	missense	VUS	VUS	2	4	MISSING_FUNCTIONAL	MISSING_FUNCTIONAL	PM5:moderate		neighbour_evidence
2020-01-01	2026-08-04	NM_007294.4:c.5116_5117delinsAT	p.Gly1706Ile	missense	VUS	VUS	2	4	MISSING_FUNCTIONAL	MISSING_FUNCTIONAL	PM5:moderate		neighbour_evidence
2020-01-01	2026-08-04	NM_007294.4:c.5116_5118delinsATC	p.Gly1706Ile	missense	VUS	VUS	2	4	MISSING_FUNCTIONAL	MISSING_FUNCTIONAL	PM5:moderate		neighbour_evidence
2020-01-01	2026-08-04	NM_007294.4:c.5116_5118delinsATG	p.Gly1706Met	missense	VUS	VUS	2	4	MISSING_FUNCTIONAL	MISSING_FUNCTIONAL	PM5:moderate		neighbour_evidence
2020-01-01	2026-08-04	NM_007294.4:c.5116_5118delinsATT	p.Gly1706Ile	missense	VUS	VUS	2	4	MISSING_FUNCTIONAL	MISSING_FUNCTIONAL	PM5:moderate		neighbour_evidence
2020-01-01	2026-08-04	NM_007294.4:c.5116_5117delinsCA	p.Gly1706Gln	missense	VUS	VUS	2	4	MISSING_FUNCTIONAL	MISSING_FUNCTIONAL	PM5:moderate		neighbour_evidence
2020-01-01	2026-08-04	NM_007294.4:c.5116_5118delinsCAC	p.Gly1706His	missense	VUS	VUS	2	4	MISSING_FUNCTIONAL	MISSING_FUNCTIONAL	PM5:moderate		neighbour_evidence
2020-01-01	2026-08-04	NM_007294.4:c.5116_5118delinsCAG	p.Gly1706Gln	missense	VUS	VUS	2	4	MISSING_FUNCTIONAL	MISSING_FUNCTIONAL	PM5:moderate		neighbour_evidence
2020-01-01	2026-08-04	NM_007294.4:c.5116_5118delinsCAT	p.Gly1706His	missense	VUS	VUS	2	4	MISSING_FUNCTIONAL	MISSING_FUNCTIONAL	PM5:moderate		neighbour_evidence
2020-01-01	2026-08-04	NM_007294.4:c.5116_5117delinsCC	p.Gly1706Pro	missense	VUS	VUS	2	4	MISSING_FUNCTIONAL	MISSING_FUNCTIONAL	PM5:moderate		neighbour_evidence
2020-01-01	2026-08-04	NM_007294.4:c.5116_5118delinsCCC	p.Gly1706Pro	missense	VUS	VUS	2	4	MISSING_FUNCTIONAL	MISSING_FUNCTIONAL	PM5:moderate		neighbour_evidence
2020-01-01	2026-08-04	NM_007294.4:c.5116_5118delinsCCG	p.Gly1706Pro	missense	VUS	VUS	2	4	MISSING_FUNCTIONAL	MISSING_FUNCTIONAL	PM5:moderate		neighbour_evidence
2020-01-01	2026-08-04	NM_007294.4:c.5116_5118delinsCCT	p.Gly1706Pro	missense	VUS	VUS	2	4	MISSING_FUNCTIONAL	MISSING_FUNCTIONAL	PM5:moderate		neighbour_evidence
2020-01-01	2026-08-04	NM_007294.4:c.5116_5118delinsCGC	p.Gly1706Arg	missense	VUS	LP	2	8	MISSING_FUNCTIONAL	RESOLVED_NOT_BLOCKED	PM5:moderate;PS1:strong		neighbour_evidence
2020-01-01	2026-08-04	NM_007294.4:c.5116_5118delinsCGG	p.Gly1706Arg	missense	VUS	LP	2	8	MISSING_FUNCTIONAL	RESOLVED_NOT_BLOCKED	PM5:moderate;PS1:strong		neighbour_evidence
2020-01-01	2026-08-04	NM_007294.4:c.5116_5118delinsCGT	p.Gly1706Arg	missense	VUS	LP	2	8	MISSING_FUNCTIONAL	RESOLVED_NOT_BLOCKED	PM5:moderate;PS1:strong		neighbour_evidence
2020-01-01	2026-08-04	NM_007294.4:c.5116_5117delinsCT	p.Gly1706Leu	missense	VUS	VUS	2	4	MISSING_FUNCTIONAL	MISSING_FUNCTIONAL	PM5:moderate		neighbour_evidence
2020-01-01	2026-08-04	NM_007294.4:c.5116_5118delinsCTC	p.Gly1706Leu	missense	VUS	VUS	2	4	MISSING_FUNCTIONAL	MISSING_FUNCTIONAL	PM5:moderate		neighbour_evidence
2020-01-01	2026-08-04	NM_007294.4:c.5116_5118delinsCTG	p.Gly1706Leu	missense	VUS	VUS	2	4	MISSING_FUNCTIONAL	MISSING_FUNCTIONAL	PM5:moderate		neighbour_evidence
2020-01-01	2026-08-04	NM_007294.4:c.5116_5118delinsCTT	p.Gly1706Leu	missense	VUS	VUS	2	4	MISSING_FUNCTIONAL	MISSING_FUNCTIONAL	PM5:moderate		neighbour_evidence
2020-01-01	2026-08-04	NM_007294.4:c.5117_5118delinsAC	p.Gly1706Asp	missense	VUS	VUS	2	4	MISSING_FUNCTIONAL	MISSING_FUNCTIONAL	PM5:moderate		neighbour_evidence
2020-01-01	2026-08-04	NM_007294.4:c.5117_5118delinsAG	p.Gly1706Glu	missense	VUS	LP	2	8	MISSING_FUNCTIONAL	RESOLVED_NOT_BLOCKED	PM5:moderate;PS1:strong		neighbour_evidence
2020-01-01	2026-08-04	NM_007294.4:c.5117_5118delinsAT	p.Gly1706Asp	missense	VUS	VUS	2	4	MISSING_FUNCTIONAL	MISSING_FUNCTIONAL	PM5:moderate		neighbour_evidence
2020-01-01	2026-08-04	NM_007294.4:c.5117_5118delinsCC	p.Gly1706Ala	missense	VUS	VUS	2	4	MISSING_FUNCTIONAL	MISSING_FUNCTIONAL	PM5:moderate		neighbour_evidence
2020-01-01	2026-08-04	NM_007294.4:c.5117_5118delinsCG	p.Gly1706Ala	missense	VUS	VUS	2	4	MISSING_FUNCTIONAL	MISSING_FUNCTIONAL	PM5:moderate		neighbour_evidence
2020-01-01	2026-08-04	NM_007294.4:c.5117_5118delinsCT	p.Gly1706Ala	missense	VUS	VUS	2	4	MISSING_FUNCTIONAL	MISSING_FUNCTIONAL	PM5:moderate		neighbour_evidence
2020-01-01	2026-08-04	NM_007294.4:c.5117_5118delinsTC	p.Gly1706Val	missense	VUS	LP	2	8	MISSING_FUNCTIONAL	RESOLVED_NOT_BLOCKED	PM5:moderate;PS1:strong		neighbour_evidence
2020-01-01	2026-08-04	NM_007294.4:c.5117_5118delinsTG	p.Gly1706Val	missense	VUS	LP	2	8	MISSING_FUNCTIONAL	RESOLVED_NOT_BLOCKED	PM5:moderate;PS1:strong		neighbour_evidence
2020-01-01	2026-08-04	NM_007294.4:c.5117_5118delinsTT	p.Gly1706Val	missense	VUS	LP	2	8	MISSING_FUNCTIONAL	RESOLVED_NOT_BLOCKED	PM5:moderate;PS1:strong		neighbour_evidence
2020-01-01	2026-08-04	NM_007294.4:c.5116_5118delinsTAC	p.Gly1706Tyr	missense	VUS	VUS	2	4	MISSING_FUNCTIONAL	MISSING_FUNCTIONAL	PM5:moderate		neighbour_evidence
2020-01-01	2026-08-04	NM_007294.4:c.5116_5118delinsTAT	p.Gly1706Tyr	missense	VUS	VUS	2	4	MISSING_FUNCTIONAL	MISSING_FUNCTIONAL	PM5:moderate		neighbour_evidence
2020-01-01	2026-08-04	NM_007294.4:c.5116_5117delinsTC	p.Gly1706Ser	missense	VUS	VUS	2	4	MISSING_FUNCTIONAL	MISSING_FUNCTIONAL	PM5:moderate		neighbour_evidence
2020-01-01	2026-08-04	NM_007294.4:c.5116_5118delinsTCC	p.Gly1706Ser	missense	VUS	VUS	2	4	MISSING_FUNCTIONAL	MISSING_FUNCTIONAL	PM5:moderate		neighbour_evidence
2020-01-01	2026-08-04	NM_007294.4:c.5116_5118delinsTCG	p.Gly1706Ser	missense	VUS	VUS	2	4	MISSING_FUNCTIONAL	MISSING_FUNCTIONAL	PM5:moderate		neighbour_evidence
2020-01-01	2026-08-04	NM_007294.4:c.5116_5118delinsTCT	p.Gly1706Ser	missense	VUS	VUS	2	4	MISSING_FUNCTIONAL	MISSING_FUNCTIONAL	PM5:moderate		neighbour_evidence
2020-01-01	2026-08-04	NM_007294.4:c.5116_5118delinsTGC	p.Gly1706Cys	missense	VUS	VUS	2	4	MISSING_FUNCTIONAL	MISSING_FUNCTIONAL	PM5:moderate		neighbour_evidence
2020-01-01	2026-08-04	NM_007294.4:c.5116_5118delinsTGG	p.Gly1706Trp	missense	VUS	VUS	2	4	MISSING_FUNCTIONAL	MISSING_FUNCTIONAL	PM5:moderate		neighbour_evidence
2020-01-01	2026-08-04	NM_007294.4:c.5116_5118delinsTGT	p.Gly1706Cys	missense	VUS	VUS	2	4	MISSING_FUNCTIONAL	MISSING_FUNCTIONAL	PM5:moderate		neighbour_evidence
2020-01-01	2026-08-04	NM_007294.4:c.5116_5117delinsTT	p.Gly1706Leu	missense	VUS	VUS	2	4	MISSING_FUNCTIONAL	MISSING_FUNCTIONAL	PM5:moderate		neighbour_evidence
2020-01-01	2026-08-04	NM_007294.4:c.5116_5118delinsTTC	p.Gly1706Phe	missense	VUS	VUS	2	4	MISSING_FUNCTIONAL	MISSING_FUNCTIONAL	PM5:moderate		neighbour_evidence
2020-01-01	2026-08-04	NM_007294.4:c.5116_5118delinsTTG	p.Gly1706Leu	missense	VUS	VUS	2	4	MISSING_FUNCTIONAL	MISSING_FUNCTIONAL	PM5:moderate		neighbour_evidence
2020-01-01	2026-08-04	NM_007294.4:c.5116_5118delinsTTT	p.Gly1706Phe	missense	VUS	VUS	2	4	MISSING_FUNCTIONAL	MISSING_FUNCTIONAL	PM5:moderate		neighbour_evidence
2020-01-01	2026-08-04	NM_007294.4:c.5122_5124delinsAAA	p.Ala1708Lys	missense	VUS	VUS	2	4	MISSING_FUNCTIONAL	MISSING_FUNCTIONAL	PM5:moderate		neighbour_evidence
2020-01-01	2026-08-04	NM_007294.4:c.5122_5124delinsAAC	p.Ala1708Asn	missense	VUS	VUS	2	4	MISSING_FUNCTIONAL	MISSING_FUNCTIONAL	PM5:moderate		neighbour_evidence
2020-01-01	2026-08-04	NM_007294.4:c.5122_5123delinsAA	p.Ala1708Lys	missense	VUS	VUS	2	4	MISSING_FUNCTIONAL	MISSING_FUNCTIONAL	PM5:moderate		neighbour_evidence
2020-01-01	2026-08-04	NM_007294.4:c.5122_5124delinsAAT	p.Ala1708Asn	missense	VUS	VUS	2	4	MISSING_FUNCTIONAL	MISSING_FUNCTIONAL	PM5:moderate		neighbour_evidence
2020-01-01	2026-08-04	NM_007294.4:c.5122_5124delinsACA	p.Ala1708Thr	missense	VUS	VUS	2	4	MISSING_FUNCTIONAL	MISSING_FUNCTIONAL	PM5:moderate		neighbour_evidence
2020-01-01	2026-08-04	NM_007294.4:c.5122_5124delinsACC	p.Ala1708Thr	missense	VUS	VUS	2	4	MISSING_FUNCTIONAL	MISSING_FUNCTIONAL	PM5:moderate		neighbour_evidence
2020-01-01	2026-08-04	NM_007294.4:c.5122_5124delinsACT	p.Ala1708Thr	missense	VUS	VUS	2	4	MISSING_FUNCTIONAL	MISSING_FUNCTIONAL	PM5:moderate		neighbour_evidence
2020-01-01	2026-08-04	NM_007294.4:c.5122_5124delinsAGA	p.Ala1708Arg	missense	VUS	VUS	2	4	MISSING_FUNCTIONAL	MISSING_FUNCTIONAL	PM5:moderate		neighbour_evidence
2020-01-01	2026-08-04	NM_007294.4:c.5122_5124delinsAGC	p.Ala1708Ser	missense	VUS	VUS	2	4	MISSING_FUNCTIONAL	MISSING_FUNCTIONAL	PM5:moderate		neighbour_evidence
2020-01-01	2026-08-04	NM_007294.4:c.5122_5123delinsAG	p.Ala1708Arg	missense	VUS	VUS	2	4	MISSING_FUNCTIONAL	MISSING_FUNCTIONAL	PM5:moderate		neighbour_evidence
2020-01-01	2026-08-04	NM_007294.4:c.5122_5124delinsAGT	p.Ala1708Ser	missense	VUS	VUS	2	4	MISSING_FUNCTIONAL	MISSING_FUNCTIONAL	PM5:moderate		neighbour_evidence
2020-01-01	2026-08-04	NM_007294.4:c.5122_5124delinsATA	p.Ala1708Ile	missense	VUS	VUS	2	4	MISSING_FUNCTIONAL	MISSING_FUNCTIONAL	PM5:moderate		neighbour_evidence
2020-01-01	2026-08-04	NM_007294.4:c.5122_5124delinsATC	p.Ala1708Ile	missense	VUS	VUS	2	4	MISSING_FUNCTIONAL	MISSING_FUNCTIONAL	PM5:moderate		neighbour_evidence
2020-01-01	2026-08-04	NM_007294.4:c.5122_5123delinsAT	p.Ala1708Met	missense	VUS	VUS	2	4	MISSING_FUNCTIONAL	MISSING_FUNCTIONAL	PM5:moderate		neighbour_evidence
2020-01-01	2026-08-04	NM_007294.4:c.5122_5124delinsATT	p.Ala1708Ile	missense	VUS	VUS	2	4	MISSING_FUNCTIONAL	MISSING_FUNCTIONAL	PM5:moderate		neighbour_evidence
2020-01-01	2026-08-04	NM_007294.4:c.5122_5124delinsCAA	p.Ala1708Gln	missense	VUS	VUS	2	4	MISSING_FUNCTIONAL	MISSING_FUNCTIONAL	PM5:moderate		neighbour_evidence
2020-01-01	2026-08-04	NM_007294.4:c.5122_5124delinsCAC	p.Ala1708His	missense	VUS	VUS	2	4	MISSING_FUNCTIONAL	MISSING_FUNCTIONAL	PM5:moderate		neighbour_evidence
2020-01-01	2026-08-04	NM_007294.4:c.5122_5123delinsCA	p.Ala1708Gln	missense	VUS	VUS	2	4	MISSING_FUNCTIONAL	MISSING_FUNCTIONAL	PM5:moderate		neighbour_evidence
2020-01-01	2026-08-04	NM_007294.4:c.5122_5124delinsCAT	p.Ala1708His	missense	VUS	VUS	2	4	MISSING_FUNCTIONAL	MISSING_FUNCTIONAL	PM5:moderate		neighbour_evidence
2020-01-01	2026-08-04	NM_007294.4:c.5122_5124delinsCCA	p.Ala1708Pro	missense	VUS	VUS	2	4	MISSING_FUNCTIONAL	MISSING_FUNCTIONAL	PM5:moderate		neighbour_evidence
2020-01-01	2026-08-04	NM_007294.4:c.5122_5124delinsCCC	p.Ala1708Pro	missense	VUS	VUS	2	4	MISSING_FUNCTIONAL	MISSING_FUNCTIONAL	PM5:moderate		neighbour_evidence
2020-01-01	2026-08-04	NM_007294.4:c.5122_5124delinsCCT	p.Ala1708Pro	missense	VUS	VUS	2	4	MISSING_FUNCTIONAL	MISSING_FUNCTIONAL	PM5:moderate		neighbour_evidence
2020-01-01	2026-08-04	NM_007294.4:c.5122_5124delinsCGA	p.Ala1708Arg	missense	VUS	VUS	2	4	MISSING_FUNCTIONAL	MISSING_FUNCTIONAL	PM5:moderate		neighbour_evidence
2020-01-01	2026-08-04	NM_007294.4:c.5122_5124delinsCGC	p.Ala1708Arg	missense	VUS	VUS	2	4	MISSING_FUNCTIONAL	MISSING_FUNCTIONAL	PM5:moderate		neighbour_evidence
2020-01-01	2026-08-04	NM_007294.4:c.5122_5123delinsCG	p.Ala1708Arg	missense	VUS	VUS	2	4	MISSING_FUNCTIONAL	MISSING_FUNCTIONAL	PM5:moderate		neighbour_evidence
2020-01-01	2026-08-04	NM_007294.4:c.5122_5124delinsCGT	p.Ala1708Arg	missense	VUS	VUS	2	4	MISSING_FUNCTIONAL	MISSING_FUNCTIONAL	PM5:moderate		neighbour_evidence
2020-01-01	2026-08-04	NM_007294.4:c.5122_5124delinsCTA	p.Ala1708Leu	missense	VUS	VUS	2	4	MISSING_FUNCTIONAL	MISSING_FUNCTIONAL	PM5:moderate		neighbour_evidence
2020-01-01	2026-08-04	NM_007294.4:c.5122_5124delinsCTC	p.Ala1708Leu	missense	VUS	VUS	2	4	MISSING_FUNCTIONAL	MISSING_FUNCTIONAL	PM5:moderate		neighbour_evidence
2020-01-01	2026-08-04	NM_007294.4:c.5122_5123delinsCT	p.Ala1708Leu	missense	VUS	VUS	2	4	MISSING_FUNCTIONAL	MISSING_FUNCTIONAL	PM5:moderate		neighbour_evidence
2020-01-01	2026-08-04	NM_007294.4:c.5122_5124delinsCTT	p.Ala1708Leu	missense	VUS	VUS	2	4	MISSING_FUNCTIONAL	MISSING_FUNCTIONAL	PM5:moderate		neighbour_evidence
2020-01-01	2026-08-04	NM_007294.4:c.5123_5124delinsAA	p.Ala1708Glu	missense	VUS	LP	2	6	MISSING_FUNCTIONAL	RESOLVED_NOT_BLOCKED	PS1:strong		neighbour_evidence
2020-01-01	2026-08-04	NM_007294.4:c.5123_5124delinsAC	p.Ala1708Asp	missense	VUS	VUS	2	4	MISSING_FUNCTIONAL	MISSING_FUNCTIONAL	PM5:moderate		neighbour_evidence
2020-01-01	2026-08-04	NM_007294.4:c.5123_5124delinsAT	p.Ala1708Asp	missense	VUS	VUS	2	4	MISSING_FUNCTIONAL	MISSING_FUNCTIONAL	PM5:moderate		neighbour_evidence
2020-01-01	2026-08-04	NM_007294.4:c.5123_5124delinsGA	p.Ala1708Gly	missense	VUS	VUS	2	4	MISSING_FUNCTIONAL	MISSING_FUNCTIONAL	PM5:moderate		neighbour_evidence
2020-01-01	2026-08-04	NM_007294.4:c.5123_5124delinsGC	p.Ala1708Gly	missense	VUS	VUS	2	4	MISSING_FUNCTIONAL	MISSING_FUNCTIONAL	PM5:moderate		neighbour_evidence
2020-01-01	2026-08-04	NM_007294.4:c.5123_5124delinsGT	p.Ala1708Gly	missense	VUS	VUS	2	4	MISSING_FUNCTIONAL	MISSING_FUNCTIONAL	PM5:moderate		neighbour_evidence
2020-01-01	2026-08-04	NM_007294.4:c.5123_5124delinsTA	p.Ala1708Val	missense	VUS	VUS	2	4	MISSING_FUNCTIONAL	MISSING_FUNCTIONAL	PM5:moderate		neighbour_evidence
2020-01-01	2026-08-04	NM_007294.4:c.5123_5124delinsTC	p.Ala1708Val	missense	VUS	VUS	2	4	MISSING_FUNCTIONAL	MISSING_FUNCTIONAL	PM5:moderate		neighbour_evidence
2020-01-01	2026-08-04	NM_007294.4:c.5123_5124delinsTT	p.Ala1708Val	missense	VUS	VUS	2	4	MISSING_FUNCTIONAL	MISSING_FUNCTIONAL	PM5:moderate		neighbour_evidence
2020-01-01	2026-08-04	NM_007294.4:c.5122_5124delinsTAC	p.Ala1708Tyr	missense	VUS	VUS	2	4	MISSING_FUNCTIONAL	MISSING_FUNCTIONAL	PM5:moderate		neighbour_evidence
2020-01-01	2026-08-04	NM_007294.4:c.5122_5124delinsTAT	p.Ala1708Tyr	missense	VUS	VUS	2	4	MISSING_FUNCTIONAL	MISSING_FUNCTIONAL	PM5:moderate		neighbour_evidence
2020-01-01	2026-08-04	NM_007294.4:c.5122_5124delinsTCA	p.Ala1708Ser	missense	VUS	VUS	2	4	MISSING_FUNCTIONAL	MISSING_FUNCTIONAL	PM5:moderate		neighbour_evidence
2020-01-01	2026-08-04	NM_007294.4:c.5122_5124delinsTCC	p.Ala1708Ser	missense	VUS	VUS	2	4	MISSING_FUNCTIONAL	MISSING_FUNCTIONAL	PM5:moderate		neighbour_evidence
2020-01-01	2026-08-04	NM_007294.4:c.5122_5124delinsTCT	p.Ala1708Ser	missense	VUS	VUS	2	4	MISSING_FUNCTIONAL	MISSING_FUNCTIONAL	PM5:moderate		neighbour_evidence
2020-01-01	2026-08-04	NM_007294.4:c.5122_5124delinsTGC	p.Ala1708Cys	missense	VUS	VUS	2	4	MISSING_FUNCTIONAL	MISSING_FUNCTIONAL	PM5:moderate		neighbour_evidence
2020-01-01	2026-08-04	NM_007294.4:c.5122_5123delinsTG	p.Ala1708Trp	missense	VUS	VUS	2	4	MISSING_FUNCTIONAL	MISSING_FUNCTIONAL	PM5:moderate		neighbour_evidence
2020-01-01	2026-08-04	NM_007294.4:c.5122_5124delinsTGT	p.Ala1708Cys	missense	VUS	VUS	2	4	MISSING_FUNCTIONAL	MISSING_FUNCTIONAL	PM5:moderate		neighbour_evidence
2020-01-01	2026-08-04	NM_007294.4:c.5122_5124delinsTTA	p.Ala1708Leu	missense	VUS	VUS	2	4	MISSING_FUNCTIONAL	MISSING_FUNCTIONAL	PM5:moderate		neighbour_evidence
2020-01-01	2026-08-04	NM_007294.4:c.5122_5124delinsTTC	p.Ala1708Phe	missense	VUS	VUS	2	4	MISSING_FUNCTIONAL	MISSING_FUNCTIONAL	PM5:moderate		neighbour_evidence
2020-01-01	2026-08-04	NM_007294.4:c.5122_5123delinsTT	p.Ala1708Leu	missense	VUS	VUS	2	4	MISSING_FUNCTIONAL	MISSING_FUNCTIONAL	PM5:moderate		neighbour_evidence
2020-01-01	2026-08-04	NM_007294.4:c.5122_5124delinsTTT	p.Ala1708Phe	missense	VUS	VUS	2	4	MISSING_FUNCTIONAL	MISSING_FUNCTIONAL	PM5:moderate		neighbour_evidence
2020-01-01	2026-08-04	NM_007294.4:c.5132_5133delinsCC	p.Lys1711Thr	missense	VUS	VUS	2	4	MISSING_FUNCTIONAL	MISSING_FUNCTIONAL	PM5:moderate		neighbour_evidence
2020-01-01	2026-08-04	NM_007294.4:c.5132_5133delinsCG	p.Lys1711Thr	missense	VUS	VUS	2	4	MISSING_FUNCTIONAL	MISSING_FUNCTIONAL	PM5:moderate		neighbour_evidence
2020-01-01	2026-08-04	NM_007294.4:c.5132_5133delinsCT	p.Lys1711Thr	missense	VUS	VUS	2	4	MISSING_FUNCTIONAL	MISSING_FUNCTIONAL	PM5:moderate		neighbour_evidence
2020-01-01	2026-08-04	NM_007294.4:c.5132_5133delinsGC	p.Lys1711Ser	missense	VUS	VUS	2	4	MISSING_FUNCTIONAL	MISSING_FUNCTIONAL	PM5:moderate		neighbour_evidence
2020-01-01	2026-08-04	NM_007294.4:c.5132_5133delinsGG	p.Lys1711Arg	missense	VUS	VUS	2	4	MISSING_FUNCTIONAL	MISSING_FUNCTIONAL	PM5:moderate		neighbour_evidence
2020-01-01	2026-08-04	NM_007294.4:c.5132_5133delinsGT	p.Lys1711Ser	missense	VUS	VUS	2	4	MISSING_FUNCTIONAL	MISSING_FUNCTIONAL	PM5:moderate		neighbour_evidence
2020-01-01	2026-08-04	NM_007294.4:c.5132_5133delinsTC	p.Lys1711Ile	missense	VUS	VUS	2	4	MISSING_FUNCTIONAL	MISSING_FUNCTIONAL	PM5:moderate		neighbour_evidence
2020-01-01	2026-08-04	NM_007294.4:c.5132_5133delinsTG	p.Lys1711Met	missense	VUS	VUS	2	4	MISSING_FUNCTIONAL	MISSING_FUNCTIONAL	PM5:moderate		neighbour_evidence
2020-01-01	2026-08-04	NM_007294.4:c.5132_5133delinsTT	p.Lys1711Ile	missense	VUS	VUS	2	4	MISSING_FUNCTIONAL	MISSING_FUNCTIONAL	PM5:moderate		neighbour_evidence
2020-01-01	2026-08-04	NM_007294.4:c.5131_5133delinsCAC	p.Lys1711His	missense	VUS	VUS	2	4	MISSING_FUNCTIONAL	MISSING_FUNCTIONAL	PM5:moderate		neighbour_evidence
2020-01-01	2026-08-04	NM_007294.4:c.5131_5133delinsCAG	p.Lys1711Gln	missense	VUS	VUS	2	4	MISSING_FUNCTIONAL	MISSING_FUNCTIONAL	PM5:moderate		neighbour_evidence
2020-01-01	2026-08-04	NM_007294.4:c.5131_5133delinsCAT	p.Lys1711His	missense	VUS	VUS	2	4	MISSING_FUNCTIONAL	MISSING_FUNCTIONAL	PM5:moderate		neighbour_evidence
2020-01-01	2026-08-04	NM_007294.4:c.5131_5132delinsCC	p.Lys1711Pro	missense	VUS	VUS	2	4	MISSING_FUNCTIONAL	MISSING_FUNCTIONAL	PM5:moderate		neighbour_evidence
2020-01-01	2026-08-04	NM_007294.4:c.5131_5133delinsCCC	p.Lys1711Pro	missense	VUS	VUS	2	4	MISSING_FUNCTIONAL	MISSING_FUNCTIONAL	PM5:moderate		neighbour_evidence
2020-01-01	2026-08-04	NM_007294.4:c.5131_5133delinsCCG	p.Lys1711Pro	missense	VUS	VUS	2	4	MISSING_FUNCTIONAL	MISSING_FUNCTIONAL	PM5:moderate		neighbour_evidence
2020-01-01	2026-08-04	NM_007294.4:c.5131_5133delinsCCT	p.Lys1711Pro	missense	VUS	VUS	2	4	MISSING_FUNCTIONAL	MISSING_FUNCTIONAL	PM5:moderate		neighbour_evidence
2020-01-01	2026-08-04	NM_007294.4:c.5131_5132delinsCG	p.Lys1711Arg	missense	VUS	VUS	2	4	MISSING_FUNCTIONAL	MISSING_FUNCTIONAL	PM5:moderate		neighbour_evidence
2020-01-01	2026-08-04	NM_007294.4:c.5131_5133delinsCGC	p.Lys1711Arg	missense	VUS	VUS	2	4	MISSING_FUNCTIONAL	MISSING_FUNCTIONAL	PM5:moderate		neighbour_evidence
2020-01-01	2026-08-04	NM_007294.4:c.5131_5133delinsCGG	p.Lys1711Arg	missense	VUS	VUS	2	4	MISSING_FUNCTIONAL	MISSING_FUNCTIONAL	PM5:moderate		neighbour_evidence
2020-01-01	2026-08-04	NM_007294.4:c.5131_5133delinsCGT	p.Lys1711Arg	missense	VUS	VUS	2	4	MISSING_FUNCTIONAL	MISSING_FUNCTIONAL	PM5:moderate		neighbour_evidence
2020-01-01	2026-08-04	NM_007294.4:c.5131_5132delinsCT	p.Lys1711Leu	missense	VUS	VUS	2	4	MISSING_FUNCTIONAL	MISSING_FUNCTIONAL	PM5:moderate		neighbour_evidence
2020-01-01	2026-08-04	NM_007294.4:c.5131_5133delinsCTC	p.Lys1711Leu	missense	VUS	VUS	2	4	MISSING_FUNCTIONAL	MISSING_FUNCTIONAL	PM5:moderate		neighbour_evidence
2020-01-01	2026-08-04	NM_007294.4:c.5131_5133delinsCTG	p.Lys1711Leu	missense	VUS	VUS	2	4	MISSING_FUNCTIONAL	MISSING_FUNCTIONAL	PM5:moderate		neighbour_evidence
2020-01-01	2026-08-04	NM_007294.4:c.5131_5133delinsCTT	p.Lys1711Leu	missense	VUS	VUS	2	4	MISSING_FUNCTIONAL	MISSING_FUNCTIONAL	PM5:moderate		neighbour_evidence
2020-01-01	2026-08-04	NM_007294.4:c.5131_5133delinsGAC	p.Lys1711Asp	missense	VUS	VUS	2	4	MISSING_FUNCTIONAL	MISSING_FUNCTIONAL	PM5:moderate		neighbour_evidence
2020-01-01	2026-08-04	NM_007294.4:c.5131_5133delinsGAG	p.Lys1711Glu	missense	VUS	LP	2	6	MISSING_FUNCTIONAL	RESOLVED_NOT_BLOCKED	PS1:strong		neighbour_evidence
2020-01-01	2026-08-04	NM_007294.4:c.5131_5133delinsGAT	p.Lys1711Asp	missense	VUS	VUS	2	4	MISSING_FUNCTIONAL	MISSING_FUNCTIONAL	PM5:moderate		neighbour_evidence
2020-01-01	2026-08-04	NM_007294.4:c.5131_5132delinsGC	p.Lys1711Ala	missense	VUS	VUS	2	4	MISSING_FUNCTIONAL	MISSING_FUNCTIONAL	PM5:moderate		neighbour_evidence
2020-01-01	2026-08-04	NM_007294.4:c.5131_5133delinsGCC	p.Lys1711Ala	missense	VUS	VUS	2	4	MISSING_FUNCTIONAL	MISSING_FUNCTIONAL	PM5:moderate		neighbour_evidence
2020-01-01	2026-08-04	NM_007294.4:c.5131_5133delinsGCG	p.Lys1711Ala	missense	VUS	VUS	2	4	MISSING_FUNCTIONAL	MISSING_FUNCTIONAL	PM5:moderate		neighbour_evidence
2020-01-01	2026-08-04	NM_007294.4:c.5131_5133delinsGCT	p.Lys1711Ala	missense	VUS	VUS	2	4	MISSING_FUNCTIONAL	MISSING_FUNCTIONAL	PM5:moderate		neighbour_evidence
2020-01-01	2026-08-04	NM_007294.4:c.5131_5132delinsGG	p.Lys1711Gly	missense	VUS	VUS	2	4	MISSING_FUNCTIONAL	MISSING_FUNCTIONAL	PM5:moderate		neighbour_evidence
2020-01-01	2026-08-04	NM_007294.4:c.5131_5133delinsGGC	p.Lys1711Gly	missense	VUS	VUS	2	4	MISSING_FUNCTIONAL	MISSING_FUNCTIONAL	PM5:moderate		neighbour_evidence
2020-01-01	2026-08-04	NM_007294.4:c.5131_5133delinsGGG	p.Lys1711Gly	missense	VUS	VUS	2	4	MISSING_FUNCTIONAL	MISSING_FUNCTIONAL	PM5:moderate		neighbour_evidence
2020-01-01	2026-08-04	NM_007294.4:c.5131_5133delinsGGT	p.Lys1711Gly	missense	VUS	VUS	2	4	MISSING_FUNCTIONAL	MISSING_FUNCTIONAL	PM5:moderate		neighbour_evidence
2020-01-01	2026-08-04	NM_007294.4:c.5131_5132delinsGT	p.Lys1711Val	missense	VUS	VUS	2	4	MISSING_FUNCTIONAL	MISSING_FUNCTIONAL	PM5:moderate		neighbour_evidence
2020-01-01	2026-08-04	NM_007294.4:c.5131_5133delinsGTC	p.Lys1711Val	missense	VUS	VUS	2	4	MISSING_FUNCTIONAL	MISSING_FUNCTIONAL	PM5:moderate		neighbour_evidence
2020-01-01	2026-08-04	NM_007294.4:c.5131_5133delinsGTG	p.Lys1711Val	missense	VUS	VUS	2	4	MISSING_FUNCTIONAL	MISSING_FUNCTIONAL	PM5:moderate		neighbour_evidence
2020-01-01	2026-08-04	NM_007294.4:c.5131_5133delinsGTT	p.Lys1711Val	missense	VUS	VUS	2	4	MISSING_FUNCTIONAL	MISSING_FUNCTIONAL	PM5:moderate		neighbour_evidence
2020-01-01	2026-08-04	NM_007294.4:c.5131_5133delinsTAC	p.Lys1711Tyr	missense	VUS	VUS	2	4	MISSING_FUNCTIONAL	MISSING_FUNCTIONAL	PM5:moderate		neighbour_evidence
2020-01-01	2026-08-04	NM_007294.4:c.5131_5133delinsTAT	p.Lys1711Tyr	missense	VUS	VUS	2	4	MISSING_FUNCTIONAL	MISSING_FUNCTIONAL	PM5:moderate		neighbour_evidence
2020-01-01	2026-08-04	NM_007294.4:c.5131_5132delinsTC	p.Lys1711Ser	missense	VUS	VUS	2	4	MISSING_FUNCTIONAL	MISSING_FUNCTIONAL	PM5:moderate		neighbour_evidence
2020-01-01	2026-08-04	NM_007294.4:c.5131_5133delinsTCC	p.Lys1711Ser	missense	VUS	VUS	2	4	MISSING_FUNCTIONAL	MISSING_FUNCTIONAL	PM5:moderate		neighbour_evidence
2020-01-01	2026-08-04	NM_007294.4:c.5131_5133delinsTCG	p.Lys1711Ser	missense	VUS	VUS	2	4	MISSING_FUNCTIONAL	MISSING_FUNCTIONAL	PM5:moderate		neighbour_evidence
2020-01-01	2026-08-04	NM_007294.4:c.5131_5133delinsTCT	p.Lys1711Ser	missense	VUS	VUS	2	4	MISSING_FUNCTIONAL	MISSING_FUNCTIONAL	PM5:moderate		neighbour_evidence
2020-01-01	2026-08-04	NM_007294.4:c.5131_5133delinsTGC	p.Lys1711Cys	missense	VUS	VUS	2	4	MISSING_FUNCTIONAL	MISSING_FUNCTIONAL	PM5:moderate		neighbour_evidence
2020-01-01	2026-08-04	NM_007294.4:c.5131_5133delinsTGG	p.Lys1711Trp	missense	VUS	VUS	2	4	MISSING_FUNCTIONAL	MISSING_FUNCTIONAL	PM5:moderate		neighbour_evidence
2020-01-01	2026-08-04	NM_007294.4:c.5131_5133delinsTGT	p.Lys1711Cys	missense	VUS	VUS	2	4	MISSING_FUNCTIONAL	MISSING_FUNCTIONAL	PM5:moderate		neighbour_evidence
2020-01-01	2026-08-04	NM_007294.4:c.5131_5132delinsTT	p.Lys1711Leu	missense	VUS	VUS	2	4	MISSING_FUNCTIONAL	MISSING_FUNCTIONAL	PM5:moderate		neighbour_evidence
2020-01-01	2026-08-04	NM_007294.4:c.5131_5133delinsTTC	p.Lys1711Phe	missense	VUS	VUS	2	4	MISSING_FUNCTIONAL	MISSING_FUNCTIONAL	PM5:moderate		neighbour_evidence
2020-01-01	2026-08-04	NM_007294.4:c.5131_5133delinsTTG	p.Lys1711Leu	missense	VUS	VUS	2	4	MISSING_FUNCTIONAL	MISSING_FUNCTIONAL	PM5:moderate		neighbour_evidence
2020-01-01	2026-08-04	NM_007294.4:c.5131_5133delinsTTT	p.Lys1711Phe	missense	VUS	VUS	2	4	MISSING_FUNCTIONAL	MISSING_FUNCTIONAL	PM5:moderate		neighbour_evidence
2020-01-01	2026-08-04	NM_007294.4:c.5134_5136delinsAAA	p.Trp1712Lys	missense	VUS	VUS	2	4	MISSING_FUNCTIONAL	MISSING_FUNCTIONAL	PM5:moderate		neighbour_evidence
2020-01-01	2026-08-04	NM_007294.4:c.5134_5136delinsAAC	p.Trp1712Asn	missense	VUS	VUS	2	4	MISSING_FUNCTIONAL	MISSING_FUNCTIONAL	PM5:moderate		neighbour_evidence
2020-01-01	2026-08-04	NM_007294.4:c.5134_5135delinsAA	p.Trp1712Lys	missense	VUS	VUS	2	4	MISSING_FUNCTIONAL	MISSING_FUNCTIONAL	PM5:moderate		neighbour_evidence
2020-01-01	2026-08-04	NM_007294.4:c.5134_5136delinsAAT	p.Trp1712Asn	missense	VUS	VUS	2	4	MISSING_FUNCTIONAL	MISSING_FUNCTIONAL	PM5:moderate		neighbour_evidence
2020-01-01	2026-08-04	NM_007294.4:c.5134_5136delinsACA	p.Trp1712Thr	missense	VUS	VUS	2	4	MISSING_FUNCTIONAL	MISSING_FUNCTIONAL	PM5:moderate		neighbour_evidence
2020-01-01	2026-08-04	NM_007294.4:c.5134_5136delinsACC	p.Trp1712Thr	missense	VUS	VUS	2	4	MISSING_FUNCTIONAL	MISSING_FUNCTIONAL	PM5:moderate		neighbour_evidence
2020-01-01	2026-08-04	NM_007294.4:c.5134_5135delinsAC	p.Trp1712Thr	missense	VUS	VUS	2	4	MISSING_FUNCTIONAL	MISSING_FUNCTIONAL	PM5:moderate		neighbour_evidence
2020-01-01	2026-08-04	NM_007294.4:c.5134_5136delinsACT	p.Trp1712Thr	missense	VUS	VUS	2	4	MISSING_FUNCTIONAL	MISSING_FUNCTIONAL	PM5:moderate		neighbour_evidence
2020-01-01	2026-08-04	NM_007294.4:c.5134_5136delinsAGA	p.Trp1712Arg	missense	VUS	VUS	2	4	MISSING_FUNCTIONAL	MISSING_FUNCTIONAL	PM5:moderate		neighbour_evidence
2020-01-01	2026-08-04	NM_007294.4:c.5134_5136delinsAGC	p.Trp1712Ser	missense	VUS	VUS	2	4	MISSING_FUNCTIONAL	MISSING_FUNCTIONAL	PM5:moderate		neighbour_evidence
2020-01-01	2026-08-04	NM_007294.4:c.5134_5136delinsAGT	p.Trp1712Ser	missense	VUS	VUS	2	4	MISSING_FUNCTIONAL	MISSING_FUNCTIONAL	PM5:moderate		neighbour_evidence
2020-01-01	2026-08-04	NM_007294.4:c.5134_5136delinsATA	p.Trp1712Ile	missense	VUS	VUS	2	4	MISSING_FUNCTIONAL	MISSING_FUNCTIONAL	PM5:moderate		neighbour_evidence
2020-01-01	2026-08-04	NM_007294.4:c.5134_5136delinsATC	p.Trp1712Ile	missense	VUS	VUS	2	4	MISSING_FUNCTIONAL	MISSING_FUNCTIONAL	PM5:moderate		neighbour_evidence
2020-01-01	2026-08-04	NM_007294.4:c.5134_5135delinsAT	p.Trp1712Met	missense	VUS	VUS	2	4	MISSING_FUNCTIONAL	MISSING_FUNCTIONAL	PM5:moderate		neighbour_evidence
2020-01-01	2026-08-04	NM_007294.4:c.5134_5136delinsATT	p.Trp1712Ile	missense	VUS	VUS	2	4	MISSING_FUNCTIONAL	MISSING_FUNCTIONAL	PM5:moderate		neighbour_evidence
2020-01-01	2026-08-04	NM_007294.4:c.5134_5136delinsCAA	p.Trp1712Gln	missense	VUS	VUS	2	4	MISSING_FUNCTIONAL	MISSING_FUNCTIONAL	PM5:moderate		neighbour_evidence
2020-01-01	2026-08-04	NM_007294.4:c.5134_5136delinsCAC	p.Trp1712His	missense	VUS	VUS	2	4	MISSING_FUNCTIONAL	MISSING_FUNCTIONAL	PM5:moderate		neighbour_evidence
2020-01-01	2026-08-04	NM_007294.4:c.5134_5135delinsCA	p.Trp1712Gln	missense	VUS	VUS	2	4	MISSING_FUNCTIONAL	MISSING_FUNCTIONAL	PM5:moderate		neighbour_evidence
2020-01-01	2026-08-04	NM_007294.4:c.5134_5136delinsCAT	p.Trp1712His	missense	VUS	VUS	2	4	MISSING_FUNCTIONAL	MISSING_FUNCTIONAL	PM5:moderate		neighbour_evidence
2020-01-01	2026-08-04	NM_007294.4:c.5134_5136delinsCCA	p.Trp1712Pro	missense	VUS	VUS	2	4	MISSING_FUNCTIONAL	MISSING_FUNCTIONAL	PM5:moderate		neighbour_evidence
2020-01-01	2026-08-04	NM_007294.4:c.5134_5136delinsCCC	p.Trp1712Pro	missense	VUS	VUS	2	4	MISSING_FUNCTIONAL	MISSING_FUNCTIONAL	PM5:moderate		neighbour_evidence
2020-01-01	2026-08-04	NM_007294.4:c.5134_5135delinsCC	p.Trp1712Pro	missense	VUS	VUS	2	4	MISSING_FUNCTIONAL	MISSING_FUNCTIONAL	PM5:moderate		neighbour_evidence
2020-01-01	2026-08-04	NM_007294.4:c.5134_5136delinsCCT	p.Trp1712Pro	missense	VUS	VUS	2	4	MISSING_FUNCTIONAL	MISSING_FUNCTIONAL	PM5:moderate		neighbour_evidence
2020-01-01	2026-08-04	NM_007294.4:c.5134_5136delinsCGA	p.Trp1712Arg	missense	VUS	VUS	2	4	MISSING_FUNCTIONAL	MISSING_FUNCTIONAL	PM5:moderate		neighbour_evidence
2020-01-01	2026-08-04	NM_007294.4:c.5134_5136delinsCGC	p.Trp1712Arg	missense	VUS	VUS	2	4	MISSING_FUNCTIONAL	MISSING_FUNCTIONAL	PM5:moderate		neighbour_evidence
2020-01-01	2026-08-04	NM_007294.4:c.5134_5136delinsCGT	p.Trp1712Arg	missense	VUS	VUS	2	4	MISSING_FUNCTIONAL	MISSING_FUNCTIONAL	PM5:moderate		neighbour_evidence
2020-01-01	2026-08-04	NM_007294.4:c.5134_5136delinsCTA	p.Trp1712Leu	missense	VUS	VUS	2	4	MISSING_FUNCTIONAL	MISSING_FUNCTIONAL	PM5:moderate		neighbour_evidence
2020-01-01	2026-08-04	NM_007294.4:c.5134_5136delinsCTC	p.Trp1712Leu	missense	VUS	VUS	2	4	MISSING_FUNCTIONAL	MISSING_FUNCTIONAL	PM5:moderate		neighbour_evidence
2020-01-01	2026-08-04	NM_007294.4:c.5134_5135delinsCT	p.Trp1712Leu	missense	VUS	VUS	2	4	MISSING_FUNCTIONAL	MISSING_FUNCTIONAL	PM5:moderate		neighbour_evidence
2020-01-01	2026-08-04	NM_007294.4:c.5134_5136delinsCTT	p.Trp1712Leu	missense	VUS	VUS	2	4	MISSING_FUNCTIONAL	MISSING_FUNCTIONAL	PM5:moderate		neighbour_evidence
2020-01-01	2026-08-04	NM_007294.4:c.5134_5136delinsGAA	p.Trp1712Glu	missense	VUS	VUS	2	4	MISSING_FUNCTIONAL	MISSING_FUNCTIONAL	PM5:moderate		neighbour_evidence
2020-01-01	2026-08-04	NM_007294.4:c.5134_5136delinsGAC	p.Trp1712Asp	missense	VUS	VUS	2	4	MISSING_FUNCTIONAL	MISSING_FUNCTIONAL	PM5:moderate		neighbour_evidence
2020-01-01	2026-08-04	NM_007294.4:c.5134_5135delinsGA	p.Trp1712Glu	missense	VUS	VUS	2	4	MISSING_FUNCTIONAL	MISSING_FUNCTIONAL	PM5:moderate		neighbour_evidence
2020-01-01	2026-08-04	NM_007294.4:c.5134_5136delinsGAT	p.Trp1712Asp	missense	VUS	VUS	2	4	MISSING_FUNCTIONAL	MISSING_FUNCTIONAL	PM5:moderate		neighbour_evidence
2020-01-01	2026-08-04	NM_007294.4:c.5134_5136delinsGCA	p.Trp1712Ala	missense	VUS	VUS	2	4	MISSING_FUNCTIONAL	MISSING_FUNCTIONAL	PM5:moderate		neighbour_evidence
2020-01-01	2026-08-04	NM_007294.4:c.5134_5136delinsGCC	p.Trp1712Ala	missense	VUS	VUS	2	4	MISSING_FUNCTIONAL	MISSING_FUNCTIONAL	PM5:moderate		neighbour_evidence
2020-01-01	2026-08-04	NM_007294.4:c.5134_5135delinsGC	p.Trp1712Ala	missense	VUS	VUS	2	4	MISSING_FUNCTIONAL	MISSING_FUNCTIONAL	PM5:moderate		neighbour_evidence
2020-01-01	2026-08-04	NM_007294.4:c.5134_5136delinsGCT	p.Trp1712Ala	missense	VUS	VUS	2	4	MISSING_FUNCTIONAL	MISSING_FUNCTIONAL	PM5:moderate		neighbour_evidence
2020-01-01	2026-08-04	NM_007294.4:c.5134_5136delinsGGA	p.Trp1712Gly	missense	VUS	LP	2	6	MISSING_FUNCTIONAL	RESOLVED_NOT_BLOCKED	PS1:strong		neighbour_evidence
2020-01-01	2026-08-04	NM_007294.4:c.5134_5136delinsGGC	p.Trp1712Gly	missense	VUS	LP	2	6	MISSING_FUNCTIONAL	RESOLVED_NOT_BLOCKED	PS1:strong		neighbour_evidence
2020-01-01	2026-08-04	NM_007294.4:c.5134_5136delinsGGT	p.Trp1712Gly	missense	VUS	LP	2	6	MISSING_FUNCTIONAL	RESOLVED_NOT_BLOCKED	PS1:strong		neighbour_evidence
2020-01-01	2026-08-04	NM_007294.4:c.5134_5136delinsGTA	p.Trp1712Val	missense	VUS	VUS	2	4	MISSING_FUNCTIONAL	MISSING_FUNCTIONAL	PM5:moderate		neighbour_evidence
2020-01-01	2026-08-04	NM_007294.4:c.5134_5136delinsGTC	p.Trp1712Val	missense	VUS	VUS	2	4	MISSING_FUNCTIONAL	MISSING_FUNCTIONAL	PM5:moderate		neighbour_evidence
2020-01-01	2026-08-04	NM_007294.4:c.5134_5135delinsGT	p.Trp1712Val	missense	VUS	VUS	2	4	MISSING_FUNCTIONAL	MISSING_FUNCTIONAL	PM5:moderate		neighbour_evidence
2020-01-01	2026-08-04	NM_007294.4:c.5134_5136delinsGTT	p.Trp1712Val	missense	VUS	VUS	2	4	MISSING_FUNCTIONAL	MISSING_FUNCTIONAL	PM5:moderate		neighbour_evidence
2020-01-01	2026-08-04	NM_007294.4:c.5135_5136delinsAC	p.Trp1712Tyr	missense	VUS	VUS	2	4	MISSING_FUNCTIONAL	MISSING_FUNCTIONAL	PM5:moderate		neighbour_evidence
2020-01-01	2026-08-04	NM_007294.4:c.5135_5136delinsAT	p.Trp1712Tyr	missense	VUS	VUS	2	4	MISSING_FUNCTIONAL	MISSING_FUNCTIONAL	PM5:moderate		neighbour_evidence
2020-01-01	2026-08-04	NM_007294.4:c.5135_5136delinsCA	p.Trp1712Ser	missense	VUS	VUS	2	4	MISSING_FUNCTIONAL	MISSING_FUNCTIONAL	PM5:moderate		neighbour_evidence
2020-01-01	2026-08-04	NM_007294.4:c.5135_5136delinsCC	p.Trp1712Ser	missense	VUS	VUS	2	4	MISSING_FUNCTIONAL	MISSING_FUNCTIONAL	PM5:moderate		neighbour_evidence
2020-01-01	2026-08-04	NM_007294.4:c.5135_5136delinsCT	p.Trp1712Ser	missense	VUS	VUS	2	4	MISSING_FUNCTIONAL	MISSING_FUNCTIONAL	PM5:moderate		neighbour_evidence
2020-01-01	2026-08-04	NM_007294.4:c.5135_5136delinsTA	p.Trp1712Leu	missense	VUS	VUS	2	4	MISSING_FUNCTIONAL	MISSING_FUNCTIONAL	PM5:moderate		neighbour_evidence
2020-01-01	2026-08-04	NM_007294.4:c.5135_5136delinsTC	p.Trp1712Phe	missense	VUS	VUS	2	4	MISSING_FUNCTIONAL	MISSING_FUNCTIONAL	PM5:moderate		neighbour_evidence
2020-01-01	2026-08-04	NM_007294.4:c.5135_5136delinsTT	p.Trp1712Phe	missense	VUS	VUS	2	4	MISSING_FUNCTIONAL	MISSING_FUNCTIONAL	PM5:moderate		neighbour_evidence
2020-01-01	2026-08-04	NM_007294.4:c.5137_5138delinsAA	p.Val1713Lys	missense	VUS	VUS	2	4	MISSING_FUNCTIONAL	MISSING_FUNCTIONAL	PM5:moderate		neighbour_evidence
2020-01-01	2026-08-04	NM_007294.4:c.5137_5139delinsAAC	p.Val1713Asn	missense	VUS	VUS	2	4	MISSING_FUNCTIONAL	MISSING_FUNCTIONAL	PM5:moderate		neighbour_evidence
2020-01-01	2026-08-04	NM_007294.4:c.5137_5139delinsAAG	p.Val1713Lys	missense	VUS	VUS	2	4	MISSING_FUNCTIONAL	MISSING_FUNCTIONAL	PM5:moderate		neighbour_evidence
2020-01-01	2026-08-04	NM_007294.4:c.5137_5139delinsAAT	p.Val1713Asn	missense	VUS	VUS	2	4	MISSING_FUNCTIONAL	MISSING_FUNCTIONAL	PM5:moderate		neighbour_evidence
2020-01-01	2026-08-04	NM_007294.4:c.5137_5138delinsAC	p.Val1713Thr	missense	VUS	VUS	2	4	MISSING_FUNCTIONAL	MISSING_FUNCTIONAL	PM5:moderate		neighbour_evidence
2020-01-01	2026-08-04	NM_007294.4:c.5137_5139delinsACC	p.Val1713Thr	missense	VUS	VUS	2	4	MISSING_FUNCTIONAL	MISSING_FUNCTIONAL	PM5:moderate		neighbour_evidence
2020-01-01	2026-08-04	NM_007294.4:c.5137_5139delinsACG	p.Val1713Thr	missense	VUS	VUS	2	4	MISSING_FUNCTIONAL	MISSING_FUNCTIONAL	PM5:moderate		neighbour_evidence
2020-01-01	2026-08-04	NM_007294.4:c.5137_5139delinsACT	p.Val1713Thr	missense	VUS	VUS	2	4	MISSING_FUNCTIONAL	MISSING_FUNCTIONAL	PM5:moderate		neighbour_evidence
2020-01-01	2026-08-04	NM_007294.4:c.5137_5138delinsAG	p.Val1713Arg	missense	VUS	VUS	2	4	MISSING_FUNCTIONAL	MISSING_FUNCTIONAL	PM5:moderate		neighbour_evidence
2020-01-01	2026-08-04	NM_007294.4:c.5137_5139delinsAGC	p.Val1713Ser	missense	VUS	VUS	2	4	MISSING_FUNCTIONAL	MISSING_FUNCTIONAL	PM5:moderate		neighbour_evidence
2020-01-01	2026-08-04	NM_007294.4:c.5137_5139delinsAGG	p.Val1713Arg	missense	VUS	VUS	2	4	MISSING_FUNCTIONAL	MISSING_FUNCTIONAL	PM5:moderate		neighbour_evidence
2020-01-01	2026-08-04	NM_007294.4:c.5137_5139delinsAGT	p.Val1713Ser	missense	VUS	VUS	2	4	MISSING_FUNCTIONAL	MISSING_FUNCTIONAL	PM5:moderate		neighbour_evidence
2020-01-01	2026-08-04	NM_007294.4:c.5137_5139delinsATC	p.Val1713Ile	missense	VUS	VUS	2	4	MISSING_FUNCTIONAL	MISSING_FUNCTIONAL	PM5:moderate		neighbour_evidence
2020-01-01	2026-08-04	NM_007294.4:c.5137_5139delinsATG	p.Val1713Met	missense	VUS	VUS	2	4	MISSING_FUNCTIONAL	MISSING_FUNCTIONAL	PM5:moderate		neighbour_evidence
2020-01-01	2026-08-04	NM_007294.4:c.5137_5139delinsATT	p.Val1713Ile	missense	VUS	VUS	2	4	MISSING_FUNCTIONAL	MISSING_FUNCTIONAL	PM5:moderate		neighbour_evidence
2020-01-01	2026-08-04	NM_007294.4:c.5137_5138delinsCA	p.Val1713Gln	missense	VUS	VUS	2	4	MISSING_FUNCTIONAL	MISSING_FUNCTIONAL	PM5:moderate		neighbour_evidence
2020-01-01	2026-08-04	NM_007294.4:c.5137_5139delinsCAC	p.Val1713His	missense	VUS	VUS	2	4	MISSING_FUNCTIONAL	MISSING_FUNCTIONAL	PM5:moderate		neighbour_evidence
2020-01-01	2026-08-04	NM_007294.4:c.5137_5139delinsCAG	p.Val1713Gln	missense	VUS	VUS	2	4	MISSING_FUNCTIONAL	MISSING_FUNCTIONAL	PM5:moderate		neighbour_evidence
2020-01-01	2026-08-04	NM_007294.4:c.5137_5139delinsCAT	p.Val1713His	missense	VUS	VUS	2	4	MISSING_FUNCTIONAL	MISSING_FUNCTIONAL	PM5:moderate		neighbour_evidence
2020-01-01	2026-08-04	NM_007294.4:c.5137_5138delinsCC	p.Val1713Pro	missense	VUS	VUS	2	4	MISSING_FUNCTIONAL	MISSING_FUNCTIONAL	PM5:moderate		neighbour_evidence
2020-01-01	2026-08-04	NM_007294.4:c.5137_5139delinsCCC	p.Val1713Pro	missense	VUS	VUS	2	4	MISSING_FUNCTIONAL	MISSING_FUNCTIONAL	PM5:moderate		neighbour_evidence
2020-01-01	2026-08-04	NM_007294.4:c.5137_5139delinsCCG	p.Val1713Pro	missense	VUS	VUS	2	4	MISSING_FUNCTIONAL	MISSING_FUNCTIONAL	PM5:moderate		neighbour_evidence
2020-01-01	2026-08-04	NM_007294.4:c.5137_5139delinsCCT	p.Val1713Pro	missense	VUS	VUS	2	4	MISSING_FUNCTIONAL	MISSING_FUNCTIONAL	PM5:moderate		neighbour_evidence
2020-01-01	2026-08-04	NM_007294.4:c.5137_5138delinsCG	p.Val1713Arg	missense	VUS	VUS	2	4	MISSING_FUNCTIONAL	MISSING_FUNCTIONAL	PM5:moderate		neighbour_evidence
2020-01-01	2026-08-04	NM_007294.4:c.5137_5139delinsCGC	p.Val1713Arg	missense	VUS	VUS	2	4	MISSING_FUNCTIONAL	MISSING_FUNCTIONAL	PM5:moderate		neighbour_evidence
2020-01-01	2026-08-04	NM_007294.4:c.5137_5139delinsCGG	p.Val1713Arg	missense	VUS	VUS	2	4	MISSING_FUNCTIONAL	MISSING_FUNCTIONAL	PM5:moderate		neighbour_evidence
2020-01-01	2026-08-04	NM_007294.4:c.5137_5139delinsCGT	p.Val1713Arg	missense	VUS	VUS	2	4	MISSING_FUNCTIONAL	MISSING_FUNCTIONAL	PM5:moderate		neighbour_evidence
2020-01-01	2026-08-04	NM_007294.4:c.5137_5139delinsCTC	p.Val1713Leu	missense	VUS	LP	2	8	MISSING_FUNCTIONAL	RESOLVED_NOT_BLOCKED	PM5:moderate;PS1:strong		neighbour_evidence
2020-01-01	2026-08-04	NM_007294.4:c.5137_5139delinsCTG	p.Val1713Leu	missense	VUS	LP	2	8	MISSING_FUNCTIONAL	RESOLVED_NOT_BLOCKED	PM5:moderate;PS1:strong		neighbour_evidence
2020-01-01	2026-08-04	NM_007294.4:c.5137_5139delinsCTT	p.Val1713Leu	missense	VUS	LP	2	8	MISSING_FUNCTIONAL	RESOLVED_NOT_BLOCKED	PM5:moderate;PS1:strong		neighbour_evidence
2020-01-01	2026-08-04	NM_007294.4:c.5138_5139delinsAC	p.Val1713Asp	missense	VUS	VUS	2	4	MISSING_FUNCTIONAL	MISSING_FUNCTIONAL	PM5:moderate		neighbour_evidence
2020-01-01	2026-08-04	NM_007294.4:c.5138_5139delinsAG	p.Val1713Glu	missense	VUS	VUS	2	4	MISSING_FUNCTIONAL	MISSING_FUNCTIONAL	PM5:moderate		neighbour_evidence
2020-01-01	2026-08-04	NM_007294.4:c.5138_5139delinsAT	p.Val1713Asp	missense	VUS	VUS	2	4	MISSING_FUNCTIONAL	MISSING_FUNCTIONAL	PM5:moderate		neighbour_evidence
2020-01-01	2026-08-04	NM_007294.4:c.5138_5139delinsCC	p.Val1713Ala	missense	VUS	LP	2	8	MISSING_FUNCTIONAL	RESOLVED_NOT_BLOCKED	PM5:moderate;PS1:strong		neighbour_evidence
2020-01-01	2026-08-04	NM_007294.4:c.5138_5139delinsCG	p.Val1713Ala	missense	VUS	LP	2	8	MISSING_FUNCTIONAL	RESOLVED_NOT_BLOCKED	PM5:moderate;PS1:strong		neighbour_evidence
2020-01-01	2026-08-04	NM_007294.4:c.5138_5139delinsCT	p.Val1713Ala	missense	VUS	LP	2	8	MISSING_FUNCTIONAL	RESOLVED_NOT_BLOCKED	PM5:moderate;PS1:strong		neighbour_evidence
2020-01-01	2026-08-04	NM_007294.4:c.5138_5139delinsGC	p.Val1713Gly	missense	VUS	LP	2	8	MISSING_FUNCTIONAL	RESOLVED_NOT_BLOCKED	PM5:moderate;PS1:strong		neighbour_evidence
2020-01-01	2026-08-04	NM_007294.4:c.5138_5139delinsGG	p.Val1713Gly	missense	VUS	LP	2	8	MISSING_FUNCTIONAL	RESOLVED_NOT_BLOCKED	PM5:moderate;PS1:strong		neighbour_evidence
2020-01-01	2026-08-04	NM_007294.4:c.5138_5139delinsGT	p.Val1713Gly	missense	VUS	LP	2	8	MISSING_FUNCTIONAL	RESOLVED_NOT_BLOCKED	PM5:moderate;PS1:strong		neighbour_evidence
2020-01-01	2026-08-04	NM_007294.4:c.5137_5139delinsTAC	p.Val1713Tyr	missense	VUS	VUS	2	4	MISSING_FUNCTIONAL	MISSING_FUNCTIONAL	PM5:moderate		neighbour_evidence
2020-01-01	2026-08-04	NM_007294.4:c.5137_5139delinsTAT	p.Val1713Tyr	missense	VUS	VUS	2	4	MISSING_FUNCTIONAL	MISSING_FUNCTIONAL	PM5:moderate		neighbour_evidence
2020-01-01	2026-08-04	NM_007294.4:c.5137_5138delinsTC	p.Val1713Ser	missense	VUS	VUS	2	4	MISSING_FUNCTIONAL	MISSING_FUNCTIONAL	PM5:moderate		neighbour_evidence
2020-01-01	2026-08-04	NM_007294.4:c.5137_5139delinsTCC	p.Val1713Ser	missense	VUS	VUS	2	4	MISSING_FUNCTIONAL	MISSING_FUNCTIONAL	PM5:moderate		neighbour_evidence
2020-01-01	2026-08-04	NM_007294.4:c.5137_5139delinsTCG	p.Val1713Ser	missense	VUS	VUS	2	4	MISSING_FUNCTIONAL	MISSING_FUNCTIONAL	PM5:moderate		neighbour_evidence
2020-01-01	2026-08-04	NM_007294.4:c.5137_5139delinsTCT	p.Val1713Ser	missense	VUS	VUS	2	4	MISSING_FUNCTIONAL	MISSING_FUNCTIONAL	PM5:moderate		neighbour_evidence
2020-01-01	2026-08-04	NM_007294.4:c.5137_5139delinsTGC	p.Val1713Cys	missense	VUS	VUS	2	4	MISSING_FUNCTIONAL	MISSING_FUNCTIONAL	PM5:moderate		neighbour_evidence
2020-01-01	2026-08-04	NM_007294.4:c.5137_5139delinsTGG	p.Val1713Trp	missense	VUS	VUS	2	4	MISSING_FUNCTIONAL	MISSING_FUNCTIONAL	PM5:moderate		neighbour_evidence
2020-01-01	2026-08-04	NM_007294.4:c.5137_5139delinsTGT	p.Val1713Cys	missense	VUS	VUS	2	4	MISSING_FUNCTIONAL	MISSING_FUNCTIONAL	PM5:moderate		neighbour_evidence
2020-01-01	2026-08-04	NM_007294.4:c.5137_5139delinsTTC	p.Val1713Phe	missense	VUS	VUS	2	4	MISSING_FUNCTIONAL	MISSING_FUNCTIONAL	PM5:moderate		neighbour_evidence
2020-01-01	2026-08-04	NM_007294.4:c.5137_5139delinsTTG	p.Val1713Leu	missense	VUS	LP	2	8	MISSING_FUNCTIONAL	RESOLVED_NOT_BLOCKED	PM5:moderate;PS1:strong		neighbour_evidence
2020-01-01	2026-08-04	NM_007294.4:c.5137_5139delinsTTT	p.Val1713Phe	missense	VUS	VUS	2	4	MISSING_FUNCTIONAL	MISSING_FUNCTIONAL	PM5:moderate		neighbour_evidence
2020-01-01	2026-08-04	NM_007294.4:c.5140_5142delinsAAA	p.Val1714Lys	missense	VUS	VUS	2	4	MISSING_FUNCTIONAL	MISSING_FUNCTIONAL	PM5:moderate		neighbour_evidence
2020-01-01	2026-08-04	NM_007294.4:c.5140_5142delinsAAC	p.Val1714Asn	missense	VUS	VUS	2	4	MISSING_FUNCTIONAL	MISSING_FUNCTIONAL	PM5:moderate		neighbour_evidence
2020-01-01	2026-08-04	NM_007294.4:c.5140_5142delinsAAG	p.Val1714Lys	missense	VUS	VUS	2	4	MISSING_FUNCTIONAL	MISSING_FUNCTIONAL	PM5:moderate		neighbour_evidence
2020-01-01	2026-08-04	NM_007294.4:c.5140_5141delinsAA	p.Val1714Asn	missense	VUS	VUS	2	4	MISSING_FUNCTIONAL	MISSING_FUNCTIONAL	PM5:moderate		neighbour_evidence
2020-01-01	2026-08-04	NM_007294.4:c.5140_5142delinsACA	p.Val1714Thr	missense	VUS	VUS	2	4	MISSING_FUNCTIONAL	MISSING_FUNCTIONAL	PM5:moderate		neighbour_evidence
2020-01-01	2026-08-04	NM_007294.4:c.5140_5142delinsACC	p.Val1714Thr	missense	VUS	VUS	2	4	MISSING_FUNCTIONAL	MISSING_FUNCTIONAL	PM5:moderate		neighbour_evidence
2020-01-01	2026-08-04	NM_007294.4:c.5140_5142delinsACG	p.Val1714Thr	missense	VUS	VUS	2	4	MISSING_FUNCTIONAL	MISSING_FUNCTIONAL	PM5:moderate		neighbour_evidence
2020-01-01	2026-08-04	NM_007294.4:c.5140_5141delinsAC	p.Val1714Thr	missense	VUS	VUS	2	4	MISSING_FUNCTIONAL	MISSING_FUNCTIONAL	PM5:moderate		neighbour_evidence
2020-01-01	2026-08-04	NM_007294.4:c.5140_5142delinsAGA	p.Val1714Arg	missense	VUS	VUS	2	4	MISSING_FUNCTIONAL	MISSING_FUNCTIONAL	PM5:moderate		neighbour_evidence
2020-01-01	2026-08-04	NM_007294.4:c.5140_5142delinsAGC	p.Val1714Ser	missense	VUS	VUS	2	4	MISSING_FUNCTIONAL	MISSING_FUNCTIONAL	PM5:moderate		neighbour_evidence
2020-01-01	2026-08-04	NM_007294.4:c.5140_5142delinsAGG	p.Val1714Arg	missense	VUS	VUS	2	4	MISSING_FUNCTIONAL	MISSING_FUNCTIONAL	PM5:moderate		neighbour_evidence
2020-01-01	2026-08-04	NM_007294.4:c.5140_5141delinsAG	p.Val1714Ser	missense	VUS	VUS	2	4	MISSING_FUNCTIONAL	MISSING_FUNCTIONAL	PM5:moderate		neighbour_evidence
2020-01-01	2026-08-04	NM_007294.4:c.5140_5142delinsATA	p.Val1714Ile	missense	VUS	VUS	2	4	MISSING_FUNCTIONAL	MISSING_FUNCTIONAL	PM5:moderate		neighbour_evidence
2020-01-01	2026-08-04	NM_007294.4:c.5140_5142delinsATC	p.Val1714Ile	missense	VUS	VUS	2	4	MISSING_FUNCTIONAL	MISSING_FUNCTIONAL	PM5:moderate		neighbour_evidence
2020-01-01	2026-08-04	NM_007294.4:c.5140_5142delinsATG	p.Val1714Met	missense	VUS	VUS	2	4	MISSING_FUNCTIONAL	MISSING_FUNCTIONAL	PM5:moderate		neighbour_evidence
2020-01-01	2026-08-04	NM_007294.4:c.5140_5142delinsCAA	p.Val1714Gln	missense	VUS	VUS	2	4	MISSING_FUNCTIONAL	MISSING_FUNCTIONAL	PM5:moderate		neighbour_evidence
2020-01-01	2026-08-04	NM_007294.4:c.5140_5142delinsCAC	p.Val1714His	missense	VUS	VUS	2	4	MISSING_FUNCTIONAL	MISSING_FUNCTIONAL	PM5:moderate		neighbour_evidence
2020-01-01	2026-08-04	NM_007294.4:c.5140_5142delinsCAG	p.Val1714Gln	missense	VUS	VUS	2	4	MISSING_FUNCTIONAL	MISSING_FUNCTIONAL	PM5:moderate		neighbour_evidence
2020-01-01	2026-08-04	NM_007294.4:c.5140_5141delinsCA	p.Val1714His	missense	VUS	VUS	2	4	MISSING_FUNCTIONAL	MISSING_FUNCTIONAL	PM5:moderate		neighbour_evidence
2020-01-01	2026-08-04	NM_007294.4:c.5140_5142delinsCCA	p.Val1714Pro	missense	VUS	VUS	2	4	MISSING_FUNCTIONAL	MISSING_FUNCTIONAL	PM5:moderate		neighbour_evidence
2020-01-01	2026-08-04	NM_007294.4:c.5140_5142delinsCCC	p.Val1714Pro	missense	VUS	VUS	2	4	MISSING_FUNCTIONAL	MISSING_FUNCTIONAL	PM5:moderate		neighbour_evidence
2020-01-01	2026-08-04	NM_007294.4:c.5140_5142delinsCCG	p.Val1714Pro	missense	VUS	VUS	2	4	MISSING_FUNCTIONAL	MISSING_FUNCTIONAL	PM5:moderate		neighbour_evidence
2020-01-01	2026-08-04	NM_007294.4:c.5140_5141delinsCC	p.Val1714Pro	missense	VUS	VUS	2	4	MISSING_FUNCTIONAL	MISSING_FUNCTIONAL	PM5:moderate		neighbour_evidence
2020-01-01	2026-08-04	NM_007294.4:c.5140_5142delinsCGA	p.Val1714Arg	missense	VUS	VUS	2	4	MISSING_FUNCTIONAL	MISSING_FUNCTIONAL	PM5:moderate		neighbour_evidence
2020-01-01	2026-08-04	NM_007294.4:c.5140_5142delinsCGC	p.Val1714Arg	missense	VUS	VUS	2	4	MISSING_FUNCTIONAL	MISSING_FUNCTIONAL	PM5:moderate		neighbour_evidence
2020-01-01	2026-08-04	NM_007294.4:c.5140_5142delinsCGG	p.Val1714Arg	missense	VUS	VUS	2	4	MISSING_FUNCTIONAL	MISSING_FUNCTIONAL	PM5:moderate		neighbour_evidence
2020-01-01	2026-08-04	NM_007294.4:c.5140_5141delinsCG	p.Val1714Arg	missense	VUS	VUS	2	4	MISSING_FUNCTIONAL	MISSING_FUNCTIONAL	PM5:moderate		neighbour_evidence
2020-01-01	2026-08-04	NM_007294.4:c.5140_5142delinsCTA	p.Val1714Leu	missense	VUS	VUS	2	4	MISSING_FUNCTIONAL	MISSING_FUNCTIONAL	PM5:moderate		neighbour_evidence
2020-01-01	2026-08-04	NM_007294.4:c.5140_5142delinsCTC	p.Val1714Leu	missense	VUS	VUS	2	4	MISSING_FUNCTIONAL	MISSING_FUNCTIONAL	PM5:moderate		neighbour_evidence
2020-01-01	2026-08-04	NM_007294.4:c.5140_5142delinsCTG	p.Val1714Leu	missense	VUS	VUS	2	4	MISSING_FUNCTIONAL	MISSING_FUNCTIONAL	PM5:moderate		neighbour_evidence
2020-01-01	2026-08-04	NM_007294.4:c.5141_5142delinsAA	p.Val1714Glu	missense	VUS	VUS	2	4	MISSING_FUNCTIONAL	MISSING_FUNCTIONAL	PM5:moderate		neighbour_evidence
2020-01-01	2026-08-04	NM_007294.4:c.5141_5142delinsAC	p.Val1714Asp	missense	VUS	VUS	2	4	MISSING_FUNCTIONAL	MISSING_FUNCTIONAL	PM5:moderate		neighbour_evidence
2020-01-01	2026-08-04	NM_007294.4:c.5141_5142delinsAG	p.Val1714Glu	missense	VUS	VUS	2	4	MISSING_FUNCTIONAL	MISSING_FUNCTIONAL	PM5:moderate		neighbour_evidence
2020-01-01	2026-08-04	NM_007294.4:c.5141_5142delinsCA	p.Val1714Ala	missense	VUS	VUS	2	4	MISSING_FUNCTIONAL	MISSING_FUNCTIONAL	PM5:moderate		neighbour_evidence
2020-01-01	2026-08-04	NM_007294.4:c.5141_5142delinsCC	p.Val1714Ala	missense	VUS	VUS	2	4	MISSING_FUNCTIONAL	MISSING_FUNCTIONAL	PM5:moderate		neighbour_evidence
2020-01-01	2026-08-04	NM_007294.4:c.5141_5142delinsCG	p.Val1714Ala	missense	VUS	VUS	2	4	MISSING_FUNCTIONAL	MISSING_FUNCTIONAL	PM5:moderate		neighbour_evidence
2020-01-01	2026-08-04	NM_007294.4:c.5141_5142delinsGA	p.Val1714Gly	missense	VUS	LP	2	8	MISSING_FUNCTIONAL	RESOLVED_NOT_BLOCKED	PM5:moderate;PS1:strong		neighbour_evidence
2020-01-01	2026-08-04	NM_007294.4:c.5141_5142delinsGC	p.Val1714Gly	missense	VUS	LP	2	8	MISSING_FUNCTIONAL	RESOLVED_NOT_BLOCKED	PM5:moderate;PS1:strong		neighbour_evidence
2020-01-01	2026-08-04	NM_007294.4:c.5141_5142delinsGG	p.Val1714Gly	missense	VUS	LP	2	8	MISSING_FUNCTIONAL	RESOLVED_NOT_BLOCKED	PM5:moderate;PS1:strong		neighbour_evidence
2020-01-01	2026-08-04	NM_007294.4:c.5140_5142delinsTAC	p.Val1714Tyr	missense	VUS	VUS	2	4	MISSING_FUNCTIONAL	MISSING_FUNCTIONAL	PM5:moderate		neighbour_evidence
2020-01-01	2026-08-04	NM_007294.4:c.5140_5141delinsTA	p.Val1714Tyr	missense	VUS	VUS	2	4	MISSING_FUNCTIONAL	MISSING_FUNCTIONAL	PM5:moderate		neighbour_evidence
2020-01-01	2026-08-04	NM_007294.4:c.5140_5142delinsTCA	p.Val1714Ser	missense	VUS	VUS	2	4	MISSING_FUNCTIONAL	MISSING_FUNCTIONAL	PM5:moderate		neighbour_evidence
2020-01-01	2026-08-04	NM_007294.4:c.5140_5142delinsTCC	p.Val1714Ser	missense	VUS	VUS	2	4	MISSING_FUNCTIONAL	MISSING_FUNCTIONAL	PM5:moderate		neighbour_evidence
2020-01-01	2026-08-04	NM_007294.4:c.5140_5142delinsTCG	p.Val1714Ser	missense	VUS	VUS	2	4	MISSING_FUNCTIONAL	MISSING_FUNCTIONAL	PM5:moderate		neighbour_evidence
2020-01-01	2026-08-04	NM_007294.4:c.5140_5141delinsTC	p.Val1714Ser	missense	VUS	VUS	2	4	MISSING_FUNCTIONAL	MISSING_FUNCTIONAL	PM5:moderate		neighbour_evidence
2020-01-01	2026-08-04	NM_007294.4:c.5140_5142delinsTGC	p.Val1714Cys	missense	VUS	VUS	2	4	MISSING_FUNCTIONAL	MISSING_FUNCTIONAL	PM5:moderate		neighbour_evidence
2020-01-01	2026-08-04	NM_007294.4:c.5140_5142delinsTGG	p.Val1714Trp	missense	VUS	VUS	2	4	MISSING_FUNCTIONAL	MISSING_FUNCTIONAL	PM5:moderate		neighbour_evidence
2020-01-01	2026-08-04	NM_007294.4:c.5140_5141delinsTG	p.Val1714Cys	missense	VUS	VUS	2	4	MISSING_FUNCTIONAL	MISSING_FUNCTIONAL	PM5:moderate		neighbour_evidence
2020-01-01	2026-08-04	NM_007294.4:c.5140_5142delinsTTA	p.Val1714Leu	missense	VUS	VUS	2	4	MISSING_FUNCTIONAL	MISSING_FUNCTIONAL	PM5:moderate		neighbour_evidence
2020-01-01	2026-08-04	NM_007294.4:c.5140_5142delinsTTC	p.Val1714Phe	missense	VUS	LP	2	8	MISSING_FUNCTIONAL	RESOLVED_NOT_BLOCKED	PM5:moderate;PS1:strong		neighbour_evidence
2020-01-01	2026-08-04	NM_007294.4:c.5140_5142delinsTTG	p.Val1714Leu	missense	VUS	VUS	2	4	MISSING_FUNCTIONAL	MISSING_FUNCTIONAL	PM5:moderate		neighbour_evidence
2020-01-01	2026-08-04	NM_007294.4:c.5144_5145delinsAA	p.Ser1715Lys	missense	VUS	VUS	2	4	MISSING_FUNCTIONAL	MISSING_FUNCTIONAL	PM5:moderate		neighbour_evidence
2020-01-01	2026-08-04	NM_007294.4:c.5144_5145delinsAG	p.Ser1715Lys	missense	VUS	VUS	2	4	MISSING_FUNCTIONAL	MISSING_FUNCTIONAL	PM5:moderate		neighbour_evidence
2020-01-01	2026-08-04	NM_007294.4:c.5144_5145delinsAT	p.Ser1715Asn	missense	VUS	LP	2	8	MISSING_FUNCTIONAL	RESOLVED_NOT_BLOCKED	PM5:moderate;PS1:strong		neighbour_evidence
2020-01-01	2026-08-04	NM_007294.4:c.5144_5145delinsCA	p.Ser1715Thr	missense	VUS	VUS	2	4	MISSING_FUNCTIONAL	MISSING_FUNCTIONAL	PM5:moderate		neighbour_evidence
2020-01-01	2026-08-04	NM_007294.4:c.5144_5145delinsCG	p.Ser1715Thr	missense	VUS	VUS	2	4	MISSING_FUNCTIONAL	MISSING_FUNCTIONAL	PM5:moderate		neighbour_evidence
2020-01-01	2026-08-04	NM_007294.4:c.5144_5145delinsCT	p.Ser1715Thr	missense	VUS	VUS	2	4	MISSING_FUNCTIONAL	MISSING_FUNCTIONAL	PM5:moderate		neighbour_evidence
2020-01-01	2026-08-04	NM_007294.4:c.5144_5145delinsTA	p.Ser1715Ile	missense	VUS	VUS	2	4	MISSING_FUNCTIONAL	MISSING_FUNCTIONAL	PM5:moderate		neighbour_evidence
2020-01-01	2026-08-04	NM_007294.4:c.5144_5145delinsTG	p.Ser1715Met	missense	VUS	VUS	2	4	MISSING_FUNCTIONAL	MISSING_FUNCTIONAL	PM5:moderate		neighbour_evidence
2020-01-01	2026-08-04	NM_007294.4:c.5144_5145delinsTT	p.Ser1715Ile	missense	VUS	VUS	2	4	MISSING_FUNCTIONAL	MISSING_FUNCTIONAL	PM5:moderate		neighbour_evidence
2020-01-01	2026-08-04	NM_007294.4:c.5143_5145delinsCAA	p.Ser1715Gln	missense	VUS	VUS	2	4	MISSING_FUNCTIONAL	MISSING_FUNCTIONAL	PM5:moderate		neighbour_evidence
2020-01-01	2026-08-04	NM_007294.4:c.5143_5144delinsCA	p.Ser1715His	missense	VUS	VUS	2	4	MISSING_FUNCTIONAL	MISSING_FUNCTIONAL	PM5:moderate		neighbour_evidence
2020-01-01	2026-08-04	NM_007294.4:c.5143_5145delinsCAG	p.Ser1715Gln	missense	VUS	VUS	2	4	MISSING_FUNCTIONAL	MISSING_FUNCTIONAL	PM5:moderate		neighbour_evidence
2020-01-01	2026-08-04	NM_007294.4:c.5143_5145delinsCAT	p.Ser1715His	missense	VUS	VUS	2	4	MISSING_FUNCTIONAL	MISSING_FUNCTIONAL	PM5:moderate		neighbour_evidence
2020-01-01	2026-08-04	NM_007294.4:c.5143_5145delinsCCA	p.Ser1715Pro	missense	VUS	VUS	2	4	MISSING_FUNCTIONAL	MISSING_FUNCTIONAL	PM5:moderate		neighbour_evidence
2020-01-01	2026-08-04	NM_007294.4:c.5143_5144delinsCC	p.Ser1715Pro	missense	VUS	VUS	2	4	MISSING_FUNCTIONAL	MISSING_FUNCTIONAL	PM5:moderate		neighbour_evidence
2020-01-01	2026-08-04	NM_007294.4:c.5143_5145delinsCCG	p.Ser1715Pro	missense	VUS	VUS	2	4	MISSING_FUNCTIONAL	MISSING_FUNCTIONAL	PM5:moderate		neighbour_evidence
2020-01-01	2026-08-04	NM_007294.4:c.5143_5145delinsCCT	p.Ser1715Pro	missense	VUS	VUS	2	4	MISSING_FUNCTIONAL	MISSING_FUNCTIONAL	PM5:moderate		neighbour_evidence
2020-01-01	2026-08-04	NM_007294.4:c.5143_5145delinsCGA	p.Ser1715Arg	missense	VUS	LP	2	8	MISSING_FUNCTIONAL	RESOLVED_NOT_BLOCKED	PM5:moderate;PS1:strong		neighbour_evidence
2020-01-01	2026-08-04	NM_007294.4:c.5143_5145delinsCGG	p.Ser1715Arg	missense	VUS	LP	2	8	MISSING_FUNCTIONAL	RESOLVED_NOT_BLOCKED	PM5:moderate;PS1:strong		neighbour_evidence
2020-01-01	2026-08-04	NM_007294.4:c.5143_5145delinsCGT	p.Ser1715Arg	missense	VUS	LP	2	8	MISSING_FUNCTIONAL	RESOLVED_NOT_BLOCKED	PM5:moderate;PS1:strong		neighbour_evidence
2020-01-01	2026-08-04	NM_007294.4:c.5143_5145delinsCTA	p.Ser1715Leu	missense	VUS	VUS	2	4	MISSING_FUNCTIONAL	MISSING_FUNCTIONAL	PM5:moderate		neighbour_evidence
2020-01-01	2026-08-04	NM_007294.4:c.5143_5144delinsCT	p.Ser1715Leu	missense	VUS	VUS	2	4	MISSING_FUNCTIONAL	MISSING_FUNCTIONAL	PM5:moderate		neighbour_evidence
2020-01-01	2026-08-04	NM_007294.4:c.5143_5145delinsCTG	p.Ser1715Leu	missense	VUS	VUS	2	4	MISSING_FUNCTIONAL	MISSING_FUNCTIONAL	PM5:moderate		neighbour_evidence
2020-01-01	2026-08-04	NM_007294.4:c.5143_5145delinsCTT	p.Ser1715Leu	missense	VUS	VUS	2	4	MISSING_FUNCTIONAL	MISSING_FUNCTIONAL	PM5:moderate		neighbour_evidence
2020-01-01	2026-08-04	NM_007294.4:c.5143_5145delinsGAA	p.Ser1715Glu	missense	VUS	VUS	2	4	MISSING_FUNCTIONAL	MISSING_FUNCTIONAL	PM5:moderate		neighbour_evidence
2020-01-01	2026-08-04	NM_007294.4:c.5143_5144delinsGA	p.Ser1715Asp	missense	VUS	VUS	2	4	MISSING_FUNCTIONAL	MISSING_FUNCTIONAL	PM5:moderate		neighbour_evidence
2020-01-01	2026-08-04	NM_007294.4:c.5143_5145delinsGAG	p.Ser1715Glu	missense	VUS	VUS	2	4	MISSING_FUNCTIONAL	MISSING_FUNCTIONAL	PM5:moderate		neighbour_evidence
2020-01-01	2026-08-04	NM_007294.4:c.5143_5145delinsGAT	p.Ser1715Asp	missense	VUS	VUS	2	4	MISSING_FUNCTIONAL	MISSING_FUNCTIONAL	PM5:moderate		neighbour_evidence
2020-01-01	2026-08-04	NM_007294.4:c.5143_5145delinsGCA	p.Ser1715Ala	missense	VUS	VUS	2	4	MISSING_FUNCTIONAL	MISSING_FUNCTIONAL	PM5:moderate		neighbour_evidence
2020-01-01	2026-08-04	NM_007294.4:c.5143_5144delinsGC	p.Ser1715Ala	missense	VUS	VUS	2	4	MISSING_FUNCTIONAL	MISSING_FUNCTIONAL	PM5:moderate		neighbour_evidence
2020-01-01	2026-08-04	NM_007294.4:c.5143_5145delinsGCG	p.Ser1715Ala	missense	VUS	VUS	2	4	MISSING_FUNCTIONAL	MISSING_FUNCTIONAL	PM5:moderate		neighbour_evidence
2020-01-01	2026-08-04	NM_007294.4:c.5143_5145delinsGCT	p.Ser1715Ala	missense	VUS	VUS	2	4	MISSING_FUNCTIONAL	MISSING_FUNCTIONAL	PM5:moderate		neighbour_evidence
2020-01-01	2026-08-04	NM_007294.4:c.5143_5145delinsGGA	p.Ser1715Gly	missense	VUS	VUS	2	4	MISSING_FUNCTIONAL	MISSING_FUNCTIONAL	PM5:moderate		neighbour_evidence
2020-01-01	2026-08-04	NM_007294.4:c.5143_5145delinsGGG	p.Ser1715Gly	missense	VUS	VUS	2	4	MISSING_FUNCTIONAL	MISSING_FUNCTIONAL	PM5:moderate		neighbour_evidence
2020-01-01	2026-08-04	NM_007294.4:c.5143_5145delinsGGT	p.Ser1715Gly	missense	VUS	VUS	2	4	MISSING_FUNCTIONAL	MISSING_FUNCTIONAL	PM5:moderate		neighbour_evidence
2020-01-01	2026-08-04	NM_007294.4:c.5143_5145delinsGTA	p.Ser1715Val	missense	VUS	VUS	2	4	MISSING_FUNCTIONAL	MISSING_FUNCTIONAL	PM5:moderate		neighbour_evidence
2020-01-01	2026-08-04	NM_007294.4:c.5143_5144delinsGT	p.Ser1715Val	missense	VUS	VUS	2	4	MISSING_FUNCTIONAL	MISSING_FUNCTIONAL	PM5:moderate		neighbour_evidence
2020-01-01	2026-08-04	NM_007294.4:c.5143_5145delinsGTG	p.Ser1715Val	missense	VUS	VUS	2	4	MISSING_FUNCTIONAL	MISSING_FUNCTIONAL	PM5:moderate		neighbour_evidence
2020-01-01	2026-08-04	NM_007294.4:c.5143_5145delinsGTT	p.Ser1715Val	missense	VUS	VUS	2	4	MISSING_FUNCTIONAL	MISSING_FUNCTIONAL	PM5:moderate		neighbour_evidence
2020-01-01	2026-08-04	NM_007294.4:c.5143_5144delinsTA	p.Ser1715Tyr	missense	VUS	VUS	2	4	MISSING_FUNCTIONAL	MISSING_FUNCTIONAL	PM5:moderate		neighbour_evidence
2020-01-01	2026-08-04	NM_007294.4:c.5143_5145delinsTAT	p.Ser1715Tyr	missense	VUS	VUS	2	4	MISSING_FUNCTIONAL	MISSING_FUNCTIONAL	PM5:moderate		neighbour_evidence
2020-01-01	2026-08-04	NM_007294.4:c.5143_5145delinsTGG	p.Ser1715Trp	missense	VUS	VUS	2	4	MISSING_FUNCTIONAL	MISSING_FUNCTIONAL	PM5:moderate		neighbour_evidence
2020-01-01	2026-08-04	NM_007294.4:c.5143_5145delinsTGT	p.Ser1715Cys	missense	VUS	LP	2	8	MISSING_FUNCTIONAL	RESOLVED_NOT_BLOCKED	PM5:moderate;PS1:strong		neighbour_evidence
2020-01-01	2026-08-04	NM_007294.4:c.5143_5145delinsTTA	p.Ser1715Leu	missense	VUS	VUS	2	4	MISSING_FUNCTIONAL	MISSING_FUNCTIONAL	PM5:moderate		neighbour_evidence
2020-01-01	2026-08-04	NM_007294.4:c.5143_5144delinsTT	p.Ser1715Phe	missense	VUS	VUS	2	4	MISSING_FUNCTIONAL	MISSING_FUNCTIONAL	PM5:moderate		neighbour_evidence
2020-01-01	2026-08-04	NM_007294.4:c.5143_5145delinsTTG	p.Ser1715Leu	missense	VUS	VUS	2	4	MISSING_FUNCTIONAL	MISSING_FUNCTIONAL	PM5:moderate		neighbour_evidence
2020-01-01	2026-08-04	NM_007294.4:c.5143_5145delinsTTT	p.Ser1715Phe	missense	VUS	VUS	2	4	MISSING_FUNCTIONAL	MISSING_FUNCTIONAL	PM5:moderate		neighbour_evidence
2020-01-01	2026-08-04	NM_007294.4:c.5152_5154delinsAAA	p.Trp1718Lys	missense	VUS	VUS	2	4	MISSING_FUNCTIONAL	MISSING_FUNCTIONAL	PM5:moderate		neighbour_evidence
2020-01-01	2026-08-04	NM_007294.4:c.5152_5154delinsAAC	p.Trp1718Asn	missense	VUS	VUS	2	4	MISSING_FUNCTIONAL	MISSING_FUNCTIONAL	PM5:moderate		neighbour_evidence
2020-01-01	2026-08-04	NM_007294.4:c.5152_5153delinsAA	p.Trp1718Lys	missense	VUS	VUS	2	4	MISSING_FUNCTIONAL	MISSING_FUNCTIONAL	PM5:moderate		neighbour_evidence
2020-01-01	2026-08-04	NM_007294.4:c.5152_5154delinsAAT	p.Trp1718Asn	missense	VUS	VUS	2	4	MISSING_FUNCTIONAL	MISSING_FUNCTIONAL	PM5:moderate		neighbour_evidence
2020-01-01	2026-08-04	NM_007294.4:c.5152_5154delinsACA	p.Trp1718Thr	missense	VUS	VUS	2	4	MISSING_FUNCTIONAL	MISSING_FUNCTIONAL	PM5:moderate		neighbour_evidence
2020-01-01	2026-08-04	NM_007294.4:c.5152_5154delinsACC	p.Trp1718Thr	missense	VUS	VUS	2	4	MISSING_FUNCTIONAL	MISSING_FUNCTIONAL	PM5:moderate		neighbour_evidence
2020-01-01	2026-08-04	NM_007294.4:c.5152_5153delinsAC	p.Trp1718Thr	missense	VUS	VUS	2	4	MISSING_FUNCTIONAL	MISSING_FUNCTIONAL	PM5:moderate		neighbour_evidence
2020-01-01	2026-08-04	NM_007294.4:c.5152_5154delinsACT	p.Trp1718Thr	missense	VUS	VUS	2	4	MISSING_FUNCTIONAL	MISSING_FUNCTIONAL	PM5:moderate		neighbour_evidence
2020-01-01	2026-08-04	NM_007294.4:c.5152_5154delinsAGA	p.Trp1718Arg	missense	VUS	VUS	2	4	MISSING_FUNCTIONAL	MISSING_FUNCTIONAL	PM5:moderate		neighbour_evidence
2020-01-01	2026-08-04	NM_007294.4:c.5152_5154delinsAGC	p.Trp1718Ser	missense	VUS	VUS	2	4	MISSING_FUNCTIONAL	MISSING_FUNCTIONAL	PM5:moderate		neighbour_evidence
2020-01-01	2026-08-04	NM_007294.4:c.5152_5154delinsAGT	p.Trp1718Ser	missense	VUS	VUS	2	4	MISSING_FUNCTIONAL	MISSING_FUNCTIONAL	PM5:moderate		neighbour_evidence
2020-01-01	2026-08-04	NM_007294.4:c.5152_5154delinsATA	p.Trp1718Ile	missense	VUS	VUS	2	4	MISSING_FUNCTIONAL	MISSING_FUNCTIONAL	PM5:moderate		neighbour_evidence
2020-01-01	2026-08-04	NM_007294.4:c.5152_5154delinsATC	p.Trp1718Ile	missense	VUS	VUS	2	4	MISSING_FUNCTIONAL	MISSING_FUNCTIONAL	PM5:moderate		neighbour_evidence
2020-01-01	2026-08-04	NM_007294.4:c.5152_5153delinsAT	p.Trp1718Met	missense	VUS	VUS	2	4	MISSING_FUNCTIONAL	MISSING_FUNCTIONAL	PM5:moderate		neighbour_evidence
2020-01-01	2026-08-04	NM_007294.4:c.5152_5154delinsATT	p.Trp1718Ile	missense	VUS	VUS	2	4	MISSING_FUNCTIONAL	MISSING_FUNCTIONAL	PM5:moderate		neighbour_evidence
2020-01-01	2026-08-04	NM_007294.4:c.5152_5154delinsCAA	p.Trp1718Gln	missense	VUS	VUS	2	4	MISSING_FUNCTIONAL	MISSING_FUNCTIONAL	PM5:moderate		neighbour_evidence
2020-01-01	2026-08-04	NM_007294.4:c.5152_5154delinsCAC	p.Trp1718His	missense	VUS	VUS	2	4	MISSING_FUNCTIONAL	MISSING_FUNCTIONAL	PM5:moderate		neighbour_evidence
2020-01-01	2026-08-04	NM_007294.4:c.5152_5153delinsCA	p.Trp1718Gln	missense	VUS	VUS	2	4	MISSING_FUNCTIONAL	MISSING_FUNCTIONAL	PM5:moderate		neighbour_evidence
2020-01-01	2026-08-04	NM_007294.4:c.5152_5154delinsCAT	p.Trp1718His	missense	VUS	VUS	2	4	MISSING_FUNCTIONAL	MISSING_FUNCTIONAL	PM5:moderate		neighbour_evidence
2020-01-01	2026-08-04	NM_007294.4:c.5152_5154delinsCCA	p.Trp1718Pro	missense	VUS	VUS	2	4	MISSING_FUNCTIONAL	MISSING_FUNCTIONAL	PM5:moderate		neighbour_evidence
2020-01-01	2026-08-04	NM_007294.4:c.5152_5154delinsCCC	p.Trp1718Pro	missense	VUS	VUS	2	4	MISSING_FUNCTIONAL	MISSING_FUNCTIONAL	PM5:moderate		neighbour_evidence
2020-01-01	2026-08-04	NM_007294.4:c.5152_5153delinsCC	p.Trp1718Pro	missense	VUS	VUS	2	4	MISSING_FUNCTIONAL	MISSING_FUNCTIONAL	PM5:moderate		neighbour_evidence
2020-01-01	2026-08-04	NM_007294.4:c.5152_5154delinsCCT	p.Trp1718Pro	missense	VUS	VUS	2	4	MISSING_FUNCTIONAL	MISSING_FUNCTIONAL	PM5:moderate		neighbour_evidence
2020-01-01	2026-08-04	NM_007294.4:c.5152_5154delinsCGA	p.Trp1718Arg	missense	VUS	VUS	2	4	MISSING_FUNCTIONAL	MISSING_FUNCTIONAL	PM5:moderate		neighbour_evidence
2020-01-01	2026-08-04	NM_007294.4:c.5152_5154delinsCGC	p.Trp1718Arg	missense	VUS	VUS	2	4	MISSING_FUNCTIONAL	MISSING_FUNCTIONAL	PM5:moderate		neighbour_evidence
2020-01-01	2026-08-04	NM_007294.4:c.5152_5154delinsCGT	p.Trp1718Arg	missense	VUS	VUS	2	4	MISSING_FUNCTIONAL	MISSING_FUNCTIONAL	PM5:moderate		neighbour_evidence
2020-01-01	2026-08-04	NM_007294.4:c.5152_5154delinsCTA	p.Trp1718Leu	missense	VUS	VUS	2	4	MISSING_FUNCTIONAL	MISSING_FUNCTIONAL	PM5:moderate		neighbour_evidence
2020-01-01	2026-08-04	NM_007294.4:c.5152_5154delinsCTC	p.Trp1718Leu	missense	VUS	VUS	2	4	MISSING_FUNCTIONAL	MISSING_FUNCTIONAL	PM5:moderate		neighbour_evidence
2020-01-01	2026-08-04	NM_007294.4:c.5152_5153delinsCT	p.Trp1718Leu	missense	VUS	VUS	2	4	MISSING_FUNCTIONAL	MISSING_FUNCTIONAL	PM5:moderate		neighbour_evidence
2020-01-01	2026-08-04	NM_007294.4:c.5152_5154delinsCTT	p.Trp1718Leu	missense	VUS	VUS	2	4	MISSING_FUNCTIONAL	MISSING_FUNCTIONAL	PM5:moderate		neighbour_evidence
2020-01-01	2026-08-04	NM_007294.4:c.5152_5154delinsGAA	p.Trp1718Glu	missense	VUS	VUS	2	4	MISSING_FUNCTIONAL	MISSING_FUNCTIONAL	PM5:moderate		neighbour_evidence
2020-01-01	2026-08-04	NM_007294.4:c.5152_5154delinsGAC	p.Trp1718Asp	missense	VUS	VUS	2	4	MISSING_FUNCTIONAL	MISSING_FUNCTIONAL	PM5:moderate		neighbour_evidence
2020-01-01	2026-08-04	NM_007294.4:c.5152_5153delinsGA	p.Trp1718Glu	missense	VUS	VUS	2	4	MISSING_FUNCTIONAL	MISSING_FUNCTIONAL	PM5:moderate		neighbour_evidence
2020-01-01	2026-08-04	NM_007294.4:c.5152_5154delinsGAT	p.Trp1718Asp	missense	VUS	VUS	2	4	MISSING_FUNCTIONAL	MISSING_FUNCTIONAL	PM5:moderate		neighbour_evidence
2020-01-01	2026-08-04	NM_007294.4:c.5152_5154delinsGCA	p.Trp1718Ala	missense	VUS	VUS	2	4	MISSING_FUNCTIONAL	MISSING_FUNCTIONAL	PM5:moderate		neighbour_evidence
2020-01-01	2026-08-04	NM_007294.4:c.5152_5154delinsGCC	p.Trp1718Ala	missense	VUS	VUS	2	4	MISSING_FUNCTIONAL	MISSING_FUNCTIONAL	PM5:moderate		neighbour_evidence
2020-01-01	2026-08-04	NM_007294.4:c.5152_5153delinsGC	p.Trp1718Ala	missense	VUS	VUS	2	4	MISSING_FUNCTIONAL	MISSING_FUNCTIONAL	PM5:moderate		neighbour_evidence
2020-01-01	2026-08-04	NM_007294.4:c.5152_5154delinsGCT	p.Trp1718Ala	missense	VUS	VUS	2	4	MISSING_FUNCTIONAL	MISSING_FUNCTIONAL	PM5:moderate		neighbour_evidence
2020-01-01	2026-08-04	NM_007294.4:c.5152_5154delinsGGA	p.Trp1718Gly	missense	VUS	LP	2	8	MISSING_FUNCTIONAL	RESOLVED_NOT_BLOCKED	PM5:moderate;PS1:strong		neighbour_evidence
2020-01-01	2026-08-04	NM_007294.4:c.5152_5154delinsGGC	p.Trp1718Gly	missense	VUS	LP	2	8	MISSING_FUNCTIONAL	RESOLVED_NOT_BLOCKED	PM5:moderate;PS1:strong		neighbour_evidence
2020-01-01	2026-08-04	NM_007294.4:c.5152_5154delinsGGT	p.Trp1718Gly	missense	VUS	LP	2	8	MISSING_FUNCTIONAL	RESOLVED_NOT_BLOCKED	PM5:moderate;PS1:strong		neighbour_evidence
2020-01-01	2026-08-04	NM_007294.4:c.5152_5154delinsGTA	p.Trp1718Val	missense	VUS	VUS	2	4	MISSING_FUNCTIONAL	MISSING_FUNCTIONAL	PM5:moderate		neighbour_evidence
2020-01-01	2026-08-04	NM_007294.4:c.5152_5154delinsGTC	p.Trp1718Val	missense	VUS	VUS	2	4	MISSING_FUNCTIONAL	MISSING_FUNCTIONAL	PM5:moderate		neighbour_evidence
2020-01-01	2026-08-04	NM_007294.4:c.5152_5153delinsGT	p.Trp1718Val	missense	VUS	VUS	2	4	MISSING_FUNCTIONAL	MISSING_FUNCTIONAL	PM5:moderate		neighbour_evidence
2020-01-01	2026-08-04	NM_007294.4:c.5152_5154delinsGTT	p.Trp1718Val	missense	VUS	VUS	2	4	MISSING_FUNCTIONAL	MISSING_FUNCTIONAL	PM5:moderate		neighbour_evidence
2020-01-01	2026-08-04	NM_007294.4:c.5153_5154delinsAC	p.Trp1718Tyr	missense	VUS	VUS	2	4	MISSING_FUNCTIONAL	MISSING_FUNCTIONAL	PM5:moderate		neighbour_evidence
2020-01-01	2026-08-04	NM_007294.4:c.5153_5154delinsAT	p.Trp1718Tyr	missense	VUS	VUS	2	4	MISSING_FUNCTIONAL	MISSING_FUNCTIONAL	PM5:moderate		neighbour_evidence
2020-01-01	2026-08-04	NM_007294.4:c.5153_5154delinsCA	p.Trp1718Ser	missense	VUS	VUS	2	4	MISSING_FUNCTIONAL	MISSING_FUNCTIONAL	PM5:moderate		neighbour_evidence
2020-01-01	2026-08-04	NM_007294.4:c.5153_5154delinsCC	p.Trp1718Ser	missense	VUS	VUS	2	4	MISSING_FUNCTIONAL	MISSING_FUNCTIONAL	PM5:moderate		neighbour_evidence
2020-01-01	2026-08-04	NM_007294.4:c.5153_5154delinsCT	p.Trp1718Ser	missense	VUS	VUS	2	4	MISSING_FUNCTIONAL	MISSING_FUNCTIONAL	PM5:moderate		neighbour_evidence
2020-01-01	2026-08-04	NM_007294.4:c.5153_5154delinsTA	p.Trp1718Leu	missense	VUS	VUS	2	4	MISSING_FUNCTIONAL	MISSING_FUNCTIONAL	PM5:moderate		neighbour_evidence
2020-01-01	2026-08-04	NM_007294.4:c.5153_5154delinsTC	p.Trp1718Phe	missense	VUS	VUS	2	4	MISSING_FUNCTIONAL	MISSING_FUNCTIONAL	PM5:moderate		neighbour_evidence
2020-01-01	2026-08-04	NM_007294.4:c.5153_5154delinsTT	p.Trp1718Phe	missense	VUS	VUS	2	4	MISSING_FUNCTIONAL	MISSING_FUNCTIONAL	PM5:moderate		neighbour_evidence
2020-01-01	2026-08-04	NM_007294.4:c.5155_5157delinsAAA	p.Val1719Lys	missense	VUS	VUS	2	4	MISSING_FUNCTIONAL	MISSING_FUNCTIONAL	PM5:moderate		neighbour_evidence
2020-01-01	2026-08-04	NM_007294.4:c.5155_5157delinsAAC	p.Val1719Asn	missense	VUS	VUS	2	4	MISSING_FUNCTIONAL	MISSING_FUNCTIONAL	PM5:moderate		neighbour_evidence
2020-01-01	2026-08-04	NM_007294.4:c.5155_5156delinsAA	p.Val1719Lys	missense	VUS	VUS	2	4	MISSING_FUNCTIONAL	MISSING_FUNCTIONAL	PM5:moderate		neighbour_evidence
2020-01-01	2026-08-04	NM_007294.4:c.5155_5157delinsAAT	p.Val1719Asn	missense	VUS	VUS	2	4	MISSING_FUNCTIONAL	MISSING_FUNCTIONAL	PM5:moderate		neighbour_evidence
2020-01-01	2026-08-04	NM_007294.4:c.5155_5157delinsACA	p.Val1719Thr	missense	VUS	VUS	2	4	MISSING_FUNCTIONAL	MISSING_FUNCTIONAL	PM5:moderate		neighbour_evidence
2020-01-01	2026-08-04	NM_007294.4:c.5155_5157delinsACC	p.Val1719Thr	missense	VUS	VUS	2	4	MISSING_FUNCTIONAL	MISSING_FUNCTIONAL	PM5:moderate		neighbour_evidence
2020-01-01	2026-08-04	NM_007294.4:c.5155_5156delinsAC	p.Val1719Thr	missense	VUS	VUS	2	4	MISSING_FUNCTIONAL	MISSING_FUNCTIONAL	PM5:moderate		neighbour_evidence
2020-01-01	2026-08-04	NM_007294.4:c.5155_5157delinsACT	p.Val1719Thr	missense	VUS	VUS	2	4	MISSING_FUNCTIONAL	MISSING_FUNCTIONAL	PM5:moderate		neighbour_evidence
2020-01-01	2026-08-04	NM_007294.4:c.5155_5157delinsAGA	p.Val1719Arg	missense	VUS	VUS	2	4	MISSING_FUNCTIONAL	MISSING_FUNCTIONAL	PM5:moderate		neighbour_evidence
2020-01-01	2026-08-04	NM_007294.4:c.5155_5157delinsAGC	p.Val1719Ser	missense	VUS	VUS	2	4	MISSING_FUNCTIONAL	MISSING_FUNCTIONAL	PM5:moderate		neighbour_evidence
2020-01-01	2026-08-04	NM_007294.4:c.5155_5156delinsAG	p.Val1719Arg	missense	VUS	VUS	2	4	MISSING_FUNCTIONAL	MISSING_FUNCTIONAL	PM5:moderate		neighbour_evidence
2020-01-01	2026-08-04	NM_007294.4:c.5155_5157delinsAGT	p.Val1719Ser	missense	VUS	VUS	2	4	MISSING_FUNCTIONAL	MISSING_FUNCTIONAL	PM5:moderate		neighbour_evidence
2020-01-01	2026-08-04	NM_007294.4:c.5155_5157delinsATA	p.Val1719Ile	missense	VUS	VUS	2	4	MISSING_FUNCTIONAL	MISSING_FUNCTIONAL	PM5:moderate		neighbour_evidence
2020-01-01	2026-08-04	NM_007294.4:c.5155_5157delinsATC	p.Val1719Ile	missense	VUS	VUS	2	4	MISSING_FUNCTIONAL	MISSING_FUNCTIONAL	PM5:moderate		neighbour_evidence
2020-01-01	2026-08-04	NM_007294.4:c.5155_5157delinsATT	p.Val1719Ile	missense	VUS	VUS	2	4	MISSING_FUNCTIONAL	MISSING_FUNCTIONAL	PM5:moderate		neighbour_evidence
2020-01-01	2026-08-04	NM_007294.4:c.5155_5157delinsCAA	p.Val1719Gln	missense	VUS	VUS	2	4	MISSING_FUNCTIONAL	MISSING_FUNCTIONAL	PM5:moderate		neighbour_evidence
2020-01-01	2026-08-04	NM_007294.4:c.5155_5157delinsCAC	p.Val1719His	missense	VUS	VUS	2	4	MISSING_FUNCTIONAL	MISSING_FUNCTIONAL	PM5:moderate		neighbour_evidence
2020-01-01	2026-08-04	NM_007294.4:c.5155_5156delinsCA	p.Val1719Gln	missense	VUS	VUS	2	4	MISSING_FUNCTIONAL	MISSING_FUNCTIONAL	PM5:moderate		neighbour_evidence
2020-01-01	2026-08-04	NM_007294.4:c.5155_5157delinsCAT	p.Val1719His	missense	VUS	VUS	2	4	MISSING_FUNCTIONAL	MISSING_FUNCTIONAL	PM5:moderate		neighbour_evidence
2020-01-01	2026-08-04	NM_007294.4:c.5155_5157delinsCCA	p.Val1719Pro	missense	VUS	VUS	2	4	MISSING_FUNCTIONAL	MISSING_FUNCTIONAL	PM5:moderate		neighbour_evidence
2020-01-01	2026-08-04	NM_007294.4:c.5155_5157delinsCCC	p.Val1719Pro	missense	VUS	VUS	2	4	MISSING_FUNCTIONAL	MISSING_FUNCTIONAL	PM5:moderate		neighbour_evidence
2020-01-01	2026-08-04	NM_007294.4:c.5155_5156delinsCC	p.Val1719Pro	missense	VUS	VUS	2	4	MISSING_FUNCTIONAL	MISSING_FUNCTIONAL	PM5:moderate		neighbour_evidence
2020-01-01	2026-08-04	NM_007294.4:c.5155_5157delinsCCT	p.Val1719Pro	missense	VUS	VUS	2	4	MISSING_FUNCTIONAL	MISSING_FUNCTIONAL	PM5:moderate		neighbour_evidence
2020-01-01	2026-08-04	NM_007294.4:c.5155_5157delinsCGA	p.Val1719Arg	missense	VUS	VUS	2	4	MISSING_FUNCTIONAL	MISSING_FUNCTIONAL	PM5:moderate		neighbour_evidence
2020-01-01	2026-08-04	NM_007294.4:c.5155_5157delinsCGC	p.Val1719Arg	missense	VUS	VUS	2	4	MISSING_FUNCTIONAL	MISSING_FUNCTIONAL	PM5:moderate		neighbour_evidence
2020-01-01	2026-08-04	NM_007294.4:c.5155_5156delinsCG	p.Val1719Arg	missense	VUS	VUS	2	4	MISSING_FUNCTIONAL	MISSING_FUNCTIONAL	PM5:moderate		neighbour_evidence
2020-01-01	2026-08-04	NM_007294.4:c.5155_5157delinsCGT	p.Val1719Arg	missense	VUS	VUS	2	4	MISSING_FUNCTIONAL	MISSING_FUNCTIONAL	PM5:moderate		neighbour_evidence
2020-01-01	2026-08-04	NM_007294.4:c.5155_5157delinsCTA	p.Val1719Leu	missense	VUS	VUS	2	4	MISSING_FUNCTIONAL	MISSING_FUNCTIONAL	PM5:moderate		neighbour_evidence
2020-01-01	2026-08-04	NM_007294.4:c.5155_5157delinsCTC	p.Val1719Leu	missense	VUS	VUS	2	4	MISSING_FUNCTIONAL	MISSING_FUNCTIONAL	PM5:moderate		neighbour_evidence
2020-01-01	2026-08-04	NM_007294.4:c.5155_5157delinsCTT	p.Val1719Leu	missense	VUS	VUS	2	4	MISSING_FUNCTIONAL	MISSING_FUNCTIONAL	PM5:moderate		neighbour_evidence
2020-01-01	2026-08-04	NM_007294.4:c.5156_5157delinsAA	p.Val1719Glu	missense	VUS	VUS	2	4	MISSING_FUNCTIONAL	MISSING_FUNCTIONAL	PM5:moderate		neighbour_evidence
2020-01-01	2026-08-04	NM_007294.4:c.5156_5157delinsAC	p.Val1719Asp	missense	VUS	VUS	2	4	MISSING_FUNCTIONAL	MISSING_FUNCTIONAL	PM5:moderate		neighbour_evidence
2020-01-01	2026-08-04	NM_007294.4:c.5156_5157delinsAT	p.Val1719Asp	missense	VUS	VUS	2	4	MISSING_FUNCTIONAL	MISSING_FUNCTIONAL	PM5:moderate		neighbour_evidence
2020-01-01	2026-08-04	NM_007294.4:c.5156_5157delinsCA	p.Val1719Ala	missense	VUS	VUS	2	4	MISSING_FUNCTIONAL	MISSING_FUNCTIONAL	PM5:moderate		neighbour_evidence
2020-01-01	2026-08-04	NM_007294.4:c.5156_5157delinsCC	p.Val1719Ala	missense	VUS	VUS	2	4	MISSING_FUNCTIONAL	MISSING_FUNCTIONAL	PM5:moderate		neighbour_evidence
2020-01-01	2026-08-04	NM_007294.4:c.5156_5157delinsCT	p.Val1719Ala	missense	VUS	VUS	2	4	MISSING_FUNCTIONAL	MISSING_FUNCTIONAL	PM5:moderate		neighbour_evidence
2020-01-01	2026-08-04	NM_007294.4:c.5156_5157delinsGA	p.Val1719Gly	missense	VUS	LP	2	6	MISSING_FUNCTIONAL	RESOLVED_NOT_BLOCKED	PS1:strong		neighbour_evidence
2020-01-01	2026-08-04	NM_007294.4:c.5156_5157delinsGC	p.Val1719Gly	missense	VUS	LP	2	6	MISSING_FUNCTIONAL	RESOLVED_NOT_BLOCKED	PS1:strong		neighbour_evidence
2020-01-01	2026-08-04	NM_007294.4:c.5156_5157delinsGT	p.Val1719Gly	missense	VUS	LP	2	6	MISSING_FUNCTIONAL	RESOLVED_NOT_BLOCKED	PS1:strong		neighbour_evidence
2020-01-01	2026-08-04	NM_007294.4:c.5155_5157delinsTAC	p.Val1719Tyr	missense	VUS	VUS	2	4	MISSING_FUNCTIONAL	MISSING_FUNCTIONAL	PM5:moderate		neighbour_evidence
2020-01-01	2026-08-04	NM_007294.4:c.5155_5157delinsTAT	p.Val1719Tyr	missense	VUS	VUS	2	4	MISSING_FUNCTIONAL	MISSING_FUNCTIONAL	PM5:moderate		neighbour_evidence
2020-01-01	2026-08-04	NM_007294.4:c.5155_5157delinsTCA	p.Val1719Ser	missense	VUS	VUS	2	4	MISSING_FUNCTIONAL	MISSING_FUNCTIONAL	PM5:moderate		neighbour_evidence
2020-01-01	2026-08-04	NM_007294.4:c.5155_5157delinsTCC	p.Val1719Ser	missense	VUS	VUS	2	4	MISSING_FUNCTIONAL	MISSING_FUNCTIONAL	PM5:moderate		neighbour_evidence
2020-01-01	2026-08-04	NM_007294.4:c.5155_5156delinsTC	p.Val1719Ser	missense	VUS	VUS	2	4	MISSING_FUNCTIONAL	MISSING_FUNCTIONAL	PM5:moderate		neighbour_evidence
2020-01-01	2026-08-04	NM_007294.4:c.5155_5157delinsTCT	p.Val1719Ser	missense	VUS	VUS	2	4	MISSING_FUNCTIONAL	MISSING_FUNCTIONAL	PM5:moderate		neighbour_evidence
2020-01-01	2026-08-04	NM_007294.4:c.5155_5157delinsTGC	p.Val1719Cys	missense	VUS	VUS	2	4	MISSING_FUNCTIONAL	MISSING_FUNCTIONAL	PM5:moderate		neighbour_evidence
2020-01-01	2026-08-04	NM_007294.4:c.5155_5156delinsTG	p.Val1719Trp	missense	VUS	VUS	2	4	MISSING_FUNCTIONAL	MISSING_FUNCTIONAL	PM5:moderate		neighbour_evidence
2020-01-01	2026-08-04	NM_007294.4:c.5155_5157delinsTGT	p.Val1719Cys	missense	VUS	VUS	2	4	MISSING_FUNCTIONAL	MISSING_FUNCTIONAL	PM5:moderate		neighbour_evidence
2020-01-01	2026-08-04	NM_007294.4:c.5155_5157delinsTTA	p.Val1719Leu	missense	VUS	VUS	2	4	MISSING_FUNCTIONAL	MISSING_FUNCTIONAL	PM5:moderate		neighbour_evidence
2020-01-01	2026-08-04	NM_007294.4:c.5155_5157delinsTTC	p.Val1719Phe	missense	VUS	VUS	2	4	MISSING_FUNCTIONAL	MISSING_FUNCTIONAL	PM5:moderate		neighbour_evidence
2020-01-01	2026-08-04	NM_007294.4:c.5155_5157delinsTTT	p.Val1719Phe	missense	VUS	VUS	2	4	MISSING_FUNCTIONAL	MISSING_FUNCTIONAL	PM5:moderate		neighbour_evidence
2020-01-01	2026-08-04	NM_007294.4:c.5164_5166delinsAAA	p.Ser1722Lys	missense	VUS	VUS	2	4	MISSING_FUNCTIONAL	MISSING_FUNCTIONAL	PM5:moderate		neighbour_evidence
2020-01-01	2026-08-04	NM_007294.4:c.5164_5166delinsAAC	p.Ser1722Asn	missense	VUS	VUS	2	4	MISSING_FUNCTIONAL	MISSING_FUNCTIONAL	PM5:moderate		neighbour_evidence
2020-01-01	2026-08-04	NM_007294.4:c.5164_5166delinsAAG	p.Ser1722Lys	missense	VUS	VUS	2	4	MISSING_FUNCTIONAL	MISSING_FUNCTIONAL	PM5:moderate		neighbour_evidence
2020-01-01	2026-08-04	NM_007294.4:c.5164_5165delinsAA	p.Ser1722Asn	missense	VUS	VUS	2	4	MISSING_FUNCTIONAL	MISSING_FUNCTIONAL	PM5:moderate		neighbour_evidence
2020-01-01	2026-08-04	NM_007294.4:c.5164_5166delinsACA	p.Ser1722Thr	missense	VUS	VUS	2	4	MISSING_FUNCTIONAL	MISSING_FUNCTIONAL	PM5:moderate		neighbour_evidence
2020-01-01	2026-08-04	NM_007294.4:c.5164_5166delinsACC	p.Ser1722Thr	missense	VUS	VUS	2	4	MISSING_FUNCTIONAL	MISSING_FUNCTIONAL	PM5:moderate		neighbour_evidence
2020-01-01	2026-08-04	NM_007294.4:c.5164_5166delinsACG	p.Ser1722Thr	missense	VUS	VUS	2	4	MISSING_FUNCTIONAL	MISSING_FUNCTIONAL	PM5:moderate		neighbour_evidence
2020-01-01	2026-08-04	NM_007294.4:c.5164_5166delinsAGA	p.Ser1722Arg	missense	VUS	VUS	2	4	MISSING_FUNCTIONAL	MISSING_FUNCTIONAL	PM5:moderate		neighbour_evidence
2020-01-01	2026-08-04	NM_007294.4:c.5164_5166delinsAGG	p.Ser1722Arg	missense	VUS	VUS	2	4	MISSING_FUNCTIONAL	MISSING_FUNCTIONAL	PM5:moderate		neighbour_evidence
2020-01-01	2026-08-04	NM_007294.4:c.5164_5166delinsATA	p.Ser1722Ile	missense	VUS	VUS	2	4	MISSING_FUNCTIONAL	MISSING_FUNCTIONAL	PM5:moderate		neighbour_evidence
2020-01-01	2026-08-04	NM_007294.4:c.5164_5166delinsATC	p.Ser1722Ile	missense	VUS	VUS	2	4	MISSING_FUNCTIONAL	MISSING_FUNCTIONAL	PM5:moderate		neighbour_evidence
2020-01-01	2026-08-04	NM_007294.4:c.5164_5166delinsATG	p.Ser1722Met	missense	VUS	VUS	2	4	MISSING_FUNCTIONAL	MISSING_FUNCTIONAL	PM5:moderate		neighbour_evidence
2020-01-01	2026-08-04	NM_007294.4:c.5164_5165delinsAT	p.Ser1722Ile	missense	VUS	VUS	2	4	MISSING_FUNCTIONAL	MISSING_FUNCTIONAL	PM5:moderate		neighbour_evidence
2020-01-01	2026-08-04	NM_007294.4:c.5164_5166delinsCAA	p.Ser1722Gln	missense	VUS	VUS	2	4	MISSING_FUNCTIONAL	MISSING_FUNCTIONAL	PM5:moderate		neighbour_evidence
2020-01-01	2026-08-04	NM_007294.4:c.5164_5166delinsCAC	p.Ser1722His	missense	VUS	VUS	2	4	MISSING_FUNCTIONAL	MISSING_FUNCTIONAL	PM5:moderate		neighbour_evidence
2020-01-01	2026-08-04	NM_007294.4:c.5164_5166delinsCAG	p.Ser1722Gln	missense	VUS	VUS	2	4	MISSING_FUNCTIONAL	MISSING_FUNCTIONAL	PM5:moderate		neighbour_evidence
2020-01-01	2026-08-04	NM_007294.4:c.5164_5165delinsCA	p.Ser1722His	missense	VUS	VUS	2	4	MISSING_FUNCTIONAL	MISSING_FUNCTIONAL	PM5:moderate		neighbour_evidence
2020-01-01	2026-08-04	NM_007294.4:c.5164_5166delinsCCA	p.Ser1722Pro	missense	VUS	LP	2	6	MISSING_FUNCTIONAL	RESOLVED_NOT_BLOCKED	PS1:strong		neighbour_evidence
2020-01-01	2026-08-04	NM_007294.4:c.5164_5166delinsCCC	p.Ser1722Pro	missense	VUS	LP	2	6	MISSING_FUNCTIONAL	RESOLVED_NOT_BLOCKED	PS1:strong		neighbour_evidence
2020-01-01	2026-08-04	NM_007294.4:c.5164_5166delinsCCG	p.Ser1722Pro	missense	VUS	LP	2	6	MISSING_FUNCTIONAL	RESOLVED_NOT_BLOCKED	PS1:strong		neighbour_evidence
2020-01-01	2026-08-04	NM_007294.4:c.5164_5166delinsCGA	p.Ser1722Arg	missense	VUS	VUS	2	4	MISSING_FUNCTIONAL	MISSING_FUNCTIONAL	PM5:moderate		neighbour_evidence
2020-01-01	2026-08-04	NM_007294.4:c.5164_5166delinsCGC	p.Ser1722Arg	missense	VUS	VUS	2	4	MISSING_FUNCTIONAL	MISSING_FUNCTIONAL	PM5:moderate		neighbour_evidence
2020-01-01	2026-08-04	NM_007294.4:c.5164_5166delinsCGG	p.Ser1722Arg	missense	VUS	VUS	2	4	MISSING_FUNCTIONAL	MISSING_FUNCTIONAL	PM5:moderate		neighbour_evidence
2020-01-01	2026-08-04	NM_007294.4:c.5164_5165delinsCG	p.Ser1722Arg	missense	VUS	VUS	2	4	MISSING_FUNCTIONAL	MISSING_FUNCTIONAL	PM5:moderate		neighbour_evidence
2020-01-01	2026-08-04	NM_007294.4:c.5164_5166delinsCTA	p.Ser1722Leu	missense	VUS	VUS	2	4	MISSING_FUNCTIONAL	MISSING_FUNCTIONAL	PM5:moderate		neighbour_evidence
2020-01-01	2026-08-04	NM_007294.4:c.5164_5166delinsCTC	p.Ser1722Leu	missense	VUS	VUS	2	4	MISSING_FUNCTIONAL	MISSING_FUNCTIONAL	PM5:moderate		neighbour_evidence
2020-01-01	2026-08-04	NM_007294.4:c.5164_5166delinsCTG	p.Ser1722Leu	missense	VUS	VUS	2	4	MISSING_FUNCTIONAL	MISSING_FUNCTIONAL	PM5:moderate		neighbour_evidence
2020-01-01	2026-08-04	NM_007294.4:c.5164_5165delinsCT	p.Ser1722Leu	missense	VUS	VUS	2	4	MISSING_FUNCTIONAL	MISSING_FUNCTIONAL	PM5:moderate		neighbour_evidence
2020-01-01	2026-08-04	NM_007294.4:c.5164_5166delinsGAA	p.Ser1722Glu	missense	VUS	VUS	2	4	MISSING_FUNCTIONAL	MISSING_FUNCTIONAL	PM5:moderate		neighbour_evidence
2020-01-01	2026-08-04	NM_007294.4:c.5164_5166delinsGAC	p.Ser1722Asp	missense	VUS	VUS	2	4	MISSING_FUNCTIONAL	MISSING_FUNCTIONAL	PM5:moderate		neighbour_evidence
2020-01-01	2026-08-04	NM_007294.4:c.5164_5166delinsGAG	p.Ser1722Glu	missense	VUS	VUS	2	4	MISSING_FUNCTIONAL	MISSING_FUNCTIONAL	PM5:moderate		neighbour_evidence
2020-01-01	2026-08-04	NM_007294.4:c.5164_5165delinsGA	p.Ser1722Asp	missense	VUS	VUS	2	4	MISSING_FUNCTIONAL	MISSING_FUNCTIONAL	PM5:moderate		neighbour_evidence
2020-01-01	2026-08-04	NM_007294.4:c.5164_5166delinsGCA	p.Ser1722Ala	missense	VUS	VUS	2	4	MISSING_FUNCTIONAL	MISSING_FUNCTIONAL	PM5:moderate		neighbour_evidence
2020-01-01	2026-08-04	NM_007294.4:c.5164_5166delinsGCC	p.Ser1722Ala	missense	VUS	VUS	2	4	MISSING_FUNCTIONAL	MISSING_FUNCTIONAL	PM5:moderate		neighbour_evidence
2020-01-01	2026-08-04	NM_007294.4:c.5164_5166delinsGCG	p.Ser1722Ala	missense	VUS	VUS	2	4	MISSING_FUNCTIONAL	MISSING_FUNCTIONAL	PM5:moderate		neighbour_evidence
2020-01-01	2026-08-04	NM_007294.4:c.5164_5166delinsGGA	p.Ser1722Gly	missense	VUS	VUS	2	4	MISSING_FUNCTIONAL	MISSING_FUNCTIONAL	PM5:moderate		neighbour_evidence
2020-01-01	2026-08-04	NM_007294.4:c.5164_5166delinsGGC	p.Ser1722Gly	missense	VUS	VUS	2	4	MISSING_FUNCTIONAL	MISSING_FUNCTIONAL	PM5:moderate		neighbour_evidence
2020-01-01	2026-08-04	NM_007294.4:c.5164_5166delinsGGG	p.Ser1722Gly	missense	VUS	VUS	2	4	MISSING_FUNCTIONAL	MISSING_FUNCTIONAL	PM5:moderate		neighbour_evidence
2020-01-01	2026-08-04	NM_007294.4:c.5164_5165delinsGG	p.Ser1722Gly	missense	VUS	VUS	2	4	MISSING_FUNCTIONAL	MISSING_FUNCTIONAL	PM5:moderate		neighbour_evidence
2020-01-01	2026-08-04	NM_007294.4:c.5164_5166delinsGTA	p.Ser1722Val	missense	VUS	VUS	2	4	MISSING_FUNCTIONAL	MISSING_FUNCTIONAL	PM5:moderate		neighbour_evidence
2020-01-01	2026-08-04	NM_007294.4:c.5164_5166delinsGTC	p.Ser1722Val	missense	VUS	VUS	2	4	MISSING_FUNCTIONAL	MISSING_FUNCTIONAL	PM5:moderate		neighbour_evidence
2020-01-01	2026-08-04	NM_007294.4:c.5164_5166delinsGTG	p.Ser1722Val	missense	VUS	VUS	2	4	MISSING_FUNCTIONAL	MISSING_FUNCTIONAL	PM5:moderate		neighbour_evidence
2020-01-01	2026-08-04	NM_007294.4:c.5164_5165delinsGT	p.Ser1722Val	missense	VUS	VUS	2	4	MISSING_FUNCTIONAL	MISSING_FUNCTIONAL	PM5:moderate		neighbour_evidence
2020-01-01	2026-08-04	NM_007294.4:c.5165_5166delinsAC	p.Ser1722Tyr	missense	VUS	VUS	2	4	MISSING_FUNCTIONAL	MISSING_FUNCTIONAL	PM5:moderate		neighbour_evidence
2020-01-01	2026-08-04	NM_007294.4:c.5165_5166delinsGC	p.Ser1722Cys	missense	VUS	VUS	2	4	MISSING_FUNCTIONAL	MISSING_FUNCTIONAL	PM5:moderate		neighbour_evidence
2020-01-01	2026-08-04	NM_007294.4:c.5165_5166delinsGG	p.Ser1722Trp	missense	VUS	VUS	2	4	MISSING_FUNCTIONAL	MISSING_FUNCTIONAL	PM5:moderate		neighbour_evidence
2020-01-01	2026-08-04	NM_007294.4:c.5165_5166delinsTA	p.Ser1722Leu	missense	VUS	VUS	2	4	MISSING_FUNCTIONAL	MISSING_FUNCTIONAL	PM5:moderate		neighbour_evidence
2020-01-01	2026-08-04	NM_007294.4:c.5165_5166delinsTC	p.Ser1722Phe	missense	VUS	VUS	2	4	MISSING_FUNCTIONAL	MISSING_FUNCTIONAL	PM5:moderate		neighbour_evidence
2020-01-01	2026-08-04	NM_007294.4:c.5165_5166delinsTG	p.Ser1722Leu	missense	VUS	VUS	2	4	MISSING_FUNCTIONAL	MISSING_FUNCTIONAL	PM5:moderate		neighbour_evidence
2020-01-01	2026-08-04	NM_007294.4:c.5200_5202delinsAAA	p.Phe1734Lys	missense	VUS	VUS	2	4	MISSING_FUNCTIONAL	MISSING_FUNCTIONAL	PM5:moderate		neighbour_evidence
2020-01-01	2026-08-04	NM_007294.4:c.5200_5202delinsAAC	p.Phe1734Asn	missense	VUS	VUS	2	4	MISSING_FUNCTIONAL	MISSING_FUNCTIONAL	PM5:moderate		neighbour_evidence
2020-01-01	2026-08-04	NM_007294.4:c.5200_5202delinsAAG	p.Phe1734Lys	missense	VUS	VUS	2	4	MISSING_FUNCTIONAL	MISSING_FUNCTIONAL	PM5:moderate		neighbour_evidence
2020-01-01	2026-08-04	NM_007294.4:c.5200_5201delinsAA	p.Phe1734Asn	missense	VUS	VUS	2	4	MISSING_FUNCTIONAL	MISSING_FUNCTIONAL	PM5:moderate		neighbour_evidence
2020-01-01	2026-08-04	NM_007294.4:c.5200_5202delinsACA	p.Phe1734Thr	missense	VUS	VUS	2	4	MISSING_FUNCTIONAL	MISSING_FUNCTIONAL	PM5:moderate		neighbour_evidence
2020-01-01	2026-08-04	NM_007294.4:c.5200_5202delinsACC	p.Phe1734Thr	missense	VUS	VUS	2	4	MISSING_FUNCTIONAL	MISSING_FUNCTIONAL	PM5:moderate		neighbour_evidence
2020-01-01	2026-08-04	NM_007294.4:c.5200_5202delinsACG	p.Phe1734Thr	missense	VUS	VUS	2	4	MISSING_FUNCTIONAL	MISSING_FUNCTIONAL	PM5:moderate		neighbour_evidence
2020-01-01	2026-08-04	NM_007294.4:c.5200_5201delinsAC	p.Phe1734Thr	missense	VUS	VUS	2	4	MISSING_FUNCTIONAL	MISSING_FUNCTIONAL	PM5:moderate		neighbour_evidence
2020-01-01	2026-08-04	NM_007294.4:c.5200_5202delinsAGA	p.Phe1734Arg	missense	VUS	VUS	2	4	MISSING_FUNCTIONAL	MISSING_FUNCTIONAL	PM5:moderate		neighbour_evidence
2020-01-01	2026-08-04	NM_007294.4:c.5200_5202delinsAGC	p.Phe1734Ser	missense	VUS	LP	2	8	MISSING_FUNCTIONAL	RESOLVED_NOT_BLOCKED	PM5:moderate;PS1:strong		neighbour_evidence
2020-01-01	2026-08-04	NM_007294.4:c.5200_5202delinsAGG	p.Phe1734Arg	missense	VUS	VUS	2	4	MISSING_FUNCTIONAL	MISSING_FUNCTIONAL	PM5:moderate		neighbour_evidence
2020-01-01	2026-08-04	NM_007294.4:c.5200_5201delinsAG	p.Phe1734Ser	missense	VUS	LP	2	8	MISSING_FUNCTIONAL	RESOLVED_NOT_BLOCKED	PM5:moderate;PS1:strong		neighbour_evidence
2020-01-01	2026-08-04	NM_007294.4:c.5200_5202delinsATA	p.Phe1734Ile	missense	VUS	LP	2	8	MISSING_FUNCTIONAL	RESOLVED_NOT_BLOCKED	PM5:moderate;PS1:strong		neighbour_evidence
2020-01-01	2026-08-04	NM_007294.4:c.5200_5202delinsATC	p.Phe1734Ile	missense	VUS	LP	2	8	MISSING_FUNCTIONAL	RESOLVED_NOT_BLOCKED	PM5:moderate;PS1:strong		neighbour_evidence
2020-01-01	2026-08-04	NM_007294.4:c.5200_5202delinsATG	p.Phe1734Met	missense	VUS	VUS	2	4	MISSING_FUNCTIONAL	MISSING_FUNCTIONAL	PM5:moderate		neighbour_evidence
2020-01-01	2026-08-04	NM_007294.4:c.5200_5202delinsCAA	p.Phe1734Gln	missense	VUS	VUS	2	4	MISSING_FUNCTIONAL	MISSING_FUNCTIONAL	PM5:moderate		neighbour_evidence
2020-01-01	2026-08-04	NM_007294.4:c.5200_5202delinsCAC	p.Phe1734His	missense	VUS	VUS	2	4	MISSING_FUNCTIONAL	MISSING_FUNCTIONAL	PM5:moderate		neighbour_evidence
2020-01-01	2026-08-04	NM_007294.4:c.5200_5202delinsCAG	p.Phe1734Gln	missense	VUS	VUS	2	4	MISSING_FUNCTIONAL	MISSING_FUNCTIONAL	PM5:moderate		neighbour_evidence
2020-01-01	2026-08-04	NM_007294.4:c.5200_5201delinsCA	p.Phe1734His	missense	VUS	VUS	2	4	MISSING_FUNCTIONAL	MISSING_FUNCTIONAL	PM5:moderate		neighbour_evidence
2020-01-01	2026-08-04	NM_007294.4:c.5200_5202delinsCCA	p.Phe1734Pro	missense	VUS	VUS	2	4	MISSING_FUNCTIONAL	MISSING_FUNCTIONAL	PM5:moderate		neighbour_evidence
2020-01-01	2026-08-04	NM_007294.4:c.5200_5202delinsCCC	p.Phe1734Pro	missense	VUS	VUS	2	4	MISSING_FUNCTIONAL	MISSING_FUNCTIONAL	PM5:moderate		neighbour_evidence
2020-01-01	2026-08-04	NM_007294.4:c.5200_5202delinsCCG	p.Phe1734Pro	missense	VUS	VUS	2	4	MISSING_FUNCTIONAL	MISSING_FUNCTIONAL	PM5:moderate		neighbour_evidence
2020-01-01	2026-08-04	NM_007294.4:c.5200_5201delinsCC	p.Phe1734Pro	missense	VUS	VUS	2	4	MISSING_FUNCTIONAL	MISSING_FUNCTIONAL	PM5:moderate		neighbour_evidence
2020-01-01	2026-08-04	NM_007294.4:c.5200_5202delinsCGA	p.Phe1734Arg	missense	VUS	VUS	2	4	MISSING_FUNCTIONAL	MISSING_FUNCTIONAL	PM5:moderate		neighbour_evidence
2020-01-01	2026-08-04	NM_007294.4:c.5200_5202delinsCGC	p.Phe1734Arg	missense	VUS	VUS	2	4	MISSING_FUNCTIONAL	MISSING_FUNCTIONAL	PM5:moderate		neighbour_evidence
2020-01-01	2026-08-04	NM_007294.4:c.5200_5202delinsCGG	p.Phe1734Arg	missense	VUS	VUS	2	4	MISSING_FUNCTIONAL	MISSING_FUNCTIONAL	PM5:moderate		neighbour_evidence
2020-01-01	2026-08-04	NM_007294.4:c.5200_5201delinsCG	p.Phe1734Arg	missense	VUS	VUS	2	4	MISSING_FUNCTIONAL	MISSING_FUNCTIONAL	PM5:moderate		neighbour_evidence
2020-01-01	2026-08-04	NM_007294.4:c.5200_5202delinsCTA	p.Phe1734Leu	missense	VUS	LP	2	8	MISSING_FUNCTIONAL	RESOLVED_NOT_BLOCKED	PM5:moderate;PS1:strong		neighbour_evidence
2020-01-01	2026-08-04	NM_007294.4:c.5200_5202delinsCTC	p.Phe1734Leu	missense	VUS	LP	2	8	MISSING_FUNCTIONAL	RESOLVED_NOT_BLOCKED	PM5:moderate;PS1:strong		neighbour_evidence
2020-01-01	2026-08-04	NM_007294.4:c.5200_5202delinsCTG	p.Phe1734Leu	missense	VUS	LP	2	8	MISSING_FUNCTIONAL	RESOLVED_NOT_BLOCKED	PM5:moderate;PS1:strong		neighbour_evidence
2020-01-01	2026-08-04	NM_007294.4:c.5200_5202delinsGAA	p.Phe1734Glu	missense	VUS	VUS	2	4	MISSING_FUNCTIONAL	MISSING_FUNCTIONAL	PM5:moderate		neighbour_evidence
2020-01-01	2026-08-04	NM_007294.4:c.5200_5202delinsGAC	p.Phe1734Asp	missense	VUS	VUS	2	4	MISSING_FUNCTIONAL	MISSING_FUNCTIONAL	PM5:moderate		neighbour_evidence
2020-01-01	2026-08-04	NM_007294.4:c.5200_5202delinsGAG	p.Phe1734Glu	missense	VUS	VUS	2	4	MISSING_FUNCTIONAL	MISSING_FUNCTIONAL	PM5:moderate		neighbour_evidence
2020-01-01	2026-08-04	NM_007294.4:c.5200_5201delinsGA	p.Phe1734Asp	missense	VUS	VUS	2	4	MISSING_FUNCTIONAL	MISSING_FUNCTIONAL	PM5:moderate		neighbour_evidence
2020-01-01	2026-08-04	NM_007294.4:c.5200_5202delinsGCA	p.Phe1734Ala	missense	VUS	VUS	2	4	MISSING_FUNCTIONAL	MISSING_FUNCTIONAL	PM5:moderate		neighbour_evidence
2020-01-01	2026-08-04	NM_007294.4:c.5200_5202delinsGCC	p.Phe1734Ala	missense	VUS	VUS	2	4	MISSING_FUNCTIONAL	MISSING_FUNCTIONAL	PM5:moderate		neighbour_evidence
2020-01-01	2026-08-04	NM_007294.4:c.5200_5202delinsGCG	p.Phe1734Ala	missense	VUS	VUS	2	4	MISSING_FUNCTIONAL	MISSING_FUNCTIONAL	PM5:moderate		neighbour_evidence
2020-01-01	2026-08-04	NM_007294.4:c.5200_5201delinsGC	p.Phe1734Ala	missense	VUS	VUS	2	4	MISSING_FUNCTIONAL	MISSING_FUNCTIONAL	PM5:moderate		neighbour_evidence
2020-01-01	2026-08-04	NM_007294.4:c.5200_5202delinsGGA	p.Phe1734Gly	missense	VUS	VUS	2	4	MISSING_FUNCTIONAL	MISSING_FUNCTIONAL	PM5:moderate		neighbour_evidence
2020-01-01	2026-08-04	NM_007294.4:c.5200_5202delinsGGC	p.Phe1734Gly	missense	VUS	VUS	2	4	MISSING_FUNCTIONAL	MISSING_FUNCTIONAL	PM5:moderate		neighbour_evidence
2020-01-01	2026-08-04	NM_007294.4:c.5200_5202delinsGGG	p.Phe1734Gly	missense	VUS	VUS	2	4	MISSING_FUNCTIONAL	MISSING_FUNCTIONAL	PM5:moderate		neighbour_evidence
2020-01-01	2026-08-04	NM_007294.4:c.5200_5201delinsGG	p.Phe1734Gly	missense	VUS	VUS	2	4	MISSING_FUNCTIONAL	MISSING_FUNCTIONAL	PM5:moderate		neighbour_evidence
2020-01-01	2026-08-04	NM_007294.4:c.5200_5202delinsGTA	p.Phe1734Val	missense	VUS	VUS	2	4	MISSING_FUNCTIONAL	MISSING_FUNCTIONAL	PM5:moderate		neighbour_evidence
2020-01-01	2026-08-04	NM_007294.4:c.5200_5202delinsGTC	p.Phe1734Val	missense	VUS	VUS	2	4	MISSING_FUNCTIONAL	MISSING_FUNCTIONAL	PM5:moderate		neighbour_evidence
2020-01-01	2026-08-04	NM_007294.4:c.5200_5202delinsGTG	p.Phe1734Val	missense	VUS	VUS	2	4	MISSING_FUNCTIONAL	MISSING_FUNCTIONAL	PM5:moderate		neighbour_evidence
2020-01-01	2026-08-04	NM_007294.4:c.5201_5202delinsAC	p.Phe1734Tyr	missense	VUS	VUS	2	4	MISSING_FUNCTIONAL	MISSING_FUNCTIONAL	PM5:moderate		neighbour_evidence
2020-01-01	2026-08-04	NM_007294.4:c.5201_5202delinsCA	p.Phe1734Ser	missense	VUS	LP	2	8	MISSING_FUNCTIONAL	RESOLVED_NOT_BLOCKED	PM5:moderate;PS1:strong		neighbour_evidence
2020-01-01	2026-08-04	NM_007294.4:c.5201_5202delinsCC	p.Phe1734Ser	missense	VUS	LP	2	8	MISSING_FUNCTIONAL	RESOLVED_NOT_BLOCKED	PM5:moderate;PS1:strong		neighbour_evidence
2020-01-01	2026-08-04	NM_007294.4:c.5201_5202delinsCG	p.Phe1734Ser	missense	VUS	LP	2	8	MISSING_FUNCTIONAL	RESOLVED_NOT_BLOCKED	PM5:moderate;PS1:strong		neighbour_evidence
2020-01-01	2026-08-04	NM_007294.4:c.5201_5202delinsGC	p.Phe1734Cys	missense	VUS	VUS	2	4	MISSING_FUNCTIONAL	MISSING_FUNCTIONAL	PM5:moderate		neighbour_evidence
2020-01-01	2026-08-04	NM_007294.4:c.5201_5202delinsGG	p.Phe1734Trp	missense	VUS	VUS	2	4	MISSING_FUNCTIONAL	MISSING_FUNCTIONAL	PM5:moderate		neighbour_evidence
2020-01-01	2026-08-04	NM_007294.4:c.5206_5208delinsAAA	p.Val1736Lys	missense	VUS	VUS	2	4	MISSING_FUNCTIONAL	MISSING_FUNCTIONAL	PM5:moderate		neighbour_evidence
2020-01-01	2026-08-04	NM_007294.4:c.5206_5207delinsAA	p.Val1736Asn	missense	VUS	VUS	2	4	MISSING_FUNCTIONAL	MISSING_FUNCTIONAL	PM5:moderate		neighbour_evidence
2020-01-01	2026-08-04	NM_007294.4:c.5206_5208delinsAAG	p.Val1736Lys	missense	VUS	VUS	2	4	MISSING_FUNCTIONAL	MISSING_FUNCTIONAL	PM5:moderate		neighbour_evidence
2020-01-01	2026-08-04	NM_007294.4:c.5206_5208delinsAAT	p.Val1736Asn	missense	VUS	VUS	2	4	MISSING_FUNCTIONAL	MISSING_FUNCTIONAL	PM5:moderate		neighbour_evidence
2020-01-01	2026-08-04	NM_007294.4:c.5206_5208delinsACA	p.Val1736Thr	missense	VUS	VUS	2	4	MISSING_FUNCTIONAL	MISSING_FUNCTIONAL	PM5:moderate		neighbour_evidence
2020-01-01	2026-08-04	NM_007294.4:c.5206_5207delinsAC	p.Val1736Thr	missense	VUS	VUS	2	4	MISSING_FUNCTIONAL	MISSING_FUNCTIONAL	PM5:moderate		neighbour_evidence
2020-01-01	2026-08-04	NM_007294.4:c.5206_5208delinsACG	p.Val1736Thr	missense	VUS	VUS	2	4	MISSING_FUNCTIONAL	MISSING_FUNCTIONAL	PM5:moderate		neighbour_evidence
2020-01-01	2026-08-04	NM_007294.4:c.5206_5208delinsACT	p.Val1736Thr	missense	VUS	VUS	2	4	MISSING_FUNCTIONAL	MISSING_FUNCTIONAL	PM5:moderate		neighbour_evidence
2020-01-01	2026-08-04	NM_007294.4:c.5206_5208delinsAGA	p.Val1736Arg	missense	VUS	VUS	2	4	MISSING_FUNCTIONAL	MISSING_FUNCTIONAL	PM5:moderate		neighbour_evidence
2020-01-01	2026-08-04	NM_007294.4:c.5206_5207delinsAG	p.Val1736Ser	missense	VUS	VUS	2	4	MISSING_FUNCTIONAL	MISSING_FUNCTIONAL	PM5:moderate		neighbour_evidence
2020-01-01	2026-08-04	NM_007294.4:c.5206_5208delinsAGG	p.Val1736Arg	missense	VUS	VUS	2	4	MISSING_FUNCTIONAL	MISSING_FUNCTIONAL	PM5:moderate		neighbour_evidence
2020-01-01	2026-08-04	NM_007294.4:c.5206_5208delinsAGT	p.Val1736Ser	missense	VUS	VUS	2	4	MISSING_FUNCTIONAL	MISSING_FUNCTIONAL	PM5:moderate		neighbour_evidence
2020-01-01	2026-08-04	NM_007294.4:c.5206_5208delinsATA	p.Val1736Ile	missense	VUS	VUS	2	4	MISSING_FUNCTIONAL	MISSING_FUNCTIONAL	PM5:moderate		neighbour_evidence
2020-01-01	2026-08-04	NM_007294.4:c.5206_5208delinsATG	p.Val1736Met	missense	VUS	VUS	2	4	MISSING_FUNCTIONAL	MISSING_FUNCTIONAL	PM5:moderate		neighbour_evidence
2020-01-01	2026-08-04	NM_007294.4:c.5206_5208delinsATT	p.Val1736Ile	missense	VUS	VUS	2	4	MISSING_FUNCTIONAL	MISSING_FUNCTIONAL	PM5:moderate		neighbour_evidence
2020-01-01	2026-08-04	NM_007294.4:c.5206_5208delinsCAA	p.Val1736Gln	missense	VUS	VUS	2	4	MISSING_FUNCTIONAL	MISSING_FUNCTIONAL	PM5:moderate		neighbour_evidence
2020-01-01	2026-08-04	NM_007294.4:c.5206_5207delinsCA	p.Val1736His	missense	VUS	VUS	2	4	MISSING_FUNCTIONAL	MISSING_FUNCTIONAL	PM5:moderate		neighbour_evidence
2020-01-01	2026-08-04	NM_007294.4:c.5206_5208delinsCAG	p.Val1736Gln	missense	VUS	VUS	2	4	MISSING_FUNCTIONAL	MISSING_FUNCTIONAL	PM5:moderate		neighbour_evidence
2020-01-01	2026-08-04	NM_007294.4:c.5206_5208delinsCAT	p.Val1736His	missense	VUS	VUS	2	4	MISSING_FUNCTIONAL	MISSING_FUNCTIONAL	PM5:moderate		neighbour_evidence
2020-01-01	2026-08-04	NM_007294.4:c.5206_5208delinsCCA	p.Val1736Pro	missense	VUS	VUS	2	4	MISSING_FUNCTIONAL	MISSING_FUNCTIONAL	PM5:moderate		neighbour_evidence
2020-01-01	2026-08-04	NM_007294.4:c.5206_5207delinsCC	p.Val1736Pro	missense	VUS	VUS	2	4	MISSING_FUNCTIONAL	MISSING_FUNCTIONAL	PM5:moderate		neighbour_evidence
2020-01-01	2026-08-04	NM_007294.4:c.5206_5208delinsCCG	p.Val1736Pro	missense	VUS	VUS	2	4	MISSING_FUNCTIONAL	MISSING_FUNCTIONAL	PM5:moderate		neighbour_evidence
2020-01-01	2026-08-04	NM_007294.4:c.5206_5208delinsCCT	p.Val1736Pro	missense	VUS	VUS	2	4	MISSING_FUNCTIONAL	MISSING_FUNCTIONAL	PM5:moderate		neighbour_evidence
2020-01-01	2026-08-04	NM_007294.4:c.5206_5208delinsCGA	p.Val1736Arg	missense	VUS	VUS	2	4	MISSING_FUNCTIONAL	MISSING_FUNCTIONAL	PM5:moderate		neighbour_evidence
2020-01-01	2026-08-04	NM_007294.4:c.5206_5207delinsCG	p.Val1736Arg	missense	VUS	VUS	2	4	MISSING_FUNCTIONAL	MISSING_FUNCTIONAL	PM5:moderate		neighbour_evidence
2020-01-01	2026-08-04	NM_007294.4:c.5206_5208delinsCGG	p.Val1736Arg	missense	VUS	VUS	2	4	MISSING_FUNCTIONAL	MISSING_FUNCTIONAL	PM5:moderate		neighbour_evidence
2020-01-01	2026-08-04	NM_007294.4:c.5206_5208delinsCGT	p.Val1736Arg	missense	VUS	VUS	2	4	MISSING_FUNCTIONAL	MISSING_FUNCTIONAL	PM5:moderate		neighbour_evidence
2020-01-01	2026-08-04	NM_007294.4:c.5206_5208delinsCTA	p.Val1736Leu	missense	VUS	VUS	2	4	MISSING_FUNCTIONAL	MISSING_FUNCTIONAL	PM5:moderate		neighbour_evidence
2020-01-01	2026-08-04	NM_007294.4:c.5206_5208delinsCTG	p.Val1736Leu	missense	VUS	VUS	2	4	MISSING_FUNCTIONAL	MISSING_FUNCTIONAL	PM5:moderate		neighbour_evidence
2020-01-01	2026-08-04	NM_007294.4:c.5206_5208delinsCTT	p.Val1736Leu	missense	VUS	VUS	2	4	MISSING_FUNCTIONAL	MISSING_FUNCTIONAL	PM5:moderate		neighbour_evidence
2020-01-01	2026-08-04	NM_007294.4:c.5207_5208delinsAA	p.Val1736Glu	missense	VUS	VUS	2	4	MISSING_FUNCTIONAL	MISSING_FUNCTIONAL	PM5:moderate		neighbour_evidence
2020-01-01	2026-08-04	NM_007294.4:c.5207_5208delinsAG	p.Val1736Glu	missense	VUS	VUS	2	4	MISSING_FUNCTIONAL	MISSING_FUNCTIONAL	PM5:moderate		neighbour_evidence
2020-01-01	2026-08-04	NM_007294.4:c.5207_5208delinsAT	p.Val1736Asp	missense	VUS	VUS	2	4	MISSING_FUNCTIONAL	MISSING_FUNCTIONAL	PM5:moderate		neighbour_evidence
2020-01-01	2026-08-04	NM_007294.4:c.5207_5208delinsCA	p.Val1736Ala	missense	VUS	LP	2	8	MISSING_FUNCTIONAL	RESOLVED_NOT_BLOCKED	PM5:moderate;PS1:strong		neighbour_evidence
2020-01-01	2026-08-04	NM_007294.4:c.5207_5208delinsCG	p.Val1736Ala	missense	VUS	LP	2	8	MISSING_FUNCTIONAL	RESOLVED_NOT_BLOCKED	PM5:moderate;PS1:strong		neighbour_evidence
2020-01-01	2026-08-04	NM_007294.4:c.5207_5208delinsCT	p.Val1736Ala	missense	VUS	LP	2	8	MISSING_FUNCTIONAL	RESOLVED_NOT_BLOCKED	PM5:moderate;PS1:strong		neighbour_evidence
2020-01-01	2026-08-04	NM_007294.4:c.5207_5208delinsGA	p.Val1736Gly	missense	VUS	LP	2	8	MISSING_FUNCTIONAL	RESOLVED_NOT_BLOCKED	PM5:moderate;PS1:strong		neighbour_evidence
2020-01-01	2026-08-04	NM_007294.4:c.5207_5208delinsGG	p.Val1736Gly	missense	VUS	LP	2	8	MISSING_FUNCTIONAL	RESOLVED_NOT_BLOCKED	PM5:moderate;PS1:strong		neighbour_evidence
2020-01-01	2026-08-04	NM_007294.4:c.5207_5208delinsGT	p.Val1736Gly	missense	VUS	LP	2	8	MISSING_FUNCTIONAL	RESOLVED_NOT_BLOCKED	PM5:moderate;PS1:strong		neighbour_evidence
2020-01-01	2026-08-04	NM_007294.4:c.5206_5207delinsTA	p.Val1736Tyr	missense	VUS	VUS	2	4	MISSING_FUNCTIONAL	MISSING_FUNCTIONAL	PM5:moderate		neighbour_evidence
2020-01-01	2026-08-04	NM_007294.4:c.5206_5208delinsTAT	p.Val1736Tyr	missense	VUS	VUS	2	4	MISSING_FUNCTIONAL	MISSING_FUNCTIONAL	PM5:moderate		neighbour_evidence
2020-01-01	2026-08-04	NM_007294.4:c.5206_5208delinsTCA	p.Val1736Ser	missense	VUS	VUS	2	4	MISSING_FUNCTIONAL	MISSING_FUNCTIONAL	PM5:moderate		neighbour_evidence
2020-01-01	2026-08-04	NM_007294.4:c.5206_5207delinsTC	p.Val1736Ser	missense	VUS	VUS	2	4	MISSING_FUNCTIONAL	MISSING_FUNCTIONAL	PM5:moderate		neighbour_evidence
2020-01-01	2026-08-04	NM_007294.4:c.5206_5208delinsTCG	p.Val1736Ser	missense	VUS	VUS	2	4	MISSING_FUNCTIONAL	MISSING_FUNCTIONAL	PM5:moderate		neighbour_evidence
2020-01-01	2026-08-04	NM_007294.4:c.5206_5208delinsTCT	p.Val1736Ser	missense	VUS	VUS	2	4	MISSING_FUNCTIONAL	MISSING_FUNCTIONAL	PM5:moderate		neighbour_evidence
2020-01-01	2026-08-04	NM_007294.4:c.5206_5207delinsTG	p.Val1736Cys	missense	VUS	VUS	2	4	MISSING_FUNCTIONAL	MISSING_FUNCTIONAL	PM5:moderate		neighbour_evidence
2020-01-01	2026-08-04	NM_007294.4:c.5206_5208delinsTGG	p.Val1736Trp	missense	VUS	VUS	2	4	MISSING_FUNCTIONAL	MISSING_FUNCTIONAL	PM5:moderate		neighbour_evidence
2020-01-01	2026-08-04	NM_007294.4:c.5206_5208delinsTGT	p.Val1736Cys	missense	VUS	VUS	2	4	MISSING_FUNCTIONAL	MISSING_FUNCTIONAL	PM5:moderate		neighbour_evidence
2020-01-01	2026-08-04	NM_007294.4:c.5206_5208delinsTTA	p.Val1736Leu	missense	VUS	VUS	2	4	MISSING_FUNCTIONAL	MISSING_FUNCTIONAL	PM5:moderate		neighbour_evidence
2020-01-01	2026-08-04	NM_007294.4:c.5206_5208delinsTTG	p.Val1736Leu	missense	VUS	VUS	2	4	MISSING_FUNCTIONAL	MISSING_FUNCTIONAL	PM5:moderate		neighbour_evidence
2020-01-01	2026-08-04	NM_007294.4:c.5206_5208delinsTTT	p.Val1736Phe	missense	VUS	LP	2	8	MISSING_FUNCTIONAL	RESOLVED_NOT_BLOCKED	PM5:moderate;PS1:strong		neighbour_evidence
2020-01-01	2026-08-04	NM_007294.4:c.5212_5213delinsAA	p.Gly1738Lys	missense	VUS	VUS	2	4	MISSING_FUNCTIONAL	MISSING_FUNCTIONAL	PM5:moderate		neighbour_evidence
2020-01-01	2026-08-04	NM_007294.4:c.5212_5214delinsAAC	p.Gly1738Asn	missense	VUS	VUS	2	4	MISSING_FUNCTIONAL	MISSING_FUNCTIONAL	PM5:moderate		neighbour_evidence
2020-01-01	2026-08-04	NM_007294.4:c.5212_5214delinsAAG	p.Gly1738Lys	missense	VUS	VUS	2	4	MISSING_FUNCTIONAL	MISSING_FUNCTIONAL	PM5:moderate		neighbour_evidence
2020-01-01	2026-08-04	NM_007294.4:c.5212_5214delinsAAT	p.Gly1738Asn	missense	VUS	VUS	2	4	MISSING_FUNCTIONAL	MISSING_FUNCTIONAL	PM5:moderate		neighbour_evidence
2020-01-01	2026-08-04	NM_007294.4:c.5212_5213delinsAC	p.Gly1738Thr	missense	VUS	VUS	2	4	MISSING_FUNCTIONAL	MISSING_FUNCTIONAL	PM5:moderate		neighbour_evidence
2020-01-01	2026-08-04	NM_007294.4:c.5212_5214delinsACC	p.Gly1738Thr	missense	VUS	VUS	2	4	MISSING_FUNCTIONAL	MISSING_FUNCTIONAL	PM5:moderate		neighbour_evidence
2020-01-01	2026-08-04	NM_007294.4:c.5212_5214delinsACG	p.Gly1738Thr	missense	VUS	VUS	2	4	MISSING_FUNCTIONAL	MISSING_FUNCTIONAL	PM5:moderate		neighbour_evidence
2020-01-01	2026-08-04	NM_007294.4:c.5212_5214delinsACT	p.Gly1738Thr	missense	VUS	VUS	2	4	MISSING_FUNCTIONAL	MISSING_FUNCTIONAL	PM5:moderate		neighbour_evidence
2020-01-01	2026-08-04	NM_007294.4:c.5212_5214delinsAGC	p.Gly1738Ser	missense	VUS	VUS	2	4	MISSING_FUNCTIONAL	MISSING_FUNCTIONAL	PM5:moderate		neighbour_evidence
2020-01-01	2026-08-04	NM_007294.4:c.5212_5214delinsAGG	p.Gly1738Arg	missense	VUS	LP	2	8	MISSING_FUNCTIONAL	RESOLVED_NOT_BLOCKED	PM5:moderate;PS1:strong		neighbour_evidence
2020-01-01	2026-08-04	NM_007294.4:c.5212_5214delinsAGT	p.Gly1738Ser	missense	VUS	VUS	2	4	MISSING_FUNCTIONAL	MISSING_FUNCTIONAL	PM5:moderate		neighbour_evidence
2020-01-01	2026-08-04	NM_007294.4:c.5212_5213delinsAT	p.Gly1738Ile	missense	VUS	VUS	2	4	MISSING_FUNCTIONAL	MISSING_FUNCTIONAL	PM5:moderate		neighbour_evidence
2020-01-01	2026-08-04	NM_007294.4:c.5212_5214delinsATC	p.Gly1738Ile	missense	VUS	VUS	2	4	MISSING_FUNCTIONAL	MISSING_FUNCTIONAL	PM5:moderate		neighbour_evidence
2020-01-01	2026-08-04	NM_007294.4:c.5212_5214delinsATG	p.Gly1738Met	missense	VUS	VUS	2	4	MISSING_FUNCTIONAL	MISSING_FUNCTIONAL	PM5:moderate		neighbour_evidence
2020-01-01	2026-08-04	NM_007294.4:c.5212_5214delinsATT	p.Gly1738Ile	missense	VUS	VUS	2	4	MISSING_FUNCTIONAL	MISSING_FUNCTIONAL	PM5:moderate		neighbour_evidence
2020-01-01	2026-08-04	NM_007294.4:c.5212_5213delinsCA	p.Gly1738Gln	missense	VUS	VUS	2	4	MISSING_FUNCTIONAL	MISSING_FUNCTIONAL	PM5:moderate		neighbour_evidence
2020-01-01	2026-08-04	NM_007294.4:c.5212_5214delinsCAC	p.Gly1738His	missense	VUS	VUS	2	4	MISSING_FUNCTIONAL	MISSING_FUNCTIONAL	PM5:moderate		neighbour_evidence
2020-01-01	2026-08-04	NM_007294.4:c.5212_5214delinsCAG	p.Gly1738Gln	missense	VUS	VUS	2	4	MISSING_FUNCTIONAL	MISSING_FUNCTIONAL	PM5:moderate		neighbour_evidence
2020-01-01	2026-08-04	NM_007294.4:c.5212_5214delinsCAT	p.Gly1738His	missense	VUS	VUS	2	4	MISSING_FUNCTIONAL	MISSING_FUNCTIONAL	PM5:moderate		neighbour_evidence
2020-01-01	2026-08-04	NM_007294.4:c.5212_5213delinsCC	p.Gly1738Pro	missense	VUS	VUS	2	4	MISSING_FUNCTIONAL	MISSING_FUNCTIONAL	PM5:moderate		neighbour_evidence
2020-01-01	2026-08-04	NM_007294.4:c.5212_5214delinsCCC	p.Gly1738Pro	missense	VUS	VUS	2	4	MISSING_FUNCTIONAL	MISSING_FUNCTIONAL	PM5:moderate		neighbour_evidence
2020-01-01	2026-08-04	NM_007294.4:c.5212_5214delinsCCG	p.Gly1738Pro	missense	VUS	VUS	2	4	MISSING_FUNCTIONAL	MISSING_FUNCTIONAL	PM5:moderate		neighbour_evidence
2020-01-01	2026-08-04	NM_007294.4:c.5212_5214delinsCCT	p.Gly1738Pro	missense	VUS	VUS	2	4	MISSING_FUNCTIONAL	MISSING_FUNCTIONAL	PM5:moderate		neighbour_evidence
2020-01-01	2026-08-04	NM_007294.4:c.5212_5214delinsCGC	p.Gly1738Arg	missense	VUS	LP	2	8	MISSING_FUNCTIONAL	RESOLVED_NOT_BLOCKED	PM5:moderate;PS1:strong		neighbour_evidence
2020-01-01	2026-08-04	NM_007294.4:c.5212_5214delinsCGG	p.Gly1738Arg	missense	VUS	LP	2	8	MISSING_FUNCTIONAL	RESOLVED_NOT_BLOCKED	PM5:moderate;PS1:strong		neighbour_evidence
2020-01-01	2026-08-04	NM_007294.4:c.5212_5214delinsCGT	p.Gly1738Arg	missense	VUS	LP	2	8	MISSING_FUNCTIONAL	RESOLVED_NOT_BLOCKED	PM5:moderate;PS1:strong		neighbour_evidence
2020-01-01	2026-08-04	NM_007294.4:c.5212_5213delinsCT	p.Gly1738Leu	missense	VUS	VUS	2	4	MISSING_FUNCTIONAL	MISSING_FUNCTIONAL	PM5:moderate		neighbour_evidence
2020-01-01	2026-08-04	NM_007294.4:c.5212_5214delinsCTC	p.Gly1738Leu	missense	VUS	VUS	2	4	MISSING_FUNCTIONAL	MISSING_FUNCTIONAL	PM5:moderate		neighbour_evidence
2020-01-01	2026-08-04	NM_007294.4:c.5212_5214delinsCTG	p.Gly1738Leu	missense	VUS	VUS	2	4	MISSING_FUNCTIONAL	MISSING_FUNCTIONAL	PM5:moderate		neighbour_evidence
2020-01-01	2026-08-04	NM_007294.4:c.5212_5214delinsCTT	p.Gly1738Leu	missense	VUS	VUS	2	4	MISSING_FUNCTIONAL	MISSING_FUNCTIONAL	PM5:moderate		neighbour_evidence
2020-01-01	2026-08-04	NM_007294.4:c.5213_5214delinsAC	p.Gly1738Asp	missense	VUS	VUS	2	4	MISSING_FUNCTIONAL	MISSING_FUNCTIONAL	PM5:moderate		neighbour_evidence
2020-01-01	2026-08-04	NM_007294.4:c.5213_5214delinsAG	p.Gly1738Glu	missense	VUS	LP	2	8	MISSING_FUNCTIONAL	RESOLVED_NOT_BLOCKED	PM5:moderate;PS1:strong		neighbour_evidence
2020-01-01	2026-08-04	NM_007294.4:c.5213_5214delinsAT	p.Gly1738Asp	missense	VUS	VUS	2	4	MISSING_FUNCTIONAL	MISSING_FUNCTIONAL	PM5:moderate		neighbour_evidence
2020-01-01	2026-08-04	NM_007294.4:c.5213_5214delinsCC	p.Gly1738Ala	missense	VUS	VUS	2	4	MISSING_FUNCTIONAL	MISSING_FUNCTIONAL	PM5:moderate		neighbour_evidence
2020-01-01	2026-08-04	NM_007294.4:c.5213_5214delinsCG	p.Gly1738Ala	missense	VUS	VUS	2	4	MISSING_FUNCTIONAL	MISSING_FUNCTIONAL	PM5:moderate		neighbour_evidence
2020-01-01	2026-08-04	NM_007294.4:c.5213_5214delinsCT	p.Gly1738Ala	missense	VUS	VUS	2	4	MISSING_FUNCTIONAL	MISSING_FUNCTIONAL	PM5:moderate		neighbour_evidence
2020-01-01	2026-08-04	NM_007294.4:c.5213_5214delinsTC	p.Gly1738Val	missense	VUS	LP	2	8	MISSING_FUNCTIONAL	RESOLVED_NOT_BLOCKED	PM5:moderate;PS1:strong		neighbour_evidence
2020-01-01	2026-08-04	NM_007294.4:c.5213_5214delinsTG	p.Gly1738Val	missense	VUS	LP	2	8	MISSING_FUNCTIONAL	RESOLVED_NOT_BLOCKED	PM5:moderate;PS1:strong		neighbour_evidence
2020-01-01	2026-08-04	NM_007294.4:c.5213_5214delinsTT	p.Gly1738Val	missense	VUS	LP	2	8	MISSING_FUNCTIONAL	RESOLVED_NOT_BLOCKED	PM5:moderate;PS1:strong		neighbour_evidence
2020-01-01	2026-08-04	NM_007294.4:c.5212_5214delinsTAC	p.Gly1738Tyr	missense	VUS	VUS	2	4	MISSING_FUNCTIONAL	MISSING_FUNCTIONAL	PM5:moderate		neighbour_evidence
2020-01-01	2026-08-04	NM_007294.4:c.5212_5214delinsTAT	p.Gly1738Tyr	missense	VUS	VUS	2	4	MISSING_FUNCTIONAL	MISSING_FUNCTIONAL	PM5:moderate		neighbour_evidence
2020-01-01	2026-08-04	NM_007294.4:c.5212_5213delinsTC	p.Gly1738Ser	missense	VUS	VUS	2	4	MISSING_FUNCTIONAL	MISSING_FUNCTIONAL	PM5:moderate		neighbour_evidence
2020-01-01	2026-08-04	NM_007294.4:c.5212_5214delinsTCC	p.Gly1738Ser	missense	VUS	VUS	2	4	MISSING_FUNCTIONAL	MISSING_FUNCTIONAL	PM5:moderate		neighbour_evidence
2020-01-01	2026-08-04	NM_007294.4:c.5212_5214delinsTCG	p.Gly1738Ser	missense	VUS	VUS	2	4	MISSING_FUNCTIONAL	MISSING_FUNCTIONAL	PM5:moderate		neighbour_evidence
2020-01-01	2026-08-04	NM_007294.4:c.5212_5214delinsTCT	p.Gly1738Ser	missense	VUS	VUS	2	4	MISSING_FUNCTIONAL	MISSING_FUNCTIONAL	PM5:moderate		neighbour_evidence
2020-01-01	2026-08-04	NM_007294.4:c.5212_5214delinsTGC	p.Gly1738Cys	missense	VUS	VUS	2	4	MISSING_FUNCTIONAL	MISSING_FUNCTIONAL	PM5:moderate		neighbour_evidence
2020-01-01	2026-08-04	NM_007294.4:c.5212_5214delinsTGG	p.Gly1738Trp	missense	VUS	VUS	2	4	MISSING_FUNCTIONAL	MISSING_FUNCTIONAL	PM5:moderate		neighbour_evidence
2020-01-01	2026-08-04	NM_007294.4:c.5212_5214delinsTGT	p.Gly1738Cys	missense	VUS	VUS	2	4	MISSING_FUNCTIONAL	MISSING_FUNCTIONAL	PM5:moderate		neighbour_evidence
2020-01-01	2026-08-04	NM_007294.4:c.5212_5213delinsTT	p.Gly1738Leu	missense	VUS	VUS	2	4	MISSING_FUNCTIONAL	MISSING_FUNCTIONAL	PM5:moderate		neighbour_evidence
2020-01-01	2026-08-04	NM_007294.4:c.5212_5214delinsTTC	p.Gly1738Phe	missense	VUS	VUS	2	4	MISSING_FUNCTIONAL	MISSING_FUNCTIONAL	PM5:moderate		neighbour_evidence
2020-01-01	2026-08-04	NM_007294.4:c.5212_5214delinsTTG	p.Gly1738Leu	missense	VUS	VUS	2	4	MISSING_FUNCTIONAL	MISSING_FUNCTIONAL	PM5:moderate		neighbour_evidence
2020-01-01	2026-08-04	NM_007294.4:c.5212_5214delinsTTT	p.Gly1738Phe	missense	VUS	VUS	2	4	MISSING_FUNCTIONAL	MISSING_FUNCTIONAL	PM5:moderate		neighbour_evidence
2020-01-01	2026-08-04	NM_007294.4:c.5215_5217delinsAAA	p.Asp1739Lys	missense	VUS	VUS	2	4	MISSING_FUNCTIONAL	MISSING_FUNCTIONAL	PM5:moderate		neighbour_evidence
2020-01-01	2026-08-04	NM_007294.4:c.5215_5217delinsAAC	p.Asp1739Asn	missense	VUS	VUS	2	4	MISSING_FUNCTIONAL	MISSING_FUNCTIONAL	PM5:moderate		neighbour_evidence
2020-01-01	2026-08-04	NM_007294.4:c.5215_5217delinsAAG	p.Asp1739Lys	missense	VUS	VUS	2	4	MISSING_FUNCTIONAL	MISSING_FUNCTIONAL	PM5:moderate		neighbour_evidence
2020-01-01	2026-08-04	NM_007294.4:c.5215_5217delinsACA	p.Asp1739Thr	missense	VUS	VUS	2	4	MISSING_FUNCTIONAL	MISSING_FUNCTIONAL	PM5:moderate		neighbour_evidence
2020-01-01	2026-08-04	NM_007294.4:c.5215_5217delinsACC	p.Asp1739Thr	missense	VUS	VUS	2	4	MISSING_FUNCTIONAL	MISSING_FUNCTIONAL	PM5:moderate		neighbour_evidence
2020-01-01	2026-08-04	NM_007294.4:c.5215_5217delinsACG	p.Asp1739Thr	missense	VUS	VUS	2	4	MISSING_FUNCTIONAL	MISSING_FUNCTIONAL	PM5:moderate		neighbour_evidence
2020-01-01	2026-08-04	NM_007294.4:c.5215_5216delinsAC	p.Asp1739Thr	missense	VUS	VUS	2	4	MISSING_FUNCTIONAL	MISSING_FUNCTIONAL	PM5:moderate		neighbour_evidence
2020-01-01	2026-08-04	NM_007294.4:c.5215_5217delinsAGA	p.Asp1739Arg	missense	VUS	VUS	2	4	MISSING_FUNCTIONAL	MISSING_FUNCTIONAL	PM5:moderate		neighbour_evidence
2020-01-01	2026-08-04	NM_007294.4:c.5215_5217delinsAGC	p.Asp1739Ser	missense	VUS	VUS	2	4	MISSING_FUNCTIONAL	MISSING_FUNCTIONAL	PM5:moderate		neighbour_evidence
2020-01-01	2026-08-04	NM_007294.4:c.5215_5217delinsAGG	p.Asp1739Arg	missense	VUS	VUS	2	4	MISSING_FUNCTIONAL	MISSING_FUNCTIONAL	PM5:moderate		neighbour_evidence
2020-01-01	2026-08-04	NM_007294.4:c.5215_5216delinsAG	p.Asp1739Ser	missense	VUS	VUS	2	4	MISSING_FUNCTIONAL	MISSING_FUNCTIONAL	PM5:moderate		neighbour_evidence
2020-01-01	2026-08-04	NM_007294.4:c.5215_5217delinsATA	p.Asp1739Ile	missense	VUS	VUS	2	4	MISSING_FUNCTIONAL	MISSING_FUNCTIONAL	PM5:moderate		neighbour_evidence
2020-01-01	2026-08-04	NM_007294.4:c.5215_5217delinsATC	p.Asp1739Ile	missense	VUS	VUS	2	4	MISSING_FUNCTIONAL	MISSING_FUNCTIONAL	PM5:moderate		neighbour_evidence
2020-01-01	2026-08-04	NM_007294.4:c.5215_5217delinsATG	p.Asp1739Met	missense	VUS	VUS	2	4	MISSING_FUNCTIONAL	MISSING_FUNCTIONAL	PM5:moderate		neighbour_evidence
2020-01-01	2026-08-04	NM_007294.4:c.5215_5216delinsAT	p.Asp1739Ile	missense	VUS	VUS	2	4	MISSING_FUNCTIONAL	MISSING_FUNCTIONAL	PM5:moderate		neighbour_evidence
2020-01-01	2026-08-04	NM_007294.4:c.5215_5217delinsCAA	p.Asp1739Gln	missense	VUS	VUS	2	4	MISSING_FUNCTIONAL	MISSING_FUNCTIONAL	PM5:moderate		neighbour_evidence
2020-01-01	2026-08-04	NM_007294.4:c.5215_5217delinsCAC	p.Asp1739His	missense	VUS	LP	2	8	MISSING_FUNCTIONAL	RESOLVED_NOT_BLOCKED	PM5:moderate;PS1:strong		neighbour_evidence
2020-01-01	2026-08-04	NM_007294.4:c.5215_5217delinsCAG	p.Asp1739Gln	missense	VUS	VUS	2	4	MISSING_FUNCTIONAL	MISSING_FUNCTIONAL	PM5:moderate		neighbour_evidence
2020-01-01	2026-08-04	NM_007294.4:c.5215_5217delinsCCA	p.Asp1739Pro	missense	VUS	VUS	2	4	MISSING_FUNCTIONAL	MISSING_FUNCTIONAL	PM5:moderate		neighbour_evidence
2020-01-01	2026-08-04	NM_007294.4:c.5215_5217delinsCCC	p.Asp1739Pro	missense	VUS	VUS	2	4	MISSING_FUNCTIONAL	MISSING_FUNCTIONAL	PM5:moderate		neighbour_evidence
2020-01-01	2026-08-04	NM_007294.4:c.5215_5217delinsCCG	p.Asp1739Pro	missense	VUS	VUS	2	4	MISSING_FUNCTIONAL	MISSING_FUNCTIONAL	PM5:moderate		neighbour_evidence
2020-01-01	2026-08-04	NM_007294.4:c.5215_5216delinsCC	p.Asp1739Pro	missense	VUS	VUS	2	4	MISSING_FUNCTIONAL	MISSING_FUNCTIONAL	PM5:moderate		neighbour_evidence
2020-01-01	2026-08-04	NM_007294.4:c.5215_5217delinsCGA	p.Asp1739Arg	missense	VUS	VUS	2	4	MISSING_FUNCTIONAL	MISSING_FUNCTIONAL	PM5:moderate		neighbour_evidence
2020-01-01	2026-08-04	NM_007294.4:c.5215_5217delinsCGC	p.Asp1739Arg	missense	VUS	VUS	2	4	MISSING_FUNCTIONAL	MISSING_FUNCTIONAL	PM5:moderate		neighbour_evidence
2020-01-01	2026-08-04	NM_007294.4:c.5215_5217delinsCGG	p.Asp1739Arg	missense	VUS	VUS	2	4	MISSING_FUNCTIONAL	MISSING_FUNCTIONAL	PM5:moderate		neighbour_evidence
2020-01-01	2026-08-04	NM_007294.4:c.5215_5216delinsCG	p.Asp1739Arg	missense	VUS	VUS	2	4	MISSING_FUNCTIONAL	MISSING_FUNCTIONAL	PM5:moderate		neighbour_evidence
2020-01-01	2026-08-04	NM_007294.4:c.5215_5217delinsCTA	p.Asp1739Leu	missense	VUS	VUS	2	4	MISSING_FUNCTIONAL	MISSING_FUNCTIONAL	PM5:moderate		neighbour_evidence
2020-01-01	2026-08-04	NM_007294.4:c.5215_5217delinsCTC	p.Asp1739Leu	missense	VUS	VUS	2	4	MISSING_FUNCTIONAL	MISSING_FUNCTIONAL	PM5:moderate		neighbour_evidence
2020-01-01	2026-08-04	NM_007294.4:c.5215_5217delinsCTG	p.Asp1739Leu	missense	VUS	VUS	2	4	MISSING_FUNCTIONAL	MISSING_FUNCTIONAL	PM5:moderate		neighbour_evidence
2020-01-01	2026-08-04	NM_007294.4:c.5215_5216delinsCT	p.Asp1739Leu	missense	VUS	VUS	2	4	MISSING_FUNCTIONAL	MISSING_FUNCTIONAL	PM5:moderate		neighbour_evidence
2020-01-01	2026-08-04	NM_007294.4:c.5216_5217delinsCA	p.Asp1739Ala	missense	VUS	VUS	2	4	MISSING_FUNCTIONAL	MISSING_FUNCTIONAL	PM5:moderate		neighbour_evidence
2020-01-01	2026-08-04	NM_007294.4:c.5216_5217delinsCC	p.Asp1739Ala	missense	VUS	VUS	2	4	MISSING_FUNCTIONAL	MISSING_FUNCTIONAL	PM5:moderate		neighbour_evidence
2020-01-01	2026-08-04	NM_007294.4:c.5216_5217delinsCG	p.Asp1739Ala	missense	VUS	VUS	2	4	MISSING_FUNCTIONAL	MISSING_FUNCTIONAL	PM5:moderate		neighbour_evidence
2020-01-01	2026-08-04	NM_007294.4:c.5216_5217delinsGA	p.Asp1739Gly	missense	VUS	LP	2	8	MISSING_FUNCTIONAL	RESOLVED_NOT_BLOCKED	PM5:moderate;PS1:strong		neighbour_evidence
2020-01-01	2026-08-04	NM_007294.4:c.5216_5217delinsGC	p.Asp1739Gly	missense	VUS	LP	2	8	MISSING_FUNCTIONAL	RESOLVED_NOT_BLOCKED	PM5:moderate;PS1:strong		neighbour_evidence
2020-01-01	2026-08-04	NM_007294.4:c.5216_5217delinsGG	p.Asp1739Gly	missense	VUS	LP	2	8	MISSING_FUNCTIONAL	RESOLVED_NOT_BLOCKED	PM5:moderate;PS1:strong		neighbour_evidence
2020-01-01	2026-08-04	NM_007294.4:c.5216_5217delinsTA	p.Asp1739Val	missense	VUS	LP	2	8	MISSING_FUNCTIONAL	RESOLVED_NOT_BLOCKED	PM5:moderate;PS1:strong		neighbour_evidence
2020-01-01	2026-08-04	NM_007294.4:c.5216_5217delinsTC	p.Asp1739Val	missense	VUS	LP	2	8	MISSING_FUNCTIONAL	RESOLVED_NOT_BLOCKED	PM5:moderate;PS1:strong		neighbour_evidence
2020-01-01	2026-08-04	NM_007294.4:c.5216_5217delinsTG	p.Asp1739Val	missense	VUS	LP	2	8	MISSING_FUNCTIONAL	RESOLVED_NOT_BLOCKED	PM5:moderate;PS1:strong		neighbour_evidence
2020-01-01	2026-08-04	NM_007294.4:c.5215_5217delinsTAC	p.Asp1739Tyr	missense	VUS	LP	2	8	MISSING_FUNCTIONAL	RESOLVED_NOT_BLOCKED	PM5:moderate;PS1:strong		neighbour_evidence
2020-01-01	2026-08-04	NM_007294.4:c.5215_5217delinsTCA	p.Asp1739Ser	missense	VUS	VUS	2	4	MISSING_FUNCTIONAL	MISSING_FUNCTIONAL	PM5:moderate		neighbour_evidence
2020-01-01	2026-08-04	NM_007294.4:c.5215_5217delinsTCC	p.Asp1739Ser	missense	VUS	VUS	2	4	MISSING_FUNCTIONAL	MISSING_FUNCTIONAL	PM5:moderate		neighbour_evidence
2020-01-01	2026-08-04	NM_007294.4:c.5215_5217delinsTCG	p.Asp1739Ser	missense	VUS	VUS	2	4	MISSING_FUNCTIONAL	MISSING_FUNCTIONAL	PM5:moderate		neighbour_evidence
2020-01-01	2026-08-04	NM_007294.4:c.5215_5216delinsTC	p.Asp1739Ser	missense	VUS	VUS	2	4	MISSING_FUNCTIONAL	MISSING_FUNCTIONAL	PM5:moderate		neighbour_evidence
2020-01-01	2026-08-04	NM_007294.4:c.5215_5217delinsTGC	p.Asp1739Cys	missense	VUS	VUS	2	4	MISSING_FUNCTIONAL	MISSING_FUNCTIONAL	PM5:moderate		neighbour_evidence
2020-01-01	2026-08-04	NM_007294.4:c.5215_5217delinsTGG	p.Asp1739Trp	missense	VUS	VUS	2	4	MISSING_FUNCTIONAL	MISSING_FUNCTIONAL	PM5:moderate		neighbour_evidence
2020-01-01	2026-08-04	NM_007294.4:c.5215_5216delinsTG	p.Asp1739Cys	missense	VUS	VUS	2	4	MISSING_FUNCTIONAL	MISSING_FUNCTIONAL	PM5:moderate		neighbour_evidence
2020-01-01	2026-08-04	NM_007294.4:c.5215_5217delinsTTA	p.Asp1739Leu	missense	VUS	VUS	2	4	MISSING_FUNCTIONAL	MISSING_FUNCTIONAL	PM5:moderate		neighbour_evidence
2020-01-01	2026-08-04	NM_007294.4:c.5215_5217delinsTTC	p.Asp1739Phe	missense	VUS	VUS	2	4	MISSING_FUNCTIONAL	MISSING_FUNCTIONAL	PM5:moderate		neighbour_evidence
2020-01-01	2026-08-04	NM_007294.4:c.5215_5217delinsTTG	p.Asp1739Leu	missense	VUS	VUS	2	4	MISSING_FUNCTIONAL	MISSING_FUNCTIONAL	PM5:moderate		neighbour_evidence
2020-01-01	2026-08-04	NM_007294.4:c.5215_5216delinsTT	p.Asp1739Phe	missense	VUS	VUS	2	4	MISSING_FUNCTIONAL	MISSING_FUNCTIONAL	PM5:moderate		neighbour_evidence
2020-01-01	2026-08-04	NM_007294.4:c.5227_5228delinsAA	p.Gly1743Lys	missense	VUS	VUS	2	4	MISSING_FUNCTIONAL	MISSING_FUNCTIONAL	PM5:moderate		neighbour_evidence
2020-01-01	2026-08-04	NM_007294.4:c.5227_5229delinsAAC	p.Gly1743Asn	missense	VUS	VUS	2	4	MISSING_FUNCTIONAL	MISSING_FUNCTIONAL	PM5:moderate		neighbour_evidence
2020-01-01	2026-08-04	NM_007294.4:c.5227_5229delinsAAG	p.Gly1743Lys	missense	VUS	VUS	2	4	MISSING_FUNCTIONAL	MISSING_FUNCTIONAL	PM5:moderate		neighbour_evidence
2020-01-01	2026-08-04	NM_007294.4:c.5227_5229delinsAAT	p.Gly1743Asn	missense	VUS	VUS	2	4	MISSING_FUNCTIONAL	MISSING_FUNCTIONAL	PM5:moderate		neighbour_evidence
2020-01-01	2026-08-04	NM_007294.4:c.5227_5228delinsAC	p.Gly1743Thr	missense	VUS	VUS	2	4	MISSING_FUNCTIONAL	MISSING_FUNCTIONAL	PM5:moderate		neighbour_evidence
2020-01-01	2026-08-04	NM_007294.4:c.5227_5229delinsACC	p.Gly1743Thr	missense	VUS	VUS	2	4	MISSING_FUNCTIONAL	MISSING_FUNCTIONAL	PM5:moderate		neighbour_evidence
2020-01-01	2026-08-04	NM_007294.4:c.5227_5229delinsACG	p.Gly1743Thr	missense	VUS	VUS	2	4	MISSING_FUNCTIONAL	MISSING_FUNCTIONAL	PM5:moderate		neighbour_evidence
2020-01-01	2026-08-04	NM_007294.4:c.5227_5229delinsACT	p.Gly1743Thr	missense	VUS	VUS	2	4	MISSING_FUNCTIONAL	MISSING_FUNCTIONAL	PM5:moderate		neighbour_evidence
2020-01-01	2026-08-04	NM_007294.4:c.5227_5229delinsAGC	p.Gly1743Ser	missense	VUS	VUS	2	4	MISSING_FUNCTIONAL	MISSING_FUNCTIONAL	PM5:moderate		neighbour_evidence
2020-01-01	2026-08-04	NM_007294.4:c.5227_5229delinsAGG	p.Gly1743Arg	missense	VUS	VUS	2	4	MISSING_FUNCTIONAL	MISSING_FUNCTIONAL	PM5:moderate		neighbour_evidence
2020-01-01	2026-08-04	NM_007294.4:c.5227_5229delinsAGT	p.Gly1743Ser	missense	VUS	VUS	2	4	MISSING_FUNCTIONAL	MISSING_FUNCTIONAL	PM5:moderate		neighbour_evidence
2020-01-01	2026-08-04	NM_007294.4:c.5227_5228delinsAT	p.Gly1743Ile	missense	VUS	VUS	2	4	MISSING_FUNCTIONAL	MISSING_FUNCTIONAL	PM5:moderate		neighbour_evidence
2020-01-01	2026-08-04	NM_007294.4:c.5227_5229delinsATC	p.Gly1743Ile	missense	VUS	VUS	2	4	MISSING_FUNCTIONAL	MISSING_FUNCTIONAL	PM5:moderate		neighbour_evidence
2020-01-01	2026-08-04	NM_007294.4:c.5227_5229delinsATG	p.Gly1743Met	missense	VUS	VUS	2	4	MISSING_FUNCTIONAL	MISSING_FUNCTIONAL	PM5:moderate		neighbour_evidence
2020-01-01	2026-08-04	NM_007294.4:c.5227_5229delinsATT	p.Gly1743Ile	missense	VUS	VUS	2	4	MISSING_FUNCTIONAL	MISSING_FUNCTIONAL	PM5:moderate		neighbour_evidence
2020-01-01	2026-08-04	NM_007294.4:c.5227_5228delinsCA	p.Gly1743Gln	missense	VUS	VUS	2	4	MISSING_FUNCTIONAL	MISSING_FUNCTIONAL	PM5:moderate		neighbour_evidence
2020-01-01	2026-08-04	NM_007294.4:c.5227_5229delinsCAC	p.Gly1743His	missense	VUS	VUS	2	4	MISSING_FUNCTIONAL	MISSING_FUNCTIONAL	PM5:moderate		neighbour_evidence
2020-01-01	2026-08-04	NM_007294.4:c.5227_5229delinsCAG	p.Gly1743Gln	missense	VUS	VUS	2	4	MISSING_FUNCTIONAL	MISSING_FUNCTIONAL	PM5:moderate		neighbour_evidence
2020-01-01	2026-08-04	NM_007294.4:c.5227_5229delinsCAT	p.Gly1743His	missense	VUS	VUS	2	4	MISSING_FUNCTIONAL	MISSING_FUNCTIONAL	PM5:moderate		neighbour_evidence
2020-01-01	2026-08-04	NM_007294.4:c.5227_5228delinsCC	p.Gly1743Pro	missense	VUS	VUS	2	4	MISSING_FUNCTIONAL	MISSING_FUNCTIONAL	PM5:moderate		neighbour_evidence
2020-01-01	2026-08-04	NM_007294.4:c.5227_5229delinsCCC	p.Gly1743Pro	missense	VUS	VUS	2	4	MISSING_FUNCTIONAL	MISSING_FUNCTIONAL	PM5:moderate		neighbour_evidence
2020-01-01	2026-08-04	NM_007294.4:c.5227_5229delinsCCG	p.Gly1743Pro	missense	VUS	VUS	2	4	MISSING_FUNCTIONAL	MISSING_FUNCTIONAL	PM5:moderate		neighbour_evidence
2020-01-01	2026-08-04	NM_007294.4:c.5227_5229delinsCCT	p.Gly1743Pro	missense	VUS	VUS	2	4	MISSING_FUNCTIONAL	MISSING_FUNCTIONAL	PM5:moderate		neighbour_evidence
2020-01-01	2026-08-04	NM_007294.4:c.5227_5229delinsCGC	p.Gly1743Arg	missense	VUS	VUS	2	4	MISSING_FUNCTIONAL	MISSING_FUNCTIONAL	PM5:moderate		neighbour_evidence
2020-01-01	2026-08-04	NM_007294.4:c.5227_5229delinsCGG	p.Gly1743Arg	missense	VUS	VUS	2	4	MISSING_FUNCTIONAL	MISSING_FUNCTIONAL	PM5:moderate		neighbour_evidence
2020-01-01	2026-08-04	NM_007294.4:c.5227_5229delinsCGT	p.Gly1743Arg	missense	VUS	VUS	2	4	MISSING_FUNCTIONAL	MISSING_FUNCTIONAL	PM5:moderate		neighbour_evidence
2020-01-01	2026-08-04	NM_007294.4:c.5227_5228delinsCT	p.Gly1743Leu	missense	VUS	VUS	2	4	MISSING_FUNCTIONAL	MISSING_FUNCTIONAL	PM5:moderate		neighbour_evidence
2020-01-01	2026-08-04	NM_007294.4:c.5227_5229delinsCTC	p.Gly1743Leu	missense	VUS	VUS	2	4	MISSING_FUNCTIONAL	MISSING_FUNCTIONAL	PM5:moderate		neighbour_evidence
2020-01-01	2026-08-04	NM_007294.4:c.5227_5229delinsCTG	p.Gly1743Leu	missense	VUS	VUS	2	4	MISSING_FUNCTIONAL	MISSING_FUNCTIONAL	PM5:moderate		neighbour_evidence
2020-01-01	2026-08-04	NM_007294.4:c.5227_5229delinsCTT	p.Gly1743Leu	missense	VUS	VUS	2	4	MISSING_FUNCTIONAL	MISSING_FUNCTIONAL	PM5:moderate		neighbour_evidence
2020-01-01	2026-08-04	NM_007294.4:c.5228_5229delinsAC	p.Gly1743Asp	missense	VUS	VUS	2	4	MISSING_FUNCTIONAL	MISSING_FUNCTIONAL	PM5:moderate		neighbour_evidence
2020-01-01	2026-08-04	NM_007294.4:c.5228_5229delinsAG	p.Gly1743Glu	missense	VUS	LP	2	6	MISSING_FUNCTIONAL	RESOLVED_NOT_BLOCKED	PS1:strong		neighbour_evidence
2020-01-01	2026-08-04	NM_007294.4:c.5228_5229delinsAT	p.Gly1743Asp	missense	VUS	VUS	2	4	MISSING_FUNCTIONAL	MISSING_FUNCTIONAL	PM5:moderate		neighbour_evidence
2020-01-01	2026-08-04	NM_007294.4:c.5228_5229delinsCC	p.Gly1743Ala	missense	VUS	VUS	2	4	MISSING_FUNCTIONAL	MISSING_FUNCTIONAL	PM5:moderate		neighbour_evidence
2020-01-01	2026-08-04	NM_007294.4:c.5228_5229delinsCG	p.Gly1743Ala	missense	VUS	VUS	2	4	MISSING_FUNCTIONAL	MISSING_FUNCTIONAL	PM5:moderate		neighbour_evidence
2020-01-01	2026-08-04	NM_007294.4:c.5228_5229delinsCT	p.Gly1743Ala	missense	VUS	VUS	2	4	MISSING_FUNCTIONAL	MISSING_FUNCTIONAL	PM5:moderate		neighbour_evidence
2020-01-01	2026-08-04	NM_007294.4:c.5228_5229delinsTC	p.Gly1743Val	missense	VUS	VUS	2	4	MISSING_FUNCTIONAL	MISSING_FUNCTIONAL	PM5:moderate		neighbour_evidence
2020-01-01	2026-08-04	NM_007294.4:c.5228_5229delinsTG	p.Gly1743Val	missense	VUS	VUS	2	4	MISSING_FUNCTIONAL	MISSING_FUNCTIONAL	PM5:moderate		neighbour_evidence
2020-01-01	2026-08-04	NM_007294.4:c.5228_5229delinsTT	p.Gly1743Val	missense	VUS	VUS	2	4	MISSING_FUNCTIONAL	MISSING_FUNCTIONAL	PM5:moderate		neighbour_evidence
2020-01-01	2026-08-04	NM_007294.4:c.5227_5229delinsTAC	p.Gly1743Tyr	missense	VUS	VUS	2	4	MISSING_FUNCTIONAL	MISSING_FUNCTIONAL	PM5:moderate		neighbour_evidence
2020-01-01	2026-08-04	NM_007294.4:c.5227_5229delinsTAT	p.Gly1743Tyr	missense	VUS	VUS	2	4	MISSING_FUNCTIONAL	MISSING_FUNCTIONAL	PM5:moderate		neighbour_evidence
2020-01-01	2026-08-04	NM_007294.4:c.5227_5228delinsTC	p.Gly1743Ser	missense	VUS	VUS	2	4	MISSING_FUNCTIONAL	MISSING_FUNCTIONAL	PM5:moderate		neighbour_evidence
2020-01-01	2026-08-04	NM_007294.4:c.5227_5229delinsTCC	p.Gly1743Ser	missense	VUS	VUS	2	4	MISSING_FUNCTIONAL	MISSING_FUNCTIONAL	PM5:moderate		neighbour_evidence
2020-01-01	2026-08-04	NM_007294.4:c.5227_5229delinsTCG	p.Gly1743Ser	missense	VUS	VUS	2	4	MISSING_FUNCTIONAL	MISSING_FUNCTIONAL	PM5:moderate		neighbour_evidence
2020-01-01	2026-08-04	NM_007294.4:c.5227_5229delinsTCT	p.Gly1743Ser	missense	VUS	VUS	2	4	MISSING_FUNCTIONAL	MISSING_FUNCTIONAL	PM5:moderate		neighbour_evidence
2020-01-01	2026-08-04	NM_007294.4:c.5227_5229delinsTGC	p.Gly1743Cys	missense	VUS	VUS	2	4	MISSING_FUNCTIONAL	MISSING_FUNCTIONAL	PM5:moderate		neighbour_evidence
2020-01-01	2026-08-04	NM_007294.4:c.5227_5229delinsTGG	p.Gly1743Trp	missense	VUS	VUS	2	4	MISSING_FUNCTIONAL	MISSING_FUNCTIONAL	PM5:moderate		neighbour_evidence
2020-01-01	2026-08-04	NM_007294.4:c.5227_5229delinsTGT	p.Gly1743Cys	missense	VUS	VUS	2	4	MISSING_FUNCTIONAL	MISSING_FUNCTIONAL	PM5:moderate		neighbour_evidence
2020-01-01	2026-08-04	NM_007294.4:c.5227_5228delinsTT	p.Gly1743Leu	missense	VUS	VUS	2	4	MISSING_FUNCTIONAL	MISSING_FUNCTIONAL	PM5:moderate		neighbour_evidence
2020-01-01	2026-08-04	NM_007294.4:c.5227_5229delinsTTC	p.Gly1743Phe	missense	VUS	VUS	2	4	MISSING_FUNCTIONAL	MISSING_FUNCTIONAL	PM5:moderate		neighbour_evidence
2020-01-01	2026-08-04	NM_007294.4:c.5227_5229delinsTTG	p.Gly1743Leu	missense	VUS	VUS	2	4	MISSING_FUNCTIONAL	MISSING_FUNCTIONAL	PM5:moderate		neighbour_evidence
2020-01-01	2026-08-04	NM_007294.4:c.5227_5229delinsTTT	p.Gly1743Phe	missense	VUS	VUS	2	4	MISSING_FUNCTIONAL	MISSING_FUNCTIONAL	PM5:moderate		neighbour_evidence
2020-01-01	2026-08-04	NM_007294.4:c.5236_5238delinsAAA	p.His1746Lys	missense	VUS	VUS	2	4	MISSING_FUNCTIONAL	MISSING_FUNCTIONAL	PM5:moderate		neighbour_evidence
2020-01-01	2026-08-04	NM_007294.4:c.5236_5238delinsAAG	p.His1746Lys	missense	VUS	VUS	2	4	MISSING_FUNCTIONAL	MISSING_FUNCTIONAL	PM5:moderate		neighbour_evidence
2020-01-01	2026-08-04	NM_007294.4:c.5236_5238delinsAAT	p.His1746Asn	missense	VUS	VUS	2	4	MISSING_FUNCTIONAL	MISSING_FUNCTIONAL	PM5:moderate		neighbour_evidence
2020-01-01	2026-08-04	NM_007294.4:c.5236_5238delinsACA	p.His1746Thr	missense	VUS	VUS	2	4	MISSING_FUNCTIONAL	MISSING_FUNCTIONAL	PM5:moderate		neighbour_evidence
2020-01-01	2026-08-04	NM_007294.4:c.5236_5237delinsAC	p.His1746Thr	missense	VUS	VUS	2	4	MISSING_FUNCTIONAL	MISSING_FUNCTIONAL	PM5:moderate		neighbour_evidence
2020-01-01	2026-08-04	NM_007294.4:c.5236_5238delinsACG	p.His1746Thr	missense	VUS	VUS	2	4	MISSING_FUNCTIONAL	MISSING_FUNCTIONAL	PM5:moderate		neighbour_evidence
2020-01-01	2026-08-04	NM_007294.4:c.5236_5238delinsACT	p.His1746Thr	missense	VUS	VUS	2	4	MISSING_FUNCTIONAL	MISSING_FUNCTIONAL	PM5:moderate		neighbour_evidence
2020-01-01	2026-08-04	NM_007294.4:c.5236_5238delinsAGA	p.His1746Arg	missense	VUS	VUS	2	4	MISSING_FUNCTIONAL	MISSING_FUNCTIONAL	PM5:moderate		neighbour_evidence
2020-01-01	2026-08-04	NM_007294.4:c.5236_5237delinsAG	p.His1746Ser	missense	VUS	VUS	2	4	MISSING_FUNCTIONAL	MISSING_FUNCTIONAL	PM5:moderate		neighbour_evidence
2020-01-01	2026-08-04	NM_007294.4:c.5236_5238delinsAGG	p.His1746Arg	missense	VUS	VUS	2	4	MISSING_FUNCTIONAL	MISSING_FUNCTIONAL	PM5:moderate		neighbour_evidence
2020-01-01	2026-08-04	NM_007294.4:c.5236_5238delinsAGT	p.His1746Ser	missense	VUS	VUS	2	4	MISSING_FUNCTIONAL	MISSING_FUNCTIONAL	PM5:moderate		neighbour_evidence
2020-01-01	2026-08-04	NM_007294.4:c.5236_5238delinsATA	p.His1746Ile	missense	VUS	VUS	2	4	MISSING_FUNCTIONAL	MISSING_FUNCTIONAL	PM5:moderate		neighbour_evidence
2020-01-01	2026-08-04	NM_007294.4:c.5236_5237delinsAT	p.His1746Ile	missense	VUS	VUS	2	4	MISSING_FUNCTIONAL	MISSING_FUNCTIONAL	PM5:moderate		neighbour_evidence
2020-01-01	2026-08-04	NM_007294.4:c.5236_5238delinsATG	p.His1746Met	missense	VUS	VUS	2	4	MISSING_FUNCTIONAL	MISSING_FUNCTIONAL	PM5:moderate		neighbour_evidence
2020-01-01	2026-08-04	NM_007294.4:c.5236_5238delinsATT	p.His1746Ile	missense	VUS	VUS	2	4	MISSING_FUNCTIONAL	MISSING_FUNCTIONAL	PM5:moderate		neighbour_evidence
2020-01-01	2026-08-04	NM_007294.4:c.5237_5238delinsCA	p.His1746Pro	missense	VUS	VUS	2	4	MISSING_FUNCTIONAL	MISSING_FUNCTIONAL	PM5:moderate		neighbour_evidence
2020-01-01	2026-08-04	NM_007294.4:c.5237_5238delinsCG	p.His1746Pro	missense	VUS	VUS	2	4	MISSING_FUNCTIONAL	MISSING_FUNCTIONAL	PM5:moderate		neighbour_evidence
2020-01-01	2026-08-04	NM_007294.4:c.5237_5238delinsCT	p.His1746Pro	missense	VUS	VUS	2	4	MISSING_FUNCTIONAL	MISSING_FUNCTIONAL	PM5:moderate		neighbour_evidence
2020-01-01	2026-08-04	NM_007294.4:c.5237_5238delinsGA	p.His1746Arg	missense	VUS	VUS	2	4	MISSING_FUNCTIONAL	MISSING_FUNCTIONAL	PM5:moderate		neighbour_evidence
2020-01-01	2026-08-04	NM_007294.4:c.5237_5238delinsGG	p.His1746Arg	missense	VUS	VUS	2	4	MISSING_FUNCTIONAL	MISSING_FUNCTIONAL	PM5:moderate		neighbour_evidence
2020-01-01	2026-08-04	NM_007294.4:c.5237_5238delinsGT	p.His1746Arg	missense	VUS	VUS	2	4	MISSING_FUNCTIONAL	MISSING_FUNCTIONAL	PM5:moderate		neighbour_evidence
2020-01-01	2026-08-04	NM_007294.4:c.5237_5238delinsTA	p.His1746Leu	missense	VUS	VUS	2	4	MISSING_FUNCTIONAL	MISSING_FUNCTIONAL	PM5:moderate		neighbour_evidence
2020-01-01	2026-08-04	NM_007294.4:c.5237_5238delinsTG	p.His1746Leu	missense	VUS	VUS	2	4	MISSING_FUNCTIONAL	MISSING_FUNCTIONAL	PM5:moderate		neighbour_evidence
2020-01-01	2026-08-04	NM_007294.4:c.5237_5238delinsTT	p.His1746Leu	missense	VUS	VUS	2	4	MISSING_FUNCTIONAL	MISSING_FUNCTIONAL	PM5:moderate		neighbour_evidence
2020-01-01	2026-08-04	NM_007294.4:c.5236_5238delinsGAA	p.His1746Glu	missense	VUS	VUS	2	4	MISSING_FUNCTIONAL	MISSING_FUNCTIONAL	PM5:moderate		neighbour_evidence
2020-01-01	2026-08-04	NM_007294.4:c.5236_5238delinsGAG	p.His1746Glu	missense	VUS	VUS	2	4	MISSING_FUNCTIONAL	MISSING_FUNCTIONAL	PM5:moderate		neighbour_evidence
2020-01-01	2026-08-04	NM_007294.4:c.5236_5238delinsGAT	p.His1746Asp	missense	VUS	LP	2	6	MISSING_FUNCTIONAL	RESOLVED_NOT_BLOCKED	PS1:strong		neighbour_evidence
2020-01-01	2026-08-04	NM_007294.4:c.5236_5238delinsGCA	p.His1746Ala	missense	VUS	VUS	2	4	MISSING_FUNCTIONAL	MISSING_FUNCTIONAL	PM5:moderate		neighbour_evidence
2020-01-01	2026-08-04	NM_007294.4:c.5236_5237delinsGC	p.His1746Ala	missense	VUS	VUS	2	4	MISSING_FUNCTIONAL	MISSING_FUNCTIONAL	PM5:moderate		neighbour_evidence
2020-01-01	2026-08-04	NM_007294.4:c.5236_5238delinsGCG	p.His1746Ala	missense	VUS	VUS	2	4	MISSING_FUNCTIONAL	MISSING_FUNCTIONAL	PM5:moderate		neighbour_evidence
2020-01-01	2026-08-04	NM_007294.4:c.5236_5238delinsGCT	p.His1746Ala	missense	VUS	VUS	2	4	MISSING_FUNCTIONAL	MISSING_FUNCTIONAL	PM5:moderate		neighbour_evidence
2020-01-01	2026-08-04	NM_007294.4:c.5236_5238delinsGGA	p.His1746Gly	missense	VUS	VUS	2	4	MISSING_FUNCTIONAL	MISSING_FUNCTIONAL	PM5:moderate		neighbour_evidence
2020-01-01	2026-08-04	NM_007294.4:c.5236_5237delinsGG	p.His1746Gly	missense	VUS	VUS	2	4	MISSING_FUNCTIONAL	MISSING_FUNCTIONAL	PM5:moderate		neighbour_evidence
2020-01-01	2026-08-04	NM_007294.4:c.5236_5238delinsGGG	p.His1746Gly	missense	VUS	VUS	2	4	MISSING_FUNCTIONAL	MISSING_FUNCTIONAL	PM5:moderate		neighbour_evidence
2020-01-01	2026-08-04	NM_007294.4:c.5236_5238delinsGGT	p.His1746Gly	missense	VUS	VUS	2	4	MISSING_FUNCTIONAL	MISSING_FUNCTIONAL	PM5:moderate		neighbour_evidence
2020-01-01	2026-08-04	NM_007294.4:c.5236_5238delinsGTA	p.His1746Val	missense	VUS	VUS	2	4	MISSING_FUNCTIONAL	MISSING_FUNCTIONAL	PM5:moderate		neighbour_evidence
2020-01-01	2026-08-04	NM_007294.4:c.5236_5237delinsGT	p.His1746Val	missense	VUS	VUS	2	4	MISSING_FUNCTIONAL	MISSING_FUNCTIONAL	PM5:moderate		neighbour_evidence
2020-01-01	2026-08-04	NM_007294.4:c.5236_5238delinsGTG	p.His1746Val	missense	VUS	VUS	2	4	MISSING_FUNCTIONAL	MISSING_FUNCTIONAL	PM5:moderate		neighbour_evidence
2020-01-01	2026-08-04	NM_007294.4:c.5236_5238delinsGTT	p.His1746Val	missense	VUS	VUS	2	4	MISSING_FUNCTIONAL	MISSING_FUNCTIONAL	PM5:moderate		neighbour_evidence
2020-01-01	2026-08-04	NM_007294.4:c.5236_5238delinsTAT	p.His1746Tyr	missense	VUS	VUS	2	4	MISSING_FUNCTIONAL	MISSING_FUNCTIONAL	PM5:moderate		neighbour_evidence
2020-01-01	2026-08-04	NM_007294.4:c.5236_5238delinsTCA	p.His1746Ser	missense	VUS	VUS	2	4	MISSING_FUNCTIONAL	MISSING_FUNCTIONAL	PM5:moderate		neighbour_evidence
2020-01-01	2026-08-04	NM_007294.4:c.5236_5237delinsTC	p.His1746Ser	missense	VUS	VUS	2	4	MISSING_FUNCTIONAL	MISSING_FUNCTIONAL	PM5:moderate		neighbour_evidence
2020-01-01	2026-08-04	NM_007294.4:c.5236_5238delinsTCG	p.His1746Ser	missense	VUS	VUS	2	4	MISSING_FUNCTIONAL	MISSING_FUNCTIONAL	PM5:moderate		neighbour_evidence
2020-01-01	2026-08-04	NM_007294.4:c.5236_5238delinsTCT	p.His1746Ser	missense	VUS	VUS	2	4	MISSING_FUNCTIONAL	MISSING_FUNCTIONAL	PM5:moderate		neighbour_evidence
2020-01-01	2026-08-04	NM_007294.4:c.5236_5237delinsTG	p.His1746Cys	missense	VUS	VUS	2	4	MISSING_FUNCTIONAL	MISSING_FUNCTIONAL	PM5:moderate		neighbour_evidence
2020-01-01	2026-08-04	NM_007294.4:c.5236_5238delinsTGG	p.His1746Trp	missense	VUS	VUS	2	4	MISSING_FUNCTIONAL	MISSING_FUNCTIONAL	PM5:moderate		neighbour_evidence
2020-01-01	2026-08-04	NM_007294.4:c.5236_5238delinsTGT	p.His1746Cys	missense	VUS	VUS	2	4	MISSING_FUNCTIONAL	MISSING_FUNCTIONAL	PM5:moderate		neighbour_evidence
2020-01-01	2026-08-04	NM_007294.4:c.5236_5238delinsTTA	p.His1746Leu	missense	VUS	VUS	2	4	MISSING_FUNCTIONAL	MISSING_FUNCTIONAL	PM5:moderate		neighbour_evidence
2020-01-01	2026-08-04	NM_007294.4:c.5236_5237delinsTT	p.His1746Phe	missense	VUS	VUS	2	4	MISSING_FUNCTIONAL	MISSING_FUNCTIONAL	PM5:moderate		neighbour_evidence
2020-01-01	2026-08-04	NM_007294.4:c.5236_5238delinsTTG	p.His1746Leu	missense	VUS	VUS	2	4	MISSING_FUNCTIONAL	MISSING_FUNCTIONAL	PM5:moderate		neighbour_evidence
2020-01-01	2026-08-04	NM_007294.4:c.5236_5238delinsTTT	p.His1746Phe	missense	VUS	VUS	2	4	MISSING_FUNCTIONAL	MISSING_FUNCTIONAL	PM5:moderate		neighbour_evidence
2020-01-01	2026-08-04	NM_007294.4:c.5242_5244delinsAAA	p.Gly1748Lys	missense	VUS	VUS	2	4	MISSING_FUNCTIONAL	MISSING_FUNCTIONAL	PM5:moderate		neighbour_evidence
2020-01-01	2026-08-04	NM_007294.4:c.5242_5244delinsAAC	p.Gly1748Asn	missense	VUS	VUS	2	4	MISSING_FUNCTIONAL	MISSING_FUNCTIONAL	PM5:moderate		neighbour_evidence
2020-01-01	2026-08-04	NM_007294.4:c.5242_5244delinsAAG	p.Gly1748Lys	missense	VUS	VUS	2	4	MISSING_FUNCTIONAL	MISSING_FUNCTIONAL	PM5:moderate		neighbour_evidence
2020-01-01	2026-08-04	NM_007294.4:c.5242_5243delinsAA	p.Gly1748Asn	missense	VUS	VUS	2	4	MISSING_FUNCTIONAL	MISSING_FUNCTIONAL	PM5:moderate		neighbour_evidence
2020-01-01	2026-08-04	NM_007294.4:c.5242_5244delinsACA	p.Gly1748Thr	missense	VUS	VUS	2	4	MISSING_FUNCTIONAL	MISSING_FUNCTIONAL	PM5:moderate		neighbour_evidence
2020-01-01	2026-08-04	NM_007294.4:c.5242_5244delinsACC	p.Gly1748Thr	missense	VUS	VUS	2	4	MISSING_FUNCTIONAL	MISSING_FUNCTIONAL	PM5:moderate		neighbour_evidence
2020-01-01	2026-08-04	NM_007294.4:c.5242_5244delinsACG	p.Gly1748Thr	missense	VUS	VUS	2	4	MISSING_FUNCTIONAL	MISSING_FUNCTIONAL	PM5:moderate		neighbour_evidence
2020-01-01	2026-08-04	NM_007294.4:c.5242_5243delinsAC	p.Gly1748Thr	missense	VUS	VUS	2	4	MISSING_FUNCTIONAL	MISSING_FUNCTIONAL	PM5:moderate		neighbour_evidence
2020-01-01	2026-08-04	NM_007294.4:c.5242_5244delinsAGA	p.Gly1748Arg	missense	VUS	LP	2	8	MISSING_FUNCTIONAL	RESOLVED_NOT_BLOCKED	PM5:moderate;PS1:strong		neighbour_evidence
2020-01-01	2026-08-04	NM_007294.4:c.5242_5244delinsAGC	p.Gly1748Ser	missense	VUS	VUS	2	4	MISSING_FUNCTIONAL	MISSING_FUNCTIONAL	PM5:moderate		neighbour_evidence
2020-01-01	2026-08-04	NM_007294.4:c.5242_5244delinsAGG	p.Gly1748Arg	missense	VUS	LP	2	8	MISSING_FUNCTIONAL	RESOLVED_NOT_BLOCKED	PM5:moderate;PS1:strong		neighbour_evidence
2020-01-01	2026-08-04	NM_007294.4:c.5242_5244delinsATA	p.Gly1748Ile	missense	VUS	VUS	2	4	MISSING_FUNCTIONAL	MISSING_FUNCTIONAL	PM5:moderate		neighbour_evidence
2020-01-01	2026-08-04	NM_007294.4:c.5242_5244delinsATC	p.Gly1748Ile	missense	VUS	VUS	2	4	MISSING_FUNCTIONAL	MISSING_FUNCTIONAL	PM5:moderate		neighbour_evidence
2020-01-01	2026-08-04	NM_007294.4:c.5242_5244delinsATG	p.Gly1748Met	missense	VUS	VUS	2	4	MISSING_FUNCTIONAL	MISSING_FUNCTIONAL	PM5:moderate		neighbour_evidence
2020-01-01	2026-08-04	NM_007294.4:c.5242_5243delinsAT	p.Gly1748Ile	missense	VUS	VUS	2	4	MISSING_FUNCTIONAL	MISSING_FUNCTIONAL	PM5:moderate		neighbour_evidence
2020-01-01	2026-08-04	NM_007294.4:c.5242_5244delinsCAA	p.Gly1748Gln	missense	VUS	VUS	2	4	MISSING_FUNCTIONAL	MISSING_FUNCTIONAL	PM5:moderate		neighbour_evidence
2020-01-01	2026-08-04	NM_007294.4:c.5242_5244delinsCAC	p.Gly1748His	missense	VUS	VUS	2	4	MISSING_FUNCTIONAL	MISSING_FUNCTIONAL	PM5:moderate		neighbour_evidence
2020-01-01	2026-08-04	NM_007294.4:c.5242_5244delinsCAG	p.Gly1748Gln	missense	VUS	VUS	2	4	MISSING_FUNCTIONAL	MISSING_FUNCTIONAL	PM5:moderate		neighbour_evidence
2020-01-01	2026-08-04	NM_007294.4:c.5242_5243delinsCA	p.Gly1748His	missense	VUS	VUS	2	4	MISSING_FUNCTIONAL	MISSING_FUNCTIONAL	PM5:moderate		neighbour_evidence
2020-01-01	2026-08-04	NM_007294.4:c.5242_5244delinsCCA	p.Gly1748Pro	missense	VUS	VUS	2	4	MISSING_FUNCTIONAL	MISSING_FUNCTIONAL	PM5:moderate		neighbour_evidence
2020-01-01	2026-08-04	NM_007294.4:c.5242_5244delinsCCC	p.Gly1748Pro	missense	VUS	VUS	2	4	MISSING_FUNCTIONAL	MISSING_FUNCTIONAL	PM5:moderate		neighbour_evidence
2020-01-01	2026-08-04	NM_007294.4:c.5242_5244delinsCCG	p.Gly1748Pro	missense	VUS	VUS	2	4	MISSING_FUNCTIONAL	MISSING_FUNCTIONAL	PM5:moderate		neighbour_evidence
2020-01-01	2026-08-04	NM_007294.4:c.5242_5243delinsCC	p.Gly1748Pro	missense	VUS	VUS	2	4	MISSING_FUNCTIONAL	MISSING_FUNCTIONAL	PM5:moderate		neighbour_evidence
2020-01-01	2026-08-04	NM_007294.4:c.5242_5244delinsCGA	p.Gly1748Arg	missense	VUS	LP	2	8	MISSING_FUNCTIONAL	RESOLVED_NOT_BLOCKED	PM5:moderate;PS1:strong		neighbour_evidence
2020-01-01	2026-08-04	NM_007294.4:c.5242_5244delinsCGC	p.Gly1748Arg	missense	VUS	LP	2	8	MISSING_FUNCTIONAL	RESOLVED_NOT_BLOCKED	PM5:moderate;PS1:strong		neighbour_evidence
2020-01-01	2026-08-04	NM_007294.4:c.5242_5244delinsCGG	p.Gly1748Arg	missense	VUS	LP	2	8	MISSING_FUNCTIONAL	RESOLVED_NOT_BLOCKED	PM5:moderate;PS1:strong		neighbour_evidence
2020-01-01	2026-08-04	NM_007294.4:c.5242_5244delinsCTA	p.Gly1748Leu	missense	VUS	VUS	2	4	MISSING_FUNCTIONAL	MISSING_FUNCTIONAL	PM5:moderate		neighbour_evidence
2020-01-01	2026-08-04	NM_007294.4:c.5242_5244delinsCTC	p.Gly1748Leu	missense	VUS	VUS	2	4	MISSING_FUNCTIONAL	MISSING_FUNCTIONAL	PM5:moderate		neighbour_evidence
2020-01-01	2026-08-04	NM_007294.4:c.5242_5244delinsCTG	p.Gly1748Leu	missense	VUS	VUS	2	4	MISSING_FUNCTIONAL	MISSING_FUNCTIONAL	PM5:moderate		neighbour_evidence
2020-01-01	2026-08-04	NM_007294.4:c.5242_5243delinsCT	p.Gly1748Leu	missense	VUS	VUS	2	4	MISSING_FUNCTIONAL	MISSING_FUNCTIONAL	PM5:moderate		neighbour_evidence
2020-01-01	2026-08-04	NM_007294.4:c.5243_5244delinsAA	p.Gly1748Glu	missense	VUS	VUS	2	4	MISSING_FUNCTIONAL	MISSING_FUNCTIONAL	PM5:moderate		neighbour_evidence
2020-01-01	2026-08-04	NM_007294.4:c.5243_5244delinsAC	p.Gly1748Asp	missense	VUS	LP	2	8	MISSING_FUNCTIONAL	RESOLVED_NOT_BLOCKED	PM5:moderate;PS1:strong		neighbour_evidence
2020-01-01	2026-08-04	NM_007294.4:c.5243_5244delinsAG	p.Gly1748Glu	missense	VUS	VUS	2	4	MISSING_FUNCTIONAL	MISSING_FUNCTIONAL	PM5:moderate		neighbour_evidence
2020-01-01	2026-08-04	NM_007294.4:c.5243_5244delinsCA	p.Gly1748Ala	missense	VUS	VUS	2	4	MISSING_FUNCTIONAL	MISSING_FUNCTIONAL	PM5:moderate		neighbour_evidence
2020-01-01	2026-08-04	NM_007294.4:c.5243_5244delinsCC	p.Gly1748Ala	missense	VUS	VUS	2	4	MISSING_FUNCTIONAL	MISSING_FUNCTIONAL	PM5:moderate		neighbour_evidence
2020-01-01	2026-08-04	NM_007294.4:c.5243_5244delinsCG	p.Gly1748Ala	missense	VUS	VUS	2	4	MISSING_FUNCTIONAL	MISSING_FUNCTIONAL	PM5:moderate		neighbour_evidence
2020-01-01	2026-08-04	NM_007294.4:c.5243_5244delinsTA	p.Gly1748Val	missense	VUS	VUS	2	4	MISSING_FUNCTIONAL	MISSING_FUNCTIONAL	PM5:moderate		neighbour_evidence
2020-01-01	2026-08-04	NM_007294.4:c.5243_5244delinsTC	p.Gly1748Val	missense	VUS	VUS	2	4	MISSING_FUNCTIONAL	MISSING_FUNCTIONAL	PM5:moderate		neighbour_evidence
2020-01-01	2026-08-04	NM_007294.4:c.5243_5244delinsTG	p.Gly1748Val	missense	VUS	VUS	2	4	MISSING_FUNCTIONAL	MISSING_FUNCTIONAL	PM5:moderate		neighbour_evidence
2020-01-01	2026-08-04	NM_007294.4:c.5242_5244delinsTAC	p.Gly1748Tyr	missense	VUS	VUS	2	4	MISSING_FUNCTIONAL	MISSING_FUNCTIONAL	PM5:moderate		neighbour_evidence
2020-01-01	2026-08-04	NM_007294.4:c.5242_5243delinsTA	p.Gly1748Tyr	missense	VUS	VUS	2	4	MISSING_FUNCTIONAL	MISSING_FUNCTIONAL	PM5:moderate		neighbour_evidence
2020-01-01	2026-08-04	NM_007294.4:c.5242_5244delinsTCA	p.Gly1748Ser	missense	VUS	VUS	2	4	MISSING_FUNCTIONAL	MISSING_FUNCTIONAL	PM5:moderate		neighbour_evidence
2020-01-01	2026-08-04	NM_007294.4:c.5242_5244delinsTCC	p.Gly1748Ser	missense	VUS	VUS	2	4	MISSING_FUNCTIONAL	MISSING_FUNCTIONAL	PM5:moderate		neighbour_evidence
2020-01-01	2026-08-04	NM_007294.4:c.5242_5244delinsTCG	p.Gly1748Ser	missense	VUS	VUS	2	4	MISSING_FUNCTIONAL	MISSING_FUNCTIONAL	PM5:moderate		neighbour_evidence
2020-01-01	2026-08-04	NM_007294.4:c.5242_5243delinsTC	p.Gly1748Ser	missense	VUS	VUS	2	4	MISSING_FUNCTIONAL	MISSING_FUNCTIONAL	PM5:moderate		neighbour_evidence
2020-01-01	2026-08-04	NM_007294.4:c.5242_5244delinsTGC	p.Gly1748Cys	missense	VUS	LP	2	8	MISSING_FUNCTIONAL	RESOLVED_NOT_BLOCKED	PM5:moderate;PS1:strong		neighbour_evidence
2020-01-01	2026-08-04	NM_007294.4:c.5242_5244delinsTGG	p.Gly1748Trp	missense	VUS	VUS	2	4	MISSING_FUNCTIONAL	MISSING_FUNCTIONAL	PM5:moderate		neighbour_evidence
2020-01-01	2026-08-04	NM_007294.4:c.5242_5244delinsTTA	p.Gly1748Leu	missense	VUS	VUS	2	4	MISSING_FUNCTIONAL	MISSING_FUNCTIONAL	PM5:moderate		neighbour_evidence
2020-01-01	2026-08-04	NM_007294.4:c.5242_5244delinsTTC	p.Gly1748Phe	missense	VUS	VUS	2	4	MISSING_FUNCTIONAL	MISSING_FUNCTIONAL	PM5:moderate		neighbour_evidence
2020-01-01	2026-08-04	NM_007294.4:c.5242_5244delinsTTG	p.Gly1748Leu	missense	VUS	VUS	2	4	MISSING_FUNCTIONAL	MISSING_FUNCTIONAL	PM5:moderate		neighbour_evidence
2020-01-01	2026-08-04	NM_007294.4:c.5242_5243delinsTT	p.Gly1748Phe	missense	VUS	VUS	2	4	MISSING_FUNCTIONAL	MISSING_FUNCTIONAL	PM5:moderate		neighbour_evidence
2020-01-01	2026-08-04	NM_007294.4:c.5245_5246delinsAA	p.Pro1749Lys	missense	VUS	VUS	2	4	MISSING_FUNCTIONAL	MISSING_FUNCTIONAL	PM5:moderate		neighbour_evidence
2020-01-01	2026-08-04	NM_007294.4:c.5245_5247delinsAAC	p.Pro1749Asn	missense	VUS	VUS	2	4	MISSING_FUNCTIONAL	MISSING_FUNCTIONAL	PM5:moderate		neighbour_evidence
2020-01-01	2026-08-04	NM_007294.4:c.5245_5247delinsAAG	p.Pro1749Lys	missense	VUS	VUS	2	4	MISSING_FUNCTIONAL	MISSING_FUNCTIONAL	PM5:moderate		neighbour_evidence
2020-01-01	2026-08-04	NM_007294.4:c.5245_5247delinsAAT	p.Pro1749Asn	missense	VUS	VUS	2	4	MISSING_FUNCTIONAL	MISSING_FUNCTIONAL	PM5:moderate		neighbour_evidence
2020-01-01	2026-08-04	NM_007294.4:c.5245_5247delinsACC	p.Pro1749Thr	missense	VUS	VUS	2	4	MISSING_FUNCTIONAL	MISSING_FUNCTIONAL	PM5:moderate		neighbour_evidence
2020-01-01	2026-08-04	NM_007294.4:c.5245_5247delinsACG	p.Pro1749Thr	missense	VUS	VUS	2	4	MISSING_FUNCTIONAL	MISSING_FUNCTIONAL	PM5:moderate		neighbour_evidence
2020-01-01	2026-08-04	NM_007294.4:c.5245_5247delinsACT	p.Pro1749Thr	missense	VUS	VUS	2	4	MISSING_FUNCTIONAL	MISSING_FUNCTIONAL	PM5:moderate		neighbour_evidence
2020-01-01	2026-08-04	NM_007294.4:c.5245_5246delinsAG	p.Pro1749Arg	missense	VUS	LP	2	6	MISSING_FUNCTIONAL	RESOLVED_NOT_BLOCKED	PS1:strong		neighbour_evidence
2020-01-01	2026-08-04	NM_007294.4:c.5245_5247delinsAGC	p.Pro1749Ser	missense	VUS	VUS	2	4	MISSING_FUNCTIONAL	MISSING_FUNCTIONAL	PM5:moderate		neighbour_evidence
2020-01-01	2026-08-04	NM_007294.4:c.5245_5247delinsAGG	p.Pro1749Arg	missense	VUS	LP	2	6	MISSING_FUNCTIONAL	RESOLVED_NOT_BLOCKED	PS1:strong		neighbour_evidence
2020-01-01	2026-08-04	NM_007294.4:c.5245_5247delinsAGT	p.Pro1749Ser	missense	VUS	VUS	2	4	MISSING_FUNCTIONAL	MISSING_FUNCTIONAL	PM5:moderate		neighbour_evidence
2020-01-01	2026-08-04	NM_007294.4:c.5245_5246delinsAT	p.Pro1749Ile	missense	VUS	VUS	2	4	MISSING_FUNCTIONAL	MISSING_FUNCTIONAL	PM5:moderate		neighbour_evidence
2020-01-01	2026-08-04	NM_007294.4:c.5245_5247delinsATC	p.Pro1749Ile	missense	VUS	VUS	2	4	MISSING_FUNCTIONAL	MISSING_FUNCTIONAL	PM5:moderate		neighbour_evidence
2020-01-01	2026-08-04	NM_007294.4:c.5245_5247delinsATG	p.Pro1749Met	missense	VUS	VUS	2	4	MISSING_FUNCTIONAL	MISSING_FUNCTIONAL	PM5:moderate		neighbour_evidence
2020-01-01	2026-08-04	NM_007294.4:c.5245_5247delinsATT	p.Pro1749Ile	missense	VUS	VUS	2	4	MISSING_FUNCTIONAL	MISSING_FUNCTIONAL	PM5:moderate		neighbour_evidence
2020-01-01	2026-08-04	NM_007294.4:c.5246_5247delinsAC	p.Pro1749His	missense	VUS	VUS	2	4	MISSING_FUNCTIONAL	MISSING_FUNCTIONAL	PM5:moderate		neighbour_evidence
2020-01-01	2026-08-04	NM_007294.4:c.5246_5247delinsAG	p.Pro1749Gln	missense	VUS	VUS	2	4	MISSING_FUNCTIONAL	MISSING_FUNCTIONAL	PM5:moderate		neighbour_evidence
2020-01-01	2026-08-04	NM_007294.4:c.5246_5247delinsAT	p.Pro1749His	missense	VUS	VUS	2	4	MISSING_FUNCTIONAL	MISSING_FUNCTIONAL	PM5:moderate		neighbour_evidence
2020-01-01	2026-08-04	NM_007294.4:c.5246_5247delinsGC	p.Pro1749Arg	missense	VUS	LP	2	6	MISSING_FUNCTIONAL	RESOLVED_NOT_BLOCKED	PS1:strong		neighbour_evidence
2020-01-01	2026-08-04	NM_007294.4:c.5246_5247delinsGG	p.Pro1749Arg	missense	VUS	LP	2	6	MISSING_FUNCTIONAL	RESOLVED_NOT_BLOCKED	PS1:strong		neighbour_evidence
2020-01-01	2026-08-04	NM_007294.4:c.5246_5247delinsGT	p.Pro1749Arg	missense	VUS	LP	2	6	MISSING_FUNCTIONAL	RESOLVED_NOT_BLOCKED	PS1:strong		neighbour_evidence
2020-01-01	2026-08-04	NM_007294.4:c.5246_5247delinsTC	p.Pro1749Leu	missense	VUS	VUS	2	4	MISSING_FUNCTIONAL	MISSING_FUNCTIONAL	PM5:moderate		neighbour_evidence
2020-01-01	2026-08-04	NM_007294.4:c.5246_5247delinsTG	p.Pro1749Leu	missense	VUS	VUS	2	4	MISSING_FUNCTIONAL	MISSING_FUNCTIONAL	PM5:moderate		neighbour_evidence
2020-01-01	2026-08-04	NM_007294.4:c.5246_5247delinsTT	p.Pro1749Leu	missense	VUS	VUS	2	4	MISSING_FUNCTIONAL	MISSING_FUNCTIONAL	PM5:moderate		neighbour_evidence
2020-01-01	2026-08-04	NM_007294.4:c.5245_5246delinsGA	p.Pro1749Glu	missense	VUS	VUS	2	4	MISSING_FUNCTIONAL	MISSING_FUNCTIONAL	PM5:moderate		neighbour_evidence
2020-01-01	2026-08-04	NM_007294.4:c.5245_5247delinsGAC	p.Pro1749Asp	missense	VUS	VUS	2	4	MISSING_FUNCTIONAL	MISSING_FUNCTIONAL	PM5:moderate		neighbour_evidence
2020-01-01	2026-08-04	NM_007294.4:c.5245_5247delinsGAG	p.Pro1749Glu	missense	VUS	VUS	2	4	MISSING_FUNCTIONAL	MISSING_FUNCTIONAL	PM5:moderate		neighbour_evidence
2020-01-01	2026-08-04	NM_007294.4:c.5245_5247delinsGAT	p.Pro1749Asp	missense	VUS	VUS	2	4	MISSING_FUNCTIONAL	MISSING_FUNCTIONAL	PM5:moderate		neighbour_evidence
2020-01-01	2026-08-04	NM_007294.4:c.5245_5247delinsGCC	p.Pro1749Ala	missense	VUS	VUS	2	4	MISSING_FUNCTIONAL	MISSING_FUNCTIONAL	PM5:moderate		neighbour_evidence
2020-01-01	2026-08-04	NM_007294.4:c.5245_5247delinsGCG	p.Pro1749Ala	missense	VUS	VUS	2	4	MISSING_FUNCTIONAL	MISSING_FUNCTIONAL	PM5:moderate		neighbour_evidence
2020-01-01	2026-08-04	NM_007294.4:c.5245_5247delinsGCT	p.Pro1749Ala	missense	VUS	VUS	2	4	MISSING_FUNCTIONAL	MISSING_FUNCTIONAL	PM5:moderate		neighbour_evidence
2020-01-01	2026-08-04	NM_007294.4:c.5245_5246delinsGG	p.Pro1749Gly	missense	VUS	VUS	2	4	MISSING_FUNCTIONAL	MISSING_FUNCTIONAL	PM5:moderate		neighbour_evidence
2020-01-01	2026-08-04	NM_007294.4:c.5245_5247delinsGGC	p.Pro1749Gly	missense	VUS	VUS	2	4	MISSING_FUNCTIONAL	MISSING_FUNCTIONAL	PM5:moderate		neighbour_evidence
2020-01-01	2026-08-04	NM_007294.4:c.5245_5247delinsGGG	p.Pro1749Gly	missense	VUS	VUS	2	4	MISSING_FUNCTIONAL	MISSING_FUNCTIONAL	PM5:moderate		neighbour_evidence
2020-01-01	2026-08-04	NM_007294.4:c.5245_5247delinsGGT	p.Pro1749Gly	missense	VUS	VUS	2	4	MISSING_FUNCTIONAL	MISSING_FUNCTIONAL	PM5:moderate		neighbour_evidence
2020-01-01	2026-08-04	NM_007294.4:c.5245_5246delinsGT	p.Pro1749Val	missense	VUS	VUS	2	4	MISSING_FUNCTIONAL	MISSING_FUNCTIONAL	PM5:moderate		neighbour_evidence
2020-01-01	2026-08-04	NM_007294.4:c.5245_5247delinsGTC	p.Pro1749Val	missense	VUS	VUS	2	4	MISSING_FUNCTIONAL	MISSING_FUNCTIONAL	PM5:moderate		neighbour_evidence
2020-01-01	2026-08-04	NM_007294.4:c.5245_5247delinsGTG	p.Pro1749Val	missense	VUS	VUS	2	4	MISSING_FUNCTIONAL	MISSING_FUNCTIONAL	PM5:moderate		neighbour_evidence
2020-01-01	2026-08-04	NM_007294.4:c.5245_5247delinsGTT	p.Pro1749Val	missense	VUS	VUS	2	4	MISSING_FUNCTIONAL	MISSING_FUNCTIONAL	PM5:moderate		neighbour_evidence
2020-01-01	2026-08-04	NM_007294.4:c.5245_5247delinsTAC	p.Pro1749Tyr	missense	VUS	VUS	2	4	MISSING_FUNCTIONAL	MISSING_FUNCTIONAL	PM5:moderate		neighbour_evidence
2020-01-01	2026-08-04	NM_007294.4:c.5245_5247delinsTAT	p.Pro1749Tyr	missense	VUS	VUS	2	4	MISSING_FUNCTIONAL	MISSING_FUNCTIONAL	PM5:moderate		neighbour_evidence
2020-01-01	2026-08-04	NM_007294.4:c.5245_5247delinsTCC	p.Pro1749Ser	missense	VUS	VUS	2	4	MISSING_FUNCTIONAL	MISSING_FUNCTIONAL	PM5:moderate		neighbour_evidence
2020-01-01	2026-08-04	NM_007294.4:c.5245_5247delinsTCG	p.Pro1749Ser	missense	VUS	VUS	2	4	MISSING_FUNCTIONAL	MISSING_FUNCTIONAL	PM5:moderate		neighbour_evidence
2020-01-01	2026-08-04	NM_007294.4:c.5245_5247delinsTCT	p.Pro1749Ser	missense	VUS	VUS	2	4	MISSING_FUNCTIONAL	MISSING_FUNCTIONAL	PM5:moderate		neighbour_evidence
2020-01-01	2026-08-04	NM_007294.4:c.5245_5247delinsTGC	p.Pro1749Cys	missense	VUS	VUS	2	4	MISSING_FUNCTIONAL	MISSING_FUNCTIONAL	PM5:moderate		neighbour_evidence
2020-01-01	2026-08-04	NM_007294.4:c.5245_5247delinsTGG	p.Pro1749Trp	missense	VUS	VUS	2	4	MISSING_FUNCTIONAL	MISSING_FUNCTIONAL	PM5:moderate		neighbour_evidence
2020-01-01	2026-08-04	NM_007294.4:c.5245_5247delinsTGT	p.Pro1749Cys	missense	VUS	VUS	2	4	MISSING_FUNCTIONAL	MISSING_FUNCTIONAL	PM5:moderate		neighbour_evidence
2020-01-01	2026-08-04	NM_007294.4:c.5245_5246delinsTT	p.Pro1749Leu	missense	VUS	VUS	2	4	MISSING_FUNCTIONAL	MISSING_FUNCTIONAL	PM5:moderate		neighbour_evidence
2020-01-01	2026-08-04	NM_007294.4:c.5245_5247delinsTTC	p.Pro1749Phe	missense	VUS	VUS	2	4	MISSING_FUNCTIONAL	MISSING_FUNCTIONAL	PM5:moderate		neighbour_evidence
2020-01-01	2026-08-04	NM_007294.4:c.5245_5247delinsTTG	p.Pro1749Leu	missense	VUS	VUS	2	4	MISSING_FUNCTIONAL	MISSING_FUNCTIONAL	PM5:moderate		neighbour_evidence
2020-01-01	2026-08-04	NM_007294.4:c.5245_5247delinsTTT	p.Pro1749Phe	missense	VUS	VUS	2	4	MISSING_FUNCTIONAL	MISSING_FUNCTIONAL	PM5:moderate		neighbour_evidence
2020-01-01	2026-08-04	NM_007294.4:c.5251_5252delinsAA	p.Arg1751Lys	missense	VUS	VUS	2	4	MISSING_FUNCTIONAL	MISSING_FUNCTIONAL	PM5:moderate		neighbour_evidence
2020-01-01	2026-08-04	NM_007294.4:c.5251_5253delinsAAC	p.Arg1751Asn	missense	VUS	VUS	2	4	MISSING_FUNCTIONAL	MISSING_FUNCTIONAL	PM5:moderate		neighbour_evidence
2020-01-01	2026-08-04	NM_007294.4:c.5251_5253delinsAAG	p.Arg1751Lys	missense	VUS	VUS	2	4	MISSING_FUNCTIONAL	MISSING_FUNCTIONAL	PM5:moderate		neighbour_evidence
2020-01-01	2026-08-04	NM_007294.4:c.5251_5253delinsAAT	p.Arg1751Asn	missense	VUS	VUS	2	4	MISSING_FUNCTIONAL	MISSING_FUNCTIONAL	PM5:moderate		neighbour_evidence
2020-01-01	2026-08-04	NM_007294.4:c.5251_5252delinsAC	p.Arg1751Thr	missense	VUS	VUS	2	4	MISSING_FUNCTIONAL	MISSING_FUNCTIONAL	PM5:moderate		neighbour_evidence
2020-01-01	2026-08-04	NM_007294.4:c.5251_5253delinsACC	p.Arg1751Thr	missense	VUS	VUS	2	4	MISSING_FUNCTIONAL	MISSING_FUNCTIONAL	PM5:moderate		neighbour_evidence
2020-01-01	2026-08-04	NM_007294.4:c.5251_5253delinsACG	p.Arg1751Thr	missense	VUS	VUS	2	4	MISSING_FUNCTIONAL	MISSING_FUNCTIONAL	PM5:moderate		neighbour_evidence
2020-01-01	2026-08-04	NM_007294.4:c.5251_5253delinsACT	p.Arg1751Thr	missense	VUS	VUS	2	4	MISSING_FUNCTIONAL	MISSING_FUNCTIONAL	PM5:moderate		neighbour_evidence
2020-01-01	2026-08-04	NM_007294.4:c.5251_5253delinsAGC	p.Arg1751Ser	missense	VUS	VUS	2	4	MISSING_FUNCTIONAL	MISSING_FUNCTIONAL	PM5:moderate		neighbour_evidence
2020-01-01	2026-08-04	NM_007294.4:c.5251_5253delinsAGT	p.Arg1751Ser	missense	VUS	VUS	2	4	MISSING_FUNCTIONAL	MISSING_FUNCTIONAL	PM5:moderate		neighbour_evidence
2020-01-01	2026-08-04	NM_007294.4:c.5251_5252delinsAT	p.Arg1751Ile	missense	VUS	VUS	2	4	MISSING_FUNCTIONAL	MISSING_FUNCTIONAL	PM5:moderate		neighbour_evidence
2020-01-01	2026-08-04	NM_007294.4:c.5251_5253delinsATC	p.Arg1751Ile	missense	VUS	VUS	2	4	MISSING_FUNCTIONAL	MISSING_FUNCTIONAL	PM5:moderate		neighbour_evidence
2020-01-01	2026-08-04	NM_007294.4:c.5251_5253delinsATG	p.Arg1751Met	missense	VUS	VUS	2	4	MISSING_FUNCTIONAL	MISSING_FUNCTIONAL	PM5:moderate		neighbour_evidence
2020-01-01	2026-08-04	NM_007294.4:c.5251_5253delinsATT	p.Arg1751Ile	missense	VUS	VUS	2	4	MISSING_FUNCTIONAL	MISSING_FUNCTIONAL	PM5:moderate		neighbour_evidence
2020-01-01	2026-08-04	NM_007294.4:c.5252_5253delinsAC	p.Arg1751His	missense	VUS	VUS	2	4	MISSING_FUNCTIONAL	MISSING_FUNCTIONAL	PM5:moderate		neighbour_evidence
2020-01-01	2026-08-04	NM_007294.4:c.5252_5253delinsAG	p.Arg1751Gln	missense	VUS	VUS	2	4	MISSING_FUNCTIONAL	MISSING_FUNCTIONAL	PM5:moderate		neighbour_evidence
2020-01-01	2026-08-04	NM_007294.4:c.5252_5253delinsAT	p.Arg1751His	missense	VUS	VUS	2	4	MISSING_FUNCTIONAL	MISSING_FUNCTIONAL	PM5:moderate		neighbour_evidence
2020-01-01	2026-08-04	NM_007294.4:c.5252_5253delinsCC	p.Arg1751Pro	missense	VUS	LP	2	8	MISSING_FUNCTIONAL	RESOLVED_NOT_BLOCKED	PM5:moderate;PS1:strong		neighbour_evidence
2020-01-01	2026-08-04	NM_007294.4:c.5252_5253delinsCG	p.Arg1751Pro	missense	VUS	LP	2	8	MISSING_FUNCTIONAL	RESOLVED_NOT_BLOCKED	PM5:moderate;PS1:strong		neighbour_evidence
2020-01-01	2026-08-04	NM_007294.4:c.5252_5253delinsCT	p.Arg1751Pro	missense	VUS	LP	2	8	MISSING_FUNCTIONAL	RESOLVED_NOT_BLOCKED	PM5:moderate;PS1:strong		neighbour_evidence
2020-01-01	2026-08-04	NM_007294.4:c.5252_5253delinsTC	p.Arg1751Leu	missense	VUS	VUS	2	4	MISSING_FUNCTIONAL	MISSING_FUNCTIONAL	PM5:moderate		neighbour_evidence
2020-01-01	2026-08-04	NM_007294.4:c.5252_5253delinsTG	p.Arg1751Leu	missense	VUS	VUS	2	4	MISSING_FUNCTIONAL	MISSING_FUNCTIONAL	PM5:moderate		neighbour_evidence
2020-01-01	2026-08-04	NM_007294.4:c.5252_5253delinsTT	p.Arg1751Leu	missense	VUS	VUS	2	4	MISSING_FUNCTIONAL	MISSING_FUNCTIONAL	PM5:moderate		neighbour_evidence
2020-01-01	2026-08-04	NM_007294.4:c.5251_5252delinsGA	p.Arg1751Glu	missense	VUS	VUS	2	4	MISSING_FUNCTIONAL	MISSING_FUNCTIONAL	PM5:moderate		neighbour_evidence
2020-01-01	2026-08-04	NM_007294.4:c.5251_5253delinsGAC	p.Arg1751Asp	missense	VUS	VUS	2	4	MISSING_FUNCTIONAL	MISSING_FUNCTIONAL	PM5:moderate		neighbour_evidence
2020-01-01	2026-08-04	NM_007294.4:c.5251_5253delinsGAG	p.Arg1751Glu	missense	VUS	VUS	2	4	MISSING_FUNCTIONAL	MISSING_FUNCTIONAL	PM5:moderate		neighbour_evidence
2020-01-01	2026-08-04	NM_007294.4:c.5251_5253delinsGAT	p.Arg1751Asp	missense	VUS	VUS	2	4	MISSING_FUNCTIONAL	MISSING_FUNCTIONAL	PM5:moderate		neighbour_evidence
2020-01-01	2026-08-04	NM_007294.4:c.5251_5252delinsGC	p.Arg1751Ala	missense	VUS	VUS	2	4	MISSING_FUNCTIONAL	MISSING_FUNCTIONAL	PM5:moderate		neighbour_evidence
2020-01-01	2026-08-04	NM_007294.4:c.5251_5253delinsGCC	p.Arg1751Ala	missense	VUS	VUS	2	4	MISSING_FUNCTIONAL	MISSING_FUNCTIONAL	PM5:moderate		neighbour_evidence
2020-01-01	2026-08-04	NM_007294.4:c.5251_5253delinsGCG	p.Arg1751Ala	missense	VUS	VUS	2	4	MISSING_FUNCTIONAL	MISSING_FUNCTIONAL	PM5:moderate		neighbour_evidence
2020-01-01	2026-08-04	NM_007294.4:c.5251_5253delinsGCT	p.Arg1751Ala	missense	VUS	VUS	2	4	MISSING_FUNCTIONAL	MISSING_FUNCTIONAL	PM5:moderate		neighbour_evidence
2020-01-01	2026-08-04	NM_007294.4:c.5251_5253delinsGGC	p.Arg1751Gly	missense	VUS	LP	2	8	MISSING_FUNCTIONAL	RESOLVED_NOT_BLOCKED	PM5:moderate;PS1:strong		neighbour_evidence
2020-01-01	2026-08-04	NM_007294.4:c.5251_5253delinsGGG	p.Arg1751Gly	missense	VUS	LP	2	8	MISSING_FUNCTIONAL	RESOLVED_NOT_BLOCKED	PM5:moderate;PS1:strong		neighbour_evidence
2020-01-01	2026-08-04	NM_007294.4:c.5251_5253delinsGGT	p.Arg1751Gly	missense	VUS	LP	2	8	MISSING_FUNCTIONAL	RESOLVED_NOT_BLOCKED	PM5:moderate;PS1:strong		neighbour_evidence
2020-01-01	2026-08-04	NM_007294.4:c.5251_5252delinsGT	p.Arg1751Val	missense	VUS	VUS	2	4	MISSING_FUNCTIONAL	MISSING_FUNCTIONAL	PM5:moderate		neighbour_evidence
2020-01-01	2026-08-04	NM_007294.4:c.5251_5253delinsGTC	p.Arg1751Val	missense	VUS	VUS	2	4	MISSING_FUNCTIONAL	MISSING_FUNCTIONAL	PM5:moderate		neighbour_evidence
2020-01-01	2026-08-04	NM_007294.4:c.5251_5253delinsGTG	p.Arg1751Val	missense	VUS	VUS	2	4	MISSING_FUNCTIONAL	MISSING_FUNCTIONAL	PM5:moderate		neighbour_evidence
2020-01-01	2026-08-04	NM_007294.4:c.5251_5253delinsGTT	p.Arg1751Val	missense	VUS	VUS	2	4	MISSING_FUNCTIONAL	MISSING_FUNCTIONAL	PM5:moderate		neighbour_evidence
2020-01-01	2026-08-04	NM_007294.4:c.5251_5253delinsTAC	p.Arg1751Tyr	missense	VUS	VUS	2	4	MISSING_FUNCTIONAL	MISSING_FUNCTIONAL	PM5:moderate		neighbour_evidence
2020-01-01	2026-08-04	NM_007294.4:c.5251_5253delinsTAT	p.Arg1751Tyr	missense	VUS	VUS	2	4	MISSING_FUNCTIONAL	MISSING_FUNCTIONAL	PM5:moderate		neighbour_evidence
2020-01-01	2026-08-04	NM_007294.4:c.5251_5252delinsTC	p.Arg1751Ser	missense	VUS	VUS	2	4	MISSING_FUNCTIONAL	MISSING_FUNCTIONAL	PM5:moderate		neighbour_evidence
2020-01-01	2026-08-04	NM_007294.4:c.5251_5253delinsTCC	p.Arg1751Ser	missense	VUS	VUS	2	4	MISSING_FUNCTIONAL	MISSING_FUNCTIONAL	PM5:moderate		neighbour_evidence
2020-01-01	2026-08-04	NM_007294.4:c.5251_5253delinsTCG	p.Arg1751Ser	missense	VUS	VUS	2	4	MISSING_FUNCTIONAL	MISSING_FUNCTIONAL	PM5:moderate		neighbour_evidence
2020-01-01	2026-08-04	NM_007294.4:c.5251_5253delinsTCT	p.Arg1751Ser	missense	VUS	VUS	2	4	MISSING_FUNCTIONAL	MISSING_FUNCTIONAL	PM5:moderate		neighbour_evidence
2020-01-01	2026-08-04	NM_007294.4:c.5251_5253delinsTGC	p.Arg1751Cys	missense	VUS	VUS	2	4	MISSING_FUNCTIONAL	MISSING_FUNCTIONAL	PM5:moderate		neighbour_evidence
2020-01-01	2026-08-04	NM_007294.4:c.5251_5253delinsTGG	p.Arg1751Trp	missense	VUS	VUS	2	4	MISSING_FUNCTIONAL	MISSING_FUNCTIONAL	PM5:moderate		neighbour_evidence
2020-01-01	2026-08-04	NM_007294.4:c.5251_5253delinsTGT	p.Arg1751Cys	missense	VUS	VUS	2	4	MISSING_FUNCTIONAL	MISSING_FUNCTIONAL	PM5:moderate		neighbour_evidence
2020-01-01	2026-08-04	NM_007294.4:c.5251_5252delinsTT	p.Arg1751Leu	missense	VUS	VUS	2	4	MISSING_FUNCTIONAL	MISSING_FUNCTIONAL	PM5:moderate		neighbour_evidence
2020-01-01	2026-08-04	NM_007294.4:c.5251_5253delinsTTC	p.Arg1751Phe	missense	VUS	VUS	2	4	MISSING_FUNCTIONAL	MISSING_FUNCTIONAL	PM5:moderate		neighbour_evidence
2020-01-01	2026-08-04	NM_007294.4:c.5251_5253delinsTTG	p.Arg1751Leu	missense	VUS	VUS	2	4	MISSING_FUNCTIONAL	MISSING_FUNCTIONAL	PM5:moderate		neighbour_evidence
2020-01-01	2026-08-04	NM_007294.4:c.5251_5253delinsTTT	p.Arg1751Phe	missense	VUS	VUS	2	4	MISSING_FUNCTIONAL	MISSING_FUNCTIONAL	PM5:moderate		neighbour_evidence
2020-01-01	2026-08-04	NM_007294.4:c.5254_5255delinsAA	p.Ala1752Lys	missense	VUS	VUS	2	4	MISSING_FUNCTIONAL	MISSING_FUNCTIONAL	PM5:moderate		neighbour_evidence
2020-01-01	2026-08-04	NM_007294.4:c.5254_5256delinsAAC	p.Ala1752Asn	missense	VUS	VUS	2	4	MISSING_FUNCTIONAL	MISSING_FUNCTIONAL	PM5:moderate		neighbour_evidence
2020-01-01	2026-08-04	NM_007294.4:c.5254_5256delinsAAG	p.Ala1752Lys	missense	VUS	VUS	2	4	MISSING_FUNCTIONAL	MISSING_FUNCTIONAL	PM5:moderate		neighbour_evidence
2020-01-01	2026-08-04	NM_007294.4:c.5254_5256delinsAAT	p.Ala1752Asn	missense	VUS	VUS	2	4	MISSING_FUNCTIONAL	MISSING_FUNCTIONAL	PM5:moderate		neighbour_evidence
2020-01-01	2026-08-04	NM_007294.4:c.5254_5256delinsACC	p.Ala1752Thr	missense	VUS	VUS	2	4	MISSING_FUNCTIONAL	MISSING_FUNCTIONAL	PM5:moderate		neighbour_evidence
2020-01-01	2026-08-04	NM_007294.4:c.5254_5256delinsACG	p.Ala1752Thr	missense	VUS	VUS	2	4	MISSING_FUNCTIONAL	MISSING_FUNCTIONAL	PM5:moderate		neighbour_evidence
2020-01-01	2026-08-04	NM_007294.4:c.5254_5256delinsACT	p.Ala1752Thr	missense	VUS	VUS	2	4	MISSING_FUNCTIONAL	MISSING_FUNCTIONAL	PM5:moderate		neighbour_evidence
2020-01-01	2026-08-04	NM_007294.4:c.5254_5255delinsAG	p.Ala1752Arg	missense	VUS	VUS	2	4	MISSING_FUNCTIONAL	MISSING_FUNCTIONAL	PM5:moderate		neighbour_evidence
2020-01-01	2026-08-04	NM_007294.4:c.5254_5256delinsAGC	p.Ala1752Ser	missense	VUS	VUS	2	4	MISSING_FUNCTIONAL	MISSING_FUNCTIONAL	PM5:moderate		neighbour_evidence
2020-01-01	2026-08-04	NM_007294.4:c.5254_5256delinsAGG	p.Ala1752Arg	missense	VUS	VUS	2	4	MISSING_FUNCTIONAL	MISSING_FUNCTIONAL	PM5:moderate		neighbour_evidence
2020-01-01	2026-08-04	NM_007294.4:c.5254_5256delinsAGT	p.Ala1752Ser	missense	VUS	VUS	2	4	MISSING_FUNCTIONAL	MISSING_FUNCTIONAL	PM5:moderate		neighbour_evidence
2020-01-01	2026-08-04	NM_007294.4:c.5254_5255delinsAT	p.Ala1752Ile	missense	VUS	VUS	2	4	MISSING_FUNCTIONAL	MISSING_FUNCTIONAL	PM5:moderate		neighbour_evidence
2020-01-01	2026-08-04	NM_007294.4:c.5254_5256delinsATC	p.Ala1752Ile	missense	VUS	VUS	2	4	MISSING_FUNCTIONAL	MISSING_FUNCTIONAL	PM5:moderate		neighbour_evidence
2020-01-01	2026-08-04	NM_007294.4:c.5254_5256delinsATG	p.Ala1752Met	missense	VUS	VUS	2	4	MISSING_FUNCTIONAL	MISSING_FUNCTIONAL	PM5:moderate		neighbour_evidence
2020-01-01	2026-08-04	NM_007294.4:c.5254_5256delinsATT	p.Ala1752Ile	missense	VUS	VUS	2	4	MISSING_FUNCTIONAL	MISSING_FUNCTIONAL	PM5:moderate		neighbour_evidence
2020-01-01	2026-08-04	NM_007294.4:c.5254_5255delinsCA	p.Ala1752Gln	missense	VUS	VUS	2	4	MISSING_FUNCTIONAL	MISSING_FUNCTIONAL	PM5:moderate		neighbour_evidence
2020-01-01	2026-08-04	NM_007294.4:c.5254_5256delinsCAC	p.Ala1752His	missense	VUS	VUS	2	4	MISSING_FUNCTIONAL	MISSING_FUNCTIONAL	PM5:moderate		neighbour_evidence
2020-01-01	2026-08-04	NM_007294.4:c.5254_5256delinsCAG	p.Ala1752Gln	missense	VUS	VUS	2	4	MISSING_FUNCTIONAL	MISSING_FUNCTIONAL	PM5:moderate		neighbour_evidence
2020-01-01	2026-08-04	NM_007294.4:c.5254_5256delinsCAT	p.Ala1752His	missense	VUS	VUS	2	4	MISSING_FUNCTIONAL	MISSING_FUNCTIONAL	PM5:moderate		neighbour_evidence
2020-01-01	2026-08-04	NM_007294.4:c.5254_5256delinsCCC	p.Ala1752Pro	missense	VUS	LP	2	8	MISSING_FUNCTIONAL	RESOLVED_NOT_BLOCKED	PM5:moderate;PS1:strong		neighbour_evidence
2020-01-01	2026-08-04	NM_007294.4:c.5254_5256delinsCCG	p.Ala1752Pro	missense	VUS	LP	2	8	MISSING_FUNCTIONAL	RESOLVED_NOT_BLOCKED	PM5:moderate;PS1:strong		neighbour_evidence
2020-01-01	2026-08-04	NM_007294.4:c.5254_5256delinsCCT	p.Ala1752Pro	missense	VUS	LP	2	8	MISSING_FUNCTIONAL	RESOLVED_NOT_BLOCKED	PM5:moderate;PS1:strong		neighbour_evidence
2020-01-01	2026-08-04	NM_007294.4:c.5254_5255delinsCG	p.Ala1752Arg	missense	VUS	VUS	2	4	MISSING_FUNCTIONAL	MISSING_FUNCTIONAL	PM5:moderate		neighbour_evidence
2020-01-01	2026-08-04	NM_007294.4:c.5254_5256delinsCGC	p.Ala1752Arg	missense	VUS	VUS	2	4	MISSING_FUNCTIONAL	MISSING_FUNCTIONAL	PM5:moderate		neighbour_evidence
2020-01-01	2026-08-04	NM_007294.4:c.5254_5256delinsCGG	p.Ala1752Arg	missense	VUS	VUS	2	4	MISSING_FUNCTIONAL	MISSING_FUNCTIONAL	PM5:moderate		neighbour_evidence
2020-01-01	2026-08-04	NM_007294.4:c.5254_5256delinsCGT	p.Ala1752Arg	missense	VUS	VUS	2	4	MISSING_FUNCTIONAL	MISSING_FUNCTIONAL	PM5:moderate		neighbour_evidence
2020-01-01	2026-08-04	NM_007294.4:c.5254_5255delinsCT	p.Ala1752Leu	missense	VUS	VUS	2	4	MISSING_FUNCTIONAL	MISSING_FUNCTIONAL	PM5:moderate		neighbour_evidence
2020-01-01	2026-08-04	NM_007294.4:c.5254_5256delinsCTC	p.Ala1752Leu	missense	VUS	VUS	2	4	MISSING_FUNCTIONAL	MISSING_FUNCTIONAL	PM5:moderate		neighbour_evidence
2020-01-01	2026-08-04	NM_007294.4:c.5254_5256delinsCTG	p.Ala1752Leu	missense	VUS	VUS	2	4	MISSING_FUNCTIONAL	MISSING_FUNCTIONAL	PM5:moderate		neighbour_evidence
2020-01-01	2026-08-04	NM_007294.4:c.5254_5256delinsCTT	p.Ala1752Leu	missense	VUS	VUS	2	4	MISSING_FUNCTIONAL	MISSING_FUNCTIONAL	PM5:moderate		neighbour_evidence
2020-01-01	2026-08-04	NM_007294.4:c.5255_5256delinsAC	p.Ala1752Asp	missense	VUS	VUS	2	4	MISSING_FUNCTIONAL	MISSING_FUNCTIONAL	PM5:moderate		neighbour_evidence
2020-01-01	2026-08-04	NM_007294.4:c.5255_5256delinsAG	p.Ala1752Glu	missense	VUS	LP	2	8	MISSING_FUNCTIONAL	RESOLVED_NOT_BLOCKED	PM5:moderate;PS1:strong		neighbour_evidence
2020-01-01	2026-08-04	NM_007294.4:c.5255_5256delinsAT	p.Ala1752Asp	missense	VUS	VUS	2	4	MISSING_FUNCTIONAL	MISSING_FUNCTIONAL	PM5:moderate		neighbour_evidence
2020-01-01	2026-08-04	NM_007294.4:c.5255_5256delinsGC	p.Ala1752Gly	missense	VUS	VUS	2	4	MISSING_FUNCTIONAL	MISSING_FUNCTIONAL	PM5:moderate		neighbour_evidence
2020-01-01	2026-08-04	NM_007294.4:c.5255_5256delinsGG	p.Ala1752Gly	missense	VUS	VUS	2	4	MISSING_FUNCTIONAL	MISSING_FUNCTIONAL	PM5:moderate		neighbour_evidence
2020-01-01	2026-08-04	NM_007294.4:c.5255_5256delinsGT	p.Ala1752Gly	missense	VUS	VUS	2	4	MISSING_FUNCTIONAL	MISSING_FUNCTIONAL	PM5:moderate		neighbour_evidence
2020-01-01	2026-08-04	NM_007294.4:c.5255_5256delinsTC	p.Ala1752Val	missense	VUS	VUS	2	4	MISSING_FUNCTIONAL	MISSING_FUNCTIONAL	PM5:moderate		neighbour_evidence
2020-01-01	2026-08-04	NM_007294.4:c.5255_5256delinsTG	p.Ala1752Val	missense	VUS	VUS	2	4	MISSING_FUNCTIONAL	MISSING_FUNCTIONAL	PM5:moderate		neighbour_evidence
2020-01-01	2026-08-04	NM_007294.4:c.5255_5256delinsTT	p.Ala1752Val	missense	VUS	VUS	2	4	MISSING_FUNCTIONAL	MISSING_FUNCTIONAL	PM5:moderate		neighbour_evidence
2020-01-01	2026-08-04	NM_007294.4:c.5254_5256delinsTAC	p.Ala1752Tyr	missense	VUS	VUS	2	4	MISSING_FUNCTIONAL	MISSING_FUNCTIONAL	PM5:moderate		neighbour_evidence
2020-01-01	2026-08-04	NM_007294.4:c.5254_5256delinsTAT	p.Ala1752Tyr	missense	VUS	VUS	2	4	MISSING_FUNCTIONAL	MISSING_FUNCTIONAL	PM5:moderate		neighbour_evidence
2020-01-01	2026-08-04	NM_007294.4:c.5254_5256delinsTCC	p.Ala1752Ser	missense	VUS	VUS	2	4	MISSING_FUNCTIONAL	MISSING_FUNCTIONAL	PM5:moderate		neighbour_evidence
2020-01-01	2026-08-04	NM_007294.4:c.5254_5256delinsTCG	p.Ala1752Ser	missense	VUS	VUS	2	4	MISSING_FUNCTIONAL	MISSING_FUNCTIONAL	PM5:moderate		neighbour_evidence
2020-01-01	2026-08-04	NM_007294.4:c.5254_5256delinsTCT	p.Ala1752Ser	missense	VUS	VUS	2	4	MISSING_FUNCTIONAL	MISSING_FUNCTIONAL	PM5:moderate		neighbour_evidence
2020-01-01	2026-08-04	NM_007294.4:c.5254_5256delinsTGC	p.Ala1752Cys	missense	VUS	VUS	2	4	MISSING_FUNCTIONAL	MISSING_FUNCTIONAL	PM5:moderate		neighbour_evidence
2020-01-01	2026-08-04	NM_007294.4:c.5254_5256delinsTGG	p.Ala1752Trp	missense	VUS	VUS	2	4	MISSING_FUNCTIONAL	MISSING_FUNCTIONAL	PM5:moderate		neighbour_evidence
2020-01-01	2026-08-04	NM_007294.4:c.5254_5256delinsTGT	p.Ala1752Cys	missense	VUS	VUS	2	4	MISSING_FUNCTIONAL	MISSING_FUNCTIONAL	PM5:moderate		neighbour_evidence
2020-01-01	2026-08-04	NM_007294.4:c.5254_5255delinsTT	p.Ala1752Leu	missense	VUS	VUS	2	4	MISSING_FUNCTIONAL	MISSING_FUNCTIONAL	PM5:moderate		neighbour_evidence
2020-01-01	2026-08-04	NM_007294.4:c.5254_5256delinsTTC	p.Ala1752Phe	missense	VUS	VUS	2	4	MISSING_FUNCTIONAL	MISSING_FUNCTIONAL	PM5:moderate		neighbour_evidence
2020-01-01	2026-08-04	NM_007294.4:c.5254_5256delinsTTG	p.Ala1752Leu	missense	VUS	VUS	2	4	MISSING_FUNCTIONAL	MISSING_FUNCTIONAL	PM5:moderate		neighbour_evidence
2020-01-01	2026-08-04	NM_007294.4:c.5254_5256delinsTTT	p.Ala1752Phe	missense	VUS	VUS	2	4	MISSING_FUNCTIONAL	MISSING_FUNCTIONAL	PM5:moderate		neighbour_evidence
2020-01-01	2026-08-04	NM_007294.4:c.5258_5259delinsAC	p.Arg1753Asn	missense	VUS	VUS	2	4	MISSING_FUNCTIONAL	MISSING_FUNCTIONAL	PM5:moderate		neighbour_evidence
2020-01-01	2026-08-04	NM_007294.4:c.5258_5259delinsAG	p.Arg1753Lys	missense	VUS	VUS	2	4	MISSING_FUNCTIONAL	MISSING_FUNCTIONAL	PM5:moderate		neighbour_evidence
2020-01-01	2026-08-04	NM_007294.4:c.5258_5259delinsAT	p.Arg1753Asn	missense	VUS	VUS	2	4	MISSING_FUNCTIONAL	MISSING_FUNCTIONAL	PM5:moderate		neighbour_evidence
2020-01-01	2026-08-04	NM_007294.4:c.5258_5259delinsCC	p.Arg1753Thr	missense	VUS	VUS	2	4	MISSING_FUNCTIONAL	MISSING_FUNCTIONAL	PM5:moderate		neighbour_evidence
2020-01-01	2026-08-04	NM_007294.4:c.5258_5259delinsCG	p.Arg1753Thr	missense	VUS	VUS	2	4	MISSING_FUNCTIONAL	MISSING_FUNCTIONAL	PM5:moderate		neighbour_evidence
2020-01-01	2026-08-04	NM_007294.4:c.5258_5259delinsCT	p.Arg1753Thr	missense	VUS	VUS	2	4	MISSING_FUNCTIONAL	MISSING_FUNCTIONAL	PM5:moderate		neighbour_evidence
2020-01-01	2026-08-04	NM_007294.4:c.5258_5259delinsTC	p.Arg1753Ile	missense	VUS	LP	2	8	MISSING_FUNCTIONAL	RESOLVED_NOT_BLOCKED	PM5:moderate;PS1:strong		neighbour_evidence
2020-01-01	2026-08-04	NM_007294.4:c.5258_5259delinsTG	p.Arg1753Met	missense	VUS	VUS	2	4	MISSING_FUNCTIONAL	MISSING_FUNCTIONAL	PM5:moderate		neighbour_evidence
2020-01-01	2026-08-04	NM_007294.4:c.5258_5259delinsTT	p.Arg1753Ile	missense	VUS	LP	2	8	MISSING_FUNCTIONAL	RESOLVED_NOT_BLOCKED	PM5:moderate;PS1:strong		neighbour_evidence
2020-01-01	2026-08-04	NM_007294.4:c.5257_5258delinsCA	p.Arg1753Gln	missense	VUS	VUS	2	4	MISSING_FUNCTIONAL	MISSING_FUNCTIONAL	PM5:moderate		neighbour_evidence
2020-01-01	2026-08-04	NM_007294.4:c.5257_5259delinsCAC	p.Arg1753His	missense	VUS	VUS	2	4	MISSING_FUNCTIONAL	MISSING_FUNCTIONAL	PM5:moderate		neighbour_evidence
2020-01-01	2026-08-04	NM_007294.4:c.5257_5259delinsCAG	p.Arg1753Gln	missense	VUS	VUS	2	4	MISSING_FUNCTIONAL	MISSING_FUNCTIONAL	PM5:moderate		neighbour_evidence
2020-01-01	2026-08-04	NM_007294.4:c.5257_5259delinsCAT	p.Arg1753His	missense	VUS	VUS	2	4	MISSING_FUNCTIONAL	MISSING_FUNCTIONAL	PM5:moderate		neighbour_evidence
2020-01-01	2026-08-04	NM_007294.4:c.5257_5258delinsCC	p.Arg1753Pro	missense	VUS	VUS	2	4	MISSING_FUNCTIONAL	MISSING_FUNCTIONAL	PM5:moderate		neighbour_evidence
2020-01-01	2026-08-04	NM_007294.4:c.5257_5259delinsCCC	p.Arg1753Pro	missense	VUS	VUS	2	4	MISSING_FUNCTIONAL	MISSING_FUNCTIONAL	PM5:moderate		neighbour_evidence
2020-01-01	2026-08-04	NM_007294.4:c.5257_5259delinsCCG	p.Arg1753Pro	missense	VUS	VUS	2	4	MISSING_FUNCTIONAL	MISSING_FUNCTIONAL	PM5:moderate		neighbour_evidence
2020-01-01	2026-08-04	NM_007294.4:c.5257_5259delinsCCT	p.Arg1753Pro	missense	VUS	VUS	2	4	MISSING_FUNCTIONAL	MISSING_FUNCTIONAL	PM5:moderate		neighbour_evidence
2020-01-01	2026-08-04	NM_007294.4:c.5257_5258delinsCT	p.Arg1753Leu	missense	VUS	VUS	2	4	MISSING_FUNCTIONAL	MISSING_FUNCTIONAL	PM5:moderate		neighbour_evidence
2020-01-01	2026-08-04	NM_007294.4:c.5257_5259delinsCTC	p.Arg1753Leu	missense	VUS	VUS	2	4	MISSING_FUNCTIONAL	MISSING_FUNCTIONAL	PM5:moderate		neighbour_evidence
2020-01-01	2026-08-04	NM_007294.4:c.5257_5259delinsCTG	p.Arg1753Leu	missense	VUS	VUS	2	4	MISSING_FUNCTIONAL	MISSING_FUNCTIONAL	PM5:moderate		neighbour_evidence
2020-01-01	2026-08-04	NM_007294.4:c.5257_5259delinsCTT	p.Arg1753Leu	missense	VUS	VUS	2	4	MISSING_FUNCTIONAL	MISSING_FUNCTIONAL	PM5:moderate		neighbour_evidence
2020-01-01	2026-08-04	NM_007294.4:c.5257_5258delinsGA	p.Arg1753Glu	missense	VUS	VUS	2	4	MISSING_FUNCTIONAL	MISSING_FUNCTIONAL	PM5:moderate		neighbour_evidence
2020-01-01	2026-08-04	NM_007294.4:c.5257_5259delinsGAC	p.Arg1753Asp	missense	VUS	VUS	2	4	MISSING_FUNCTIONAL	MISSING_FUNCTIONAL	PM5:moderate		neighbour_evidence
2020-01-01	2026-08-04	NM_007294.4:c.5257_5259delinsGAG	p.Arg1753Glu	missense	VUS	VUS	2	4	MISSING_FUNCTIONAL	MISSING_FUNCTIONAL	PM5:moderate		neighbour_evidence
2020-01-01	2026-08-04	NM_007294.4:c.5257_5259delinsGAT	p.Arg1753Asp	missense	VUS	VUS	2	4	MISSING_FUNCTIONAL	MISSING_FUNCTIONAL	PM5:moderate		neighbour_evidence
2020-01-01	2026-08-04	NM_007294.4:c.5257_5258delinsGC	p.Arg1753Ala	missense	VUS	VUS	2	4	MISSING_FUNCTIONAL	MISSING_FUNCTIONAL	PM5:moderate		neighbour_evidence
2020-01-01	2026-08-04	NM_007294.4:c.5257_5259delinsGCC	p.Arg1753Ala	missense	VUS	VUS	2	4	MISSING_FUNCTIONAL	MISSING_FUNCTIONAL	PM5:moderate		neighbour_evidence
2020-01-01	2026-08-04	NM_007294.4:c.5257_5259delinsGCG	p.Arg1753Ala	missense	VUS	VUS	2	4	MISSING_FUNCTIONAL	MISSING_FUNCTIONAL	PM5:moderate		neighbour_evidence
2020-01-01	2026-08-04	NM_007294.4:c.5257_5259delinsGCT	p.Arg1753Ala	missense	VUS	VUS	2	4	MISSING_FUNCTIONAL	MISSING_FUNCTIONAL	PM5:moderate		neighbour_evidence
2020-01-01	2026-08-04	NM_007294.4:c.5257_5259delinsGGC	p.Arg1753Gly	missense	VUS	LP	2	8	MISSING_FUNCTIONAL	RESOLVED_NOT_BLOCKED	PM5:moderate;PS1:strong		neighbour_evidence
2020-01-01	2026-08-04	NM_007294.4:c.5257_5259delinsGGG	p.Arg1753Gly	missense	VUS	LP	2	8	MISSING_FUNCTIONAL	RESOLVED_NOT_BLOCKED	PM5:moderate;PS1:strong		neighbour_evidence
2020-01-01	2026-08-04	NM_007294.4:c.5257_5259delinsGGT	p.Arg1753Gly	missense	VUS	LP	2	8	MISSING_FUNCTIONAL	RESOLVED_NOT_BLOCKED	PM5:moderate;PS1:strong		neighbour_evidence
2020-01-01	2026-08-04	NM_007294.4:c.5257_5258delinsGT	p.Arg1753Val	missense	VUS	VUS	2	4	MISSING_FUNCTIONAL	MISSING_FUNCTIONAL	PM5:moderate		neighbour_evidence
2020-01-01	2026-08-04	NM_007294.4:c.5257_5259delinsGTC	p.Arg1753Val	missense	VUS	VUS	2	4	MISSING_FUNCTIONAL	MISSING_FUNCTIONAL	PM5:moderate		neighbour_evidence
2020-01-01	2026-08-04	NM_007294.4:c.5257_5259delinsGTG	p.Arg1753Val	missense	VUS	VUS	2	4	MISSING_FUNCTIONAL	MISSING_FUNCTIONAL	PM5:moderate		neighbour_evidence
2020-01-01	2026-08-04	NM_007294.4:c.5257_5259delinsGTT	p.Arg1753Val	missense	VUS	VUS	2	4	MISSING_FUNCTIONAL	MISSING_FUNCTIONAL	PM5:moderate		neighbour_evidence
2020-01-01	2026-08-04	NM_007294.4:c.5257_5259delinsTAC	p.Arg1753Tyr	missense	VUS	VUS	2	4	MISSING_FUNCTIONAL	MISSING_FUNCTIONAL	PM5:moderate		neighbour_evidence
2020-01-01	2026-08-04	NM_007294.4:c.5257_5259delinsTAT	p.Arg1753Tyr	missense	VUS	VUS	2	4	MISSING_FUNCTIONAL	MISSING_FUNCTIONAL	PM5:moderate		neighbour_evidence
2020-01-01	2026-08-04	NM_007294.4:c.5257_5258delinsTC	p.Arg1753Ser	missense	VUS	LP	2	8	MISSING_FUNCTIONAL	RESOLVED_NOT_BLOCKED	PM5:moderate;PS1:strong		neighbour_evidence
2020-01-01	2026-08-04	NM_007294.4:c.5257_5259delinsTCC	p.Arg1753Ser	missense	VUS	LP	2	8	MISSING_FUNCTIONAL	RESOLVED_NOT_BLOCKED	PM5:moderate;PS1:strong		neighbour_evidence
2020-01-01	2026-08-04	NM_007294.4:c.5257_5259delinsTCG	p.Arg1753Ser	missense	VUS	LP	2	8	MISSING_FUNCTIONAL	RESOLVED_NOT_BLOCKED	PM5:moderate;PS1:strong		neighbour_evidence
2020-01-01	2026-08-04	NM_007294.4:c.5257_5259delinsTCT	p.Arg1753Ser	missense	VUS	LP	2	8	MISSING_FUNCTIONAL	RESOLVED_NOT_BLOCKED	PM5:moderate;PS1:strong		neighbour_evidence
2020-01-01	2026-08-04	NM_007294.4:c.5257_5259delinsTGC	p.Arg1753Cys	missense	VUS	VUS	2	4	MISSING_FUNCTIONAL	MISSING_FUNCTIONAL	PM5:moderate		neighbour_evidence
2020-01-01	2026-08-04	NM_007294.4:c.5257_5259delinsTGG	p.Arg1753Trp	missense	VUS	VUS	2	4	MISSING_FUNCTIONAL	MISSING_FUNCTIONAL	PM5:moderate		neighbour_evidence
2020-01-01	2026-08-04	NM_007294.4:c.5257_5259delinsTGT	p.Arg1753Cys	missense	VUS	VUS	2	4	MISSING_FUNCTIONAL	MISSING_FUNCTIONAL	PM5:moderate		neighbour_evidence
2020-01-01	2026-08-04	NM_007294.4:c.5257_5258delinsTT	p.Arg1753Leu	missense	VUS	VUS	2	4	MISSING_FUNCTIONAL	MISSING_FUNCTIONAL	PM5:moderate		neighbour_evidence
2020-01-01	2026-08-04	NM_007294.4:c.5257_5259delinsTTC	p.Arg1753Phe	missense	VUS	VUS	2	4	MISSING_FUNCTIONAL	MISSING_FUNCTIONAL	PM5:moderate		neighbour_evidence
2020-01-01	2026-08-04	NM_007294.4:c.5257_5259delinsTTG	p.Arg1753Leu	missense	VUS	VUS	2	4	MISSING_FUNCTIONAL	MISSING_FUNCTIONAL	PM5:moderate		neighbour_evidence
2020-01-01	2026-08-04	NM_007294.4:c.5257_5259delinsTTT	p.Arg1753Phe	missense	VUS	VUS	2	4	MISSING_FUNCTIONAL	MISSING_FUNCTIONAL	PM5:moderate		neighbour_evidence
2020-01-01	2026-08-04	NM_007294.4:c.5281_5283delinsAAA	p.Phe1761Lys	missense	VUS	VUS	2	4	MISSING_FUNCTIONAL	MISSING_FUNCTIONAL	PM5:moderate		neighbour_evidence
2020-01-01	2026-08-04	NM_007294.4:c.5281_5282delinsAA	p.Phe1761Asn	missense	VUS	VUS	2	4	MISSING_FUNCTIONAL	MISSING_FUNCTIONAL	PM5:moderate		neighbour_evidence
2020-01-01	2026-08-04	NM_007294.4:c.5281_5283delinsAAG	p.Phe1761Lys	missense	VUS	VUS	2	4	MISSING_FUNCTIONAL	MISSING_FUNCTIONAL	PM5:moderate		neighbour_evidence
2020-01-01	2026-08-04	NM_007294.4:c.5281_5283delinsAAT	p.Phe1761Asn	missense	VUS	VUS	2	4	MISSING_FUNCTIONAL	MISSING_FUNCTIONAL	PM5:moderate		neighbour_evidence
2020-01-01	2026-08-04	NM_007294.4:c.5281_5283delinsACA	p.Phe1761Thr	missense	VUS	VUS	2	4	MISSING_FUNCTIONAL	MISSING_FUNCTIONAL	PM5:moderate		neighbour_evidence
2020-01-01	2026-08-04	NM_007294.4:c.5281_5282delinsAC	p.Phe1761Thr	missense	VUS	VUS	2	4	MISSING_FUNCTIONAL	MISSING_FUNCTIONAL	PM5:moderate		neighbour_evidence
2020-01-01	2026-08-04	NM_007294.4:c.5281_5283delinsACG	p.Phe1761Thr	missense	VUS	VUS	2	4	MISSING_FUNCTIONAL	MISSING_FUNCTIONAL	PM5:moderate		neighbour_evidence
2020-01-01	2026-08-04	NM_007294.4:c.5281_5283delinsACT	p.Phe1761Thr	missense	VUS	VUS	2	4	MISSING_FUNCTIONAL	MISSING_FUNCTIONAL	PM5:moderate		neighbour_evidence
2020-01-01	2026-08-04	NM_007294.4:c.5281_5283delinsAGA	p.Phe1761Arg	missense	VUS	VUS	2	4	MISSING_FUNCTIONAL	MISSING_FUNCTIONAL	PM5:moderate		neighbour_evidence
2020-01-01	2026-08-04	NM_007294.4:c.5281_5282delinsAG	p.Phe1761Ser	missense	VUS	LP	2	8	MISSING_FUNCTIONAL	RESOLVED_NOT_BLOCKED	PM5:moderate;PS1:strong		neighbour_evidence
2020-01-01	2026-08-04	NM_007294.4:c.5281_5283delinsAGG	p.Phe1761Arg	missense	VUS	VUS	2	4	MISSING_FUNCTIONAL	MISSING_FUNCTIONAL	PM5:moderate		neighbour_evidence
2020-01-01	2026-08-04	NM_007294.4:c.5281_5283delinsAGT	p.Phe1761Ser	missense	VUS	LP	2	8	MISSING_FUNCTIONAL	RESOLVED_NOT_BLOCKED	PM5:moderate;PS1:strong		neighbour_evidence
2020-01-01	2026-08-04	NM_007294.4:c.5281_5283delinsATA	p.Phe1761Ile	missense	VUS	VUS	2	4	MISSING_FUNCTIONAL	MISSING_FUNCTIONAL	PM5:moderate		neighbour_evidence
2020-01-01	2026-08-04	NM_007294.4:c.5281_5283delinsATG	p.Phe1761Met	missense	VUS	VUS	2	4	MISSING_FUNCTIONAL	MISSING_FUNCTIONAL	PM5:moderate		neighbour_evidence
2020-01-01	2026-08-04	NM_007294.4:c.5281_5283delinsATT	p.Phe1761Ile	missense	VUS	VUS	2	4	MISSING_FUNCTIONAL	MISSING_FUNCTIONAL	PM5:moderate		neighbour_evidence
2020-01-01	2026-08-04	NM_007294.4:c.5281_5283delinsCAA	p.Phe1761Gln	missense	VUS	VUS	2	4	MISSING_FUNCTIONAL	MISSING_FUNCTIONAL	PM5:moderate		neighbour_evidence
2020-01-01	2026-08-04	NM_007294.4:c.5281_5282delinsCA	p.Phe1761His	missense	VUS	VUS	2	4	MISSING_FUNCTIONAL	MISSING_FUNCTIONAL	PM5:moderate		neighbour_evidence
2020-01-01	2026-08-04	NM_007294.4:c.5281_5283delinsCAG	p.Phe1761Gln	missense	VUS	VUS	2	4	MISSING_FUNCTIONAL	MISSING_FUNCTIONAL	PM5:moderate		neighbour_evidence
2020-01-01	2026-08-04	NM_007294.4:c.5281_5283delinsCAT	p.Phe1761His	missense	VUS	VUS	2	4	MISSING_FUNCTIONAL	MISSING_FUNCTIONAL	PM5:moderate		neighbour_evidence
2020-01-01	2026-08-04	NM_007294.4:c.5281_5283delinsCCA	p.Phe1761Pro	missense	VUS	VUS	2	4	MISSING_FUNCTIONAL	MISSING_FUNCTIONAL	PM5:moderate		neighbour_evidence
2020-01-01	2026-08-04	NM_007294.4:c.5281_5282delinsCC	p.Phe1761Pro	missense	VUS	VUS	2	4	MISSING_FUNCTIONAL	MISSING_FUNCTIONAL	PM5:moderate		neighbour_evidence
2020-01-01	2026-08-04	NM_007294.4:c.5281_5283delinsCCG	p.Phe1761Pro	missense	VUS	VUS	2	4	MISSING_FUNCTIONAL	MISSING_FUNCTIONAL	PM5:moderate		neighbour_evidence
2020-01-01	2026-08-04	NM_007294.4:c.5281_5283delinsCCT	p.Phe1761Pro	missense	VUS	VUS	2	4	MISSING_FUNCTIONAL	MISSING_FUNCTIONAL	PM5:moderate		neighbour_evidence
2020-01-01	2026-08-04	NM_007294.4:c.5281_5283delinsCGA	p.Phe1761Arg	missense	VUS	VUS	2	4	MISSING_FUNCTIONAL	MISSING_FUNCTIONAL	PM5:moderate		neighbour_evidence
2020-01-01	2026-08-04	NM_007294.4:c.5281_5282delinsCG	p.Phe1761Arg	missense	VUS	VUS	2	4	MISSING_FUNCTIONAL	MISSING_FUNCTIONAL	PM5:moderate		neighbour_evidence
2020-01-01	2026-08-04	NM_007294.4:c.5281_5283delinsCGG	p.Phe1761Arg	missense	VUS	VUS	2	4	MISSING_FUNCTIONAL	MISSING_FUNCTIONAL	PM5:moderate		neighbour_evidence
2020-01-01	2026-08-04	NM_007294.4:c.5281_5283delinsCGT	p.Phe1761Arg	missense	VUS	VUS	2	4	MISSING_FUNCTIONAL	MISSING_FUNCTIONAL	PM5:moderate		neighbour_evidence
2020-01-01	2026-08-04	NM_007294.4:c.5281_5283delinsCTA	p.Phe1761Leu	missense	VUS	VUS	2	4	MISSING_FUNCTIONAL	MISSING_FUNCTIONAL	PM5:moderate		neighbour_evidence
2020-01-01	2026-08-04	NM_007294.4:c.5281_5283delinsCTG	p.Phe1761Leu	missense	VUS	VUS	2	4	MISSING_FUNCTIONAL	MISSING_FUNCTIONAL	PM5:moderate		neighbour_evidence
2020-01-01	2026-08-04	NM_007294.4:c.5281_5283delinsCTT	p.Phe1761Leu	missense	VUS	VUS	2	4	MISSING_FUNCTIONAL	MISSING_FUNCTIONAL	PM5:moderate		neighbour_evidence
2020-01-01	2026-08-04	NM_007294.4:c.5281_5283delinsGAA	p.Phe1761Glu	missense	VUS	VUS	2	4	MISSING_FUNCTIONAL	MISSING_FUNCTIONAL	PM5:moderate		neighbour_evidence
2020-01-01	2026-08-04	NM_007294.4:c.5281_5282delinsGA	p.Phe1761Asp	missense	VUS	VUS	2	4	MISSING_FUNCTIONAL	MISSING_FUNCTIONAL	PM5:moderate		neighbour_evidence
2020-01-01	2026-08-04	NM_007294.4:c.5281_5283delinsGAG	p.Phe1761Glu	missense	VUS	VUS	2	4	MISSING_FUNCTIONAL	MISSING_FUNCTIONAL	PM5:moderate		neighbour_evidence
2020-01-01	2026-08-04	NM_007294.4:c.5281_5283delinsGAT	p.Phe1761Asp	missense	VUS	VUS	2	4	MISSING_FUNCTIONAL	MISSING_FUNCTIONAL	PM5:moderate		neighbour_evidence
2020-01-01	2026-08-04	NM_007294.4:c.5281_5283delinsGCA	p.Phe1761Ala	missense	VUS	VUS	2	4	MISSING_FUNCTIONAL	MISSING_FUNCTIONAL	PM5:moderate		neighbour_evidence
2020-01-01	2026-08-04	NM_007294.4:c.5281_5282delinsGC	p.Phe1761Ala	missense	VUS	VUS	2	4	MISSING_FUNCTIONAL	MISSING_FUNCTIONAL	PM5:moderate		neighbour_evidence
2020-01-01	2026-08-04	NM_007294.4:c.5281_5283delinsGCG	p.Phe1761Ala	missense	VUS	VUS	2	4	MISSING_FUNCTIONAL	MISSING_FUNCTIONAL	PM5:moderate		neighbour_evidence
2020-01-01	2026-08-04	NM_007294.4:c.5281_5283delinsGCT	p.Phe1761Ala	missense	VUS	VUS	2	4	MISSING_FUNCTIONAL	MISSING_FUNCTIONAL	PM5:moderate		neighbour_evidence
2020-01-01	2026-08-04	NM_007294.4:c.5281_5283delinsGGA	p.Phe1761Gly	missense	VUS	VUS	2	4	MISSING_FUNCTIONAL	MISSING_FUNCTIONAL	PM5:moderate		neighbour_evidence
2020-01-01	2026-08-04	NM_007294.4:c.5281_5282delinsGG	p.Phe1761Gly	missense	VUS	VUS	2	4	MISSING_FUNCTIONAL	MISSING_FUNCTIONAL	PM5:moderate		neighbour_evidence
2020-01-01	2026-08-04	NM_007294.4:c.5281_5283delinsGGG	p.Phe1761Gly	missense	VUS	VUS	2	4	MISSING_FUNCTIONAL	MISSING_FUNCTIONAL	PM5:moderate		neighbour_evidence
2020-01-01	2026-08-04	NM_007294.4:c.5281_5283delinsGGT	p.Phe1761Gly	missense	VUS	VUS	2	4	MISSING_FUNCTIONAL	MISSING_FUNCTIONAL	PM5:moderate		neighbour_evidence
2020-01-01	2026-08-04	NM_007294.4:c.5281_5283delinsGTA	p.Phe1761Val	missense	VUS	VUS	2	4	MISSING_FUNCTIONAL	MISSING_FUNCTIONAL	PM5:moderate		neighbour_evidence
2020-01-01	2026-08-04	NM_007294.4:c.5281_5283delinsGTG	p.Phe1761Val	missense	VUS	VUS	2	4	MISSING_FUNCTIONAL	MISSING_FUNCTIONAL	PM5:moderate		neighbour_evidence
2020-01-01	2026-08-04	NM_007294.4:c.5281_5283delinsGTT	p.Phe1761Val	missense	VUS	VUS	2	4	MISSING_FUNCTIONAL	MISSING_FUNCTIONAL	PM5:moderate		neighbour_evidence
2020-01-01	2026-08-04	NM_007294.4:c.5282_5283delinsAT	p.Phe1761Tyr	missense	VUS	VUS	2	4	MISSING_FUNCTIONAL	MISSING_FUNCTIONAL	PM5:moderate		neighbour_evidence
2020-01-01	2026-08-04	NM_007294.4:c.5282_5283delinsCA	p.Phe1761Ser	missense	VUS	LP	2	8	MISSING_FUNCTIONAL	RESOLVED_NOT_BLOCKED	PM5:moderate;PS1:strong		neighbour_evidence
2020-01-01	2026-08-04	NM_007294.4:c.5282_5283delinsCG	p.Phe1761Ser	missense	VUS	LP	2	8	MISSING_FUNCTIONAL	RESOLVED_NOT_BLOCKED	PM5:moderate;PS1:strong		neighbour_evidence
2020-01-01	2026-08-04	NM_007294.4:c.5282_5283delinsCT	p.Phe1761Ser	missense	VUS	LP	2	8	MISSING_FUNCTIONAL	RESOLVED_NOT_BLOCKED	PM5:moderate;PS1:strong		neighbour_evidence
2020-01-01	2026-08-04	NM_007294.4:c.5282_5283delinsGG	p.Phe1761Trp	missense	VUS	VUS	2	4	MISSING_FUNCTIONAL	MISSING_FUNCTIONAL	PM5:moderate		neighbour_evidence
2020-01-01	2026-08-04	NM_007294.4:c.5282_5283delinsGT	p.Phe1761Cys	missense	VUS	LP	2	8	MISSING_FUNCTIONAL	RESOLVED_NOT_BLOCKED	PM5:moderate;PS1:strong		neighbour_evidence
2020-01-01	2026-08-04	NM_007294.4:c.5290_5291delinsAA	p.Leu1764Lys	missense	VUS	VUS	2	4	MISSING_FUNCTIONAL	MISSING_FUNCTIONAL	PM5:moderate		neighbour_evidence
2020-01-01	2026-08-04	NM_007294.4:c.5290_5292delinsAAC	p.Leu1764Asn	missense	VUS	VUS	2	4	MISSING_FUNCTIONAL	MISSING_FUNCTIONAL	PM5:moderate		neighbour_evidence
2020-01-01	2026-08-04	NM_007294.4:c.5290_5292delinsAAG	p.Leu1764Lys	missense	VUS	VUS	2	4	MISSING_FUNCTIONAL	MISSING_FUNCTIONAL	PM5:moderate		neighbour_evidence
2020-01-01	2026-08-04	NM_007294.4:c.5290_5292delinsAAT	p.Leu1764Asn	missense	VUS	VUS	2	4	MISSING_FUNCTIONAL	MISSING_FUNCTIONAL	PM5:moderate		neighbour_evidence
2020-01-01	2026-08-04	NM_007294.4:c.5290_5291delinsAC	p.Leu1764Thr	missense	VUS	VUS	2	4	MISSING_FUNCTIONAL	MISSING_FUNCTIONAL	PM5:moderate		neighbour_evidence
2020-01-01	2026-08-04	NM_007294.4:c.5290_5292delinsACC	p.Leu1764Thr	missense	VUS	VUS	2	4	MISSING_FUNCTIONAL	MISSING_FUNCTIONAL	PM5:moderate		neighbour_evidence
2020-01-01	2026-08-04	NM_007294.4:c.5290_5292delinsACG	p.Leu1764Thr	missense	VUS	VUS	2	4	MISSING_FUNCTIONAL	MISSING_FUNCTIONAL	PM5:moderate		neighbour_evidence
2020-01-01	2026-08-04	NM_007294.4:c.5290_5292delinsACT	p.Leu1764Thr	missense	VUS	VUS	2	4	MISSING_FUNCTIONAL	MISSING_FUNCTIONAL	PM5:moderate		neighbour_evidence
2020-01-01	2026-08-04	NM_007294.4:c.5290_5291delinsAG	p.Leu1764Arg	missense	VUS	VUS	2	4	MISSING_FUNCTIONAL	MISSING_FUNCTIONAL	PM5:moderate		neighbour_evidence
2020-01-01	2026-08-04	NM_007294.4:c.5290_5292delinsAGC	p.Leu1764Ser	missense	VUS	VUS	2	4	MISSING_FUNCTIONAL	MISSING_FUNCTIONAL	PM5:moderate		neighbour_evidence
2020-01-01	2026-08-04	NM_007294.4:c.5290_5292delinsAGG	p.Leu1764Arg	missense	VUS	VUS	2	4	MISSING_FUNCTIONAL	MISSING_FUNCTIONAL	PM5:moderate		neighbour_evidence
2020-01-01	2026-08-04	NM_007294.4:c.5290_5292delinsAGT	p.Leu1764Ser	missense	VUS	VUS	2	4	MISSING_FUNCTIONAL	MISSING_FUNCTIONAL	PM5:moderate		neighbour_evidence
2020-01-01	2026-08-04	NM_007294.4:c.5290_5292delinsATC	p.Leu1764Ile	missense	VUS	VUS	2	4	MISSING_FUNCTIONAL	MISSING_FUNCTIONAL	PM5:moderate		neighbour_evidence
2020-01-01	2026-08-04	NM_007294.4:c.5290_5292delinsATG	p.Leu1764Met	missense	VUS	VUS	2	4	MISSING_FUNCTIONAL	MISSING_FUNCTIONAL	PM5:moderate		neighbour_evidence
2020-01-01	2026-08-04	NM_007294.4:c.5290_5292delinsATT	p.Leu1764Ile	missense	VUS	VUS	2	4	MISSING_FUNCTIONAL	MISSING_FUNCTIONAL	PM5:moderate		neighbour_evidence
2020-01-01	2026-08-04	NM_007294.4:c.5291_5292delinsAC	p.Leu1764His	missense	VUS	VUS	2	4	MISSING_FUNCTIONAL	MISSING_FUNCTIONAL	PM5:moderate		neighbour_evidence
2020-01-01	2026-08-04	NM_007294.4:c.5291_5292delinsAG	p.Leu1764Gln	missense	VUS	VUS	2	4	MISSING_FUNCTIONAL	MISSING_FUNCTIONAL	PM5:moderate		neighbour_evidence
2020-01-01	2026-08-04	NM_007294.4:c.5291_5292delinsAT	p.Leu1764His	missense	VUS	VUS	2	4	MISSING_FUNCTIONAL	MISSING_FUNCTIONAL	PM5:moderate		neighbour_evidence
2020-01-01	2026-08-04	NM_007294.4:c.5291_5292delinsCC	p.Leu1764Pro	missense	VUS	LP	2	6	MISSING_FUNCTIONAL	RESOLVED_NOT_BLOCKED	PS1:strong		neighbour_evidence
2020-01-01	2026-08-04	NM_007294.4:c.5291_5292delinsCG	p.Leu1764Pro	missense	VUS	LP	2	6	MISSING_FUNCTIONAL	RESOLVED_NOT_BLOCKED	PS1:strong		neighbour_evidence
2020-01-01	2026-08-04	NM_007294.4:c.5291_5292delinsCT	p.Leu1764Pro	missense	VUS	LP	2	6	MISSING_FUNCTIONAL	RESOLVED_NOT_BLOCKED	PS1:strong		neighbour_evidence
2020-01-01	2026-08-04	NM_007294.4:c.5291_5292delinsGC	p.Leu1764Arg	missense	VUS	VUS	2	4	MISSING_FUNCTIONAL	MISSING_FUNCTIONAL	PM5:moderate		neighbour_evidence
2020-01-01	2026-08-04	NM_007294.4:c.5291_5292delinsGG	p.Leu1764Arg	missense	VUS	VUS	2	4	MISSING_FUNCTIONAL	MISSING_FUNCTIONAL	PM5:moderate		neighbour_evidence
2020-01-01	2026-08-04	NM_007294.4:c.5291_5292delinsGT	p.Leu1764Arg	missense	VUS	VUS	2	4	MISSING_FUNCTIONAL	MISSING_FUNCTIONAL	PM5:moderate		neighbour_evidence
2020-01-01	2026-08-04	NM_007294.4:c.5290_5291delinsGA	p.Leu1764Glu	missense	VUS	VUS	2	4	MISSING_FUNCTIONAL	MISSING_FUNCTIONAL	PM5:moderate		neighbour_evidence
2020-01-01	2026-08-04	NM_007294.4:c.5290_5292delinsGAC	p.Leu1764Asp	missense	VUS	VUS	2	4	MISSING_FUNCTIONAL	MISSING_FUNCTIONAL	PM5:moderate		neighbour_evidence
2020-01-01	2026-08-04	NM_007294.4:c.5290_5292delinsGAG	p.Leu1764Glu	missense	VUS	VUS	2	4	MISSING_FUNCTIONAL	MISSING_FUNCTIONAL	PM5:moderate		neighbour_evidence
2020-01-01	2026-08-04	NM_007294.4:c.5290_5292delinsGAT	p.Leu1764Asp	missense	VUS	VUS	2	4	MISSING_FUNCTIONAL	MISSING_FUNCTIONAL	PM5:moderate		neighbour_evidence
2020-01-01	2026-08-04	NM_007294.4:c.5290_5291delinsGC	p.Leu1764Ala	missense	VUS	VUS	2	4	MISSING_FUNCTIONAL	MISSING_FUNCTIONAL	PM5:moderate		neighbour_evidence
2020-01-01	2026-08-04	NM_007294.4:c.5290_5292delinsGCC	p.Leu1764Ala	missense	VUS	VUS	2	4	MISSING_FUNCTIONAL	MISSING_FUNCTIONAL	PM5:moderate		neighbour_evidence
2020-01-01	2026-08-04	NM_007294.4:c.5290_5292delinsGCG	p.Leu1764Ala	missense	VUS	VUS	2	4	MISSING_FUNCTIONAL	MISSING_FUNCTIONAL	PM5:moderate		neighbour_evidence
2020-01-01	2026-08-04	NM_007294.4:c.5290_5292delinsGCT	p.Leu1764Ala	missense	VUS	VUS	2	4	MISSING_FUNCTIONAL	MISSING_FUNCTIONAL	PM5:moderate		neighbour_evidence
2020-01-01	2026-08-04	NM_007294.4:c.5290_5291delinsGG	p.Leu1764Gly	missense	VUS	VUS	2	4	MISSING_FUNCTIONAL	MISSING_FUNCTIONAL	PM5:moderate		neighbour_evidence
2020-01-01	2026-08-04	NM_007294.4:c.5290_5292delinsGGC	p.Leu1764Gly	missense	VUS	VUS	2	4	MISSING_FUNCTIONAL	MISSING_FUNCTIONAL	PM5:moderate		neighbour_evidence
2020-01-01	2026-08-04	NM_007294.4:c.5290_5292delinsGGG	p.Leu1764Gly	missense	VUS	VUS	2	4	MISSING_FUNCTIONAL	MISSING_FUNCTIONAL	PM5:moderate		neighbour_evidence
2020-01-01	2026-08-04	NM_007294.4:c.5290_5292delinsGGT	p.Leu1764Gly	missense	VUS	VUS	2	4	MISSING_FUNCTIONAL	MISSING_FUNCTIONAL	PM5:moderate		neighbour_evidence
2020-01-01	2026-08-04	NM_007294.4:c.5290_5292delinsGTC	p.Leu1764Val	missense	VUS	VUS	2	4	MISSING_FUNCTIONAL	MISSING_FUNCTIONAL	PM5:moderate		neighbour_evidence
2020-01-01	2026-08-04	NM_007294.4:c.5290_5292delinsGTG	p.Leu1764Val	missense	VUS	VUS	2	4	MISSING_FUNCTIONAL	MISSING_FUNCTIONAL	PM5:moderate		neighbour_evidence
2020-01-01	2026-08-04	NM_007294.4:c.5290_5292delinsGTT	p.Leu1764Val	missense	VUS	VUS	2	4	MISSING_FUNCTIONAL	MISSING_FUNCTIONAL	PM5:moderate		neighbour_evidence
2020-01-01	2026-08-04	NM_007294.4:c.5290_5292delinsTAC	p.Leu1764Tyr	missense	VUS	VUS	2	4	MISSING_FUNCTIONAL	MISSING_FUNCTIONAL	PM5:moderate		neighbour_evidence
2020-01-01	2026-08-04	NM_007294.4:c.5290_5292delinsTAT	p.Leu1764Tyr	missense	VUS	VUS	2	4	MISSING_FUNCTIONAL	MISSING_FUNCTIONAL	PM5:moderate		neighbour_evidence
2020-01-01	2026-08-04	NM_007294.4:c.5290_5291delinsTC	p.Leu1764Ser	missense	VUS	VUS	2	4	MISSING_FUNCTIONAL	MISSING_FUNCTIONAL	PM5:moderate		neighbour_evidence
2020-01-01	2026-08-04	NM_007294.4:c.5290_5292delinsTCC	p.Leu1764Ser	missense	VUS	VUS	2	4	MISSING_FUNCTIONAL	MISSING_FUNCTIONAL	PM5:moderate		neighbour_evidence
2020-01-01	2026-08-04	NM_007294.4:c.5290_5292delinsTCG	p.Leu1764Ser	missense	VUS	VUS	2	4	MISSING_FUNCTIONAL	MISSING_FUNCTIONAL	PM5:moderate		neighbour_evidence
2020-01-01	2026-08-04	NM_007294.4:c.5290_5292delinsTCT	p.Leu1764Ser	missense	VUS	VUS	2	4	MISSING_FUNCTIONAL	MISSING_FUNCTIONAL	PM5:moderate		neighbour_evidence
2020-01-01	2026-08-04	NM_007294.4:c.5290_5292delinsTGC	p.Leu1764Cys	missense	VUS	VUS	2	4	MISSING_FUNCTIONAL	MISSING_FUNCTIONAL	PM5:moderate		neighbour_evidence
2020-01-01	2026-08-04	NM_007294.4:c.5290_5292delinsTGG	p.Leu1764Trp	missense	VUS	VUS	2	4	MISSING_FUNCTIONAL	MISSING_FUNCTIONAL	PM5:moderate		neighbour_evidence
2020-01-01	2026-08-04	NM_007294.4:c.5290_5292delinsTGT	p.Leu1764Cys	missense	VUS	VUS	2	4	MISSING_FUNCTIONAL	MISSING_FUNCTIONAL	PM5:moderate		neighbour_evidence
2020-01-01	2026-08-04	NM_007294.4:c.5290_5292delinsTTC	p.Leu1764Phe	missense	VUS	VUS	2	4	MISSING_FUNCTIONAL	MISSING_FUNCTIONAL	PM5:moderate		neighbour_evidence
2020-01-01	2026-08-04	NM_007294.4:c.5290_5292delinsTTT	p.Leu1764Phe	missense	VUS	VUS	2	4	MISSING_FUNCTIONAL	MISSING_FUNCTIONAL	PM5:moderate		neighbour_evidence
2020-01-01	2026-08-04	NM_007294.4:c.5297_5298delinsAA	p.Ile1766Lys	missense	VUS	VUS	2	4	MISSING_FUNCTIONAL	MISSING_FUNCTIONAL	PM5:moderate		neighbour_evidence
2020-01-01	2026-08-04	NM_007294.4:c.5297_5298delinsAG	p.Ile1766Lys	missense	VUS	VUS	2	4	MISSING_FUNCTIONAL	MISSING_FUNCTIONAL	PM5:moderate		neighbour_evidence
2020-01-01	2026-08-04	NM_007294.4:c.5297_5298delinsAT	p.Ile1766Asn	missense	VUS	LP	2	8	MISSING_FUNCTIONAL	RESOLVED_NOT_BLOCKED	PM5:moderate;PS1:strong		neighbour_evidence
2020-01-01	2026-08-04	NM_007294.4:c.5297_5298delinsCA	p.Ile1766Thr	missense	VUS	LP	2	8	MISSING_FUNCTIONAL	RESOLVED_NOT_BLOCKED	PM5:moderate;PS1:strong		neighbour_evidence
2020-01-01	2026-08-04	NM_007294.4:c.5297_5298delinsCG	p.Ile1766Thr	missense	VUS	LP	2	8	MISSING_FUNCTIONAL	RESOLVED_NOT_BLOCKED	PM5:moderate;PS1:strong		neighbour_evidence
2020-01-01	2026-08-04	NM_007294.4:c.5297_5298delinsCT	p.Ile1766Thr	missense	VUS	LP	2	8	MISSING_FUNCTIONAL	RESOLVED_NOT_BLOCKED	PM5:moderate;PS1:strong		neighbour_evidence
2020-01-01	2026-08-04	NM_007294.4:c.5297_5298delinsGA	p.Ile1766Arg	missense	VUS	VUS	2	4	MISSING_FUNCTIONAL	MISSING_FUNCTIONAL	PM5:moderate		neighbour_evidence
2020-01-01	2026-08-04	NM_007294.4:c.5297_5298delinsGG	p.Ile1766Arg	missense	VUS	VUS	2	4	MISSING_FUNCTIONAL	MISSING_FUNCTIONAL	PM5:moderate		neighbour_evidence
2020-01-01	2026-08-04	NM_007294.4:c.5297_5298delinsGT	p.Ile1766Ser	missense	VUS	LP	2	8	MISSING_FUNCTIONAL	RESOLVED_NOT_BLOCKED	PM5:moderate;PS1:strong		neighbour_evidence
2020-01-01	2026-08-04	NM_007294.4:c.5296_5298delinsCAA	p.Ile1766Gln	missense	VUS	VUS	2	4	MISSING_FUNCTIONAL	MISSING_FUNCTIONAL	PM5:moderate		neighbour_evidence
2020-01-01	2026-08-04	NM_007294.4:c.5296_5297delinsCA	p.Ile1766His	missense	VUS	VUS	2	4	MISSING_FUNCTIONAL	MISSING_FUNCTIONAL	PM5:moderate		neighbour_evidence
2020-01-01	2026-08-04	NM_007294.4:c.5296_5298delinsCAG	p.Ile1766Gln	missense	VUS	VUS	2	4	MISSING_FUNCTIONAL	MISSING_FUNCTIONAL	PM5:moderate		neighbour_evidence
2020-01-01	2026-08-04	NM_007294.4:c.5296_5298delinsCAT	p.Ile1766His	missense	VUS	VUS	2	4	MISSING_FUNCTIONAL	MISSING_FUNCTIONAL	PM5:moderate		neighbour_evidence
2020-01-01	2026-08-04	NM_007294.4:c.5296_5298delinsCCA	p.Ile1766Pro	missense	VUS	VUS	2	4	MISSING_FUNCTIONAL	MISSING_FUNCTIONAL	PM5:moderate		neighbour_evidence
2020-01-01	2026-08-04	NM_007294.4:c.5296_5297delinsCC	p.Ile1766Pro	missense	VUS	VUS	2	4	MISSING_FUNCTIONAL	MISSING_FUNCTIONAL	PM5:moderate		neighbour_evidence
2020-01-01	2026-08-04	NM_007294.4:c.5296_5298delinsCCG	p.Ile1766Pro	missense	VUS	VUS	2	4	MISSING_FUNCTIONAL	MISSING_FUNCTIONAL	PM5:moderate		neighbour_evidence
2020-01-01	2026-08-04	NM_007294.4:c.5296_5298delinsCCT	p.Ile1766Pro	missense	VUS	VUS	2	4	MISSING_FUNCTIONAL	MISSING_FUNCTIONAL	PM5:moderate		neighbour_evidence
2020-01-01	2026-08-04	NM_007294.4:c.5296_5298delinsCGA	p.Ile1766Arg	missense	VUS	VUS	2	4	MISSING_FUNCTIONAL	MISSING_FUNCTIONAL	PM5:moderate		neighbour_evidence
2020-01-01	2026-08-04	NM_007294.4:c.5296_5297delinsCG	p.Ile1766Arg	missense	VUS	VUS	2	4	MISSING_FUNCTIONAL	MISSING_FUNCTIONAL	PM5:moderate		neighbour_evidence
2020-01-01	2026-08-04	NM_007294.4:c.5296_5298delinsCGG	p.Ile1766Arg	missense	VUS	VUS	2	4	MISSING_FUNCTIONAL	MISSING_FUNCTIONAL	PM5:moderate		neighbour_evidence
2020-01-01	2026-08-04	NM_007294.4:c.5296_5298delinsCGT	p.Ile1766Arg	missense	VUS	VUS	2	4	MISSING_FUNCTIONAL	MISSING_FUNCTIONAL	PM5:moderate		neighbour_evidence
2020-01-01	2026-08-04	NM_007294.4:c.5296_5298delinsCTA	p.Ile1766Leu	missense	VUS	VUS	2	4	MISSING_FUNCTIONAL	MISSING_FUNCTIONAL	PM5:moderate		neighbour_evidence
2020-01-01	2026-08-04	NM_007294.4:c.5296_5298delinsCTG	p.Ile1766Leu	missense	VUS	VUS	2	4	MISSING_FUNCTIONAL	MISSING_FUNCTIONAL	PM5:moderate		neighbour_evidence
2020-01-01	2026-08-04	NM_007294.4:c.5296_5298delinsCTT	p.Ile1766Leu	missense	VUS	VUS	2	4	MISSING_FUNCTIONAL	MISSING_FUNCTIONAL	PM5:moderate		neighbour_evidence
2020-01-01	2026-08-04	NM_007294.4:c.5296_5298delinsGAA	p.Ile1766Glu	missense	VUS	VUS	2	4	MISSING_FUNCTIONAL	MISSING_FUNCTIONAL	PM5:moderate		neighbour_evidence
2020-01-01	2026-08-04	NM_007294.4:c.5296_5297delinsGA	p.Ile1766Asp	missense	VUS	VUS	2	4	MISSING_FUNCTIONAL	MISSING_FUNCTIONAL	PM5:moderate		neighbour_evidence
2020-01-01	2026-08-04	NM_007294.4:c.5296_5298delinsGAG	p.Ile1766Glu	missense	VUS	VUS	2	4	MISSING_FUNCTIONAL	MISSING_FUNCTIONAL	PM5:moderate		neighbour_evidence
2020-01-01	2026-08-04	NM_007294.4:c.5296_5298delinsGAT	p.Ile1766Asp	missense	VUS	VUS	2	4	MISSING_FUNCTIONAL	MISSING_FUNCTIONAL	PM5:moderate		neighbour_evidence
2020-01-01	2026-08-04	NM_007294.4:c.5296_5298delinsGCA	p.Ile1766Ala	missense	VUS	VUS	2	4	MISSING_FUNCTIONAL	MISSING_FUNCTIONAL	PM5:moderate		neighbour_evidence
2020-01-01	2026-08-04	NM_007294.4:c.5296_5297delinsGC	p.Ile1766Ala	missense	VUS	VUS	2	4	MISSING_FUNCTIONAL	MISSING_FUNCTIONAL	PM5:moderate		neighbour_evidence
2020-01-01	2026-08-04	NM_007294.4:c.5296_5298delinsGCG	p.Ile1766Ala	missense	VUS	VUS	2	4	MISSING_FUNCTIONAL	MISSING_FUNCTIONAL	PM5:moderate		neighbour_evidence
2020-01-01	2026-08-04	NM_007294.4:c.5296_5298delinsGCT	p.Ile1766Ala	missense	VUS	VUS	2	4	MISSING_FUNCTIONAL	MISSING_FUNCTIONAL	PM5:moderate		neighbour_evidence
2020-01-01	2026-08-04	NM_007294.4:c.5296_5298delinsGGA	p.Ile1766Gly	missense	VUS	VUS	2	4	MISSING_FUNCTIONAL	MISSING_FUNCTIONAL	PM5:moderate		neighbour_evidence
2020-01-01	2026-08-04	NM_007294.4:c.5296_5297delinsGG	p.Ile1766Gly	missense	VUS	VUS	2	4	MISSING_FUNCTIONAL	MISSING_FUNCTIONAL	PM5:moderate		neighbour_evidence
2020-01-01	2026-08-04	NM_007294.4:c.5296_5298delinsGGG	p.Ile1766Gly	missense	VUS	VUS	2	4	MISSING_FUNCTIONAL	MISSING_FUNCTIONAL	PM5:moderate		neighbour_evidence
2020-01-01	2026-08-04	NM_007294.4:c.5296_5298delinsGGT	p.Ile1766Gly	missense	VUS	VUS	2	4	MISSING_FUNCTIONAL	MISSING_FUNCTIONAL	PM5:moderate		neighbour_evidence
2020-01-01	2026-08-04	NM_007294.4:c.5296_5298delinsGTA	p.Ile1766Val	missense	VUS	VUS	2	4	MISSING_FUNCTIONAL	MISSING_FUNCTIONAL	PM5:moderate		neighbour_evidence
2020-01-01	2026-08-04	NM_007294.4:c.5296_5298delinsGTG	p.Ile1766Val	missense	VUS	VUS	2	4	MISSING_FUNCTIONAL	MISSING_FUNCTIONAL	PM5:moderate		neighbour_evidence
2020-01-01	2026-08-04	NM_007294.4:c.5296_5298delinsGTT	p.Ile1766Val	missense	VUS	VUS	2	4	MISSING_FUNCTIONAL	MISSING_FUNCTIONAL	PM5:moderate		neighbour_evidence
2020-01-01	2026-08-04	NM_007294.4:c.5296_5297delinsTA	p.Ile1766Tyr	missense	VUS	VUS	2	4	MISSING_FUNCTIONAL	MISSING_FUNCTIONAL	PM5:moderate		neighbour_evidence
2020-01-01	2026-08-04	NM_007294.4:c.5296_5298delinsTAT	p.Ile1766Tyr	missense	VUS	VUS	2	4	MISSING_FUNCTIONAL	MISSING_FUNCTIONAL	PM5:moderate		neighbour_evidence
2020-01-01	2026-08-04	NM_007294.4:c.5296_5298delinsTCA	p.Ile1766Ser	missense	VUS	LP	2	8	MISSING_FUNCTIONAL	RESOLVED_NOT_BLOCKED	PM5:moderate;PS1:strong		neighbour_evidence
2020-01-01	2026-08-04	NM_007294.4:c.5296_5297delinsTC	p.Ile1766Ser	missense	VUS	LP	2	8	MISSING_FUNCTIONAL	RESOLVED_NOT_BLOCKED	PM5:moderate;PS1:strong		neighbour_evidence
2020-01-01	2026-08-04	NM_007294.4:c.5296_5298delinsTCG	p.Ile1766Ser	missense	VUS	LP	2	8	MISSING_FUNCTIONAL	RESOLVED_NOT_BLOCKED	PM5:moderate;PS1:strong		neighbour_evidence
2020-01-01	2026-08-04	NM_007294.4:c.5296_5298delinsTCT	p.Ile1766Ser	missense	VUS	LP	2	8	MISSING_FUNCTIONAL	RESOLVED_NOT_BLOCKED	PM5:moderate;PS1:strong		neighbour_evidence
2020-01-01	2026-08-04	NM_007294.4:c.5296_5297delinsTG	p.Ile1766Cys	missense	VUS	VUS	2	4	MISSING_FUNCTIONAL	MISSING_FUNCTIONAL	PM5:moderate		neighbour_evidence
2020-01-01	2026-08-04	NM_007294.4:c.5296_5298delinsTGG	p.Ile1766Trp	missense	VUS	VUS	2	4	MISSING_FUNCTIONAL	MISSING_FUNCTIONAL	PM5:moderate		neighbour_evidence
2020-01-01	2026-08-04	NM_007294.4:c.5296_5298delinsTGT	p.Ile1766Cys	missense	VUS	VUS	2	4	MISSING_FUNCTIONAL	MISSING_FUNCTIONAL	PM5:moderate		neighbour_evidence
2020-01-01	2026-08-04	NM_007294.4:c.5296_5298delinsTTA	p.Ile1766Leu	missense	VUS	VUS	2	4	MISSING_FUNCTIONAL	MISSING_FUNCTIONAL	PM5:moderate		neighbour_evidence
2020-01-01	2026-08-04	NM_007294.4:c.5296_5298delinsTTG	p.Ile1766Leu	missense	VUS	VUS	2	4	MISSING_FUNCTIONAL	MISSING_FUNCTIONAL	PM5:moderate		neighbour_evidence
2020-01-01	2026-08-04	NM_007294.4:c.5296_5298delinsTTT	p.Ile1766Phe	missense	VUS	VUS	2	4	MISSING_FUNCTIONAL	MISSING_FUNCTIONAL	PM5:moderate		neighbour_evidence
2020-01-01	2026-08-04	NM_007294.4:c.5308_5310delinsAAA	p.Gly1770Lys	missense	VUS	VUS	2	4	MISSING_FUNCTIONAL	MISSING_FUNCTIONAL	PM5:moderate		neighbour_evidence
2020-01-01	2026-08-04	NM_007294.4:c.5308_5310delinsAAC	p.Gly1770Asn	missense	VUS	VUS	2	4	MISSING_FUNCTIONAL	MISSING_FUNCTIONAL	PM5:moderate		neighbour_evidence
2020-01-01	2026-08-04	NM_007294.4:c.5308_5309delinsAA	p.Gly1770Lys	missense	VUS	VUS	2	4	MISSING_FUNCTIONAL	MISSING_FUNCTIONAL	PM5:moderate		neighbour_evidence
2020-01-01	2026-08-04	NM_007294.4:c.5308_5310delinsAAT	p.Gly1770Asn	missense	VUS	VUS	2	4	MISSING_FUNCTIONAL	MISSING_FUNCTIONAL	PM5:moderate		neighbour_evidence
2020-01-01	2026-08-04	NM_007294.4:c.5308_5310delinsACA	p.Gly1770Thr	missense	VUS	VUS	2	4	MISSING_FUNCTIONAL	MISSING_FUNCTIONAL	PM5:moderate		neighbour_evidence
2020-01-01	2026-08-04	NM_007294.4:c.5308_5310delinsACC	p.Gly1770Thr	missense	VUS	VUS	2	4	MISSING_FUNCTIONAL	MISSING_FUNCTIONAL	PM5:moderate		neighbour_evidence
2020-01-01	2026-08-04	NM_007294.4:c.5308_5309delinsAC	p.Gly1770Thr	missense	VUS	VUS	2	4	MISSING_FUNCTIONAL	MISSING_FUNCTIONAL	PM5:moderate		neighbour_evidence
2020-01-01	2026-08-04	NM_007294.4:c.5308_5310delinsACT	p.Gly1770Thr	missense	VUS	VUS	2	4	MISSING_FUNCTIONAL	MISSING_FUNCTIONAL	PM5:moderate		neighbour_evidence
2020-01-01	2026-08-04	NM_007294.4:c.5308_5310delinsAGA	p.Gly1770Arg	missense	VUS	VUS	2	4	MISSING_FUNCTIONAL	MISSING_FUNCTIONAL	PM5:moderate		neighbour_evidence
2020-01-01	2026-08-04	NM_007294.4:c.5308_5310delinsAGC	p.Gly1770Ser	missense	VUS	VUS	2	4	MISSING_FUNCTIONAL	MISSING_FUNCTIONAL	PM5:moderate		neighbour_evidence
2020-01-01	2026-08-04	NM_007294.4:c.5308_5310delinsAGT	p.Gly1770Ser	missense	VUS	VUS	2	4	MISSING_FUNCTIONAL	MISSING_FUNCTIONAL	PM5:moderate		neighbour_evidence
2020-01-01	2026-08-04	NM_007294.4:c.5308_5310delinsATA	p.Gly1770Ile	missense	VUS	VUS	2	4	MISSING_FUNCTIONAL	MISSING_FUNCTIONAL	PM5:moderate		neighbour_evidence
2020-01-01	2026-08-04	NM_007294.4:c.5308_5310delinsATC	p.Gly1770Ile	missense	VUS	VUS	2	4	MISSING_FUNCTIONAL	MISSING_FUNCTIONAL	PM5:moderate		neighbour_evidence
2020-01-01	2026-08-04	NM_007294.4:c.5308_5309delinsAT	p.Gly1770Met	missense	VUS	VUS	2	4	MISSING_FUNCTIONAL	MISSING_FUNCTIONAL	PM5:moderate		neighbour_evidence
2020-01-01	2026-08-04	NM_007294.4:c.5308_5310delinsATT	p.Gly1770Ile	missense	VUS	VUS	2	4	MISSING_FUNCTIONAL	MISSING_FUNCTIONAL	PM5:moderate		neighbour_evidence
2020-01-01	2026-08-04	NM_007294.4:c.5308_5310delinsCAA	p.Gly1770Gln	missense	VUS	VUS	2	4	MISSING_FUNCTIONAL	MISSING_FUNCTIONAL	PM5:moderate		neighbour_evidence
2020-01-01	2026-08-04	NM_007294.4:c.5308_5310delinsCAC	p.Gly1770His	missense	VUS	VUS	2	4	MISSING_FUNCTIONAL	MISSING_FUNCTIONAL	PM5:moderate		neighbour_evidence
2020-01-01	2026-08-04	NM_007294.4:c.5308_5309delinsCA	p.Gly1770Gln	missense	VUS	VUS	2	4	MISSING_FUNCTIONAL	MISSING_FUNCTIONAL	PM5:moderate		neighbour_evidence
2020-01-01	2026-08-04	NM_007294.4:c.5308_5310delinsCAT	p.Gly1770His	missense	VUS	VUS	2	4	MISSING_FUNCTIONAL	MISSING_FUNCTIONAL	PM5:moderate		neighbour_evidence
2020-01-01	2026-08-04	NM_007294.4:c.5308_5310delinsCCA	p.Gly1770Pro	missense	VUS	VUS	2	4	MISSING_FUNCTIONAL	MISSING_FUNCTIONAL	PM5:moderate		neighbour_evidence
2020-01-01	2026-08-04	NM_007294.4:c.5308_5310delinsCCC	p.Gly1770Pro	missense	VUS	VUS	2	4	MISSING_FUNCTIONAL	MISSING_FUNCTIONAL	PM5:moderate		neighbour_evidence
2020-01-01	2026-08-04	NM_007294.4:c.5308_5309delinsCC	p.Gly1770Pro	missense	VUS	VUS	2	4	MISSING_FUNCTIONAL	MISSING_FUNCTIONAL	PM5:moderate		neighbour_evidence
2020-01-01	2026-08-04	NM_007294.4:c.5308_5310delinsCCT	p.Gly1770Pro	missense	VUS	VUS	2	4	MISSING_FUNCTIONAL	MISSING_FUNCTIONAL	PM5:moderate		neighbour_evidence
2020-01-01	2026-08-04	NM_007294.4:c.5308_5310delinsCGA	p.Gly1770Arg	missense	VUS	VUS	2	4	MISSING_FUNCTIONAL	MISSING_FUNCTIONAL	PM5:moderate		neighbour_evidence
2020-01-01	2026-08-04	NM_007294.4:c.5308_5310delinsCGC	p.Gly1770Arg	missense	VUS	VUS	2	4	MISSING_FUNCTIONAL	MISSING_FUNCTIONAL	PM5:moderate		neighbour_evidence
2020-01-01	2026-08-04	NM_007294.4:c.5308_5310delinsCGT	p.Gly1770Arg	missense	VUS	VUS	2	4	MISSING_FUNCTIONAL	MISSING_FUNCTIONAL	PM5:moderate		neighbour_evidence
2020-01-01	2026-08-04	NM_007294.4:c.5308_5310delinsCTA	p.Gly1770Leu	missense	VUS	VUS	2	4	MISSING_FUNCTIONAL	MISSING_FUNCTIONAL	PM5:moderate		neighbour_evidence
2020-01-01	2026-08-04	NM_007294.4:c.5308_5310delinsCTC	p.Gly1770Leu	missense	VUS	VUS	2	4	MISSING_FUNCTIONAL	MISSING_FUNCTIONAL	PM5:moderate		neighbour_evidence
2020-01-01	2026-08-04	NM_007294.4:c.5308_5309delinsCT	p.Gly1770Leu	missense	VUS	VUS	2	4	MISSING_FUNCTIONAL	MISSING_FUNCTIONAL	PM5:moderate		neighbour_evidence
2020-01-01	2026-08-04	NM_007294.4:c.5308_5310delinsCTT	p.Gly1770Leu	missense	VUS	VUS	2	4	MISSING_FUNCTIONAL	MISSING_FUNCTIONAL	PM5:moderate		neighbour_evidence
2020-01-01	2026-08-04	NM_007294.4:c.5309_5310delinsAA	p.Gly1770Glu	missense	VUS	VUS	2	4	MISSING_FUNCTIONAL	MISSING_FUNCTIONAL	PM5:moderate		neighbour_evidence
2020-01-01	2026-08-04	NM_007294.4:c.5309_5310delinsAC	p.Gly1770Asp	missense	VUS	VUS	2	4	MISSING_FUNCTIONAL	MISSING_FUNCTIONAL	PM5:moderate		neighbour_evidence
2020-01-01	2026-08-04	NM_007294.4:c.5309_5310delinsAT	p.Gly1770Asp	missense	VUS	VUS	2	4	MISSING_FUNCTIONAL	MISSING_FUNCTIONAL	PM5:moderate		neighbour_evidence
2020-01-01	2026-08-04	NM_007294.4:c.5309_5310delinsCA	p.Gly1770Ala	missense	VUS	VUS	2	4	MISSING_FUNCTIONAL	MISSING_FUNCTIONAL	PM5:moderate		neighbour_evidence
2020-01-01	2026-08-04	NM_007294.4:c.5309_5310delinsCC	p.Gly1770Ala	missense	VUS	VUS	2	4	MISSING_FUNCTIONAL	MISSING_FUNCTIONAL	PM5:moderate		neighbour_evidence
2020-01-01	2026-08-04	NM_007294.4:c.5309_5310delinsCT	p.Gly1770Ala	missense	VUS	VUS	2	4	MISSING_FUNCTIONAL	MISSING_FUNCTIONAL	PM5:moderate		neighbour_evidence
2020-01-01	2026-08-04	NM_007294.4:c.5309_5310delinsTA	p.Gly1770Val	missense	VUS	LP	2	6	MISSING_FUNCTIONAL	RESOLVED_NOT_BLOCKED	PS1:strong		neighbour_evidence
2020-01-01	2026-08-04	NM_007294.4:c.5309_5310delinsTC	p.Gly1770Val	missense	VUS	LP	2	6	MISSING_FUNCTIONAL	RESOLVED_NOT_BLOCKED	PS1:strong		neighbour_evidence
2020-01-01	2026-08-04	NM_007294.4:c.5309_5310delinsTT	p.Gly1770Val	missense	VUS	LP	2	6	MISSING_FUNCTIONAL	RESOLVED_NOT_BLOCKED	PS1:strong		neighbour_evidence
2020-01-01	2026-08-04	NM_007294.4:c.5308_5310delinsTAC	p.Gly1770Tyr	missense	VUS	VUS	2	4	MISSING_FUNCTIONAL	MISSING_FUNCTIONAL	PM5:moderate		neighbour_evidence
2020-01-01	2026-08-04	NM_007294.4:c.5308_5310delinsTAT	p.Gly1770Tyr	missense	VUS	VUS	2	4	MISSING_FUNCTIONAL	MISSING_FUNCTIONAL	PM5:moderate		neighbour_evidence
2020-01-01	2026-08-04	NM_007294.4:c.5308_5310delinsTCA	p.Gly1770Ser	missense	VUS	VUS	2	4	MISSING_FUNCTIONAL	MISSING_FUNCTIONAL	PM5:moderate		neighbour_evidence
2020-01-01	2026-08-04	NM_007294.4:c.5308_5310delinsTCC	p.Gly1770Ser	missense	VUS	VUS	2	4	MISSING_FUNCTIONAL	MISSING_FUNCTIONAL	PM5:moderate		neighbour_evidence
2020-01-01	2026-08-04	NM_007294.4:c.5308_5309delinsTC	p.Gly1770Ser	missense	VUS	VUS	2	4	MISSING_FUNCTIONAL	MISSING_FUNCTIONAL	PM5:moderate		neighbour_evidence
2020-01-01	2026-08-04	NM_007294.4:c.5308_5310delinsTCT	p.Gly1770Ser	missense	VUS	VUS	2	4	MISSING_FUNCTIONAL	MISSING_FUNCTIONAL	PM5:moderate		neighbour_evidence
2020-01-01	2026-08-04	NM_007294.4:c.5308_5310delinsTGC	p.Gly1770Cys	missense	VUS	VUS	2	4	MISSING_FUNCTIONAL	MISSING_FUNCTIONAL	PM5:moderate		neighbour_evidence
2020-01-01	2026-08-04	NM_007294.4:c.5308_5310delinsTGT	p.Gly1770Cys	missense	VUS	VUS	2	4	MISSING_FUNCTIONAL	MISSING_FUNCTIONAL	PM5:moderate		neighbour_evidence
2020-01-01	2026-08-04	NM_007294.4:c.5308_5310delinsTTA	p.Gly1770Leu	missense	VUS	VUS	2	4	MISSING_FUNCTIONAL	MISSING_FUNCTIONAL	PM5:moderate		neighbour_evidence
2020-01-01	2026-08-04	NM_007294.4:c.5308_5310delinsTTC	p.Gly1770Phe	missense	VUS	VUS	2	4	MISSING_FUNCTIONAL	MISSING_FUNCTIONAL	PM5:moderate		neighbour_evidence
2020-01-01	2026-08-04	NM_007294.4:c.5308_5309delinsTT	p.Gly1770Leu	missense	VUS	VUS	2	4	MISSING_FUNCTIONAL	MISSING_FUNCTIONAL	PM5:moderate		neighbour_evidence
2020-01-01	2026-08-04	NM_007294.4:c.5308_5310delinsTTT	p.Gly1770Phe	missense	VUS	VUS	2	4	MISSING_FUNCTIONAL	MISSING_FUNCTIONAL	PM5:moderate		neighbour_evidence
2020-01-01	2026-08-04	NM_007294.4:c.5324_5325delinsAA	p.Met1775Lys	missense	VUS	LP	2	8	MISSING_FUNCTIONAL	RESOLVED_NOT_BLOCKED	PM5:moderate;PS1:strong		neighbour_evidence
2020-01-01	2026-08-04	NM_007294.4:c.5324_5325delinsAC	p.Met1775Asn	missense	VUS	VUS	2	4	MISSING_FUNCTIONAL	MISSING_FUNCTIONAL	PM5:moderate		neighbour_evidence
2020-01-01	2026-08-04	NM_007294.4:c.5324_5325delinsAT	p.Met1775Asn	missense	VUS	VUS	2	4	MISSING_FUNCTIONAL	MISSING_FUNCTIONAL	PM5:moderate		neighbour_evidence
2020-01-01	2026-08-04	NM_007294.4:c.5324_5325delinsCA	p.Met1775Thr	missense	VUS	VUS	2	4	MISSING_FUNCTIONAL	MISSING_FUNCTIONAL	PM5:moderate		neighbour_evidence
2020-01-01	2026-08-04	NM_007294.4:c.5324_5325delinsCC	p.Met1775Thr	missense	VUS	VUS	2	4	MISSING_FUNCTIONAL	MISSING_FUNCTIONAL	PM5:moderate		neighbour_evidence
2020-01-01	2026-08-04	NM_007294.4:c.5324_5325delinsCT	p.Met1775Thr	missense	VUS	VUS	2	4	MISSING_FUNCTIONAL	MISSING_FUNCTIONAL	PM5:moderate		neighbour_evidence
2020-01-01	2026-08-04	NM_007294.4:c.5324_5325delinsGA	p.Met1775Arg	missense	VUS	LP	2	8	MISSING_FUNCTIONAL	RESOLVED_NOT_BLOCKED	PM5:moderate;PS1:strong		neighbour_evidence
2020-01-01	2026-08-04	NM_007294.4:c.5324_5325delinsGC	p.Met1775Ser	missense	VUS	VUS	2	4	MISSING_FUNCTIONAL	MISSING_FUNCTIONAL	PM5:moderate		neighbour_evidence
2020-01-01	2026-08-04	NM_007294.4:c.5324_5325delinsGT	p.Met1775Ser	missense	VUS	VUS	2	4	MISSING_FUNCTIONAL	MISSING_FUNCTIONAL	PM5:moderate		neighbour_evidence
2020-01-01	2026-08-04	NM_007294.4:c.5323_5325delinsCAA	p.Met1775Gln	missense	VUS	VUS	2	4	MISSING_FUNCTIONAL	MISSING_FUNCTIONAL	PM5:moderate		neighbour_evidence
2020-01-01	2026-08-04	NM_007294.4:c.5323_5325delinsCAC	p.Met1775His	missense	VUS	VUS	2	4	MISSING_FUNCTIONAL	MISSING_FUNCTIONAL	PM5:moderate		neighbour_evidence
2020-01-01	2026-08-04	NM_007294.4:c.5323_5324delinsCA	p.Met1775Gln	missense	VUS	VUS	2	4	MISSING_FUNCTIONAL	MISSING_FUNCTIONAL	PM5:moderate		neighbour_evidence
2020-01-01	2026-08-04	NM_007294.4:c.5323_5325delinsCAT	p.Met1775His	missense	VUS	VUS	2	4	MISSING_FUNCTIONAL	MISSING_FUNCTIONAL	PM5:moderate		neighbour_evidence
2020-01-01	2026-08-04	NM_007294.4:c.5323_5325delinsCCA	p.Met1775Pro	missense	VUS	VUS	2	4	MISSING_FUNCTIONAL	MISSING_FUNCTIONAL	PM5:moderate		neighbour_evidence
2020-01-01	2026-08-04	NM_007294.4:c.5323_5325delinsCCC	p.Met1775Pro	missense	VUS	VUS	2	4	MISSING_FUNCTIONAL	MISSING_FUNCTIONAL	PM5:moderate		neighbour_evidence
2020-01-01	2026-08-04	NM_007294.4:c.5323_5324delinsCC	p.Met1775Pro	missense	VUS	VUS	2	4	MISSING_FUNCTIONAL	MISSING_FUNCTIONAL	PM5:moderate		neighbour_evidence
2020-01-01	2026-08-04	NM_007294.4:c.5323_5325delinsCCT	p.Met1775Pro	missense	VUS	VUS	2	4	MISSING_FUNCTIONAL	MISSING_FUNCTIONAL	PM5:moderate		neighbour_evidence
2020-01-01	2026-08-04	NM_007294.4:c.5323_5325delinsCGA	p.Met1775Arg	missense	VUS	LP	2	8	MISSING_FUNCTIONAL	RESOLVED_NOT_BLOCKED	PM5:moderate;PS1:strong		neighbour_evidence
2020-01-01	2026-08-04	NM_007294.4:c.5323_5325delinsCGC	p.Met1775Arg	missense	VUS	LP	2	8	MISSING_FUNCTIONAL	RESOLVED_NOT_BLOCKED	PM5:moderate;PS1:strong		neighbour_evidence
2020-01-01	2026-08-04	NM_007294.4:c.5323_5324delinsCG	p.Met1775Arg	missense	VUS	LP	2	8	MISSING_FUNCTIONAL	RESOLVED_NOT_BLOCKED	PM5:moderate;PS1:strong		neighbour_evidence
2020-01-01	2026-08-04	NM_007294.4:c.5323_5325delinsCGT	p.Met1775Arg	missense	VUS	LP	2	8	MISSING_FUNCTIONAL	RESOLVED_NOT_BLOCKED	PM5:moderate;PS1:strong		neighbour_evidence
2020-01-01	2026-08-04	NM_007294.4:c.5323_5325delinsCTA	p.Met1775Leu	missense	VUS	VUS	2	4	MISSING_FUNCTIONAL	MISSING_FUNCTIONAL	PM5:moderate		neighbour_evidence
2020-01-01	2026-08-04	NM_007294.4:c.5323_5325delinsCTC	p.Met1775Leu	missense	VUS	VUS	2	4	MISSING_FUNCTIONAL	MISSING_FUNCTIONAL	PM5:moderate		neighbour_evidence
2020-01-01	2026-08-04	NM_007294.4:c.5323_5325delinsCTT	p.Met1775Leu	missense	VUS	VUS	2	4	MISSING_FUNCTIONAL	MISSING_FUNCTIONAL	PM5:moderate		neighbour_evidence
2020-01-01	2026-08-04	NM_007294.4:c.5323_5325delinsGAA	p.Met1775Glu	missense	VUS	VUS	2	4	MISSING_FUNCTIONAL	MISSING_FUNCTIONAL	PM5:moderate		neighbour_evidence
2020-01-01	2026-08-04	NM_007294.4:c.5323_5325delinsGAC	p.Met1775Asp	missense	VUS	VUS	2	4	MISSING_FUNCTIONAL	MISSING_FUNCTIONAL	PM5:moderate		neighbour_evidence
2020-01-01	2026-08-04	NM_007294.4:c.5323_5324delinsGA	p.Met1775Glu	missense	VUS	VUS	2	4	MISSING_FUNCTIONAL	MISSING_FUNCTIONAL	PM5:moderate		neighbour_evidence
2020-01-01	2026-08-04	NM_007294.4:c.5323_5325delinsGAT	p.Met1775Asp	missense	VUS	VUS	2	4	MISSING_FUNCTIONAL	MISSING_FUNCTIONAL	PM5:moderate		neighbour_evidence
2020-01-01	2026-08-04	NM_007294.4:c.5323_5325delinsGCA	p.Met1775Ala	missense	VUS	VUS	2	4	MISSING_FUNCTIONAL	MISSING_FUNCTIONAL	PM5:moderate		neighbour_evidence
2020-01-01	2026-08-04	NM_007294.4:c.5323_5325delinsGCC	p.Met1775Ala	missense	VUS	VUS	2	4	MISSING_FUNCTIONAL	MISSING_FUNCTIONAL	PM5:moderate		neighbour_evidence
2020-01-01	2026-08-04	NM_007294.4:c.5323_5324delinsGC	p.Met1775Ala	missense	VUS	VUS	2	4	MISSING_FUNCTIONAL	MISSING_FUNCTIONAL	PM5:moderate		neighbour_evidence
2020-01-01	2026-08-04	NM_007294.4:c.5323_5325delinsGCT	p.Met1775Ala	missense	VUS	VUS	2	4	MISSING_FUNCTIONAL	MISSING_FUNCTIONAL	PM5:moderate		neighbour_evidence
2020-01-01	2026-08-04	NM_007294.4:c.5323_5325delinsGGA	p.Met1775Gly	missense	VUS	VUS	2	4	MISSING_FUNCTIONAL	MISSING_FUNCTIONAL	PM5:moderate		neighbour_evidence
2020-01-01	2026-08-04	NM_007294.4:c.5323_5325delinsGGC	p.Met1775Gly	missense	VUS	VUS	2	4	MISSING_FUNCTIONAL	MISSING_FUNCTIONAL	PM5:moderate		neighbour_evidence
2020-01-01	2026-08-04	NM_007294.4:c.5323_5324delinsGG	p.Met1775Gly	missense	VUS	VUS	2	4	MISSING_FUNCTIONAL	MISSING_FUNCTIONAL	PM5:moderate		neighbour_evidence
2020-01-01	2026-08-04	NM_007294.4:c.5323_5325delinsGGT	p.Met1775Gly	missense	VUS	VUS	2	4	MISSING_FUNCTIONAL	MISSING_FUNCTIONAL	PM5:moderate		neighbour_evidence
2020-01-01	2026-08-04	NM_007294.4:c.5323_5325delinsGTA	p.Met1775Val	missense	VUS	LP	2	8	MISSING_FUNCTIONAL	RESOLVED_NOT_BLOCKED	PM5:moderate;PS1:strong		neighbour_evidence
2020-01-01	2026-08-04	NM_007294.4:c.5323_5325delinsGTC	p.Met1775Val	missense	VUS	LP	2	8	MISSING_FUNCTIONAL	RESOLVED_NOT_BLOCKED	PM5:moderate;PS1:strong		neighbour_evidence
2020-01-01	2026-08-04	NM_007294.4:c.5323_5325delinsGTT	p.Met1775Val	missense	VUS	LP	2	8	MISSING_FUNCTIONAL	RESOLVED_NOT_BLOCKED	PM5:moderate;PS1:strong		neighbour_evidence
2020-01-01	2026-08-04	NM_007294.4:c.5323_5325delinsTAC	p.Met1775Tyr	missense	VUS	VUS	2	4	MISSING_FUNCTIONAL	MISSING_FUNCTIONAL	PM5:moderate		neighbour_evidence
2020-01-01	2026-08-04	NM_007294.4:c.5323_5325delinsTAT	p.Met1775Tyr	missense	VUS	VUS	2	4	MISSING_FUNCTIONAL	MISSING_FUNCTIONAL	PM5:moderate		neighbour_evidence
2020-01-01	2026-08-04	NM_007294.4:c.5323_5325delinsTCA	p.Met1775Ser	missense	VUS	VUS	2	4	MISSING_FUNCTIONAL	MISSING_FUNCTIONAL	PM5:moderate		neighbour_evidence
2020-01-01	2026-08-04	NM_007294.4:c.5323_5325delinsTCC	p.Met1775Ser	missense	VUS	VUS	2	4	MISSING_FUNCTIONAL	MISSING_FUNCTIONAL	PM5:moderate		neighbour_evidence
2020-01-01	2026-08-04	NM_007294.4:c.5323_5324delinsTC	p.Met1775Ser	missense	VUS	VUS	2	4	MISSING_FUNCTIONAL	MISSING_FUNCTIONAL	PM5:moderate		neighbour_evidence
2020-01-01	2026-08-04	NM_007294.4:c.5323_5325delinsTCT	p.Met1775Ser	missense	VUS	VUS	2	4	MISSING_FUNCTIONAL	MISSING_FUNCTIONAL	PM5:moderate		neighbour_evidence
2020-01-01	2026-08-04	NM_007294.4:c.5323_5325delinsTGC	p.Met1775Cys	missense	VUS	VUS	2	4	MISSING_FUNCTIONAL	MISSING_FUNCTIONAL	PM5:moderate		neighbour_evidence
2020-01-01	2026-08-04	NM_007294.4:c.5323_5324delinsTG	p.Met1775Trp	missense	VUS	VUS	2	4	MISSING_FUNCTIONAL	MISSING_FUNCTIONAL	PM5:moderate		neighbour_evidence
2020-01-01	2026-08-04	NM_007294.4:c.5323_5325delinsTGT	p.Met1775Cys	missense	VUS	VUS	2	4	MISSING_FUNCTIONAL	MISSING_FUNCTIONAL	PM5:moderate		neighbour_evidence
2020-01-01	2026-08-04	NM_007294.4:c.5323_5325delinsTTA	p.Met1775Leu	missense	VUS	VUS	2	4	MISSING_FUNCTIONAL	MISSING_FUNCTIONAL	PM5:moderate		neighbour_evidence
2020-01-01	2026-08-04	NM_007294.4:c.5323_5325delinsTTC	p.Met1775Phe	missense	VUS	VUS	2	4	MISSING_FUNCTIONAL	MISSING_FUNCTIONAL	PM5:moderate		neighbour_evidence
2020-01-01	2026-08-04	NM_007294.4:c.5323_5325delinsTTT	p.Met1775Phe	missense	VUS	VUS	2	4	MISSING_FUNCTIONAL	MISSING_FUNCTIONAL	PM5:moderate		neighbour_evidence
2020-01-01	2026-08-04	NM_007294.4:c.5332_5334delinsAAA	p.Asp1778Lys	missense	VUS	VUS	2	4	MISSING_FUNCTIONAL	MISSING_FUNCTIONAL	PM5:moderate		neighbour_evidence
2020-01-01	2026-08-04	NM_007294.4:c.5332_5334delinsAAC	p.Asp1778Asn	missense	VUS	LP	2	8	MISSING_FUNCTIONAL	RESOLVED_NOT_BLOCKED	PM5:moderate;PS1:strong		neighbour_evidence
2020-01-01	2026-08-04	NM_007294.4:c.5332_5334delinsAAG	p.Asp1778Lys	missense	VUS	VUS	2	4	MISSING_FUNCTIONAL	MISSING_FUNCTIONAL	PM5:moderate		neighbour_evidence
2020-01-01	2026-08-04	NM_007294.4:c.5332_5334delinsACA	p.Asp1778Thr	missense	VUS	VUS	2	4	MISSING_FUNCTIONAL	MISSING_FUNCTIONAL	PM5:moderate		neighbour_evidence
2020-01-01	2026-08-04	NM_007294.4:c.5332_5334delinsACC	p.Asp1778Thr	missense	VUS	VUS	2	4	MISSING_FUNCTIONAL	MISSING_FUNCTIONAL	PM5:moderate		neighbour_evidence
2020-01-01	2026-08-04	NM_007294.4:c.5332_5334delinsACG	p.Asp1778Thr	missense	VUS	VUS	2	4	MISSING_FUNCTIONAL	MISSING_FUNCTIONAL	PM5:moderate		neighbour_evidence
2020-01-01	2026-08-04	NM_007294.4:c.5332_5333delinsAC	p.Asp1778Thr	missense	VUS	VUS	2	4	MISSING_FUNCTIONAL	MISSING_FUNCTIONAL	PM5:moderate		neighbour_evidence
2020-01-01	2026-08-04	NM_007294.4:c.5332_5334delinsAGA	p.Asp1778Arg	missense	VUS	VUS	2	4	MISSING_FUNCTIONAL	MISSING_FUNCTIONAL	PM5:moderate		neighbour_evidence
2020-01-01	2026-08-04	NM_007294.4:c.5332_5334delinsAGC	p.Asp1778Ser	missense	VUS	VUS	2	4	MISSING_FUNCTIONAL	MISSING_FUNCTIONAL	PM5:moderate		neighbour_evidence
2020-01-01	2026-08-04	NM_007294.4:c.5332_5334delinsAGG	p.Asp1778Arg	missense	VUS	VUS	2	4	MISSING_FUNCTIONAL	MISSING_FUNCTIONAL	PM5:moderate		neighbour_evidence
2020-01-01	2026-08-04	NM_007294.4:c.5332_5333delinsAG	p.Asp1778Ser	missense	VUS	VUS	2	4	MISSING_FUNCTIONAL	MISSING_FUNCTIONAL	PM5:moderate		neighbour_evidence
2020-01-01	2026-08-04	NM_007294.4:c.5332_5334delinsATA	p.Asp1778Ile	missense	VUS	VUS	2	4	MISSING_FUNCTIONAL	MISSING_FUNCTIONAL	PM5:moderate		neighbour_evidence
2020-01-01	2026-08-04	NM_007294.4:c.5332_5334delinsATC	p.Asp1778Ile	missense	VUS	VUS	2	4	MISSING_FUNCTIONAL	MISSING_FUNCTIONAL	PM5:moderate		neighbour_evidence
2020-01-01	2026-08-04	NM_007294.4:c.5332_5334delinsATG	p.Asp1778Met	missense	VUS	VUS	2	4	MISSING_FUNCTIONAL	MISSING_FUNCTIONAL	PM5:moderate		neighbour_evidence
2020-01-01	2026-08-04	NM_007294.4:c.5332_5333delinsAT	p.Asp1778Ile	missense	VUS	VUS	2	4	MISSING_FUNCTIONAL	MISSING_FUNCTIONAL	PM5:moderate		neighbour_evidence
2020-01-01	2026-08-04	NM_007294.4:c.5332_5334delinsCAA	p.Asp1778Gln	missense	VUS	VUS	2	4	MISSING_FUNCTIONAL	MISSING_FUNCTIONAL	PM5:moderate		neighbour_evidence
2020-01-01	2026-08-04	NM_007294.4:c.5332_5334delinsCAC	p.Asp1778His	missense	VUS	VUS	2	4	MISSING_FUNCTIONAL	MISSING_FUNCTIONAL	PM5:moderate		neighbour_evidence
2020-01-01	2026-08-04	NM_007294.4:c.5332_5334delinsCAG	p.Asp1778Gln	missense	VUS	VUS	2	4	MISSING_FUNCTIONAL	MISSING_FUNCTIONAL	PM5:moderate		neighbour_evidence
2020-01-01	2026-08-04	NM_007294.4:c.5332_5334delinsCCA	p.Asp1778Pro	missense	VUS	VUS	2	4	MISSING_FUNCTIONAL	MISSING_FUNCTIONAL	PM5:moderate		neighbour_evidence
2020-01-01	2026-08-04	NM_007294.4:c.5332_5334delinsCCC	p.Asp1778Pro	missense	VUS	VUS	2	4	MISSING_FUNCTIONAL	MISSING_FUNCTIONAL	PM5:moderate		neighbour_evidence
2020-01-01	2026-08-04	NM_007294.4:c.5332_5334delinsCCG	p.Asp1778Pro	missense	VUS	VUS	2	4	MISSING_FUNCTIONAL	MISSING_FUNCTIONAL	PM5:moderate		neighbour_evidence
2020-01-01	2026-08-04	NM_007294.4:c.5332_5333delinsCC	p.Asp1778Pro	missense	VUS	VUS	2	4	MISSING_FUNCTIONAL	MISSING_FUNCTIONAL	PM5:moderate		neighbour_evidence
2020-01-01	2026-08-04	NM_007294.4:c.5332_5334delinsCGA	p.Asp1778Arg	missense	VUS	VUS	2	4	MISSING_FUNCTIONAL	MISSING_FUNCTIONAL	PM5:moderate		neighbour_evidence
2020-01-01	2026-08-04	NM_007294.4:c.5332_5334delinsCGC	p.Asp1778Arg	missense	VUS	VUS	2	4	MISSING_FUNCTIONAL	MISSING_FUNCTIONAL	PM5:moderate		neighbour_evidence
2020-01-01	2026-08-04	NM_007294.4:c.5332_5334delinsCGG	p.Asp1778Arg	missense	VUS	VUS	2	4	MISSING_FUNCTIONAL	MISSING_FUNCTIONAL	PM5:moderate		neighbour_evidence
2020-01-01	2026-08-04	NM_007294.4:c.5332_5333delinsCG	p.Asp1778Arg	missense	VUS	VUS	2	4	MISSING_FUNCTIONAL	MISSING_FUNCTIONAL	PM5:moderate		neighbour_evidence
2020-01-01	2026-08-04	NM_007294.4:c.5332_5334delinsCTA	p.Asp1778Leu	missense	VUS	VUS	2	4	MISSING_FUNCTIONAL	MISSING_FUNCTIONAL	PM5:moderate		neighbour_evidence
2020-01-01	2026-08-04	NM_007294.4:c.5332_5334delinsCTC	p.Asp1778Leu	missense	VUS	VUS	2	4	MISSING_FUNCTIONAL	MISSING_FUNCTIONAL	PM5:moderate		neighbour_evidence
2020-01-01	2026-08-04	NM_007294.4:c.5332_5334delinsCTG	p.Asp1778Leu	missense	VUS	VUS	2	4	MISSING_FUNCTIONAL	MISSING_FUNCTIONAL	PM5:moderate		neighbour_evidence
2020-01-01	2026-08-04	NM_007294.4:c.5332_5333delinsCT	p.Asp1778Leu	missense	VUS	VUS	2	4	MISSING_FUNCTIONAL	MISSING_FUNCTIONAL	PM5:moderate		neighbour_evidence
2020-01-01	2026-08-04	NM_007294.4:c.5333_5334delinsCA	p.Asp1778Ala	missense	VUS	VUS	2	4	MISSING_FUNCTIONAL	MISSING_FUNCTIONAL	PM5:moderate		neighbour_evidence
2020-01-01	2026-08-04	NM_007294.4:c.5333_5334delinsCC	p.Asp1778Ala	missense	VUS	VUS	2	4	MISSING_FUNCTIONAL	MISSING_FUNCTIONAL	PM5:moderate		neighbour_evidence
2020-01-01	2026-08-04	NM_007294.4:c.5333_5334delinsCG	p.Asp1778Ala	missense	VUS	VUS	2	4	MISSING_FUNCTIONAL	MISSING_FUNCTIONAL	PM5:moderate		neighbour_evidence
2020-01-01	2026-08-04	NM_007294.4:c.5333_5334delinsGA	p.Asp1778Gly	missense	VUS	VUS	2	4	MISSING_FUNCTIONAL	MISSING_FUNCTIONAL	PM5:moderate		neighbour_evidence
2020-01-01	2026-08-04	NM_007294.4:c.5333_5334delinsGC	p.Asp1778Gly	missense	VUS	VUS	2	4	MISSING_FUNCTIONAL	MISSING_FUNCTIONAL	PM5:moderate		neighbour_evidence
2020-01-01	2026-08-04	NM_007294.4:c.5333_5334delinsGG	p.Asp1778Gly	missense	VUS	VUS	2	4	MISSING_FUNCTIONAL	MISSING_FUNCTIONAL	PM5:moderate		neighbour_evidence
2020-01-01	2026-08-04	NM_007294.4:c.5333_5334delinsTA	p.Asp1778Val	missense	VUS	VUS	2	4	MISSING_FUNCTIONAL	MISSING_FUNCTIONAL	PM5:moderate		neighbour_evidence
2020-01-01	2026-08-04	NM_007294.4:c.5333_5334delinsTC	p.Asp1778Val	missense	VUS	VUS	2	4	MISSING_FUNCTIONAL	MISSING_FUNCTIONAL	PM5:moderate		neighbour_evidence
2020-01-01	2026-08-04	NM_007294.4:c.5333_5334delinsTG	p.Asp1778Val	missense	VUS	VUS	2	4	MISSING_FUNCTIONAL	MISSING_FUNCTIONAL	PM5:moderate		neighbour_evidence
2020-01-01	2026-08-04	NM_007294.4:c.5332_5334delinsTAC	p.Asp1778Tyr	missense	VUS	LP	2	8	MISSING_FUNCTIONAL	RESOLVED_NOT_BLOCKED	PM5:moderate;PS1:strong		neighbour_evidence
2020-01-01	2026-08-04	NM_007294.4:c.5332_5334delinsTCA	p.Asp1778Ser	missense	VUS	VUS	2	4	MISSING_FUNCTIONAL	MISSING_FUNCTIONAL	PM5:moderate		neighbour_evidence
2020-01-01	2026-08-04	NM_007294.4:c.5332_5334delinsTCC	p.Asp1778Ser	missense	VUS	VUS	2	4	MISSING_FUNCTIONAL	MISSING_FUNCTIONAL	PM5:moderate		neighbour_evidence
2020-01-01	2026-08-04	NM_007294.4:c.5332_5334delinsTCG	p.Asp1778Ser	missense	VUS	VUS	2	4	MISSING_FUNCTIONAL	MISSING_FUNCTIONAL	PM5:moderate		neighbour_evidence
2020-01-01	2026-08-04	NM_007294.4:c.5332_5333delinsTC	p.Asp1778Ser	missense	VUS	VUS	2	4	MISSING_FUNCTIONAL	MISSING_FUNCTIONAL	PM5:moderate		neighbour_evidence
2020-01-01	2026-08-04	NM_007294.4:c.5332_5334delinsTGC	p.Asp1778Cys	missense	VUS	VUS	2	4	MISSING_FUNCTIONAL	MISSING_FUNCTIONAL	PM5:moderate		neighbour_evidence
2020-01-01	2026-08-04	NM_007294.4:c.5332_5334delinsTGG	p.Asp1778Trp	missense	VUS	VUS	2	4	MISSING_FUNCTIONAL	MISSING_FUNCTIONAL	PM5:moderate		neighbour_evidence
2020-01-01	2026-08-04	NM_007294.4:c.5332_5333delinsTG	p.Asp1778Cys	missense	VUS	VUS	2	4	MISSING_FUNCTIONAL	MISSING_FUNCTIONAL	PM5:moderate		neighbour_evidence
2020-01-01	2026-08-04	NM_007294.4:c.5332_5334delinsTTA	p.Asp1778Leu	missense	VUS	VUS	2	4	MISSING_FUNCTIONAL	MISSING_FUNCTIONAL	PM5:moderate		neighbour_evidence
2020-01-01	2026-08-04	NM_007294.4:c.5332_5334delinsTTC	p.Asp1778Phe	missense	VUS	VUS	2	4	MISSING_FUNCTIONAL	MISSING_FUNCTIONAL	PM5:moderate		neighbour_evidence
2020-01-01	2026-08-04	NM_007294.4:c.5332_5334delinsTTG	p.Asp1778Leu	missense	VUS	VUS	2	4	MISSING_FUNCTIONAL	MISSING_FUNCTIONAL	PM5:moderate		neighbour_evidence
2020-01-01	2026-08-04	NM_007294.4:c.5332_5333delinsTT	p.Asp1778Phe	missense	VUS	VUS	2	4	MISSING_FUNCTIONAL	MISSING_FUNCTIONAL	PM5:moderate		neighbour_evidence
2020-01-01	2026-08-04	NM_007294.4:c.5338_5340delinsAAA	p.Leu1780Lys	missense	VUS	VUS	2	4	MISSING_FUNCTIONAL	MISSING_FUNCTIONAL	PM5:moderate		neighbour_evidence
2020-01-01	2026-08-04	NM_007294.4:c.5338_5340delinsAAC	p.Leu1780Asn	missense	VUS	VUS	2	4	MISSING_FUNCTIONAL	MISSING_FUNCTIONAL	PM5:moderate		neighbour_evidence
2020-01-01	2026-08-04	NM_007294.4:c.5338_5339delinsAA	p.Leu1780Lys	missense	VUS	VUS	2	4	MISSING_FUNCTIONAL	MISSING_FUNCTIONAL	PM5:moderate		neighbour_evidence
2020-01-01	2026-08-04	NM_007294.4:c.5338_5340delinsAAT	p.Leu1780Asn	missense	VUS	VUS	2	4	MISSING_FUNCTIONAL	MISSING_FUNCTIONAL	PM5:moderate		neighbour_evidence
2020-01-01	2026-08-04	NM_007294.4:c.5338_5340delinsACA	p.Leu1780Thr	missense	VUS	VUS	2	4	MISSING_FUNCTIONAL	MISSING_FUNCTIONAL	PM5:moderate		neighbour_evidence
2020-01-01	2026-08-04	NM_007294.4:c.5338_5340delinsACC	p.Leu1780Thr	missense	VUS	VUS	2	4	MISSING_FUNCTIONAL	MISSING_FUNCTIONAL	PM5:moderate		neighbour_evidence
2020-01-01	2026-08-04	NM_007294.4:c.5338_5339delinsAC	p.Leu1780Thr	missense	VUS	VUS	2	4	MISSING_FUNCTIONAL	MISSING_FUNCTIONAL	PM5:moderate		neighbour_evidence
2020-01-01	2026-08-04	NM_007294.4:c.5338_5340delinsACT	p.Leu1780Thr	missense	VUS	VUS	2	4	MISSING_FUNCTIONAL	MISSING_FUNCTIONAL	PM5:moderate		neighbour_evidence
2020-01-01	2026-08-04	NM_007294.4:c.5338_5340delinsAGA	p.Leu1780Arg	missense	VUS	LP	2	8	MISSING_FUNCTIONAL	RESOLVED_NOT_BLOCKED	PM5:moderate;PS1:strong		neighbour_evidence
2020-01-01	2026-08-04	NM_007294.4:c.5338_5340delinsAGC	p.Leu1780Ser	missense	VUS	VUS	2	4	MISSING_FUNCTIONAL	MISSING_FUNCTIONAL	PM5:moderate		neighbour_evidence
2020-01-01	2026-08-04	NM_007294.4:c.5338_5339delinsAG	p.Leu1780Arg	missense	VUS	LP	2	8	MISSING_FUNCTIONAL	RESOLVED_NOT_BLOCKED	PM5:moderate;PS1:strong		neighbour_evidence
2020-01-01	2026-08-04	NM_007294.4:c.5338_5340delinsAGT	p.Leu1780Ser	missense	VUS	VUS	2	4	MISSING_FUNCTIONAL	MISSING_FUNCTIONAL	PM5:moderate		neighbour_evidence
2020-01-01	2026-08-04	NM_007294.4:c.5338_5340delinsATA	p.Leu1780Ile	missense	VUS	VUS	2	4	MISSING_FUNCTIONAL	MISSING_FUNCTIONAL	PM5:moderate		neighbour_evidence
2020-01-01	2026-08-04	NM_007294.4:c.5338_5340delinsATC	p.Leu1780Ile	missense	VUS	VUS	2	4	MISSING_FUNCTIONAL	MISSING_FUNCTIONAL	PM5:moderate		neighbour_evidence
2020-01-01	2026-08-04	NM_007294.4:c.5338_5340delinsATT	p.Leu1780Ile	missense	VUS	VUS	2	4	MISSING_FUNCTIONAL	MISSING_FUNCTIONAL	PM5:moderate		neighbour_evidence
2020-01-01	2026-08-04	NM_007294.4:c.5339_5340delinsAA	p.Leu1780Gln	missense	VUS	LP	2	8	MISSING_FUNCTIONAL	RESOLVED_NOT_BLOCKED	PM5:moderate;PS1:strong		neighbour_evidence
2020-01-01	2026-08-04	NM_007294.4:c.5339_5340delinsAC	p.Leu1780His	missense	VUS	VUS	2	4	MISSING_FUNCTIONAL	MISSING_FUNCTIONAL	PM5:moderate		neighbour_evidence
2020-01-01	2026-08-04	NM_007294.4:c.5339_5340delinsAT	p.Leu1780His	missense	VUS	VUS	2	4	MISSING_FUNCTIONAL	MISSING_FUNCTIONAL	PM5:moderate		neighbour_evidence
2020-01-01	2026-08-04	NM_007294.4:c.5339_5340delinsCA	p.Leu1780Pro	missense	VUS	LP	2	8	MISSING_FUNCTIONAL	RESOLVED_NOT_BLOCKED	PM5:moderate;PS1:strong		neighbour_evidence
2020-01-01	2026-08-04	NM_007294.4:c.5339_5340delinsCC	p.Leu1780Pro	missense	VUS	LP	2	8	MISSING_FUNCTIONAL	RESOLVED_NOT_BLOCKED	PM5:moderate;PS1:strong		neighbour_evidence
2020-01-01	2026-08-04	NM_007294.4:c.5339_5340delinsCT	p.Leu1780Pro	missense	VUS	LP	2	8	MISSING_FUNCTIONAL	RESOLVED_NOT_BLOCKED	PM5:moderate;PS1:strong		neighbour_evidence
2020-01-01	2026-08-04	NM_007294.4:c.5339_5340delinsGA	p.Leu1780Arg	missense	VUS	LP	2	8	MISSING_FUNCTIONAL	RESOLVED_NOT_BLOCKED	PM5:moderate;PS1:strong		neighbour_evidence
2020-01-01	2026-08-04	NM_007294.4:c.5339_5340delinsGC	p.Leu1780Arg	missense	VUS	LP	2	8	MISSING_FUNCTIONAL	RESOLVED_NOT_BLOCKED	PM5:moderate;PS1:strong		neighbour_evidence
2020-01-01	2026-08-04	NM_007294.4:c.5339_5340delinsGT	p.Leu1780Arg	missense	VUS	LP	2	8	MISSING_FUNCTIONAL	RESOLVED_NOT_BLOCKED	PM5:moderate;PS1:strong		neighbour_evidence
2020-01-01	2026-08-04	NM_007294.4:c.5338_5340delinsGAA	p.Leu1780Glu	missense	VUS	VUS	2	4	MISSING_FUNCTIONAL	MISSING_FUNCTIONAL	PM5:moderate		neighbour_evidence
2020-01-01	2026-08-04	NM_007294.4:c.5338_5340delinsGAC	p.Leu1780Asp	missense	VUS	VUS	2	4	MISSING_FUNCTIONAL	MISSING_FUNCTIONAL	PM5:moderate		neighbour_evidence
2020-01-01	2026-08-04	NM_007294.4:c.5338_5339delinsGA	p.Leu1780Glu	missense	VUS	VUS	2	4	MISSING_FUNCTIONAL	MISSING_FUNCTIONAL	PM5:moderate		neighbour_evidence
2020-01-01	2026-08-04	NM_007294.4:c.5338_5340delinsGAT	p.Leu1780Asp	missense	VUS	VUS	2	4	MISSING_FUNCTIONAL	MISSING_FUNCTIONAL	PM5:moderate		neighbour_evidence
2020-01-01	2026-08-04	NM_007294.4:c.5338_5340delinsGCA	p.Leu1780Ala	missense	VUS	VUS	2	4	MISSING_FUNCTIONAL	MISSING_FUNCTIONAL	PM5:moderate		neighbour_evidence
2020-01-01	2026-08-04	NM_007294.4:c.5338_5340delinsGCC	p.Leu1780Ala	missense	VUS	VUS	2	4	MISSING_FUNCTIONAL	MISSING_FUNCTIONAL	PM5:moderate		neighbour_evidence
2020-01-01	2026-08-04	NM_007294.4:c.5338_5339delinsGC	p.Leu1780Ala	missense	VUS	VUS	2	4	MISSING_FUNCTIONAL	MISSING_FUNCTIONAL	PM5:moderate		neighbour_evidence
2020-01-01	2026-08-04	NM_007294.4:c.5338_5340delinsGCT	p.Leu1780Ala	missense	VUS	VUS	2	4	MISSING_FUNCTIONAL	MISSING_FUNCTIONAL	PM5:moderate		neighbour_evidence
2020-01-01	2026-08-04	NM_007294.4:c.5338_5340delinsGGA	p.Leu1780Gly	missense	VUS	VUS	2	4	MISSING_FUNCTIONAL	MISSING_FUNCTIONAL	PM5:moderate		neighbour_evidence
2020-01-01	2026-08-04	NM_007294.4:c.5338_5340delinsGGC	p.Leu1780Gly	missense	VUS	VUS	2	4	MISSING_FUNCTIONAL	MISSING_FUNCTIONAL	PM5:moderate		neighbour_evidence
2020-01-01	2026-08-04	NM_007294.4:c.5338_5339delinsGG	p.Leu1780Gly	missense	VUS	VUS	2	4	MISSING_FUNCTIONAL	MISSING_FUNCTIONAL	PM5:moderate		neighbour_evidence
2020-01-01	2026-08-04	NM_007294.4:c.5338_5340delinsGGT	p.Leu1780Gly	missense	VUS	VUS	2	4	MISSING_FUNCTIONAL	MISSING_FUNCTIONAL	PM5:moderate		neighbour_evidence
2020-01-01	2026-08-04	NM_007294.4:c.5338_5340delinsGTA	p.Leu1780Val	missense	VUS	VUS	2	4	MISSING_FUNCTIONAL	MISSING_FUNCTIONAL	PM5:moderate		neighbour_evidence
2020-01-01	2026-08-04	NM_007294.4:c.5338_5340delinsGTC	p.Leu1780Val	missense	VUS	VUS	2	4	MISSING_FUNCTIONAL	MISSING_FUNCTIONAL	PM5:moderate		neighbour_evidence
2020-01-01	2026-08-04	NM_007294.4:c.5338_5340delinsGTT	p.Leu1780Val	missense	VUS	VUS	2	4	MISSING_FUNCTIONAL	MISSING_FUNCTIONAL	PM5:moderate		neighbour_evidence
2020-01-01	2026-08-04	NM_007294.4:c.5338_5340delinsTAC	p.Leu1780Tyr	missense	VUS	VUS	2	4	MISSING_FUNCTIONAL	MISSING_FUNCTIONAL	PM5:moderate		neighbour_evidence
2020-01-01	2026-08-04	NM_007294.4:c.5338_5340delinsTAT	p.Leu1780Tyr	missense	VUS	VUS	2	4	MISSING_FUNCTIONAL	MISSING_FUNCTIONAL	PM5:moderate		neighbour_evidence
2020-01-01	2026-08-04	NM_007294.4:c.5338_5340delinsTCA	p.Leu1780Ser	missense	VUS	VUS	2	4	MISSING_FUNCTIONAL	MISSING_FUNCTIONAL	PM5:moderate		neighbour_evidence
2020-01-01	2026-08-04	NM_007294.4:c.5338_5340delinsTCC	p.Leu1780Ser	missense	VUS	VUS	2	4	MISSING_FUNCTIONAL	MISSING_FUNCTIONAL	PM5:moderate		neighbour_evidence
2020-01-01	2026-08-04	NM_007294.4:c.5338_5339delinsTC	p.Leu1780Ser	missense	VUS	VUS	2	4	MISSING_FUNCTIONAL	MISSING_FUNCTIONAL	PM5:moderate		neighbour_evidence
2020-01-01	2026-08-04	NM_007294.4:c.5338_5340delinsTCT	p.Leu1780Ser	missense	VUS	VUS	2	4	MISSING_FUNCTIONAL	MISSING_FUNCTIONAL	PM5:moderate		neighbour_evidence
2020-01-01	2026-08-04	NM_007294.4:c.5338_5340delinsTGC	p.Leu1780Cys	missense	VUS	VUS	2	4	MISSING_FUNCTIONAL	MISSING_FUNCTIONAL	PM5:moderate		neighbour_evidence
2020-01-01	2026-08-04	NM_007294.4:c.5338_5339delinsTG	p.Leu1780Trp	missense	VUS	VUS	2	4	MISSING_FUNCTIONAL	MISSING_FUNCTIONAL	PM5:moderate		neighbour_evidence
2020-01-01	2026-08-04	NM_007294.4:c.5338_5340delinsTGT	p.Leu1780Cys	missense	VUS	VUS	2	4	MISSING_FUNCTIONAL	MISSING_FUNCTIONAL	PM5:moderate		neighbour_evidence
2020-01-01	2026-08-04	NM_007294.4:c.5338_5340delinsTTC	p.Leu1780Phe	missense	VUS	VUS	2	4	MISSING_FUNCTIONAL	MISSING_FUNCTIONAL	PM5:moderate		neighbour_evidence
2020-01-01	2026-08-04	NM_007294.4:c.5338_5340delinsTTT	p.Leu1780Phe	missense	VUS	VUS	2	4	MISSING_FUNCTIONAL	MISSING_FUNCTIONAL	PM5:moderate		neighbour_evidence
2020-01-01	2026-08-04	NM_007294.4:c.5350_5351delinsAA	p.Val1784Lys	missense	VUS	VUS	2	4	MISSING_FUNCTIONAL	MISSING_FUNCTIONAL	PM5:moderate		neighbour_evidence
2020-01-01	2026-08-04	NM_007294.4:c.5350_5352delinsAAC	p.Val1784Asn	missense	VUS	VUS	2	4	MISSING_FUNCTIONAL	MISSING_FUNCTIONAL	PM5:moderate		neighbour_evidence
2020-01-01	2026-08-04	NM_007294.4:c.5350_5352delinsAAG	p.Val1784Lys	missense	VUS	VUS	2	4	MISSING_FUNCTIONAL	MISSING_FUNCTIONAL	PM5:moderate		neighbour_evidence
2020-01-01	2026-08-04	NM_007294.4:c.5350_5352delinsAAT	p.Val1784Asn	missense	VUS	VUS	2	4	MISSING_FUNCTIONAL	MISSING_FUNCTIONAL	PM5:moderate		neighbour_evidence
2020-01-01	2026-08-04	NM_007294.4:c.5350_5351delinsAC	p.Val1784Thr	missense	VUS	VUS	2	4	MISSING_FUNCTIONAL	MISSING_FUNCTIONAL	PM5:moderate		neighbour_evidence
2020-01-01	2026-08-04	NM_007294.4:c.5350_5352delinsACC	p.Val1784Thr	missense	VUS	VUS	2	4	MISSING_FUNCTIONAL	MISSING_FUNCTIONAL	PM5:moderate		neighbour_evidence
2020-01-01	2026-08-04	NM_007294.4:c.5350_5352delinsACG	p.Val1784Thr	missense	VUS	VUS	2	4	MISSING_FUNCTIONAL	MISSING_FUNCTIONAL	PM5:moderate		neighbour_evidence
2020-01-01	2026-08-04	NM_007294.4:c.5350_5352delinsACT	p.Val1784Thr	missense	VUS	VUS	2	4	MISSING_FUNCTIONAL	MISSING_FUNCTIONAL	PM5:moderate		neighbour_evidence
2020-01-01	2026-08-04	NM_007294.4:c.5350_5351delinsAG	p.Val1784Arg	missense	VUS	VUS	2	4	MISSING_FUNCTIONAL	MISSING_FUNCTIONAL	PM5:moderate		neighbour_evidence
2020-01-01	2026-08-04	NM_007294.4:c.5350_5352delinsAGC	p.Val1784Ser	missense	VUS	VUS	2	4	MISSING_FUNCTIONAL	MISSING_FUNCTIONAL	PM5:moderate		neighbour_evidence
2020-01-01	2026-08-04	NM_007294.4:c.5350_5352delinsAGG	p.Val1784Arg	missense	VUS	VUS	2	4	MISSING_FUNCTIONAL	MISSING_FUNCTIONAL	PM5:moderate		neighbour_evidence
2020-01-01	2026-08-04	NM_007294.4:c.5350_5352delinsAGT	p.Val1784Ser	missense	VUS	VUS	2	4	MISSING_FUNCTIONAL	MISSING_FUNCTIONAL	PM5:moderate		neighbour_evidence
2020-01-01	2026-08-04	NM_007294.4:c.5350_5352delinsATC	p.Val1784Ile	missense	VUS	VUS	2	4	MISSING_FUNCTIONAL	MISSING_FUNCTIONAL	PM5:moderate		neighbour_evidence
2020-01-01	2026-08-04	NM_007294.4:c.5350_5352delinsATG	p.Val1784Met	missense	VUS	VUS	2	4	MISSING_FUNCTIONAL	MISSING_FUNCTIONAL	PM5:moderate		neighbour_evidence
2020-01-01	2026-08-04	NM_007294.4:c.5350_5352delinsATT	p.Val1784Ile	missense	VUS	VUS	2	4	MISSING_FUNCTIONAL	MISSING_FUNCTIONAL	PM5:moderate		neighbour_evidence
2020-01-01	2026-08-04	NM_007294.4:c.5350_5351delinsCA	p.Val1784Gln	missense	VUS	VUS	2	4	MISSING_FUNCTIONAL	MISSING_FUNCTIONAL	PM5:moderate		neighbour_evidence
2020-01-01	2026-08-04	NM_007294.4:c.5350_5352delinsCAC	p.Val1784His	missense	VUS	VUS	2	4	MISSING_FUNCTIONAL	MISSING_FUNCTIONAL	PM5:moderate		neighbour_evidence
2020-01-01	2026-08-04	NM_007294.4:c.5350_5352delinsCAG	p.Val1784Gln	missense	VUS	VUS	2	4	MISSING_FUNCTIONAL	MISSING_FUNCTIONAL	PM5:moderate		neighbour_evidence
2020-01-01	2026-08-04	NM_007294.4:c.5350_5352delinsCAT	p.Val1784His	missense	VUS	VUS	2	4	MISSING_FUNCTIONAL	MISSING_FUNCTIONAL	PM5:moderate		neighbour_evidence
2020-01-01	2026-08-04	NM_007294.4:c.5350_5351delinsCC	p.Val1784Pro	missense	VUS	VUS	2	4	MISSING_FUNCTIONAL	MISSING_FUNCTIONAL	PM5:moderate		neighbour_evidence
2020-01-01	2026-08-04	NM_007294.4:c.5350_5352delinsCCC	p.Val1784Pro	missense	VUS	VUS	2	4	MISSING_FUNCTIONAL	MISSING_FUNCTIONAL	PM5:moderate		neighbour_evidence
2020-01-01	2026-08-04	NM_007294.4:c.5350_5352delinsCCG	p.Val1784Pro	missense	VUS	VUS	2	4	MISSING_FUNCTIONAL	MISSING_FUNCTIONAL	PM5:moderate		neighbour_evidence
2020-01-01	2026-08-04	NM_007294.4:c.5350_5352delinsCCT	p.Val1784Pro	missense	VUS	VUS	2	4	MISSING_FUNCTIONAL	MISSING_FUNCTIONAL	PM5:moderate		neighbour_evidence
2020-01-01	2026-08-04	NM_007294.4:c.5350_5351delinsCG	p.Val1784Arg	missense	VUS	VUS	2	4	MISSING_FUNCTIONAL	MISSING_FUNCTIONAL	PM5:moderate		neighbour_evidence
2020-01-01	2026-08-04	NM_007294.4:c.5350_5352delinsCGC	p.Val1784Arg	missense	VUS	VUS	2	4	MISSING_FUNCTIONAL	MISSING_FUNCTIONAL	PM5:moderate		neighbour_evidence
2020-01-01	2026-08-04	NM_007294.4:c.5350_5352delinsCGG	p.Val1784Arg	missense	VUS	VUS	2	4	MISSING_FUNCTIONAL	MISSING_FUNCTIONAL	PM5:moderate		neighbour_evidence
2020-01-01	2026-08-04	NM_007294.4:c.5350_5352delinsCGT	p.Val1784Arg	missense	VUS	VUS	2	4	MISSING_FUNCTIONAL	MISSING_FUNCTIONAL	PM5:moderate		neighbour_evidence
2020-01-01	2026-08-04	NM_007294.4:c.5350_5352delinsCTC	p.Val1784Leu	missense	VUS	VUS	2	4	MISSING_FUNCTIONAL	MISSING_FUNCTIONAL	PM5:moderate		neighbour_evidence
2020-01-01	2026-08-04	NM_007294.4:c.5350_5352delinsCTG	p.Val1784Leu	missense	VUS	VUS	2	4	MISSING_FUNCTIONAL	MISSING_FUNCTIONAL	PM5:moderate		neighbour_evidence
2020-01-01	2026-08-04	NM_007294.4:c.5350_5352delinsCTT	p.Val1784Leu	missense	VUS	VUS	2	4	MISSING_FUNCTIONAL	MISSING_FUNCTIONAL	PM5:moderate		neighbour_evidence
2020-01-01	2026-08-04	NM_007294.4:c.5351_5352delinsAC	p.Val1784Asp	missense	VUS	VUS	2	4	MISSING_FUNCTIONAL	MISSING_FUNCTIONAL	PM5:moderate		neighbour_evidence
2020-01-01	2026-08-04	NM_007294.4:c.5351_5352delinsAG	p.Val1784Glu	missense	VUS	LP	2	6	MISSING_FUNCTIONAL	RESOLVED_NOT_BLOCKED	PS1:strong		neighbour_evidence
2020-01-01	2026-08-04	NM_007294.4:c.5351_5352delinsAT	p.Val1784Asp	missense	VUS	VUS	2	4	MISSING_FUNCTIONAL	MISSING_FUNCTIONAL	PM5:moderate		neighbour_evidence
2020-01-01	2026-08-04	NM_007294.4:c.5351_5352delinsCC	p.Val1784Ala	missense	VUS	VUS	2	4	MISSING_FUNCTIONAL	MISSING_FUNCTIONAL	PM5:moderate		neighbour_evidence
2020-01-01	2026-08-04	NM_007294.4:c.5351_5352delinsCG	p.Val1784Ala	missense	VUS	VUS	2	4	MISSING_FUNCTIONAL	MISSING_FUNCTIONAL	PM5:moderate		neighbour_evidence
2020-01-01	2026-08-04	NM_007294.4:c.5351_5352delinsCT	p.Val1784Ala	missense	VUS	VUS	2	4	MISSING_FUNCTIONAL	MISSING_FUNCTIONAL	PM5:moderate		neighbour_evidence
2020-01-01	2026-08-04	NM_007294.4:c.5351_5352delinsGC	p.Val1784Gly	missense	VUS	VUS	2	4	MISSING_FUNCTIONAL	MISSING_FUNCTIONAL	PM5:moderate		neighbour_evidence
2020-01-01	2026-08-04	NM_007294.4:c.5351_5352delinsGG	p.Val1784Gly	missense	VUS	VUS	2	4	MISSING_FUNCTIONAL	MISSING_FUNCTIONAL	PM5:moderate		neighbour_evidence
2020-01-01	2026-08-04	NM_007294.4:c.5351_5352delinsGT	p.Val1784Gly	missense	VUS	VUS	2	4	MISSING_FUNCTIONAL	MISSING_FUNCTIONAL	PM5:moderate		neighbour_evidence
2020-01-01	2026-08-04	NM_007294.4:c.5350_5352delinsTAC	p.Val1784Tyr	missense	VUS	VUS	2	4	MISSING_FUNCTIONAL	MISSING_FUNCTIONAL	PM5:moderate		neighbour_evidence
2020-01-01	2026-08-04	NM_007294.4:c.5350_5352delinsTAT	p.Val1784Tyr	missense	VUS	VUS	2	4	MISSING_FUNCTIONAL	MISSING_FUNCTIONAL	PM5:moderate		neighbour_evidence
2020-01-01	2026-08-04	NM_007294.4:c.5350_5351delinsTC	p.Val1784Ser	missense	VUS	VUS	2	4	MISSING_FUNCTIONAL	MISSING_FUNCTIONAL	PM5:moderate		neighbour_evidence
2020-01-01	2026-08-04	NM_007294.4:c.5350_5352delinsTCC	p.Val1784Ser	missense	VUS	VUS	2	4	MISSING_FUNCTIONAL	MISSING_FUNCTIONAL	PM5:moderate		neighbour_evidence
2020-01-01	2026-08-04	NM_007294.4:c.5350_5352delinsTCG	p.Val1784Ser	missense	VUS	VUS	2	4	MISSING_FUNCTIONAL	MISSING_FUNCTIONAL	PM5:moderate		neighbour_evidence
2020-01-01	2026-08-04	NM_007294.4:c.5350_5352delinsTCT	p.Val1784Ser	missense	VUS	VUS	2	4	MISSING_FUNCTIONAL	MISSING_FUNCTIONAL	PM5:moderate		neighbour_evidence
2020-01-01	2026-08-04	NM_007294.4:c.5350_5352delinsTGC	p.Val1784Cys	missense	VUS	VUS	2	4	MISSING_FUNCTIONAL	MISSING_FUNCTIONAL	PM5:moderate		neighbour_evidence
2020-01-01	2026-08-04	NM_007294.4:c.5350_5352delinsTGG	p.Val1784Trp	missense	VUS	VUS	2	4	MISSING_FUNCTIONAL	MISSING_FUNCTIONAL	PM5:moderate		neighbour_evidence
2020-01-01	2026-08-04	NM_007294.4:c.5350_5352delinsTGT	p.Val1784Cys	missense	VUS	VUS	2	4	MISSING_FUNCTIONAL	MISSING_FUNCTIONAL	PM5:moderate		neighbour_evidence
2020-01-01	2026-08-04	NM_007294.4:c.5350_5352delinsTTC	p.Val1784Phe	missense	VUS	VUS	2	4	MISSING_FUNCTIONAL	MISSING_FUNCTIONAL	PM5:moderate		neighbour_evidence
2020-01-01	2026-08-04	NM_007294.4:c.5350_5352delinsTTG	p.Val1784Leu	missense	VUS	VUS	2	4	MISSING_FUNCTIONAL	MISSING_FUNCTIONAL	PM5:moderate		neighbour_evidence
2020-01-01	2026-08-04	NM_007294.4:c.5350_5352delinsTTT	p.Val1784Phe	missense	VUS	VUS	2	4	MISSING_FUNCTIONAL	MISSING_FUNCTIONAL	PM5:moderate		neighbour_evidence
2020-01-01	2026-08-04	NM_007294.4:c.5356_5358delinsAAA	p.Leu1786Lys	missense	VUS	VUS	2	4	MISSING_FUNCTIONAL	MISSING_FUNCTIONAL	PM5:moderate		neighbour_evidence
2020-01-01	2026-08-04	NM_007294.4:c.5356_5358delinsAAC	p.Leu1786Asn	missense	VUS	VUS	2	4	MISSING_FUNCTIONAL	MISSING_FUNCTIONAL	PM5:moderate		neighbour_evidence
2020-01-01	2026-08-04	NM_007294.4:c.5356_5357delinsAA	p.Leu1786Lys	missense	VUS	VUS	2	4	MISSING_FUNCTIONAL	MISSING_FUNCTIONAL	PM5:moderate		neighbour_evidence
2020-01-01	2026-08-04	NM_007294.4:c.5356_5358delinsAAT	p.Leu1786Asn	missense	VUS	VUS	2	4	MISSING_FUNCTIONAL	MISSING_FUNCTIONAL	PM5:moderate		neighbour_evidence
2020-01-01	2026-08-04	NM_007294.4:c.5356_5358delinsACA	p.Leu1786Thr	missense	VUS	VUS	2	4	MISSING_FUNCTIONAL	MISSING_FUNCTIONAL	PM5:moderate		neighbour_evidence
2020-01-01	2026-08-04	NM_007294.4:c.5356_5358delinsACC	p.Leu1786Thr	missense	VUS	VUS	2	4	MISSING_FUNCTIONAL	MISSING_FUNCTIONAL	PM5:moderate		neighbour_evidence
2020-01-01	2026-08-04	NM_007294.4:c.5356_5357delinsAC	p.Leu1786Thr	missense	VUS	VUS	2	4	MISSING_FUNCTIONAL	MISSING_FUNCTIONAL	PM5:moderate		neighbour_evidence
2020-01-01	2026-08-04	NM_007294.4:c.5356_5358delinsACT	p.Leu1786Thr	missense	VUS	VUS	2	4	MISSING_FUNCTIONAL	MISSING_FUNCTIONAL	PM5:moderate		neighbour_evidence
2020-01-01	2026-08-04	NM_007294.4:c.5356_5358delinsAGA	p.Leu1786Arg	missense	VUS	VUS	2	4	MISSING_FUNCTIONAL	MISSING_FUNCTIONAL	PM5:moderate		neighbour_evidence
2020-01-01	2026-08-04	NM_007294.4:c.5356_5358delinsAGC	p.Leu1786Ser	missense	VUS	VUS	2	4	MISSING_FUNCTIONAL	MISSING_FUNCTIONAL	PM5:moderate		neighbour_evidence
2020-01-01	2026-08-04	NM_007294.4:c.5356_5357delinsAG	p.Leu1786Arg	missense	VUS	VUS	2	4	MISSING_FUNCTIONAL	MISSING_FUNCTIONAL	PM5:moderate		neighbour_evidence
2020-01-01	2026-08-04	NM_007294.4:c.5356_5358delinsAGT	p.Leu1786Ser	missense	VUS	VUS	2	4	MISSING_FUNCTIONAL	MISSING_FUNCTIONAL	PM5:moderate		neighbour_evidence
2020-01-01	2026-08-04	NM_007294.4:c.5356_5358delinsATA	p.Leu1786Ile	missense	VUS	VUS	2	4	MISSING_FUNCTIONAL	MISSING_FUNCTIONAL	PM5:moderate		neighbour_evidence
2020-01-01	2026-08-04	NM_007294.4:c.5356_5358delinsATC	p.Leu1786Ile	missense	VUS	VUS	2	4	MISSING_FUNCTIONAL	MISSING_FUNCTIONAL	PM5:moderate		neighbour_evidence
2020-01-01	2026-08-04	NM_007294.4:c.5356_5358delinsATT	p.Leu1786Ile	missense	VUS	VUS	2	4	MISSING_FUNCTIONAL	MISSING_FUNCTIONAL	PM5:moderate		neighbour_evidence
2020-01-01	2026-08-04	NM_007294.4:c.5357_5358delinsAA	p.Leu1786Gln	missense	VUS	VUS	2	4	MISSING_FUNCTIONAL	MISSING_FUNCTIONAL	PM5:moderate		neighbour_evidence
2020-01-01	2026-08-04	NM_007294.4:c.5357_5358delinsAC	p.Leu1786His	missense	VUS	VUS	2	4	MISSING_FUNCTIONAL	MISSING_FUNCTIONAL	PM5:moderate		neighbour_evidence
2020-01-01	2026-08-04	NM_007294.4:c.5357_5358delinsAT	p.Leu1786His	missense	VUS	VUS	2	4	MISSING_FUNCTIONAL	MISSING_FUNCTIONAL	PM5:moderate		neighbour_evidence
2020-01-01	2026-08-04	NM_007294.4:c.5357_5358delinsCA	p.Leu1786Pro	missense	VUS	LP	2	6	MISSING_FUNCTIONAL	RESOLVED_NOT_BLOCKED	PS1:strong		neighbour_evidence
2020-01-01	2026-08-04	NM_007294.4:c.5357_5358delinsCC	p.Leu1786Pro	missense	VUS	LP	2	6	MISSING_FUNCTIONAL	RESOLVED_NOT_BLOCKED	PS1:strong		neighbour_evidence
2020-01-01	2026-08-04	NM_007294.4:c.5357_5358delinsCT	p.Leu1786Pro	missense	VUS	LP	2	6	MISSING_FUNCTIONAL	RESOLVED_NOT_BLOCKED	PS1:strong		neighbour_evidence
2020-01-01	2026-08-04	NM_007294.4:c.5357_5358delinsGA	p.Leu1786Arg	missense	VUS	VUS	2	4	MISSING_FUNCTIONAL	MISSING_FUNCTIONAL	PM5:moderate		neighbour_evidence
2020-01-01	2026-08-04	NM_007294.4:c.5357_5358delinsGC	p.Leu1786Arg	missense	VUS	VUS	2	4	MISSING_FUNCTIONAL	MISSING_FUNCTIONAL	PM5:moderate		neighbour_evidence
2020-01-01	2026-08-04	NM_007294.4:c.5357_5358delinsGT	p.Leu1786Arg	missense	VUS	VUS	2	4	MISSING_FUNCTIONAL	MISSING_FUNCTIONAL	PM5:moderate		neighbour_evidence
2020-01-01	2026-08-04	NM_007294.4:c.5356_5358delinsGAA	p.Leu1786Glu	missense	VUS	VUS	2	4	MISSING_FUNCTIONAL	MISSING_FUNCTIONAL	PM5:moderate		neighbour_evidence
2020-01-01	2026-08-04	NM_007294.4:c.5356_5358delinsGAC	p.Leu1786Asp	missense	VUS	VUS	2	4	MISSING_FUNCTIONAL	MISSING_FUNCTIONAL	PM5:moderate		neighbour_evidence
2020-01-01	2026-08-04	NM_007294.4:c.5356_5357delinsGA	p.Leu1786Glu	missense	VUS	VUS	2	4	MISSING_FUNCTIONAL	MISSING_FUNCTIONAL	PM5:moderate		neighbour_evidence
2020-01-01	2026-08-04	NM_007294.4:c.5356_5358delinsGAT	p.Leu1786Asp	missense	VUS	VUS	2	4	MISSING_FUNCTIONAL	MISSING_FUNCTIONAL	PM5:moderate		neighbour_evidence
2020-01-01	2026-08-04	NM_007294.4:c.5356_5358delinsGCA	p.Leu1786Ala	missense	VUS	VUS	2	4	MISSING_FUNCTIONAL	MISSING_FUNCTIONAL	PM5:moderate		neighbour_evidence
2020-01-01	2026-08-04	NM_007294.4:c.5356_5358delinsGCC	p.Leu1786Ala	missense	VUS	VUS	2	4	MISSING_FUNCTIONAL	MISSING_FUNCTIONAL	PM5:moderate		neighbour_evidence
2020-01-01	2026-08-04	NM_007294.4:c.5356_5357delinsGC	p.Leu1786Ala	missense	VUS	VUS	2	4	MISSING_FUNCTIONAL	MISSING_FUNCTIONAL	PM5:moderate		neighbour_evidence
2020-01-01	2026-08-04	NM_007294.4:c.5356_5358delinsGCT	p.Leu1786Ala	missense	VUS	VUS	2	4	MISSING_FUNCTIONAL	MISSING_FUNCTIONAL	PM5:moderate		neighbour_evidence
2020-01-01	2026-08-04	NM_007294.4:c.5356_5358delinsGGA	p.Leu1786Gly	missense	VUS	VUS	2	4	MISSING_FUNCTIONAL	MISSING_FUNCTIONAL	PM5:moderate		neighbour_evidence
2020-01-01	2026-08-04	NM_007294.4:c.5356_5358delinsGGC	p.Leu1786Gly	missense	VUS	VUS	2	4	MISSING_FUNCTIONAL	MISSING_FUNCTIONAL	PM5:moderate		neighbour_evidence
2020-01-01	2026-08-04	NM_007294.4:c.5356_5357delinsGG	p.Leu1786Gly	missense	VUS	VUS	2	4	MISSING_FUNCTIONAL	MISSING_FUNCTIONAL	PM5:moderate		neighbour_evidence
2020-01-01	2026-08-04	NM_007294.4:c.5356_5358delinsGGT	p.Leu1786Gly	missense	VUS	VUS	2	4	MISSING_FUNCTIONAL	MISSING_FUNCTIONAL	PM5:moderate		neighbour_evidence
2020-01-01	2026-08-04	NM_007294.4:c.5356_5358delinsGTA	p.Leu1786Val	missense	VUS	VUS	2	4	MISSING_FUNCTIONAL	MISSING_FUNCTIONAL	PM5:moderate		neighbour_evidence
2020-01-01	2026-08-04	NM_007294.4:c.5356_5358delinsGTC	p.Leu1786Val	missense	VUS	VUS	2	4	MISSING_FUNCTIONAL	MISSING_FUNCTIONAL	PM5:moderate		neighbour_evidence
2020-01-01	2026-08-04	NM_007294.4:c.5356_5358delinsGTT	p.Leu1786Val	missense	VUS	VUS	2	4	MISSING_FUNCTIONAL	MISSING_FUNCTIONAL	PM5:moderate		neighbour_evidence
2020-01-01	2026-08-04	NM_007294.4:c.5356_5358delinsTAC	p.Leu1786Tyr	missense	VUS	VUS	2	4	MISSING_FUNCTIONAL	MISSING_FUNCTIONAL	PM5:moderate		neighbour_evidence
2020-01-01	2026-08-04	NM_007294.4:c.5356_5358delinsTAT	p.Leu1786Tyr	missense	VUS	VUS	2	4	MISSING_FUNCTIONAL	MISSING_FUNCTIONAL	PM5:moderate		neighbour_evidence
2020-01-01	2026-08-04	NM_007294.4:c.5356_5358delinsTCA	p.Leu1786Ser	missense	VUS	VUS	2	4	MISSING_FUNCTIONAL	MISSING_FUNCTIONAL	PM5:moderate		neighbour_evidence
2020-01-01	2026-08-04	NM_007294.4:c.5356_5358delinsTCC	p.Leu1786Ser	missense	VUS	VUS	2	4	MISSING_FUNCTIONAL	MISSING_FUNCTIONAL	PM5:moderate		neighbour_evidence
2020-01-01	2026-08-04	NM_007294.4:c.5356_5357delinsTC	p.Leu1786Ser	missense	VUS	VUS	2	4	MISSING_FUNCTIONAL	MISSING_FUNCTIONAL	PM5:moderate		neighbour_evidence
2020-01-01	2026-08-04	NM_007294.4:c.5356_5358delinsTCT	p.Leu1786Ser	missense	VUS	VUS	2	4	MISSING_FUNCTIONAL	MISSING_FUNCTIONAL	PM5:moderate		neighbour_evidence
2020-01-01	2026-08-04	NM_007294.4:c.5356_5358delinsTGC	p.Leu1786Cys	missense	VUS	VUS	2	4	MISSING_FUNCTIONAL	MISSING_FUNCTIONAL	PM5:moderate		neighbour_evidence
2020-01-01	2026-08-04	NM_007294.4:c.5356_5357delinsTG	p.Leu1786Trp	missense	VUS	VUS	2	4	MISSING_FUNCTIONAL	MISSING_FUNCTIONAL	PM5:moderate		neighbour_evidence
2020-01-01	2026-08-04	NM_007294.4:c.5356_5358delinsTGT	p.Leu1786Cys	missense	VUS	VUS	2	4	MISSING_FUNCTIONAL	MISSING_FUNCTIONAL	PM5:moderate		neighbour_evidence
2020-01-01	2026-08-04	NM_007294.4:c.5356_5358delinsTTC	p.Leu1786Phe	missense	VUS	VUS	2	4	MISSING_FUNCTIONAL	MISSING_FUNCTIONAL	PM5:moderate		neighbour_evidence
2020-01-01	2026-08-04	NM_007294.4:c.5356_5358delinsTTT	p.Leu1786Phe	missense	VUS	VUS	2	4	MISSING_FUNCTIONAL	MISSING_FUNCTIONAL	PM5:moderate		neighbour_evidence
2020-01-01	2026-08-04	NM_007294.4:c.5359_5361delinsAAA	p.Cys1787Lys	missense	VUS	VUS	2	4	MISSING_FUNCTIONAL	MISSING_FUNCTIONAL	PM5:moderate		neighbour_evidence
2020-01-01	2026-08-04	NM_007294.4:c.5359_5361delinsAAC	p.Cys1787Asn	missense	VUS	VUS	2	4	MISSING_FUNCTIONAL	MISSING_FUNCTIONAL	PM5:moderate		neighbour_evidence
2020-01-01	2026-08-04	NM_007294.4:c.5359_5361delinsAAG	p.Cys1787Lys	missense	VUS	VUS	2	4	MISSING_FUNCTIONAL	MISSING_FUNCTIONAL	PM5:moderate		neighbour_evidence
2020-01-01	2026-08-04	NM_007294.4:c.5359_5360delinsAA	p.Cys1787Asn	missense	VUS	VUS	2	4	MISSING_FUNCTIONAL	MISSING_FUNCTIONAL	PM5:moderate		neighbour_evidence
2020-01-01	2026-08-04	NM_007294.4:c.5359_5361delinsACA	p.Cys1787Thr	missense	VUS	VUS	2	4	MISSING_FUNCTIONAL	MISSING_FUNCTIONAL	PM5:moderate		neighbour_evidence
2020-01-01	2026-08-04	NM_007294.4:c.5359_5361delinsACC	p.Cys1787Thr	missense	VUS	VUS	2	4	MISSING_FUNCTIONAL	MISSING_FUNCTIONAL	PM5:moderate		neighbour_evidence
2020-01-01	2026-08-04	NM_007294.4:c.5359_5361delinsACG	p.Cys1787Thr	missense	VUS	VUS	2	4	MISSING_FUNCTIONAL	MISSING_FUNCTIONAL	PM5:moderate		neighbour_evidence
2020-01-01	2026-08-04	NM_007294.4:c.5359_5360delinsAC	p.Cys1787Thr	missense	VUS	VUS	2	4	MISSING_FUNCTIONAL	MISSING_FUNCTIONAL	PM5:moderate		neighbour_evidence
2020-01-01	2026-08-04	NM_007294.4:c.5359_5361delinsAGA	p.Cys1787Arg	missense	VUS	VUS	2	4	MISSING_FUNCTIONAL	MISSING_FUNCTIONAL	PM5:moderate		neighbour_evidence
2020-01-01	2026-08-04	NM_007294.4:c.5359_5361delinsAGC	p.Cys1787Ser	missense	VUS	VUS	2	4	MISSING_FUNCTIONAL	MISSING_FUNCTIONAL	PM5:moderate		neighbour_evidence
2020-01-01	2026-08-04	NM_007294.4:c.5359_5361delinsAGG	p.Cys1787Arg	missense	VUS	VUS	2	4	MISSING_FUNCTIONAL	MISSING_FUNCTIONAL	PM5:moderate		neighbour_evidence
2020-01-01	2026-08-04	NM_007294.4:c.5359_5361delinsATA	p.Cys1787Ile	missense	VUS	VUS	2	4	MISSING_FUNCTIONAL	MISSING_FUNCTIONAL	PM5:moderate		neighbour_evidence
2020-01-01	2026-08-04	NM_007294.4:c.5359_5361delinsATC	p.Cys1787Ile	missense	VUS	VUS	2	4	MISSING_FUNCTIONAL	MISSING_FUNCTIONAL	PM5:moderate		neighbour_evidence
2020-01-01	2026-08-04	NM_007294.4:c.5359_5361delinsATG	p.Cys1787Met	missense	VUS	VUS	2	4	MISSING_FUNCTIONAL	MISSING_FUNCTIONAL	PM5:moderate		neighbour_evidence
2020-01-01	2026-08-04	NM_007294.4:c.5359_5360delinsAT	p.Cys1787Ile	missense	VUS	VUS	2	4	MISSING_FUNCTIONAL	MISSING_FUNCTIONAL	PM5:moderate		neighbour_evidence
2020-01-01	2026-08-04	NM_007294.4:c.5359_5361delinsCAA	p.Cys1787Gln	missense	VUS	VUS	2	4	MISSING_FUNCTIONAL	MISSING_FUNCTIONAL	PM5:moderate		neighbour_evidence
2020-01-01	2026-08-04	NM_007294.4:c.5359_5361delinsCAC	p.Cys1787His	missense	VUS	VUS	2	4	MISSING_FUNCTIONAL	MISSING_FUNCTIONAL	PM5:moderate		neighbour_evidence
2020-01-01	2026-08-04	NM_007294.4:c.5359_5361delinsCAG	p.Cys1787Gln	missense	VUS	VUS	2	4	MISSING_FUNCTIONAL	MISSING_FUNCTIONAL	PM5:moderate		neighbour_evidence
2020-01-01	2026-08-04	NM_007294.4:c.5359_5360delinsCA	p.Cys1787His	missense	VUS	VUS	2	4	MISSING_FUNCTIONAL	MISSING_FUNCTIONAL	PM5:moderate		neighbour_evidence
2020-01-01	2026-08-04	NM_007294.4:c.5359_5361delinsCCA	p.Cys1787Pro	missense	VUS	VUS	2	4	MISSING_FUNCTIONAL	MISSING_FUNCTIONAL	PM5:moderate		neighbour_evidence
2020-01-01	2026-08-04	NM_007294.4:c.5359_5361delinsCCC	p.Cys1787Pro	missense	VUS	VUS	2	4	MISSING_FUNCTIONAL	MISSING_FUNCTIONAL	PM5:moderate		neighbour_evidence
2020-01-01	2026-08-04	NM_007294.4:c.5359_5361delinsCCG	p.Cys1787Pro	missense	VUS	VUS	2	4	MISSING_FUNCTIONAL	MISSING_FUNCTIONAL	PM5:moderate		neighbour_evidence
2020-01-01	2026-08-04	NM_007294.4:c.5359_5360delinsCC	p.Cys1787Pro	missense	VUS	VUS	2	4	MISSING_FUNCTIONAL	MISSING_FUNCTIONAL	PM5:moderate		neighbour_evidence
2020-01-01	2026-08-04	NM_007294.4:c.5359_5361delinsCGA	p.Cys1787Arg	missense	VUS	VUS	2	4	MISSING_FUNCTIONAL	MISSING_FUNCTIONAL	PM5:moderate		neighbour_evidence
2020-01-01	2026-08-04	NM_007294.4:c.5359_5361delinsCGC	p.Cys1787Arg	missense	VUS	VUS	2	4	MISSING_FUNCTIONAL	MISSING_FUNCTIONAL	PM5:moderate		neighbour_evidence
2020-01-01	2026-08-04	NM_007294.4:c.5359_5361delinsCGG	p.Cys1787Arg	missense	VUS	VUS	2	4	MISSING_FUNCTIONAL	MISSING_FUNCTIONAL	PM5:moderate		neighbour_evidence
2020-01-01	2026-08-04	NM_007294.4:c.5359_5361delinsCTA	p.Cys1787Leu	missense	VUS	VUS	2	4	MISSING_FUNCTIONAL	MISSING_FUNCTIONAL	PM5:moderate		neighbour_evidence
2020-01-01	2026-08-04	NM_007294.4:c.5359_5361delinsCTC	p.Cys1787Leu	missense	VUS	VUS	2	4	MISSING_FUNCTIONAL	MISSING_FUNCTIONAL	PM5:moderate		neighbour_evidence
2020-01-01	2026-08-04	NM_007294.4:c.5359_5361delinsCTG	p.Cys1787Leu	missense	VUS	VUS	2	4	MISSING_FUNCTIONAL	MISSING_FUNCTIONAL	PM5:moderate		neighbour_evidence
2020-01-01	2026-08-04	NM_007294.4:c.5359_5360delinsCT	p.Cys1787Leu	missense	VUS	VUS	2	4	MISSING_FUNCTIONAL	MISSING_FUNCTIONAL	PM5:moderate		neighbour_evidence
2020-01-01	2026-08-04	NM_007294.4:c.5359_5361delinsGAA	p.Cys1787Glu	missense	VUS	VUS	2	4	MISSING_FUNCTIONAL	MISSING_FUNCTIONAL	PM5:moderate		neighbour_evidence
2020-01-01	2026-08-04	NM_007294.4:c.5359_5361delinsGAC	p.Cys1787Asp	missense	VUS	VUS	2	4	MISSING_FUNCTIONAL	MISSING_FUNCTIONAL	PM5:moderate		neighbour_evidence
2020-01-01	2026-08-04	NM_007294.4:c.5359_5361delinsGAG	p.Cys1787Glu	missense	VUS	VUS	2	4	MISSING_FUNCTIONAL	MISSING_FUNCTIONAL	PM5:moderate		neighbour_evidence
2020-01-01	2026-08-04	NM_007294.4:c.5359_5360delinsGA	p.Cys1787Asp	missense	VUS	VUS	2	4	MISSING_FUNCTIONAL	MISSING_FUNCTIONAL	PM5:moderate		neighbour_evidence
2020-01-01	2026-08-04	NM_007294.4:c.5359_5361delinsGCA	p.Cys1787Ala	missense	VUS	VUS	2	4	MISSING_FUNCTIONAL	MISSING_FUNCTIONAL	PM5:moderate		neighbour_evidence
2020-01-01	2026-08-04	NM_007294.4:c.5359_5361delinsGCC	p.Cys1787Ala	missense	VUS	VUS	2	4	MISSING_FUNCTIONAL	MISSING_FUNCTIONAL	PM5:moderate		neighbour_evidence
2020-01-01	2026-08-04	NM_007294.4:c.5359_5361delinsGCG	p.Cys1787Ala	missense	VUS	VUS	2	4	MISSING_FUNCTIONAL	MISSING_FUNCTIONAL	PM5:moderate		neighbour_evidence
2020-01-01	2026-08-04	NM_007294.4:c.5359_5360delinsGC	p.Cys1787Ala	missense	VUS	VUS	2	4	MISSING_FUNCTIONAL	MISSING_FUNCTIONAL	PM5:moderate		neighbour_evidence
2020-01-01	2026-08-04	NM_007294.4:c.5359_5361delinsGGA	p.Cys1787Gly	missense	VUS	VUS	2	4	MISSING_FUNCTIONAL	MISSING_FUNCTIONAL	PM5:moderate		neighbour_evidence
2020-01-01	2026-08-04	NM_007294.4:c.5359_5361delinsGGC	p.Cys1787Gly	missense	VUS	VUS	2	4	MISSING_FUNCTIONAL	MISSING_FUNCTIONAL	PM5:moderate		neighbour_evidence
2020-01-01	2026-08-04	NM_007294.4:c.5359_5361delinsGGG	p.Cys1787Gly	missense	VUS	VUS	2	4	MISSING_FUNCTIONAL	MISSING_FUNCTIONAL	PM5:moderate		neighbour_evidence
2020-01-01	2026-08-04	NM_007294.4:c.5359_5361delinsGTA	p.Cys1787Val	missense	VUS	VUS	2	4	MISSING_FUNCTIONAL	MISSING_FUNCTIONAL	PM5:moderate		neighbour_evidence
2020-01-01	2026-08-04	NM_007294.4:c.5359_5361delinsGTC	p.Cys1787Val	missense	VUS	VUS	2	4	MISSING_FUNCTIONAL	MISSING_FUNCTIONAL	PM5:moderate		neighbour_evidence
2020-01-01	2026-08-04	NM_007294.4:c.5359_5361delinsGTG	p.Cys1787Val	missense	VUS	VUS	2	4	MISSING_FUNCTIONAL	MISSING_FUNCTIONAL	PM5:moderate		neighbour_evidence
2020-01-01	2026-08-04	NM_007294.4:c.5359_5360delinsGT	p.Cys1787Val	missense	VUS	VUS	2	4	MISSING_FUNCTIONAL	MISSING_FUNCTIONAL	PM5:moderate		neighbour_evidence
2020-01-01	2026-08-04	NM_007294.4:c.5360_5361delinsAC	p.Cys1787Tyr	missense	VUS	LP	2	6	MISSING_FUNCTIONAL	RESOLVED_NOT_BLOCKED	PS1:strong		neighbour_evidence
2020-01-01	2026-08-04	NM_007294.4:c.5360_5361delinsCA	p.Cys1787Ser	missense	VUS	VUS	2	4	MISSING_FUNCTIONAL	MISSING_FUNCTIONAL	PM5:moderate		neighbour_evidence
2020-01-01	2026-08-04	NM_007294.4:c.5360_5361delinsCC	p.Cys1787Ser	missense	VUS	VUS	2	4	MISSING_FUNCTIONAL	MISSING_FUNCTIONAL	PM5:moderate		neighbour_evidence
2020-01-01	2026-08-04	NM_007294.4:c.5360_5361delinsCG	p.Cys1787Ser	missense	VUS	VUS	2	4	MISSING_FUNCTIONAL	MISSING_FUNCTIONAL	PM5:moderate		neighbour_evidence
2020-01-01	2026-08-04	NM_007294.4:c.5360_5361delinsTA	p.Cys1787Leu	missense	VUS	VUS	2	4	MISSING_FUNCTIONAL	MISSING_FUNCTIONAL	PM5:moderate		neighbour_evidence
2020-01-01	2026-08-04	NM_007294.4:c.5360_5361delinsTC	p.Cys1787Phe	missense	VUS	VUS	2	4	MISSING_FUNCTIONAL	MISSING_FUNCTIONAL	PM5:moderate		neighbour_evidence
2020-01-01	2026-08-04	NM_007294.4:c.5360_5361delinsTG	p.Cys1787Leu	missense	VUS	VUS	2	4	MISSING_FUNCTIONAL	MISSING_FUNCTIONAL	PM5:moderate		neighbour_evidence
2020-01-01	2026-08-04	NM_007294.4:c.5362_5364delinsAAA	p.Gly1788Lys	missense	VUS	VUS	2	4	MISSING_FUNCTIONAL	MISSING_FUNCTIONAL	PM5:moderate		neighbour_evidence
2020-01-01	2026-08-04	NM_007294.4:c.5362_5364delinsAAC	p.Gly1788Asn	missense	VUS	VUS	2	4	MISSING_FUNCTIONAL	MISSING_FUNCTIONAL	PM5:moderate		neighbour_evidence
2020-01-01	2026-08-04	NM_007294.4:c.5362_5364delinsAAG	p.Gly1788Lys	missense	VUS	VUS	2	4	MISSING_FUNCTIONAL	MISSING_FUNCTIONAL	PM5:moderate		neighbour_evidence
2020-01-01	2026-08-04	NM_007294.4:c.5362_5363delinsAA	p.Gly1788Asn	missense	VUS	VUS	2	4	MISSING_FUNCTIONAL	MISSING_FUNCTIONAL	PM5:moderate		neighbour_evidence
2020-01-01	2026-08-04	NM_007294.4:c.5362_5364delinsACA	p.Gly1788Thr	missense	VUS	VUS	2	4	MISSING_FUNCTIONAL	MISSING_FUNCTIONAL	PM5:moderate		neighbour_evidence
2020-01-01	2026-08-04	NM_007294.4:c.5362_5364delinsACC	p.Gly1788Thr	missense	VUS	VUS	2	4	MISSING_FUNCTIONAL	MISSING_FUNCTIONAL	PM5:moderate		neighbour_evidence
2020-01-01	2026-08-04	NM_007294.4:c.5362_5364delinsACG	p.Gly1788Thr	missense	VUS	VUS	2	4	MISSING_FUNCTIONAL	MISSING_FUNCTIONAL	PM5:moderate		neighbour_evidence
2020-01-01	2026-08-04	NM_007294.4:c.5362_5363delinsAC	p.Gly1788Thr	missense	VUS	VUS	2	4	MISSING_FUNCTIONAL	MISSING_FUNCTIONAL	PM5:moderate		neighbour_evidence
2020-01-01	2026-08-04	NM_007294.4:c.5362_5364delinsAGA	p.Gly1788Arg	missense	VUS	VUS	2	4	MISSING_FUNCTIONAL	MISSING_FUNCTIONAL	PM5:moderate		neighbour_evidence
2020-01-01	2026-08-04	NM_007294.4:c.5362_5364delinsAGC	p.Gly1788Ser	missense	VUS	LP	2	8	MISSING_FUNCTIONAL	RESOLVED_NOT_BLOCKED	PM5:moderate;PS1:strong		neighbour_evidence
2020-01-01	2026-08-04	NM_007294.4:c.5362_5364delinsAGG	p.Gly1788Arg	missense	VUS	VUS	2	4	MISSING_FUNCTIONAL	MISSING_FUNCTIONAL	PM5:moderate		neighbour_evidence
2020-01-01	2026-08-04	NM_007294.4:c.5362_5364delinsATA	p.Gly1788Ile	missense	VUS	VUS	2	4	MISSING_FUNCTIONAL	MISSING_FUNCTIONAL	PM5:moderate		neighbour_evidence
2020-01-01	2026-08-04	NM_007294.4:c.5362_5364delinsATC	p.Gly1788Ile	missense	VUS	VUS	2	4	MISSING_FUNCTIONAL	MISSING_FUNCTIONAL	PM5:moderate		neighbour_evidence
2020-01-01	2026-08-04	NM_007294.4:c.5362_5364delinsATG	p.Gly1788Met	missense	VUS	VUS	2	4	MISSING_FUNCTIONAL	MISSING_FUNCTIONAL	PM5:moderate		neighbour_evidence
2020-01-01	2026-08-04	NM_007294.4:c.5362_5363delinsAT	p.Gly1788Ile	missense	VUS	VUS	2	4	MISSING_FUNCTIONAL	MISSING_FUNCTIONAL	PM5:moderate		neighbour_evidence
2020-01-01	2026-08-04	NM_007294.4:c.5362_5364delinsCAA	p.Gly1788Gln	missense	VUS	VUS	2	4	MISSING_FUNCTIONAL	MISSING_FUNCTIONAL	PM5:moderate		neighbour_evidence
2020-01-01	2026-08-04	NM_007294.4:c.5362_5364delinsCAC	p.Gly1788His	missense	VUS	VUS	2	4	MISSING_FUNCTIONAL	MISSING_FUNCTIONAL	PM5:moderate		neighbour_evidence
2020-01-01	2026-08-04	NM_007294.4:c.5362_5364delinsCAG	p.Gly1788Gln	missense	VUS	VUS	2	4	MISSING_FUNCTIONAL	MISSING_FUNCTIONAL	PM5:moderate		neighbour_evidence
2020-01-01	2026-08-04	NM_007294.4:c.5362_5363delinsCA	p.Gly1788His	missense	VUS	VUS	2	4	MISSING_FUNCTIONAL	MISSING_FUNCTIONAL	PM5:moderate		neighbour_evidence
2020-01-01	2026-08-04	NM_007294.4:c.5362_5364delinsCCA	p.Gly1788Pro	missense	VUS	VUS	2	4	MISSING_FUNCTIONAL	MISSING_FUNCTIONAL	PM5:moderate		neighbour_evidence
2020-01-01	2026-08-04	NM_007294.4:c.5362_5364delinsCCC	p.Gly1788Pro	missense	VUS	VUS	2	4	MISSING_FUNCTIONAL	MISSING_FUNCTIONAL	PM5:moderate		neighbour_evidence
2020-01-01	2026-08-04	NM_007294.4:c.5362_5364delinsCCG	p.Gly1788Pro	missense	VUS	VUS	2	4	MISSING_FUNCTIONAL	MISSING_FUNCTIONAL	PM5:moderate		neighbour_evidence
2020-01-01	2026-08-04	NM_007294.4:c.5362_5363delinsCC	p.Gly1788Pro	missense	VUS	VUS	2	4	MISSING_FUNCTIONAL	MISSING_FUNCTIONAL	PM5:moderate		neighbour_evidence
2020-01-01	2026-08-04	NM_007294.4:c.5362_5364delinsCGA	p.Gly1788Arg	missense	VUS	VUS	2	4	MISSING_FUNCTIONAL	MISSING_FUNCTIONAL	PM5:moderate		neighbour_evidence
2020-01-01	2026-08-04	NM_007294.4:c.5362_5364delinsCGC	p.Gly1788Arg	missense	VUS	VUS	2	4	MISSING_FUNCTIONAL	MISSING_FUNCTIONAL	PM5:moderate		neighbour_evidence
2020-01-01	2026-08-04	NM_007294.4:c.5362_5364delinsCGG	p.Gly1788Arg	missense	VUS	VUS	2	4	MISSING_FUNCTIONAL	MISSING_FUNCTIONAL	PM5:moderate		neighbour_evidence
2020-01-01	2026-08-04	NM_007294.4:c.5362_5364delinsCTA	p.Gly1788Leu	missense	VUS	VUS	2	4	MISSING_FUNCTIONAL	MISSING_FUNCTIONAL	PM5:moderate		neighbour_evidence
2020-01-01	2026-08-04	NM_007294.4:c.5362_5364delinsCTC	p.Gly1788Leu	missense	VUS	VUS	2	4	MISSING_FUNCTIONAL	MISSING_FUNCTIONAL	PM5:moderate		neighbour_evidence
2020-01-01	2026-08-04	NM_007294.4:c.5362_5364delinsCTG	p.Gly1788Leu	missense	VUS	VUS	2	4	MISSING_FUNCTIONAL	MISSING_FUNCTIONAL	PM5:moderate		neighbour_evidence
2020-01-01	2026-08-04	NM_007294.4:c.5362_5363delinsCT	p.Gly1788Leu	missense	VUS	VUS	2	4	MISSING_FUNCTIONAL	MISSING_FUNCTIONAL	PM5:moderate		neighbour_evidence
2020-01-01	2026-08-04	NM_007294.4:c.5363_5364delinsAA	p.Gly1788Glu	missense	VUS	VUS	2	4	MISSING_FUNCTIONAL	MISSING_FUNCTIONAL	PM5:moderate		neighbour_evidence
2020-01-01	2026-08-04	NM_007294.4:c.5363_5364delinsAC	p.Gly1788Asp	missense	VUS	VUS	2	4	MISSING_FUNCTIONAL	MISSING_FUNCTIONAL	PM5:moderate		neighbour_evidence
2020-01-01	2026-08-04	NM_007294.4:c.5363_5364delinsAG	p.Gly1788Glu	missense	VUS	VUS	2	4	MISSING_FUNCTIONAL	MISSING_FUNCTIONAL	PM5:moderate		neighbour_evidence
2020-01-01	2026-08-04	NM_007294.4:c.5363_5364delinsCA	p.Gly1788Ala	missense	VUS	LP	2	8	MISSING_FUNCTIONAL	RESOLVED_NOT_BLOCKED	PM5:moderate;PS1:strong		neighbour_evidence
2020-01-01	2026-08-04	NM_007294.4:c.5363_5364delinsCC	p.Gly1788Ala	missense	VUS	LP	2	8	MISSING_FUNCTIONAL	RESOLVED_NOT_BLOCKED	PM5:moderate;PS1:strong		neighbour_evidence
2020-01-01	2026-08-04	NM_007294.4:c.5363_5364delinsCG	p.Gly1788Ala	missense	VUS	LP	2	8	MISSING_FUNCTIONAL	RESOLVED_NOT_BLOCKED	PM5:moderate;PS1:strong		neighbour_evidence
2020-01-01	2026-08-04	NM_007294.4:c.5363_5364delinsTA	p.Gly1788Val	missense	VUS	LP	2	8	MISSING_FUNCTIONAL	RESOLVED_NOT_BLOCKED	PM5:moderate;PS1:strong		neighbour_evidence
2020-01-01	2026-08-04	NM_007294.4:c.5363_5364delinsTC	p.Gly1788Val	missense	VUS	LP	2	8	MISSING_FUNCTIONAL	RESOLVED_NOT_BLOCKED	PM5:moderate;PS1:strong		neighbour_evidence
2020-01-01	2026-08-04	NM_007294.4:c.5363_5364delinsTG	p.Gly1788Val	missense	VUS	LP	2	8	MISSING_FUNCTIONAL	RESOLVED_NOT_BLOCKED	PM5:moderate;PS1:strong		neighbour_evidence
2020-01-01	2026-08-04	NM_007294.4:c.5362_5364delinsTAC	p.Gly1788Tyr	missense	VUS	VUS	2	4	MISSING_FUNCTIONAL	MISSING_FUNCTIONAL	PM5:moderate		neighbour_evidence
2020-01-01	2026-08-04	NM_007294.4:c.5362_5363delinsTA	p.Gly1788Tyr	missense	VUS	VUS	2	4	MISSING_FUNCTIONAL	MISSING_FUNCTIONAL	PM5:moderate		neighbour_evidence
2020-01-01	2026-08-04	NM_007294.4:c.5362_5364delinsTCA	p.Gly1788Ser	missense	VUS	LP	2	8	MISSING_FUNCTIONAL	RESOLVED_NOT_BLOCKED	PM5:moderate;PS1:strong		neighbour_evidence
2020-01-01	2026-08-04	NM_007294.4:c.5362_5364delinsTCC	p.Gly1788Ser	missense	VUS	LP	2	8	MISSING_FUNCTIONAL	RESOLVED_NOT_BLOCKED	PM5:moderate;PS1:strong		neighbour_evidence
2020-01-01	2026-08-04	NM_007294.4:c.5362_5364delinsTCG	p.Gly1788Ser	missense	VUS	LP	2	8	MISSING_FUNCTIONAL	RESOLVED_NOT_BLOCKED	PM5:moderate;PS1:strong		neighbour_evidence
2020-01-01	2026-08-04	NM_007294.4:c.5362_5363delinsTC	p.Gly1788Ser	missense	VUS	LP	2	8	MISSING_FUNCTIONAL	RESOLVED_NOT_BLOCKED	PM5:moderate;PS1:strong		neighbour_evidence
2020-01-01	2026-08-04	NM_007294.4:c.5362_5364delinsTGC	p.Gly1788Cys	missense	VUS	LP	2	8	MISSING_FUNCTIONAL	RESOLVED_NOT_BLOCKED	PM5:moderate;PS1:strong		neighbour_evidence
2020-01-01	2026-08-04	NM_007294.4:c.5362_5364delinsTGG	p.Gly1788Trp	missense	VUS	VUS	2	4	MISSING_FUNCTIONAL	MISSING_FUNCTIONAL	PM5:moderate		neighbour_evidence
2020-01-01	2026-08-04	NM_007294.4:c.5362_5364delinsTTA	p.Gly1788Leu	missense	VUS	VUS	2	4	MISSING_FUNCTIONAL	MISSING_FUNCTIONAL	PM5:moderate		neighbour_evidence
2020-01-01	2026-08-04	NM_007294.4:c.5362_5364delinsTTC	p.Gly1788Phe	missense	VUS	VUS	2	4	MISSING_FUNCTIONAL	MISSING_FUNCTIONAL	PM5:moderate		neighbour_evidence
2020-01-01	2026-08-04	NM_007294.4:c.5362_5364delinsTTG	p.Gly1788Leu	missense	VUS	VUS	2	4	MISSING_FUNCTIONAL	MISSING_FUNCTIONAL	PM5:moderate		neighbour_evidence
2020-01-01	2026-08-04	NM_007294.4:c.5362_5363delinsTT	p.Gly1788Phe	missense	VUS	VUS	2	4	MISSING_FUNCTIONAL	MISSING_FUNCTIONAL	PM5:moderate		neighbour_evidence
2020-01-01	2026-08-04	NM_007294.4:c.5365_5367delinsAAA	p.Ala1789Lys	missense	VUS	VUS	2	4	MISSING_FUNCTIONAL	MISSING_FUNCTIONAL	PM5:moderate		neighbour_evidence
2020-01-01	2026-08-04	NM_007294.4:c.5365_5367delinsAAC	p.Ala1789Asn	missense	VUS	VUS	2	4	MISSING_FUNCTIONAL	MISSING_FUNCTIONAL	PM5:moderate		neighbour_evidence
2020-01-01	2026-08-04	NM_007294.4:c.5365_5367delinsAAG	p.Ala1789Lys	missense	VUS	VUS	2	4	MISSING_FUNCTIONAL	MISSING_FUNCTIONAL	PM5:moderate		neighbour_evidence
2020-01-01	2026-08-04	NM_007294.4:c.5365_5366delinsAA	p.Ala1789Asn	missense	VUS	VUS	2	4	MISSING_FUNCTIONAL	MISSING_FUNCTIONAL	PM5:moderate		neighbour_evidence
2020-01-01	2026-08-04	NM_007294.4:c.5365_5367delinsACA	p.Ala1789Thr	missense	VUS	LP	2	8	MISSING_FUNCTIONAL	RESOLVED_NOT_BLOCKED	PM5:moderate;PS1:strong		neighbour_evidence
2020-01-01	2026-08-04	NM_007294.4:c.5365_5367delinsACC	p.Ala1789Thr	missense	VUS	LP	2	8	MISSING_FUNCTIONAL	RESOLVED_NOT_BLOCKED	PM5:moderate;PS1:strong		neighbour_evidence
2020-01-01	2026-08-04	NM_007294.4:c.5365_5367delinsACG	p.Ala1789Thr	missense	VUS	LP	2	8	MISSING_FUNCTIONAL	RESOLVED_NOT_BLOCKED	PM5:moderate;PS1:strong		neighbour_evidence
2020-01-01	2026-08-04	NM_007294.4:c.5365_5367delinsAGA	p.Ala1789Arg	missense	VUS	VUS	2	4	MISSING_FUNCTIONAL	MISSING_FUNCTIONAL	PM5:moderate		neighbour_evidence
2020-01-01	2026-08-04	NM_007294.4:c.5365_5367delinsAGC	p.Ala1789Ser	missense	VUS	VUS	2	4	MISSING_FUNCTIONAL	MISSING_FUNCTIONAL	PM5:moderate		neighbour_evidence
2020-01-01	2026-08-04	NM_007294.4:c.5365_5367delinsAGG	p.Ala1789Arg	missense	VUS	VUS	2	4	MISSING_FUNCTIONAL	MISSING_FUNCTIONAL	PM5:moderate		neighbour_evidence
2020-01-01	2026-08-04	NM_007294.4:c.5365_5366delinsAG	p.Ala1789Ser	missense	VUS	VUS	2	4	MISSING_FUNCTIONAL	MISSING_FUNCTIONAL	PM5:moderate		neighbour_evidence
2020-01-01	2026-08-04	NM_007294.4:c.5365_5367delinsATA	p.Ala1789Ile	missense	VUS	VUS	2	4	MISSING_FUNCTIONAL	MISSING_FUNCTIONAL	PM5:moderate		neighbour_evidence
2020-01-01	2026-08-04	NM_007294.4:c.5365_5367delinsATC	p.Ala1789Ile	missense	VUS	VUS	2	4	MISSING_FUNCTIONAL	MISSING_FUNCTIONAL	PM5:moderate		neighbour_evidence
2020-01-01	2026-08-04	NM_007294.4:c.5365_5367delinsATG	p.Ala1789Met	missense	VUS	VUS	2	4	MISSING_FUNCTIONAL	MISSING_FUNCTIONAL	PM5:moderate		neighbour_evidence
2020-01-01	2026-08-04	NM_007294.4:c.5365_5366delinsAT	p.Ala1789Ile	missense	VUS	VUS	2	4	MISSING_FUNCTIONAL	MISSING_FUNCTIONAL	PM5:moderate		neighbour_evidence
2020-01-01	2026-08-04	NM_007294.4:c.5365_5367delinsCAA	p.Ala1789Gln	missense	VUS	VUS	2	4	MISSING_FUNCTIONAL	MISSING_FUNCTIONAL	PM5:moderate		neighbour_evidence
2020-01-01	2026-08-04	NM_007294.4:c.5365_5367delinsCAC	p.Ala1789His	missense	VUS	VUS	2	4	MISSING_FUNCTIONAL	MISSING_FUNCTIONAL	PM5:moderate		neighbour_evidence
2020-01-01	2026-08-04	NM_007294.4:c.5365_5367delinsCAG	p.Ala1789Gln	missense	VUS	VUS	2	4	MISSING_FUNCTIONAL	MISSING_FUNCTIONAL	PM5:moderate		neighbour_evidence
2020-01-01	2026-08-04	NM_007294.4:c.5365_5366delinsCA	p.Ala1789His	missense	VUS	VUS	2	4	MISSING_FUNCTIONAL	MISSING_FUNCTIONAL	PM5:moderate		neighbour_evidence
2020-01-01	2026-08-04	NM_007294.4:c.5365_5367delinsCCA	p.Ala1789Pro	missense	VUS	VUS	2	4	MISSING_FUNCTIONAL	MISSING_FUNCTIONAL	PM5:moderate		neighbour_evidence
2020-01-01	2026-08-04	NM_007294.4:c.5365_5367delinsCCC	p.Ala1789Pro	missense	VUS	VUS	2	4	MISSING_FUNCTIONAL	MISSING_FUNCTIONAL	PM5:moderate		neighbour_evidence
2020-01-01	2026-08-04	NM_007294.4:c.5365_5367delinsCCG	p.Ala1789Pro	missense	VUS	VUS	2	4	MISSING_FUNCTIONAL	MISSING_FUNCTIONAL	PM5:moderate		neighbour_evidence
2020-01-01	2026-08-04	NM_007294.4:c.5365_5367delinsCGA	p.Ala1789Arg	missense	VUS	VUS	2	4	MISSING_FUNCTIONAL	MISSING_FUNCTIONAL	PM5:moderate		neighbour_evidence
2020-01-01	2026-08-04	NM_007294.4:c.5365_5367delinsCGC	p.Ala1789Arg	missense	VUS	VUS	2	4	MISSING_FUNCTIONAL	MISSING_FUNCTIONAL	PM5:moderate		neighbour_evidence
2020-01-01	2026-08-04	NM_007294.4:c.5365_5367delinsCGG	p.Ala1789Arg	missense	VUS	VUS	2	4	MISSING_FUNCTIONAL	MISSING_FUNCTIONAL	PM5:moderate		neighbour_evidence
2020-01-01	2026-08-04	NM_007294.4:c.5365_5366delinsCG	p.Ala1789Arg	missense	VUS	VUS	2	4	MISSING_FUNCTIONAL	MISSING_FUNCTIONAL	PM5:moderate		neighbour_evidence
2020-01-01	2026-08-04	NM_007294.4:c.5365_5367delinsCTA	p.Ala1789Leu	missense	VUS	VUS	2	4	MISSING_FUNCTIONAL	MISSING_FUNCTIONAL	PM5:moderate		neighbour_evidence
2020-01-01	2026-08-04	NM_007294.4:c.5365_5367delinsCTC	p.Ala1789Leu	missense	VUS	VUS	2	4	MISSING_FUNCTIONAL	MISSING_FUNCTIONAL	PM5:moderate		neighbour_evidence
2020-01-01	2026-08-04	NM_007294.4:c.5365_5367delinsCTG	p.Ala1789Leu	missense	VUS	VUS	2	4	MISSING_FUNCTIONAL	MISSING_FUNCTIONAL	PM5:moderate		neighbour_evidence
2020-01-01	2026-08-04	NM_007294.4:c.5365_5366delinsCT	p.Ala1789Leu	missense	VUS	VUS	2	4	MISSING_FUNCTIONAL	MISSING_FUNCTIONAL	PM5:moderate		neighbour_evidence
2020-01-01	2026-08-04	NM_007294.4:c.5366_5367delinsAA	p.Ala1789Glu	missense	VUS	VUS	2	4	MISSING_FUNCTIONAL	MISSING_FUNCTIONAL	PM5:moderate		neighbour_evidence
2020-01-01	2026-08-04	NM_007294.4:c.5366_5367delinsAC	p.Ala1789Asp	missense	VUS	LP	2	8	MISSING_FUNCTIONAL	RESOLVED_NOT_BLOCKED	PM5:moderate;PS1:strong		neighbour_evidence
2020-01-01	2026-08-04	NM_007294.4:c.5366_5367delinsAG	p.Ala1789Glu	missense	VUS	VUS	2	4	MISSING_FUNCTIONAL	MISSING_FUNCTIONAL	PM5:moderate		neighbour_evidence
2020-01-01	2026-08-04	NM_007294.4:c.5366_5367delinsGA	p.Ala1789Gly	missense	VUS	VUS	2	4	MISSING_FUNCTIONAL	MISSING_FUNCTIONAL	PM5:moderate		neighbour_evidence
2020-01-01	2026-08-04	NM_007294.4:c.5366_5367delinsGC	p.Ala1789Gly	missense	VUS	VUS	2	4	MISSING_FUNCTIONAL	MISSING_FUNCTIONAL	PM5:moderate		neighbour_evidence
2020-01-01	2026-08-04	NM_007294.4:c.5366_5367delinsGG	p.Ala1789Gly	missense	VUS	VUS	2	4	MISSING_FUNCTIONAL	MISSING_FUNCTIONAL	PM5:moderate		neighbour_evidence
2020-01-01	2026-08-04	NM_007294.4:c.5366_5367delinsTA	p.Ala1789Val	missense	VUS	LP	2	8	MISSING_FUNCTIONAL	RESOLVED_NOT_BLOCKED	PM5:moderate;PS1:strong		neighbour_evidence
2020-01-01	2026-08-04	NM_007294.4:c.5366_5367delinsTC	p.Ala1789Val	missense	VUS	LP	2	8	MISSING_FUNCTIONAL	RESOLVED_NOT_BLOCKED	PM5:moderate;PS1:strong		neighbour_evidence
2020-01-01	2026-08-04	NM_007294.4:c.5366_5367delinsTG	p.Ala1789Val	missense	VUS	LP	2	8	MISSING_FUNCTIONAL	RESOLVED_NOT_BLOCKED	PM5:moderate;PS1:strong		neighbour_evidence
2020-01-01	2026-08-04	NM_007294.4:c.5365_5367delinsTAC	p.Ala1789Tyr	missense	VUS	VUS	2	4	MISSING_FUNCTIONAL	MISSING_FUNCTIONAL	PM5:moderate		neighbour_evidence
2020-01-01	2026-08-04	NM_007294.4:c.5365_5366delinsTA	p.Ala1789Tyr	missense	VUS	VUS	2	4	MISSING_FUNCTIONAL	MISSING_FUNCTIONAL	PM5:moderate		neighbour_evidence
2020-01-01	2026-08-04	NM_007294.4:c.5365_5367delinsTCA	p.Ala1789Ser	missense	VUS	VUS	2	4	MISSING_FUNCTIONAL	MISSING_FUNCTIONAL	PM5:moderate		neighbour_evidence
2020-01-01	2026-08-04	NM_007294.4:c.5365_5367delinsTCC	p.Ala1789Ser	missense	VUS	VUS	2	4	MISSING_FUNCTIONAL	MISSING_FUNCTIONAL	PM5:moderate		neighbour_evidence
2020-01-01	2026-08-04	NM_007294.4:c.5365_5367delinsTCG	p.Ala1789Ser	missense	VUS	VUS	2	4	MISSING_FUNCTIONAL	MISSING_FUNCTIONAL	PM5:moderate		neighbour_evidence
2020-01-01	2026-08-04	NM_007294.4:c.5365_5367delinsTGC	p.Ala1789Cys	missense	VUS	VUS	2	4	MISSING_FUNCTIONAL	MISSING_FUNCTIONAL	PM5:moderate		neighbour_evidence
2020-01-01	2026-08-04	NM_007294.4:c.5365_5367delinsTGG	p.Ala1789Trp	missense	VUS	VUS	2	4	MISSING_FUNCTIONAL	MISSING_FUNCTIONAL	PM5:moderate		neighbour_evidence
2020-01-01	2026-08-04	NM_007294.4:c.5365_5366delinsTG	p.Ala1789Cys	missense	VUS	VUS	2	4	MISSING_FUNCTIONAL	MISSING_FUNCTIONAL	PM5:moderate		neighbour_evidence
2020-01-01	2026-08-04	NM_007294.4:c.5365_5367delinsTTA	p.Ala1789Leu	missense	VUS	VUS	2	4	MISSING_FUNCTIONAL	MISSING_FUNCTIONAL	PM5:moderate		neighbour_evidence
2020-01-01	2026-08-04	NM_007294.4:c.5365_5367delinsTTC	p.Ala1789Phe	missense	VUS	VUS	2	4	MISSING_FUNCTIONAL	MISSING_FUNCTIONAL	PM5:moderate		neighbour_evidence
2020-01-01	2026-08-04	NM_007294.4:c.5365_5367delinsTTG	p.Ala1789Leu	missense	VUS	VUS	2	4	MISSING_FUNCTIONAL	MISSING_FUNCTIONAL	PM5:moderate		neighbour_evidence
2020-01-01	2026-08-04	NM_007294.4:c.5365_5366delinsTT	p.Ala1789Phe	missense	VUS	VUS	2	4	MISSING_FUNCTIONAL	MISSING_FUNCTIONAL	PM5:moderate		neighbour_evidence
2020-01-01	2026-08-04	NM_007294.4:c.5407_5409delinsAAA	p.Gly1803Lys	missense	VUS	VUS	2	4	MISSING_FUNCTIONAL	MISSING_FUNCTIONAL	PM5:moderate		neighbour_evidence
2020-01-01	2026-08-04	NM_007294.4:c.5407_5409delinsAAC	p.Gly1803Asn	missense	VUS	VUS	2	4	MISSING_FUNCTIONAL	MISSING_FUNCTIONAL	PM5:moderate		neighbour_evidence
2020-01-01	2026-08-04	NM_007294.4:c.5407_5409delinsAAG	p.Gly1803Lys	missense	VUS	VUS	2	4	MISSING_FUNCTIONAL	MISSING_FUNCTIONAL	PM5:moderate		neighbour_evidence
2020-01-01	2026-08-04	NM_007294.4:c.5407_5408delinsAA	p.Gly1803Asn	missense	VUS	VUS	2	4	MISSING_FUNCTIONAL	MISSING_FUNCTIONAL	PM5:moderate		neighbour_evidence
2020-01-01	2026-08-04	NM_007294.4:c.5407_5409delinsACA	p.Gly1803Thr	missense	VUS	VUS	2	4	MISSING_FUNCTIONAL	MISSING_FUNCTIONAL	PM5:moderate		neighbour_evidence
2020-01-01	2026-08-04	NM_007294.4:c.5407_5409delinsACC	p.Gly1803Thr	missense	VUS	VUS	2	4	MISSING_FUNCTIONAL	MISSING_FUNCTIONAL	PM5:moderate		neighbour_evidence
2020-01-01	2026-08-04	NM_007294.4:c.5407_5409delinsACG	p.Gly1803Thr	missense	VUS	VUS	2	4	MISSING_FUNCTIONAL	MISSING_FUNCTIONAL	PM5:moderate		neighbour_evidence
2020-01-01	2026-08-04	NM_007294.4:c.5407_5408delinsAC	p.Gly1803Thr	missense	VUS	VUS	2	4	MISSING_FUNCTIONAL	MISSING_FUNCTIONAL	PM5:moderate		neighbour_evidence
2020-01-01	2026-08-04	NM_007294.4:c.5407_5409delinsAGA	p.Gly1803Arg	missense	VUS	VUS	2	4	MISSING_FUNCTIONAL	MISSING_FUNCTIONAL	PM5:moderate		neighbour_evidence
2020-01-01	2026-08-04	NM_007294.4:c.5407_5409delinsAGC	p.Gly1803Ser	missense	VUS	VUS	2	4	MISSING_FUNCTIONAL	MISSING_FUNCTIONAL	PM5:moderate		neighbour_evidence
2020-01-01	2026-08-04	NM_007294.4:c.5407_5409delinsAGG	p.Gly1803Arg	missense	VUS	VUS	2	4	MISSING_FUNCTIONAL	MISSING_FUNCTIONAL	PM5:moderate		neighbour_evidence
2020-01-01	2026-08-04	NM_007294.4:c.5407_5409delinsATA	p.Gly1803Ile	missense	VUS	VUS	2	4	MISSING_FUNCTIONAL	MISSING_FUNCTIONAL	PM5:moderate		neighbour_evidence
2020-01-01	2026-08-04	NM_007294.4:c.5407_5409delinsATC	p.Gly1803Ile	missense	VUS	VUS	2	4	MISSING_FUNCTIONAL	MISSING_FUNCTIONAL	PM5:moderate		neighbour_evidence
2020-01-01	2026-08-04	NM_007294.4:c.5407_5409delinsATG	p.Gly1803Met	missense	VUS	VUS	2	4	MISSING_FUNCTIONAL	MISSING_FUNCTIONAL	PM5:moderate		neighbour_evidence
2020-01-01	2026-08-04	NM_007294.4:c.5407_5408delinsAT	p.Gly1803Ile	missense	VUS	VUS	2	4	MISSING_FUNCTIONAL	MISSING_FUNCTIONAL	PM5:moderate		neighbour_evidence
2020-01-01	2026-08-04	NM_007294.4:c.5407_5409delinsCAA	p.Gly1803Gln	missense	VUS	VUS	2	4	MISSING_FUNCTIONAL	MISSING_FUNCTIONAL	PM5:moderate		neighbour_evidence
2020-01-01	2026-08-04	NM_007294.4:c.5407_5409delinsCAC	p.Gly1803His	missense	VUS	VUS	2	4	MISSING_FUNCTIONAL	MISSING_FUNCTIONAL	PM5:moderate		neighbour_evidence
2020-01-01	2026-08-04	NM_007294.4:c.5407_5409delinsCAG	p.Gly1803Gln	missense	VUS	VUS	2	4	MISSING_FUNCTIONAL	MISSING_FUNCTIONAL	PM5:moderate		neighbour_evidence
2020-01-01	2026-08-04	NM_007294.4:c.5407_5408delinsCA	p.Gly1803His	missense	VUS	VUS	2	4	MISSING_FUNCTIONAL	MISSING_FUNCTIONAL	PM5:moderate		neighbour_evidence
2020-01-01	2026-08-04	NM_007294.4:c.5407_5409delinsCCA	p.Gly1803Pro	missense	VUS	VUS	2	4	MISSING_FUNCTIONAL	MISSING_FUNCTIONAL	PM5:moderate		neighbour_evidence
2020-01-01	2026-08-04	NM_007294.4:c.5407_5409delinsCCC	p.Gly1803Pro	missense	VUS	VUS	2	4	MISSING_FUNCTIONAL	MISSING_FUNCTIONAL	PM5:moderate		neighbour_evidence
2020-01-01	2026-08-04	NM_007294.4:c.5407_5409delinsCCG	p.Gly1803Pro	missense	VUS	VUS	2	4	MISSING_FUNCTIONAL	MISSING_FUNCTIONAL	PM5:moderate		neighbour_evidence
2020-01-01	2026-08-04	NM_007294.4:c.5407_5408delinsCC	p.Gly1803Pro	missense	VUS	VUS	2	4	MISSING_FUNCTIONAL	MISSING_FUNCTIONAL	PM5:moderate		neighbour_evidence
2020-01-01	2026-08-04	NM_007294.4:c.5407_5409delinsCGA	p.Gly1803Arg	missense	VUS	VUS	2	4	MISSING_FUNCTIONAL	MISSING_FUNCTIONAL	PM5:moderate		neighbour_evidence
2020-01-01	2026-08-04	NM_007294.4:c.5407_5409delinsCGC	p.Gly1803Arg	missense	VUS	VUS	2	4	MISSING_FUNCTIONAL	MISSING_FUNCTIONAL	PM5:moderate		neighbour_evidence
2020-01-01	2026-08-04	NM_007294.4:c.5407_5409delinsCGG	p.Gly1803Arg	missense	VUS	VUS	2	4	MISSING_FUNCTIONAL	MISSING_FUNCTIONAL	PM5:moderate		neighbour_evidence
2020-01-01	2026-08-04	NM_007294.4:c.5407_5409delinsCTA	p.Gly1803Leu	missense	VUS	VUS	2	4	MISSING_FUNCTIONAL	MISSING_FUNCTIONAL	PM5:moderate		neighbour_evidence
2020-01-01	2026-08-04	NM_007294.4:c.5407_5409delinsCTC	p.Gly1803Leu	missense	VUS	VUS	2	4	MISSING_FUNCTIONAL	MISSING_FUNCTIONAL	PM5:moderate		neighbour_evidence
2020-01-01	2026-08-04	NM_007294.4:c.5407_5409delinsCTG	p.Gly1803Leu	missense	VUS	VUS	2	4	MISSING_FUNCTIONAL	MISSING_FUNCTIONAL	PM5:moderate		neighbour_evidence
2020-01-01	2026-08-04	NM_007294.4:c.5407_5408delinsCT	p.Gly1803Leu	missense	VUS	VUS	2	4	MISSING_FUNCTIONAL	MISSING_FUNCTIONAL	PM5:moderate		neighbour_evidence
2020-01-01	2026-08-04	NM_007294.4:c.5408_5409delinsAA	p.Gly1803Glu	missense	VUS	VUS	2	4	MISSING_FUNCTIONAL	MISSING_FUNCTIONAL	PM5:moderate		neighbour_evidence
2020-01-01	2026-08-04	NM_007294.4:c.5408_5409delinsAC	p.Gly1803Asp	missense	VUS	VUS	2	4	MISSING_FUNCTIONAL	MISSING_FUNCTIONAL	PM5:moderate		neighbour_evidence
2020-01-01	2026-08-04	NM_007294.4:c.5408_5409delinsAG	p.Gly1803Glu	missense	VUS	VUS	2	4	MISSING_FUNCTIONAL	MISSING_FUNCTIONAL	PM5:moderate		neighbour_evidence
2020-01-01	2026-08-04	NM_007294.4:c.5408_5409delinsCA	p.Gly1803Ala	missense	VUS	LP	2	6	MISSING_FUNCTIONAL	RESOLVED_NOT_BLOCKED	PS1:strong		neighbour_evidence
2020-01-01	2026-08-04	NM_007294.4:c.5408_5409delinsCC	p.Gly1803Ala	missense	VUS	LP	2	6	MISSING_FUNCTIONAL	RESOLVED_NOT_BLOCKED	PS1:strong		neighbour_evidence
2020-01-01	2026-08-04	NM_007294.4:c.5408_5409delinsCG	p.Gly1803Ala	missense	VUS	LP	2	6	MISSING_FUNCTIONAL	RESOLVED_NOT_BLOCKED	PS1:strong		neighbour_evidence
2020-01-01	2026-08-04	NM_007294.4:c.5408_5409delinsTA	p.Gly1803Val	missense	VUS	VUS	2	4	MISSING_FUNCTIONAL	MISSING_FUNCTIONAL	PM5:moderate		neighbour_evidence
2020-01-01	2026-08-04	NM_007294.4:c.5408_5409delinsTC	p.Gly1803Val	missense	VUS	VUS	2	4	MISSING_FUNCTIONAL	MISSING_FUNCTIONAL	PM5:moderate		neighbour_evidence
2020-01-01	2026-08-04	NM_007294.4:c.5408_5409delinsTG	p.Gly1803Val	missense	VUS	VUS	2	4	MISSING_FUNCTIONAL	MISSING_FUNCTIONAL	PM5:moderate		neighbour_evidence
2020-01-01	2026-08-04	NM_007294.4:c.5407_5409delinsTAC	p.Gly1803Tyr	missense	VUS	VUS	2	4	MISSING_FUNCTIONAL	MISSING_FUNCTIONAL	PM5:moderate		neighbour_evidence
2020-01-01	2026-08-04	NM_007294.4:c.5407_5408delinsTA	p.Gly1803Tyr	missense	VUS	VUS	2	4	MISSING_FUNCTIONAL	MISSING_FUNCTIONAL	PM5:moderate		neighbour_evidence
2020-01-01	2026-08-04	NM_007294.4:c.5407_5409delinsTCA	p.Gly1803Ser	missense	VUS	VUS	2	4	MISSING_FUNCTIONAL	MISSING_FUNCTIONAL	PM5:moderate		neighbour_evidence
2020-01-01	2026-08-04	NM_007294.4:c.5407_5409delinsTCC	p.Gly1803Ser	missense	VUS	VUS	2	4	MISSING_FUNCTIONAL	MISSING_FUNCTIONAL	PM5:moderate		neighbour_evidence
2020-01-01	2026-08-04	NM_007294.4:c.5407_5409delinsTCG	p.Gly1803Ser	missense	VUS	VUS	2	4	MISSING_FUNCTIONAL	MISSING_FUNCTIONAL	PM5:moderate		neighbour_evidence
2020-01-01	2026-08-04	NM_007294.4:c.5407_5408delinsTC	p.Gly1803Ser	missense	VUS	VUS	2	4	MISSING_FUNCTIONAL	MISSING_FUNCTIONAL	PM5:moderate		neighbour_evidence
2020-01-01	2026-08-04	NM_007294.4:c.5407_5409delinsTGC	p.Gly1803Cys	missense	VUS	VUS	2	4	MISSING_FUNCTIONAL	MISSING_FUNCTIONAL	PM5:moderate		neighbour_evidence
2020-01-01	2026-08-04	NM_007294.4:c.5407_5409delinsTGG	p.Gly1803Trp	missense	VUS	VUS	2	4	MISSING_FUNCTIONAL	MISSING_FUNCTIONAL	PM5:moderate		neighbour_evidence
2020-01-01	2026-08-04	NM_007294.4:c.5407_5409delinsTTA	p.Gly1803Leu	missense	VUS	VUS	2	4	MISSING_FUNCTIONAL	MISSING_FUNCTIONAL	PM5:moderate		neighbour_evidence
2020-01-01	2026-08-04	NM_007294.4:c.5407_5409delinsTTC	p.Gly1803Phe	missense	VUS	VUS	2	4	MISSING_FUNCTIONAL	MISSING_FUNCTIONAL	PM5:moderate		neighbour_evidence
2020-01-01	2026-08-04	NM_007294.4:c.5407_5409delinsTTG	p.Gly1803Leu	missense	VUS	VUS	2	4	MISSING_FUNCTIONAL	MISSING_FUNCTIONAL	PM5:moderate		neighbour_evidence
2020-01-01	2026-08-04	NM_007294.4:c.5407_5408delinsTT	p.Gly1803Phe	missense	VUS	VUS	2	4	MISSING_FUNCTIONAL	MISSING_FUNCTIONAL	PM5:moderate		neighbour_evidence
2020-01-01	2026-08-04	NM_007294.4:c.5425_5427delinsAAA	p.Val1809Lys	missense	VUS	VUS	2	4	MISSING_FUNCTIONAL	MISSING_FUNCTIONAL	PM5:moderate		neighbour_evidence
2020-01-01	2026-08-04	NM_007294.4:c.5425_5427delinsAAC	p.Val1809Asn	missense	VUS	VUS	2	4	MISSING_FUNCTIONAL	MISSING_FUNCTIONAL	PM5:moderate		neighbour_evidence
2020-01-01	2026-08-04	NM_007294.4:c.5425_5427delinsAAG	p.Val1809Lys	missense	VUS	VUS	2	4	MISSING_FUNCTIONAL	MISSING_FUNCTIONAL	PM5:moderate		neighbour_evidence
2020-01-01	2026-08-04	NM_007294.4:c.5425_5426delinsAA	p.Val1809Asn	missense	VUS	VUS	2	4	MISSING_FUNCTIONAL	MISSING_FUNCTIONAL	PM5:moderate		neighbour_evidence
2020-01-01	2026-08-04	NM_007294.4:c.5425_5427delinsACA	p.Val1809Thr	missense	VUS	VUS	2	4	MISSING_FUNCTIONAL	MISSING_FUNCTIONAL	PM5:moderate		neighbour_evidence
2020-01-01	2026-08-04	NM_007294.4:c.5425_5427delinsACC	p.Val1809Thr	missense	VUS	VUS	2	4	MISSING_FUNCTIONAL	MISSING_FUNCTIONAL	PM5:moderate		neighbour_evidence
2020-01-01	2026-08-04	NM_007294.4:c.5425_5427delinsACG	p.Val1809Thr	missense	VUS	VUS	2	4	MISSING_FUNCTIONAL	MISSING_FUNCTIONAL	PM5:moderate		neighbour_evidence
2020-01-01	2026-08-04	NM_007294.4:c.5425_5426delinsAC	p.Val1809Thr	missense	VUS	VUS	2	4	MISSING_FUNCTIONAL	MISSING_FUNCTIONAL	PM5:moderate		neighbour_evidence
2020-01-01	2026-08-04	NM_007294.4:c.5425_5427delinsAGA	p.Val1809Arg	missense	VUS	VUS	2	4	MISSING_FUNCTIONAL	MISSING_FUNCTIONAL	PM5:moderate		neighbour_evidence
2020-01-01	2026-08-04	NM_007294.4:c.5425_5427delinsAGC	p.Val1809Ser	missense	VUS	VUS	2	4	MISSING_FUNCTIONAL	MISSING_FUNCTIONAL	PM5:moderate		neighbour_evidence
2020-01-01	2026-08-04	NM_007294.4:c.5425_5427delinsAGG	p.Val1809Arg	missense	VUS	VUS	2	4	MISSING_FUNCTIONAL	MISSING_FUNCTIONAL	PM5:moderate		neighbour_evidence
2020-01-01	2026-08-04	NM_007294.4:c.5425_5426delinsAG	p.Val1809Ser	missense	VUS	VUS	2	4	MISSING_FUNCTIONAL	MISSING_FUNCTIONAL	PM5:moderate		neighbour_evidence
2020-01-01	2026-08-04	NM_007294.4:c.5425_5427delinsATA	p.Val1809Ile	missense	VUS	VUS	2	4	MISSING_FUNCTIONAL	MISSING_FUNCTIONAL	PM5:moderate		neighbour_evidence
2020-01-01	2026-08-04	NM_007294.4:c.5425_5427delinsATC	p.Val1809Ile	missense	VUS	VUS	2	4	MISSING_FUNCTIONAL	MISSING_FUNCTIONAL	PM5:moderate		neighbour_evidence
2020-01-01	2026-08-04	NM_007294.4:c.5425_5427delinsATG	p.Val1809Met	missense	VUS	VUS	2	4	MISSING_FUNCTIONAL	MISSING_FUNCTIONAL	PM5:moderate		neighbour_evidence
2020-01-01	2026-08-04	NM_007294.4:c.5425_5427delinsCAA	p.Val1809Gln	missense	VUS	VUS	2	4	MISSING_FUNCTIONAL	MISSING_FUNCTIONAL	PM5:moderate		neighbour_evidence
2020-01-01	2026-08-04	NM_007294.4:c.5425_5427delinsCAC	p.Val1809His	missense	VUS	VUS	2	4	MISSING_FUNCTIONAL	MISSING_FUNCTIONAL	PM5:moderate		neighbour_evidence
2020-01-01	2026-08-04	NM_007294.4:c.5425_5427delinsCAG	p.Val1809Gln	missense	VUS	VUS	2	4	MISSING_FUNCTIONAL	MISSING_FUNCTIONAL	PM5:moderate		neighbour_evidence
2020-01-01	2026-08-04	NM_007294.4:c.5425_5426delinsCA	p.Val1809His	missense	VUS	VUS	2	4	MISSING_FUNCTIONAL	MISSING_FUNCTIONAL	PM5:moderate		neighbour_evidence
2020-01-01	2026-08-04	NM_007294.4:c.5425_5427delinsCCA	p.Val1809Pro	missense	VUS	VUS	2	4	MISSING_FUNCTIONAL	MISSING_FUNCTIONAL	PM5:moderate		neighbour_evidence
2020-01-01	2026-08-04	NM_007294.4:c.5425_5427delinsCCC	p.Val1809Pro	missense	VUS	VUS	2	4	MISSING_FUNCTIONAL	MISSING_FUNCTIONAL	PM5:moderate		neighbour_evidence
2020-01-01	2026-08-04	NM_007294.4:c.5425_5427delinsCCG	p.Val1809Pro	missense	VUS	VUS	2	4	MISSING_FUNCTIONAL	MISSING_FUNCTIONAL	PM5:moderate		neighbour_evidence
2020-01-01	2026-08-04	NM_007294.4:c.5425_5426delinsCC	p.Val1809Pro	missense	VUS	VUS	2	4	MISSING_FUNCTIONAL	MISSING_FUNCTIONAL	PM5:moderate		neighbour_evidence
2020-01-01	2026-08-04	NM_007294.4:c.5425_5427delinsCGA	p.Val1809Arg	missense	VUS	VUS	2	4	MISSING_FUNCTIONAL	MISSING_FUNCTIONAL	PM5:moderate		neighbour_evidence
2020-01-01	2026-08-04	NM_007294.4:c.5425_5427delinsCGC	p.Val1809Arg	missense	VUS	VUS	2	4	MISSING_FUNCTIONAL	MISSING_FUNCTIONAL	PM5:moderate		neighbour_evidence
2020-01-01	2026-08-04	NM_007294.4:c.5425_5427delinsCGG	p.Val1809Arg	missense	VUS	VUS	2	4	MISSING_FUNCTIONAL	MISSING_FUNCTIONAL	PM5:moderate		neighbour_evidence
2020-01-01	2026-08-04	NM_007294.4:c.5425_5426delinsCG	p.Val1809Arg	missense	VUS	VUS	2	4	MISSING_FUNCTIONAL	MISSING_FUNCTIONAL	PM5:moderate		neighbour_evidence
2020-01-01	2026-08-04	NM_007294.4:c.5425_5427delinsCTA	p.Val1809Leu	missense	VUS	VUS	2	4	MISSING_FUNCTIONAL	MISSING_FUNCTIONAL	PM5:moderate		neighbour_evidence
2020-01-01	2026-08-04	NM_007294.4:c.5425_5427delinsCTC	p.Val1809Leu	missense	VUS	VUS	2	4	MISSING_FUNCTIONAL	MISSING_FUNCTIONAL	PM5:moderate		neighbour_evidence
2020-01-01	2026-08-04	NM_007294.4:c.5425_5427delinsCTG	p.Val1809Leu	missense	VUS	VUS	2	4	MISSING_FUNCTIONAL	MISSING_FUNCTIONAL	PM5:moderate		neighbour_evidence
2020-01-01	2026-08-04	NM_007294.4:c.5426_5427delinsAA	p.Val1809Glu	missense	VUS	VUS	2	4	MISSING_FUNCTIONAL	MISSING_FUNCTIONAL	PM5:moderate		neighbour_evidence
2020-01-01	2026-08-04	NM_007294.4:c.5426_5427delinsAC	p.Val1809Asp	missense	VUS	LP	2	8	MISSING_FUNCTIONAL	RESOLVED_NOT_BLOCKED	PM5:moderate;PS1:strong		neighbour_evidence
2020-01-01	2026-08-04	NM_007294.4:c.5426_5427delinsAG	p.Val1809Glu	missense	VUS	VUS	2	4	MISSING_FUNCTIONAL	MISSING_FUNCTIONAL	PM5:moderate		neighbour_evidence
2020-01-01	2026-08-04	NM_007294.4:c.5426_5427delinsCA	p.Val1809Ala	missense	VUS	VUS	2	4	MISSING_FUNCTIONAL	MISSING_FUNCTIONAL	PM5:moderate		neighbour_evidence
2020-01-01	2026-08-04	NM_007294.4:c.5426_5427delinsCC	p.Val1809Ala	missense	VUS	VUS	2	4	MISSING_FUNCTIONAL	MISSING_FUNCTIONAL	PM5:moderate		neighbour_evidence
2020-01-01	2026-08-04	NM_007294.4:c.5426_5427delinsCG	p.Val1809Ala	missense	VUS	VUS	2	4	MISSING_FUNCTIONAL	MISSING_FUNCTIONAL	PM5:moderate		neighbour_evidence
2020-01-01	2026-08-04	NM_007294.4:c.5426_5427delinsGA	p.Val1809Gly	missense	VUS	VUS	2	4	MISSING_FUNCTIONAL	MISSING_FUNCTIONAL	PM5:moderate		neighbour_evidence
2020-01-01	2026-08-04	NM_007294.4:c.5426_5427delinsGC	p.Val1809Gly	missense	VUS	VUS	2	4	MISSING_FUNCTIONAL	MISSING_FUNCTIONAL	PM5:moderate		neighbour_evidence
2020-01-01	2026-08-04	NM_007294.4:c.5426_5427delinsGG	p.Val1809Gly	missense	VUS	VUS	2	4	MISSING_FUNCTIONAL	MISSING_FUNCTIONAL	PM5:moderate		neighbour_evidence
2020-01-01	2026-08-04	NM_007294.4:c.5425_5427delinsTAC	p.Val1809Tyr	missense	VUS	VUS	2	4	MISSING_FUNCTIONAL	MISSING_FUNCTIONAL	PM5:moderate		neighbour_evidence
2020-01-01	2026-08-04	NM_007294.4:c.5425_5426delinsTA	p.Val1809Tyr	missense	VUS	VUS	2	4	MISSING_FUNCTIONAL	MISSING_FUNCTIONAL	PM5:moderate		neighbour_evidence
2020-01-01	2026-08-04	NM_007294.4:c.5425_5427delinsTCA	p.Val1809Ser	missense	VUS	VUS	2	4	MISSING_FUNCTIONAL	MISSING_FUNCTIONAL	PM5:moderate		neighbour_evidence
2020-01-01	2026-08-04	NM_007294.4:c.5425_5427delinsTCC	p.Val1809Ser	missense	VUS	VUS	2	4	MISSING_FUNCTIONAL	MISSING_FUNCTIONAL	PM5:moderate		neighbour_evidence
2020-01-01	2026-08-04	NM_007294.4:c.5425_5427delinsTCG	p.Val1809Ser	missense	VUS	VUS	2	4	MISSING_FUNCTIONAL	MISSING_FUNCTIONAL	PM5:moderate		neighbour_evidence
2020-01-01	2026-08-04	NM_007294.4:c.5425_5426delinsTC	p.Val1809Ser	missense	VUS	VUS	2	4	MISSING_FUNCTIONAL	MISSING_FUNCTIONAL	PM5:moderate		neighbour_evidence
2020-01-01	2026-08-04	NM_007294.4:c.5425_5427delinsTGC	p.Val1809Cys	missense	VUS	VUS	2	4	MISSING_FUNCTIONAL	MISSING_FUNCTIONAL	PM5:moderate		neighbour_evidence
2020-01-01	2026-08-04	NM_007294.4:c.5425_5427delinsTGG	p.Val1809Trp	missense	VUS	VUS	2	4	MISSING_FUNCTIONAL	MISSING_FUNCTIONAL	PM5:moderate		neighbour_evidence
2020-01-01	2026-08-04	NM_007294.4:c.5425_5426delinsTG	p.Val1809Cys	missense	VUS	VUS	2	4	MISSING_FUNCTIONAL	MISSING_FUNCTIONAL	PM5:moderate		neighbour_evidence
2020-01-01	2026-08-04	NM_007294.4:c.5425_5427delinsTTA	p.Val1809Leu	missense	VUS	VUS	2	4	MISSING_FUNCTIONAL	MISSING_FUNCTIONAL	PM5:moderate		neighbour_evidence
2020-01-01	2026-08-04	NM_007294.4:c.5425_5427delinsTTC	p.Val1809Phe	missense	VUS	LP	2	8	MISSING_FUNCTIONAL	RESOLVED_NOT_BLOCKED	PM5:moderate;PS1:strong		neighbour_evidence
2020-01-01	2026-08-04	NM_007294.4:c.5425_5427delinsTTG	p.Val1809Leu	missense	VUS	VUS	2	4	MISSING_FUNCTIONAL	MISSING_FUNCTIONAL	PM5:moderate		neighbour_evidence
2020-01-01	2026-08-04	NM_007294.4:c.5431_5433delinsAAA	p.Gln1811Lys	missense	VUS	VUS	2	4	MISSING_FUNCTIONAL	MISSING_FUNCTIONAL	PM5:moderate		neighbour_evidence
2020-01-01	2026-08-04	NM_007294.4:c.5431_5433delinsAAC	p.Gln1811Asn	missense	VUS	VUS	2	4	MISSING_FUNCTIONAL	MISSING_FUNCTIONAL	PM5:moderate		neighbour_evidence
2020-01-01	2026-08-04	NM_007294.4:c.5431_5433delinsAAT	p.Gln1811Asn	missense	VUS	VUS	2	4	MISSING_FUNCTIONAL	MISSING_FUNCTIONAL	PM5:moderate		neighbour_evidence
2020-01-01	2026-08-04	NM_007294.4:c.5431_5433delinsACA	p.Gln1811Thr	missense	VUS	VUS	2	4	MISSING_FUNCTIONAL	MISSING_FUNCTIONAL	PM5:moderate		neighbour_evidence
2020-01-01	2026-08-04	NM_007294.4:c.5431_5433delinsACC	p.Gln1811Thr	missense	VUS	VUS	2	4	MISSING_FUNCTIONAL	MISSING_FUNCTIONAL	PM5:moderate		neighbour_evidence
2020-01-01	2026-08-04	NM_007294.4:c.5431_5432delinsAC	p.Gln1811Thr	missense	VUS	VUS	2	4	MISSING_FUNCTIONAL	MISSING_FUNCTIONAL	PM5:moderate		neighbour_evidence
2020-01-01	2026-08-04	NM_007294.4:c.5431_5433delinsACT	p.Gln1811Thr	missense	VUS	VUS	2	4	MISSING_FUNCTIONAL	MISSING_FUNCTIONAL	PM5:moderate		neighbour_evidence
2020-01-01	2026-08-04	NM_007294.4:c.5431_5433delinsAGA	p.Gln1811Arg	missense	VUS	LP	2	8	MISSING_FUNCTIONAL	RESOLVED_NOT_BLOCKED	PM5:moderate;PS1:strong		neighbour_evidence
2020-01-01	2026-08-04	NM_007294.4:c.5431_5433delinsAGC	p.Gln1811Ser	missense	VUS	VUS	2	4	MISSING_FUNCTIONAL	MISSING_FUNCTIONAL	PM5:moderate		neighbour_evidence
2020-01-01	2026-08-04	NM_007294.4:c.5431_5432delinsAG	p.Gln1811Arg	missense	VUS	LP	2	8	MISSING_FUNCTIONAL	RESOLVED_NOT_BLOCKED	PM5:moderate;PS1:strong		neighbour_evidence
2020-01-01	2026-08-04	NM_007294.4:c.5431_5433delinsAGT	p.Gln1811Ser	missense	VUS	VUS	2	4	MISSING_FUNCTIONAL	MISSING_FUNCTIONAL	PM5:moderate		neighbour_evidence
2020-01-01	2026-08-04	NM_007294.4:c.5431_5433delinsATA	p.Gln1811Ile	missense	VUS	VUS	2	4	MISSING_FUNCTIONAL	MISSING_FUNCTIONAL	PM5:moderate		neighbour_evidence
2020-01-01	2026-08-04	NM_007294.4:c.5431_5433delinsATC	p.Gln1811Ile	missense	VUS	VUS	2	4	MISSING_FUNCTIONAL	MISSING_FUNCTIONAL	PM5:moderate		neighbour_evidence
2020-01-01	2026-08-04	NM_007294.4:c.5431_5432delinsAT	p.Gln1811Met	missense	VUS	VUS	2	4	MISSING_FUNCTIONAL	MISSING_FUNCTIONAL	PM5:moderate		neighbour_evidence
2020-01-01	2026-08-04	NM_007294.4:c.5431_5433delinsATT	p.Gln1811Ile	missense	VUS	VUS	2	4	MISSING_FUNCTIONAL	MISSING_FUNCTIONAL	PM5:moderate		neighbour_evidence
2020-01-01	2026-08-04	NM_007294.4:c.5432_5433delinsCA	p.Gln1811Pro	missense	VUS	LP	2	8	MISSING_FUNCTIONAL	RESOLVED_NOT_BLOCKED	PM5:moderate;PS1:strong		neighbour_evidence
2020-01-01	2026-08-04	NM_007294.4:c.5432_5433delinsCC	p.Gln1811Pro	missense	VUS	LP	2	8	MISSING_FUNCTIONAL	RESOLVED_NOT_BLOCKED	PM5:moderate;PS1:strong		neighbour_evidence
2020-01-01	2026-08-04	NM_007294.4:c.5432_5433delinsCT	p.Gln1811Pro	missense	VUS	LP	2	8	MISSING_FUNCTIONAL	RESOLVED_NOT_BLOCKED	PM5:moderate;PS1:strong		neighbour_evidence
2020-01-01	2026-08-04	NM_007294.4:c.5432_5433delinsGA	p.Gln1811Arg	missense	VUS	LP	2	8	MISSING_FUNCTIONAL	RESOLVED_NOT_BLOCKED	PM5:moderate;PS1:strong		neighbour_evidence
2020-01-01	2026-08-04	NM_007294.4:c.5432_5433delinsGC	p.Gln1811Arg	missense	VUS	LP	2	8	MISSING_FUNCTIONAL	RESOLVED_NOT_BLOCKED	PM5:moderate;PS1:strong		neighbour_evidence
2020-01-01	2026-08-04	NM_007294.4:c.5432_5433delinsGT	p.Gln1811Arg	missense	VUS	LP	2	8	MISSING_FUNCTIONAL	RESOLVED_NOT_BLOCKED	PM5:moderate;PS1:strong		neighbour_evidence
2020-01-01	2026-08-04	NM_007294.4:c.5432_5433delinsTA	p.Gln1811Leu	missense	VUS	VUS	2	4	MISSING_FUNCTIONAL	MISSING_FUNCTIONAL	PM5:moderate		neighbour_evidence
2020-01-01	2026-08-04	NM_007294.4:c.5432_5433delinsTC	p.Gln1811Leu	missense	VUS	VUS	2	4	MISSING_FUNCTIONAL	MISSING_FUNCTIONAL	PM5:moderate		neighbour_evidence
2020-01-01	2026-08-04	NM_007294.4:c.5432_5433delinsTT	p.Gln1811Leu	missense	VUS	VUS	2	4	MISSING_FUNCTIONAL	MISSING_FUNCTIONAL	PM5:moderate		neighbour_evidence
2020-01-01	2026-08-04	NM_007294.4:c.5431_5433delinsGAA	p.Gln1811Glu	missense	VUS	VUS	2	4	MISSING_FUNCTIONAL	MISSING_FUNCTIONAL	PM5:moderate		neighbour_evidence
2020-01-01	2026-08-04	NM_007294.4:c.5431_5433delinsGAC	p.Gln1811Asp	missense	VUS	VUS	2	4	MISSING_FUNCTIONAL	MISSING_FUNCTIONAL	PM5:moderate		neighbour_evidence
2020-01-01	2026-08-04	NM_007294.4:c.5431_5433delinsGAT	p.Gln1811Asp	missense	VUS	VUS	2	4	MISSING_FUNCTIONAL	MISSING_FUNCTIONAL	PM5:moderate		neighbour_evidence
2020-01-01	2026-08-04	NM_007294.4:c.5431_5433delinsGCA	p.Gln1811Ala	missense	VUS	VUS	2	4	MISSING_FUNCTIONAL	MISSING_FUNCTIONAL	PM5:moderate		neighbour_evidence
2020-01-01	2026-08-04	NM_007294.4:c.5431_5433delinsGCC	p.Gln1811Ala	missense	VUS	VUS	2	4	MISSING_FUNCTIONAL	MISSING_FUNCTIONAL	PM5:moderate		neighbour_evidence
2020-01-01	2026-08-04	NM_007294.4:c.5431_5432delinsGC	p.Gln1811Ala	missense	VUS	VUS	2	4	MISSING_FUNCTIONAL	MISSING_FUNCTIONAL	PM5:moderate		neighbour_evidence
2020-01-01	2026-08-04	NM_007294.4:c.5431_5433delinsGCT	p.Gln1811Ala	missense	VUS	VUS	2	4	MISSING_FUNCTIONAL	MISSING_FUNCTIONAL	PM5:moderate		neighbour_evidence
2020-01-01	2026-08-04	NM_007294.4:c.5431_5433delinsGGA	p.Gln1811Gly	missense	VUS	VUS	2	4	MISSING_FUNCTIONAL	MISSING_FUNCTIONAL	PM5:moderate		neighbour_evidence
2020-01-01	2026-08-04	NM_007294.4:c.5431_5433delinsGGC	p.Gln1811Gly	missense	VUS	VUS	2	4	MISSING_FUNCTIONAL	MISSING_FUNCTIONAL	PM5:moderate		neighbour_evidence
2020-01-01	2026-08-04	NM_007294.4:c.5431_5432delinsGG	p.Gln1811Gly	missense	VUS	VUS	2	4	MISSING_FUNCTIONAL	MISSING_FUNCTIONAL	PM5:moderate		neighbour_evidence
2020-01-01	2026-08-04	NM_007294.4:c.5431_5433delinsGGT	p.Gln1811Gly	missense	VUS	VUS	2	4	MISSING_FUNCTIONAL	MISSING_FUNCTIONAL	PM5:moderate		neighbour_evidence
2020-01-01	2026-08-04	NM_007294.4:c.5431_5433delinsGTA	p.Gln1811Val	missense	VUS	VUS	2	4	MISSING_FUNCTIONAL	MISSING_FUNCTIONAL	PM5:moderate		neighbour_evidence
2020-01-01	2026-08-04	NM_007294.4:c.5431_5433delinsGTC	p.Gln1811Val	missense	VUS	VUS	2	4	MISSING_FUNCTIONAL	MISSING_FUNCTIONAL	PM5:moderate		neighbour_evidence
2020-01-01	2026-08-04	NM_007294.4:c.5431_5432delinsGT	p.Gln1811Val	missense	VUS	VUS	2	4	MISSING_FUNCTIONAL	MISSING_FUNCTIONAL	PM5:moderate		neighbour_evidence
2020-01-01	2026-08-04	NM_007294.4:c.5431_5433delinsGTT	p.Gln1811Val	missense	VUS	VUS	2	4	MISSING_FUNCTIONAL	MISSING_FUNCTIONAL	PM5:moderate		neighbour_evidence
2020-01-01	2026-08-04	NM_007294.4:c.5431_5433delinsTAC	p.Gln1811Tyr	missense	VUS	VUS	2	4	MISSING_FUNCTIONAL	MISSING_FUNCTIONAL	PM5:moderate		neighbour_evidence
2020-01-01	2026-08-04	NM_007294.4:c.5431_5433delinsTAT	p.Gln1811Tyr	missense	VUS	VUS	2	4	MISSING_FUNCTIONAL	MISSING_FUNCTIONAL	PM5:moderate		neighbour_evidence
2020-01-01	2026-08-04	NM_007294.4:c.5431_5433delinsTCA	p.Gln1811Ser	missense	VUS	VUS	2	4	MISSING_FUNCTIONAL	MISSING_FUNCTIONAL	PM5:moderate		neighbour_evidence
2020-01-01	2026-08-04	NM_007294.4:c.5431_5433delinsTCC	p.Gln1811Ser	missense	VUS	VUS	2	4	MISSING_FUNCTIONAL	MISSING_FUNCTIONAL	PM5:moderate		neighbour_evidence
2020-01-01	2026-08-04	NM_007294.4:c.5431_5432delinsTC	p.Gln1811Ser	missense	VUS	VUS	2	4	MISSING_FUNCTIONAL	MISSING_FUNCTIONAL	PM5:moderate		neighbour_evidence
2020-01-01	2026-08-04	NM_007294.4:c.5431_5433delinsTCT	p.Gln1811Ser	missense	VUS	VUS	2	4	MISSING_FUNCTIONAL	MISSING_FUNCTIONAL	PM5:moderate		neighbour_evidence
2020-01-01	2026-08-04	NM_007294.4:c.5431_5433delinsTGC	p.Gln1811Cys	missense	VUS	VUS	2	4	MISSING_FUNCTIONAL	MISSING_FUNCTIONAL	PM5:moderate		neighbour_evidence
2020-01-01	2026-08-04	NM_007294.4:c.5431_5432delinsTG	p.Gln1811Trp	missense	VUS	VUS	2	4	MISSING_FUNCTIONAL	MISSING_FUNCTIONAL	PM5:moderate		neighbour_evidence
2020-01-01	2026-08-04	NM_007294.4:c.5431_5433delinsTGT	p.Gln1811Cys	missense	VUS	VUS	2	4	MISSING_FUNCTIONAL	MISSING_FUNCTIONAL	PM5:moderate		neighbour_evidence
2020-01-01	2026-08-04	NM_007294.4:c.5431_5433delinsTTA	p.Gln1811Leu	missense	VUS	VUS	2	4	MISSING_FUNCTIONAL	MISSING_FUNCTIONAL	PM5:moderate		neighbour_evidence
2020-01-01	2026-08-04	NM_007294.4:c.5431_5433delinsTTC	p.Gln1811Phe	missense	VUS	VUS	2	4	MISSING_FUNCTIONAL	MISSING_FUNCTIONAL	PM5:moderate		neighbour_evidence
2020-01-01	2026-08-04	NM_007294.4:c.5431_5432delinsTT	p.Gln1811Leu	missense	VUS	VUS	2	4	MISSING_FUNCTIONAL	MISSING_FUNCTIONAL	PM5:moderate		neighbour_evidence
2020-01-01	2026-08-04	NM_007294.4:c.5431_5433delinsTTT	p.Gln1811Phe	missense	VUS	VUS	2	4	MISSING_FUNCTIONAL	MISSING_FUNCTIONAL	PM5:moderate		neighbour_evidence
2020-01-01	2026-08-04	NM_007294.4:c.5434_5435delinsAA	p.Pro1812Lys	missense	VUS	VUS	2	4	MISSING_FUNCTIONAL	MISSING_FUNCTIONAL	PM5:moderate		neighbour_evidence
2020-01-01	2026-08-04	NM_007294.4:c.5434_5436delinsAAC	p.Pro1812Asn	missense	VUS	VUS	2	4	MISSING_FUNCTIONAL	MISSING_FUNCTIONAL	PM5:moderate		neighbour_evidence
2020-01-01	2026-08-04	NM_007294.4:c.5434_5436delinsAAG	p.Pro1812Lys	missense	VUS	VUS	2	4	MISSING_FUNCTIONAL	MISSING_FUNCTIONAL	PM5:moderate		neighbour_evidence
2020-01-01	2026-08-04	NM_007294.4:c.5434_5436delinsAAT	p.Pro1812Asn	missense	VUS	VUS	2	4	MISSING_FUNCTIONAL	MISSING_FUNCTIONAL	PM5:moderate		neighbour_evidence
2020-01-01	2026-08-04	NM_007294.4:c.5434_5436delinsACC	p.Pro1812Thr	missense	VUS	VUS	2	4	MISSING_FUNCTIONAL	MISSING_FUNCTIONAL	PM5:moderate		neighbour_evidence
2020-01-01	2026-08-04	NM_007294.4:c.5434_5436delinsACG	p.Pro1812Thr	missense	VUS	VUS	2	4	MISSING_FUNCTIONAL	MISSING_FUNCTIONAL	PM5:moderate		neighbour_evidence
2020-01-01	2026-08-04	NM_007294.4:c.5434_5436delinsACT	p.Pro1812Thr	missense	VUS	VUS	2	4	MISSING_FUNCTIONAL	MISSING_FUNCTIONAL	PM5:moderate		neighbour_evidence
2020-01-01	2026-08-04	NM_007294.4:c.5434_5435delinsAG	p.Pro1812Arg	missense	VUS	VUS	2	4	MISSING_FUNCTIONAL	MISSING_FUNCTIONAL	PM5:moderate		neighbour_evidence
2020-01-01	2026-08-04	NM_007294.4:c.5434_5436delinsAGC	p.Pro1812Ser	missense	VUS	VUS	2	4	MISSING_FUNCTIONAL	MISSING_FUNCTIONAL	PM5:moderate		neighbour_evidence
2020-01-01	2026-08-04	NM_007294.4:c.5434_5436delinsAGG	p.Pro1812Arg	missense	VUS	VUS	2	4	MISSING_FUNCTIONAL	MISSING_FUNCTIONAL	PM5:moderate		neighbour_evidence
2020-01-01	2026-08-04	NM_007294.4:c.5434_5436delinsAGT	p.Pro1812Ser	missense	VUS	VUS	2	4	MISSING_FUNCTIONAL	MISSING_FUNCTIONAL	PM5:moderate		neighbour_evidence
2020-01-01	2026-08-04	NM_007294.4:c.5434_5435delinsAT	p.Pro1812Ile	missense	VUS	VUS	2	4	MISSING_FUNCTIONAL	MISSING_FUNCTIONAL	PM5:moderate		neighbour_evidence
2020-01-01	2026-08-04	NM_007294.4:c.5434_5436delinsATC	p.Pro1812Ile	missense	VUS	VUS	2	4	MISSING_FUNCTIONAL	MISSING_FUNCTIONAL	PM5:moderate		neighbour_evidence
2020-01-01	2026-08-04	NM_007294.4:c.5434_5436delinsATG	p.Pro1812Met	missense	VUS	VUS	2	4	MISSING_FUNCTIONAL	MISSING_FUNCTIONAL	PM5:moderate		neighbour_evidence
2020-01-01	2026-08-04	NM_007294.4:c.5434_5436delinsATT	p.Pro1812Ile	missense	VUS	VUS	2	4	MISSING_FUNCTIONAL	MISSING_FUNCTIONAL	PM5:moderate		neighbour_evidence
2020-01-01	2026-08-04	NM_007294.4:c.5435_5436delinsAC	p.Pro1812His	missense	VUS	VUS	2	4	MISSING_FUNCTIONAL	MISSING_FUNCTIONAL	PM5:moderate		neighbour_evidence
2020-01-01	2026-08-04	NM_007294.4:c.5435_5436delinsAG	p.Pro1812Gln	missense	VUS	VUS	2	4	MISSING_FUNCTIONAL	MISSING_FUNCTIONAL	PM5:moderate		neighbour_evidence
2020-01-01	2026-08-04	NM_007294.4:c.5435_5436delinsAT	p.Pro1812His	missense	VUS	VUS	2	4	MISSING_FUNCTIONAL	MISSING_FUNCTIONAL	PM5:moderate		neighbour_evidence
2020-01-01	2026-08-04	NM_007294.4:c.5435_5436delinsGC	p.Pro1812Arg	missense	VUS	VUS	2	4	MISSING_FUNCTIONAL	MISSING_FUNCTIONAL	PM5:moderate		neighbour_evidence
2020-01-01	2026-08-04	NM_007294.4:c.5435_5436delinsGG	p.Pro1812Arg	missense	VUS	VUS	2	4	MISSING_FUNCTIONAL	MISSING_FUNCTIONAL	PM5:moderate		neighbour_evidence
2020-01-01	2026-08-04	NM_007294.4:c.5435_5436delinsGT	p.Pro1812Arg	missense	VUS	VUS	2	4	MISSING_FUNCTIONAL	MISSING_FUNCTIONAL	PM5:moderate		neighbour_evidence
2020-01-01	2026-08-04	NM_007294.4:c.5435_5436delinsTC	p.Pro1812Leu	missense	VUS	VUS	2	4	MISSING_FUNCTIONAL	MISSING_FUNCTIONAL	PM5:moderate		neighbour_evidence
2020-01-01	2026-08-04	NM_007294.4:c.5435_5436delinsTG	p.Pro1812Leu	missense	VUS	VUS	2	4	MISSING_FUNCTIONAL	MISSING_FUNCTIONAL	PM5:moderate		neighbour_evidence
2020-01-01	2026-08-04	NM_007294.4:c.5435_5436delinsTT	p.Pro1812Leu	missense	VUS	VUS	2	4	MISSING_FUNCTIONAL	MISSING_FUNCTIONAL	PM5:moderate		neighbour_evidence
2020-01-01	2026-08-04	NM_007294.4:c.5434_5435delinsGA	p.Pro1812Glu	missense	VUS	VUS	2	4	MISSING_FUNCTIONAL	MISSING_FUNCTIONAL	PM5:moderate		neighbour_evidence
2020-01-01	2026-08-04	NM_007294.4:c.5434_5436delinsGAC	p.Pro1812Asp	missense	VUS	VUS	2	4	MISSING_FUNCTIONAL	MISSING_FUNCTIONAL	PM5:moderate		neighbour_evidence
2020-01-01	2026-08-04	NM_007294.4:c.5434_5436delinsGAG	p.Pro1812Glu	missense	VUS	VUS	2	4	MISSING_FUNCTIONAL	MISSING_FUNCTIONAL	PM5:moderate		neighbour_evidence
2020-01-01	2026-08-04	NM_007294.4:c.5434_5436delinsGAT	p.Pro1812Asp	missense	VUS	VUS	2	4	MISSING_FUNCTIONAL	MISSING_FUNCTIONAL	PM5:moderate		neighbour_evidence
2020-01-01	2026-08-04	NM_007294.4:c.5434_5436delinsGCC	p.Pro1812Ala	missense	VUS	LP	2	6	MISSING_FUNCTIONAL	RESOLVED_NOT_BLOCKED	PS1:strong		neighbour_evidence
2020-01-01	2026-08-04	NM_007294.4:c.5434_5436delinsGCG	p.Pro1812Ala	missense	VUS	LP	2	6	MISSING_FUNCTIONAL	RESOLVED_NOT_BLOCKED	PS1:strong		neighbour_evidence
2020-01-01	2026-08-04	NM_007294.4:c.5434_5436delinsGCT	p.Pro1812Ala	missense	VUS	LP	2	6	MISSING_FUNCTIONAL	RESOLVED_NOT_BLOCKED	PS1:strong		neighbour_evidence
2020-01-01	2026-08-04	NM_007294.4:c.5434_5435delinsGG	p.Pro1812Gly	missense	VUS	VUS	2	4	MISSING_FUNCTIONAL	MISSING_FUNCTIONAL	PM5:moderate		neighbour_evidence
2020-01-01	2026-08-04	NM_007294.4:c.5434_5436delinsGGC	p.Pro1812Gly	missense	VUS	VUS	2	4	MISSING_FUNCTIONAL	MISSING_FUNCTIONAL	PM5:moderate		neighbour_evidence
2020-01-01	2026-08-04	NM_007294.4:c.5434_5436delinsGGG	p.Pro1812Gly	missense	VUS	VUS	2	4	MISSING_FUNCTIONAL	MISSING_FUNCTIONAL	PM5:moderate		neighbour_evidence
2020-01-01	2026-08-04	NM_007294.4:c.5434_5436delinsGGT	p.Pro1812Gly	missense	VUS	VUS	2	4	MISSING_FUNCTIONAL	MISSING_FUNCTIONAL	PM5:moderate		neighbour_evidence
2020-01-01	2026-08-04	NM_007294.4:c.5434_5435delinsGT	p.Pro1812Val	missense	VUS	VUS	2	4	MISSING_FUNCTIONAL	MISSING_FUNCTIONAL	PM5:moderate		neighbour_evidence
2020-01-01	2026-08-04	NM_007294.4:c.5434_5436delinsGTC	p.Pro1812Val	missense	VUS	VUS	2	4	MISSING_FUNCTIONAL	MISSING_FUNCTIONAL	PM5:moderate		neighbour_evidence
2020-01-01	2026-08-04	NM_007294.4:c.5434_5436delinsGTG	p.Pro1812Val	missense	VUS	VUS	2	4	MISSING_FUNCTIONAL	MISSING_FUNCTIONAL	PM5:moderate		neighbour_evidence
2020-01-01	2026-08-04	NM_007294.4:c.5434_5436delinsGTT	p.Pro1812Val	missense	VUS	VUS	2	4	MISSING_FUNCTIONAL	MISSING_FUNCTIONAL	PM5:moderate		neighbour_evidence
2020-01-01	2026-08-04	NM_007294.4:c.5434_5436delinsTAC	p.Pro1812Tyr	missense	VUS	VUS	2	4	MISSING_FUNCTIONAL	MISSING_FUNCTIONAL	PM5:moderate		neighbour_evidence
2020-01-01	2026-08-04	NM_007294.4:c.5434_5436delinsTAT	p.Pro1812Tyr	missense	VUS	VUS	2	4	MISSING_FUNCTIONAL	MISSING_FUNCTIONAL	PM5:moderate		neighbour_evidence
2020-01-01	2026-08-04	NM_007294.4:c.5434_5436delinsTCC	p.Pro1812Ser	missense	VUS	VUS	2	4	MISSING_FUNCTIONAL	MISSING_FUNCTIONAL	PM5:moderate		neighbour_evidence
2020-01-01	2026-08-04	NM_007294.4:c.5434_5436delinsTCG	p.Pro1812Ser	missense	VUS	VUS	2	4	MISSING_FUNCTIONAL	MISSING_FUNCTIONAL	PM5:moderate		neighbour_evidence
2020-01-01	2026-08-04	NM_007294.4:c.5434_5436delinsTCT	p.Pro1812Ser	missense	VUS	VUS	2	4	MISSING_FUNCTIONAL	MISSING_FUNCTIONAL	PM5:moderate		neighbour_evidence
2020-01-01	2026-08-04	NM_007294.4:c.5434_5436delinsTGC	p.Pro1812Cys	missense	VUS	VUS	2	4	MISSING_FUNCTIONAL	MISSING_FUNCTIONAL	PM5:moderate		neighbour_evidence
2020-01-01	2026-08-04	NM_007294.4:c.5434_5436delinsTGG	p.Pro1812Trp	missense	VUS	VUS	2	4	MISSING_FUNCTIONAL	MISSING_FUNCTIONAL	PM5:moderate		neighbour_evidence
2020-01-01	2026-08-04	NM_007294.4:c.5434_5436delinsTGT	p.Pro1812Cys	missense	VUS	VUS	2	4	MISSING_FUNCTIONAL	MISSING_FUNCTIONAL	PM5:moderate		neighbour_evidence
2020-01-01	2026-08-04	NM_007294.4:c.5434_5435delinsTT	p.Pro1812Leu	missense	VUS	VUS	2	4	MISSING_FUNCTIONAL	MISSING_FUNCTIONAL	PM5:moderate		neighbour_evidence
2020-01-01	2026-08-04	NM_007294.4:c.5434_5436delinsTTC	p.Pro1812Phe	missense	VUS	VUS	2	4	MISSING_FUNCTIONAL	MISSING_FUNCTIONAL	PM5:moderate		neighbour_evidence
2020-01-01	2026-08-04	NM_007294.4:c.5434_5436delinsTTG	p.Pro1812Leu	missense	VUS	VUS	2	4	MISSING_FUNCTIONAL	MISSING_FUNCTIONAL	PM5:moderate		neighbour_evidence
2020-01-01	2026-08-04	NM_007294.4:c.5434_5436delinsTTT	p.Pro1812Phe	missense	VUS	VUS	2	4	MISSING_FUNCTIONAL	MISSING_FUNCTIONAL	PM5:moderate		neighbour_evidence
2020-01-01	2026-08-04	NM_007294.4:c.5452_5454delinsAAA	p.Asp1818Lys	missense	VUS	VUS	2	4	MISSING_FUNCTIONAL	MISSING_FUNCTIONAL	PM5:moderate		neighbour_evidence
2020-01-01	2026-08-04	NM_007294.4:c.5452_5454delinsAAG	p.Asp1818Lys	missense	VUS	VUS	2	4	MISSING_FUNCTIONAL	MISSING_FUNCTIONAL	PM5:moderate		neighbour_evidence
2020-01-01	2026-08-04	NM_007294.4:c.5452_5454delinsAAT	p.Asp1818Asn	missense	VUS	VUS	2	4	MISSING_FUNCTIONAL	MISSING_FUNCTIONAL	PM5:moderate		neighbour_evidence
2020-01-01	2026-08-04	NM_007294.4:c.5452_5454delinsACA	p.Asp1818Thr	missense	VUS	VUS	2	4	MISSING_FUNCTIONAL	MISSING_FUNCTIONAL	PM5:moderate		neighbour_evidence
2020-01-01	2026-08-04	NM_007294.4:c.5452_5453delinsAC	p.Asp1818Thr	missense	VUS	VUS	2	4	MISSING_FUNCTIONAL	MISSING_FUNCTIONAL	PM5:moderate		neighbour_evidence
2020-01-01	2026-08-04	NM_007294.4:c.5452_5454delinsACG	p.Asp1818Thr	missense	VUS	VUS	2	4	MISSING_FUNCTIONAL	MISSING_FUNCTIONAL	PM5:moderate		neighbour_evidence
2020-01-01	2026-08-04	NM_007294.4:c.5452_5454delinsACT	p.Asp1818Thr	missense	VUS	VUS	2	4	MISSING_FUNCTIONAL	MISSING_FUNCTIONAL	PM5:moderate		neighbour_evidence
2020-01-01	2026-08-04	NM_007294.4:c.5452_5454delinsAGA	p.Asp1818Arg	missense	VUS	VUS	2	4	MISSING_FUNCTIONAL	MISSING_FUNCTIONAL	PM5:moderate		neighbour_evidence
2020-01-01	2026-08-04	NM_007294.4:c.5452_5453delinsAG	p.Asp1818Ser	missense	VUS	VUS	2	4	MISSING_FUNCTIONAL	MISSING_FUNCTIONAL	PM5:moderate		neighbour_evidence
2020-01-01	2026-08-04	NM_007294.4:c.5452_5454delinsAGG	p.Asp1818Arg	missense	VUS	VUS	2	4	MISSING_FUNCTIONAL	MISSING_FUNCTIONAL	PM5:moderate		neighbour_evidence
2020-01-01	2026-08-04	NM_007294.4:c.5452_5454delinsAGT	p.Asp1818Ser	missense	VUS	VUS	2	4	MISSING_FUNCTIONAL	MISSING_FUNCTIONAL	PM5:moderate		neighbour_evidence
2020-01-01	2026-08-04	NM_007294.4:c.5452_5454delinsATA	p.Asp1818Ile	missense	VUS	VUS	2	4	MISSING_FUNCTIONAL	MISSING_FUNCTIONAL	PM5:moderate		neighbour_evidence
2020-01-01	2026-08-04	NM_007294.4:c.5452_5453delinsAT	p.Asp1818Ile	missense	VUS	VUS	2	4	MISSING_FUNCTIONAL	MISSING_FUNCTIONAL	PM5:moderate		neighbour_evidence
2020-01-01	2026-08-04	NM_007294.4:c.5452_5454delinsATG	p.Asp1818Met	missense	VUS	VUS	2	4	MISSING_FUNCTIONAL	MISSING_FUNCTIONAL	PM5:moderate		neighbour_evidence
2020-01-01	2026-08-04	NM_007294.4:c.5452_5454delinsATT	p.Asp1818Ile	missense	VUS	VUS	2	4	MISSING_FUNCTIONAL	MISSING_FUNCTIONAL	PM5:moderate		neighbour_evidence
2020-01-01	2026-08-04	NM_007294.4:c.5452_5454delinsCAA	p.Asp1818Gln	missense	VUS	VUS	2	4	MISSING_FUNCTIONAL	MISSING_FUNCTIONAL	PM5:moderate		neighbour_evidence
2020-01-01	2026-08-04	NM_007294.4:c.5452_5454delinsCAG	p.Asp1818Gln	missense	VUS	VUS	2	4	MISSING_FUNCTIONAL	MISSING_FUNCTIONAL	PM5:moderate		neighbour_evidence
2020-01-01	2026-08-04	NM_007294.4:c.5452_5454delinsCAT	p.Asp1818His	missense	VUS	VUS	2	4	MISSING_FUNCTIONAL	MISSING_FUNCTIONAL	PM5:moderate		neighbour_evidence
2020-01-01	2026-08-04	NM_007294.4:c.5452_5454delinsCCA	p.Asp1818Pro	missense	VUS	VUS	2	4	MISSING_FUNCTIONAL	MISSING_FUNCTIONAL	PM5:moderate		neighbour_evidence
2020-01-01	2026-08-04	NM_007294.4:c.5452_5453delinsCC	p.Asp1818Pro	missense	VUS	VUS	2	4	MISSING_FUNCTIONAL	MISSING_FUNCTIONAL	PM5:moderate		neighbour_evidence
2020-01-01	2026-08-04	NM_007294.4:c.5452_5454delinsCCG	p.Asp1818Pro	missense	VUS	VUS	2	4	MISSING_FUNCTIONAL	MISSING_FUNCTIONAL	PM5:moderate		neighbour_evidence
2020-01-01	2026-08-04	NM_007294.4:c.5452_5454delinsCCT	p.Asp1818Pro	missense	VUS	VUS	2	4	MISSING_FUNCTIONAL	MISSING_FUNCTIONAL	PM5:moderate		neighbour_evidence
2020-01-01	2026-08-04	NM_007294.4:c.5452_5454delinsCGA	p.Asp1818Arg	missense	VUS	VUS	2	4	MISSING_FUNCTIONAL	MISSING_FUNCTIONAL	PM5:moderate		neighbour_evidence
2020-01-01	2026-08-04	NM_007294.4:c.5452_5453delinsCG	p.Asp1818Arg	missense	VUS	VUS	2	4	MISSING_FUNCTIONAL	MISSING_FUNCTIONAL	PM5:moderate		neighbour_evidence
2020-01-01	2026-08-04	NM_007294.4:c.5452_5454delinsCGG	p.Asp1818Arg	missense	VUS	VUS	2	4	MISSING_FUNCTIONAL	MISSING_FUNCTIONAL	PM5:moderate		neighbour_evidence
2020-01-01	2026-08-04	NM_007294.4:c.5452_5454delinsCGT	p.Asp1818Arg	missense	VUS	VUS	2	4	MISSING_FUNCTIONAL	MISSING_FUNCTIONAL	PM5:moderate		neighbour_evidence
2020-01-01	2026-08-04	NM_007294.4:c.5452_5454delinsCTA	p.Asp1818Leu	missense	VUS	VUS	2	4	MISSING_FUNCTIONAL	MISSING_FUNCTIONAL	PM5:moderate		neighbour_evidence
2020-01-01	2026-08-04	NM_007294.4:c.5452_5453delinsCT	p.Asp1818Leu	missense	VUS	VUS	2	4	MISSING_FUNCTIONAL	MISSING_FUNCTIONAL	PM5:moderate		neighbour_evidence
2020-01-01	2026-08-04	NM_007294.4:c.5452_5454delinsCTG	p.Asp1818Leu	missense	VUS	VUS	2	4	MISSING_FUNCTIONAL	MISSING_FUNCTIONAL	PM5:moderate		neighbour_evidence
2020-01-01	2026-08-04	NM_007294.4:c.5452_5454delinsCTT	p.Asp1818Leu	missense	VUS	VUS	2	4	MISSING_FUNCTIONAL	MISSING_FUNCTIONAL	PM5:moderate		neighbour_evidence
2020-01-01	2026-08-04	NM_007294.4:c.5453_5454delinsCA	p.Asp1818Ala	missense	VUS	VUS	2	4	MISSING_FUNCTIONAL	MISSING_FUNCTIONAL	PM5:moderate		neighbour_evidence
2020-01-01	2026-08-04	NM_007294.4:c.5453_5454delinsCG	p.Asp1818Ala	missense	VUS	VUS	2	4	MISSING_FUNCTIONAL	MISSING_FUNCTIONAL	PM5:moderate		neighbour_evidence
2020-01-01	2026-08-04	NM_007294.4:c.5453_5454delinsCT	p.Asp1818Ala	missense	VUS	VUS	2	4	MISSING_FUNCTIONAL	MISSING_FUNCTIONAL	PM5:moderate		neighbour_evidence
2020-01-01	2026-08-04	NM_007294.4:c.5453_5454delinsGA	p.Asp1818Gly	missense	VUS	LP	2	6	MISSING_FUNCTIONAL	RESOLVED_NOT_BLOCKED	PS1:strong		neighbour_evidence
2020-01-01	2026-08-04	NM_007294.4:c.5453_5454delinsGG	p.Asp1818Gly	missense	VUS	LP	2	6	MISSING_FUNCTIONAL	RESOLVED_NOT_BLOCKED	PS1:strong		neighbour_evidence
2020-01-01	2026-08-04	NM_007294.4:c.5453_5454delinsGT	p.Asp1818Gly	missense	VUS	LP	2	6	MISSING_FUNCTIONAL	RESOLVED_NOT_BLOCKED	PS1:strong		neighbour_evidence
2020-01-01	2026-08-04	NM_007294.4:c.5453_5454delinsTA	p.Asp1818Val	missense	VUS	VUS	2	4	MISSING_FUNCTIONAL	MISSING_FUNCTIONAL	PM5:moderate		neighbour_evidence
2020-01-01	2026-08-04	NM_007294.4:c.5453_5454delinsTG	p.Asp1818Val	missense	VUS	VUS	2	4	MISSING_FUNCTIONAL	MISSING_FUNCTIONAL	PM5:moderate		neighbour_evidence
2020-01-01	2026-08-04	NM_007294.4:c.5453_5454delinsTT	p.Asp1818Val	missense	VUS	VUS	2	4	MISSING_FUNCTIONAL	MISSING_FUNCTIONAL	PM5:moderate		neighbour_evidence
2020-01-01	2026-08-04	NM_007294.4:c.5452_5454delinsTAT	p.Asp1818Tyr	missense	VUS	VUS	2	4	MISSING_FUNCTIONAL	MISSING_FUNCTIONAL	PM5:moderate		neighbour_evidence
2020-01-01	2026-08-04	NM_007294.4:c.5452_5454delinsTCA	p.Asp1818Ser	missense	VUS	VUS	2	4	MISSING_FUNCTIONAL	MISSING_FUNCTIONAL	PM5:moderate		neighbour_evidence
2020-01-01	2026-08-04	NM_007294.4:c.5452_5453delinsTC	p.Asp1818Ser	missense	VUS	VUS	2	4	MISSING_FUNCTIONAL	MISSING_FUNCTIONAL	PM5:moderate		neighbour_evidence
2020-01-01	2026-08-04	NM_007294.4:c.5452_5454delinsTCG	p.Asp1818Ser	missense	VUS	VUS	2	4	MISSING_FUNCTIONAL	MISSING_FUNCTIONAL	PM5:moderate		neighbour_evidence
2020-01-01	2026-08-04	NM_007294.4:c.5452_5454delinsTCT	p.Asp1818Ser	missense	VUS	VUS	2	4	MISSING_FUNCTIONAL	MISSING_FUNCTIONAL	PM5:moderate		neighbour_evidence
2020-01-01	2026-08-04	NM_007294.4:c.5452_5453delinsTG	p.Asp1818Cys	missense	VUS	VUS	2	4	MISSING_FUNCTIONAL	MISSING_FUNCTIONAL	PM5:moderate		neighbour_evidence
2020-01-01	2026-08-04	NM_007294.4:c.5452_5454delinsTGG	p.Asp1818Trp	missense	VUS	VUS	2	4	MISSING_FUNCTIONAL	MISSING_FUNCTIONAL	PM5:moderate		neighbour_evidence
2020-01-01	2026-08-04	NM_007294.4:c.5452_5454delinsTGT	p.Asp1818Cys	missense	VUS	VUS	2	4	MISSING_FUNCTIONAL	MISSING_FUNCTIONAL	PM5:moderate		neighbour_evidence
2020-01-01	2026-08-04	NM_007294.4:c.5452_5454delinsTTA	p.Asp1818Leu	missense	VUS	VUS	2	4	MISSING_FUNCTIONAL	MISSING_FUNCTIONAL	PM5:moderate		neighbour_evidence
2020-01-01	2026-08-04	NM_007294.4:c.5452_5453delinsTT	p.Asp1818Phe	missense	VUS	VUS	2	4	MISSING_FUNCTIONAL	MISSING_FUNCTIONAL	PM5:moderate		neighbour_evidence
2020-01-01	2026-08-04	NM_007294.4:c.5452_5454delinsTTG	p.Asp1818Leu	missense	VUS	VUS	2	4	MISSING_FUNCTIONAL	MISSING_FUNCTIONAL	PM5:moderate		neighbour_evidence
2020-01-01	2026-08-04	NM_007294.4:c.5452_5454delinsTTT	p.Asp1818Phe	missense	VUS	VUS	2	4	MISSING_FUNCTIONAL	MISSING_FUNCTIONAL	PM5:moderate		neighbour_evidence
2020-01-01	2026-08-04	NM_007294.4:c.5467_5468delinsAA	p.Ala1823Lys	missense	VUS	VUS	2	4	MISSING_FUNCTIONAL	MISSING_FUNCTIONAL	PM5:moderate		neighbour_evidence
2020-01-01	2026-08-04	NM_007294.4:c.5467_5469delinsAAC	p.Ala1823Asn	missense	VUS	VUS	2	4	MISSING_FUNCTIONAL	MISSING_FUNCTIONAL	PM5:moderate		neighbour_evidence
2020-01-01	2026-08-04	NM_007294.4:c.5467_5469delinsAAG	p.Ala1823Lys	missense	VUS	VUS	2	4	MISSING_FUNCTIONAL	MISSING_FUNCTIONAL	PM5:moderate		neighbour_evidence
2020-01-01	2026-08-04	NM_007294.4:c.5467_5469delinsAAT	p.Ala1823Asn	missense	VUS	VUS	2	4	MISSING_FUNCTIONAL	MISSING_FUNCTIONAL	PM5:moderate		neighbour_evidence
2020-01-01	2026-08-04	NM_007294.4:c.5467_5469delinsACC	p.Ala1823Thr	missense	VUS	LP	2	8	MISSING_FUNCTIONAL	RESOLVED_NOT_BLOCKED	PM5:moderate;PS1:strong		neighbour_evidence
2020-01-01	2026-08-04	NM_007294.4:c.5467_5469delinsACG	p.Ala1823Thr	missense	VUS	LP	2	8	MISSING_FUNCTIONAL	RESOLVED_NOT_BLOCKED	PM5:moderate;PS1:strong		neighbour_evidence
2020-01-01	2026-08-04	NM_007294.4:c.5467_5469delinsACT	p.Ala1823Thr	missense	VUS	LP	2	8	MISSING_FUNCTIONAL	RESOLVED_NOT_BLOCKED	PM5:moderate;PS1:strong		neighbour_evidence
2020-01-01	2026-08-04	NM_007294.4:c.5467_5468delinsAG	p.Ala1823Arg	missense	VUS	VUS	2	4	MISSING_FUNCTIONAL	MISSING_FUNCTIONAL	PM5:moderate		neighbour_evidence
2020-01-01	2026-08-04	NM_007294.4:c.5467_5469delinsAGC	p.Ala1823Ser	missense	VUS	LP	2	8	MISSING_FUNCTIONAL	RESOLVED_NOT_BLOCKED	PM5:moderate;PS1:strong		neighbour_evidence
2020-01-01	2026-08-04	NM_007294.4:c.5467_5469delinsAGG	p.Ala1823Arg	missense	VUS	VUS	2	4	MISSING_FUNCTIONAL	MISSING_FUNCTIONAL	PM5:moderate		neighbour_evidence
2020-01-01	2026-08-04	NM_007294.4:c.5467_5469delinsAGT	p.Ala1823Ser	missense	VUS	LP	2	8	MISSING_FUNCTIONAL	RESOLVED_NOT_BLOCKED	PM5:moderate;PS1:strong		neighbour_evidence
2020-01-01	2026-08-04	NM_007294.4:c.5467_5468delinsAT	p.Ala1823Ile	missense	VUS	VUS	2	4	MISSING_FUNCTIONAL	MISSING_FUNCTIONAL	PM5:moderate		neighbour_evidence
2020-01-01	2026-08-04	NM_007294.4:c.5467_5469delinsATC	p.Ala1823Ile	missense	VUS	VUS	2	4	MISSING_FUNCTIONAL	MISSING_FUNCTIONAL	PM5:moderate		neighbour_evidence
2020-01-01	2026-08-04	NM_007294.4:c.5467_5469delinsATG	p.Ala1823Met	missense	VUS	VUS	2	4	MISSING_FUNCTIONAL	MISSING_FUNCTIONAL	PM5:moderate		neighbour_evidence
2020-01-01	2026-08-04	NM_007294.4:c.5467_5469delinsATT	p.Ala1823Ile	missense	VUS	VUS	2	4	MISSING_FUNCTIONAL	MISSING_FUNCTIONAL	PM5:moderate		neighbour_evidence
2020-01-01	2026-08-04	NM_007294.4:c.5467_5468delinsCA	p.Ala1823Gln	missense	VUS	VUS	2	4	MISSING_FUNCTIONAL	MISSING_FUNCTIONAL	PM5:moderate		neighbour_evidence
2020-01-01	2026-08-04	NM_007294.4:c.5467_5469delinsCAC	p.Ala1823His	missense	VUS	VUS	2	4	MISSING_FUNCTIONAL	MISSING_FUNCTIONAL	PM5:moderate		neighbour_evidence
2020-01-01	2026-08-04	NM_007294.4:c.5467_5469delinsCAG	p.Ala1823Gln	missense	VUS	VUS	2	4	MISSING_FUNCTIONAL	MISSING_FUNCTIONAL	PM5:moderate		neighbour_evidence
2020-01-01	2026-08-04	NM_007294.4:c.5467_5469delinsCAT	p.Ala1823His	missense	VUS	VUS	2	4	MISSING_FUNCTIONAL	MISSING_FUNCTIONAL	PM5:moderate		neighbour_evidence
2020-01-01	2026-08-04	NM_007294.4:c.5467_5469delinsCCC	p.Ala1823Pro	missense	VUS	LP	2	8	MISSING_FUNCTIONAL	RESOLVED_NOT_BLOCKED	PM5:moderate;PS1:strong		neighbour_evidence
2020-01-01	2026-08-04	NM_007294.4:c.5467_5469delinsCCG	p.Ala1823Pro	missense	VUS	LP	2	8	MISSING_FUNCTIONAL	RESOLVED_NOT_BLOCKED	PM5:moderate;PS1:strong		neighbour_evidence
2020-01-01	2026-08-04	NM_007294.4:c.5467_5469delinsCCT	p.Ala1823Pro	missense	VUS	LP	2	8	MISSING_FUNCTIONAL	RESOLVED_NOT_BLOCKED	PM5:moderate;PS1:strong		neighbour_evidence
2020-01-01	2026-08-04	NM_007294.4:c.5467_5468delinsCG	p.Ala1823Arg	missense	VUS	VUS	2	4	MISSING_FUNCTIONAL	MISSING_FUNCTIONAL	PM5:moderate		neighbour_evidence
2020-01-01	2026-08-04	NM_007294.4:c.5467_5469delinsCGC	p.Ala1823Arg	missense	VUS	VUS	2	4	MISSING_FUNCTIONAL	MISSING_FUNCTIONAL	PM5:moderate		neighbour_evidence
2020-01-01	2026-08-04	NM_007294.4:c.5467_5469delinsCGG	p.Ala1823Arg	missense	VUS	VUS	2	4	MISSING_FUNCTIONAL	MISSING_FUNCTIONAL	PM5:moderate		neighbour_evidence
2020-01-01	2026-08-04	NM_007294.4:c.5467_5469delinsCGT	p.Ala1823Arg	missense	VUS	VUS	2	4	MISSING_FUNCTIONAL	MISSING_FUNCTIONAL	PM5:moderate		neighbour_evidence
2020-01-01	2026-08-04	NM_007294.4:c.5467_5468delinsCT	p.Ala1823Leu	missense	VUS	VUS	2	4	MISSING_FUNCTIONAL	MISSING_FUNCTIONAL	PM5:moderate		neighbour_evidence
2020-01-01	2026-08-04	NM_007294.4:c.5467_5469delinsCTC	p.Ala1823Leu	missense	VUS	VUS	2	4	MISSING_FUNCTIONAL	MISSING_FUNCTIONAL	PM5:moderate		neighbour_evidence
2020-01-01	2026-08-04	NM_007294.4:c.5467_5469delinsCTG	p.Ala1823Leu	missense	VUS	VUS	2	4	MISSING_FUNCTIONAL	MISSING_FUNCTIONAL	PM5:moderate		neighbour_evidence
2020-01-01	2026-08-04	NM_007294.4:c.5467_5469delinsCTT	p.Ala1823Leu	missense	VUS	VUS	2	4	MISSING_FUNCTIONAL	MISSING_FUNCTIONAL	PM5:moderate		neighbour_evidence
2020-01-01	2026-08-04	NM_007294.4:c.5468_5469delinsAC	p.Ala1823Asp	missense	VUS	VUS	2	4	MISSING_FUNCTIONAL	MISSING_FUNCTIONAL	PM5:moderate		neighbour_evidence
2020-01-01	2026-08-04	NM_007294.4:c.5468_5469delinsAG	p.Ala1823Glu	missense	VUS	VUS	2	4	MISSING_FUNCTIONAL	MISSING_FUNCTIONAL	PM5:moderate		neighbour_evidence
2020-01-01	2026-08-04	NM_007294.4:c.5468_5469delinsAT	p.Ala1823Asp	missense	VUS	VUS	2	4	MISSING_FUNCTIONAL	MISSING_FUNCTIONAL	PM5:moderate		neighbour_evidence
2020-01-01	2026-08-04	NM_007294.4:c.5468_5469delinsGC	p.Ala1823Gly	missense	VUS	VUS	2	4	MISSING_FUNCTIONAL	MISSING_FUNCTIONAL	PM5:moderate		neighbour_evidence
2020-01-01	2026-08-04	NM_007294.4:c.5468_5469delinsGG	p.Ala1823Gly	missense	VUS	VUS	2	4	MISSING_FUNCTIONAL	MISSING_FUNCTIONAL	PM5:moderate		neighbour_evidence
2020-01-01	2026-08-04	NM_007294.4:c.5468_5469delinsGT	p.Ala1823Gly	missense	VUS	VUS	2	4	MISSING_FUNCTIONAL	MISSING_FUNCTIONAL	PM5:moderate		neighbour_evidence
2020-01-01	2026-08-04	NM_007294.4:c.5468_5469delinsTC	p.Ala1823Val	missense	VUS	VUS	2	4	MISSING_FUNCTIONAL	MISSING_FUNCTIONAL	PM5:moderate		neighbour_evidence
2020-01-01	2026-08-04	NM_007294.4:c.5468_5469delinsTG	p.Ala1823Val	missense	VUS	VUS	2	4	MISSING_FUNCTIONAL	MISSING_FUNCTIONAL	PM5:moderate		neighbour_evidence
2020-01-01	2026-08-04	NM_007294.4:c.5468_5469delinsTT	p.Ala1823Val	missense	VUS	VUS	2	4	MISSING_FUNCTIONAL	MISSING_FUNCTIONAL	PM5:moderate		neighbour_evidence
2020-01-01	2026-08-04	NM_007294.4:c.5467_5469delinsTAC	p.Ala1823Tyr	missense	VUS	VUS	2	4	MISSING_FUNCTIONAL	MISSING_FUNCTIONAL	PM5:moderate		neighbour_evidence
2020-01-01	2026-08-04	NM_007294.4:c.5467_5469delinsTAT	p.Ala1823Tyr	missense	VUS	VUS	2	4	MISSING_FUNCTIONAL	MISSING_FUNCTIONAL	PM5:moderate		neighbour_evidence
2020-01-01	2026-08-04	NM_007294.4:c.5467_5469delinsTCC	p.Ala1823Ser	missense	VUS	LP	2	8	MISSING_FUNCTIONAL	RESOLVED_NOT_BLOCKED	PM5:moderate;PS1:strong		neighbour_evidence
2020-01-01	2026-08-04	NM_007294.4:c.5467_5469delinsTCG	p.Ala1823Ser	missense	VUS	LP	2	8	MISSING_FUNCTIONAL	RESOLVED_NOT_BLOCKED	PM5:moderate;PS1:strong		neighbour_evidence
2020-01-01	2026-08-04	NM_007294.4:c.5467_5469delinsTCT	p.Ala1823Ser	missense	VUS	LP	2	8	MISSING_FUNCTIONAL	RESOLVED_NOT_BLOCKED	PM5:moderate;PS1:strong		neighbour_evidence
2020-01-01	2026-08-04	NM_007294.4:c.5467_5469delinsTGC	p.Ala1823Cys	missense	VUS	VUS	2	4	MISSING_FUNCTIONAL	MISSING_FUNCTIONAL	PM5:moderate		neighbour_evidence
2020-01-01	2026-08-04	NM_007294.4:c.5467_5469delinsTGG	p.Ala1823Trp	missense	VUS	VUS	2	4	MISSING_FUNCTIONAL	MISSING_FUNCTIONAL	PM5:moderate		neighbour_evidence
2020-01-01	2026-08-04	NM_007294.4:c.5467_5469delinsTGT	p.Ala1823Cys	missense	VUS	VUS	2	4	MISSING_FUNCTIONAL	MISSING_FUNCTIONAL	PM5:moderate		neighbour_evidence
2020-01-01	2026-08-04	NM_007294.4:c.5467_5468delinsTT	p.Ala1823Leu	missense	VUS	VUS	2	4	MISSING_FUNCTIONAL	MISSING_FUNCTIONAL	PM5:moderate		neighbour_evidence
2020-01-01	2026-08-04	NM_007294.4:c.5467_5469delinsTTC	p.Ala1823Phe	missense	VUS	VUS	2	4	MISSING_FUNCTIONAL	MISSING_FUNCTIONAL	PM5:moderate		neighbour_evidence
2020-01-01	2026-08-04	NM_007294.4:c.5467_5469delinsTTG	p.Ala1823Leu	missense	VUS	VUS	2	4	MISSING_FUNCTIONAL	MISSING_FUNCTIONAL	PM5:moderate		neighbour_evidence
2020-01-01	2026-08-04	NM_007294.4:c.5467_5469delinsTTT	p.Ala1823Phe	missense	VUS	VUS	2	4	MISSING_FUNCTIONAL	MISSING_FUNCTIONAL	PM5:moderate		neighbour_evidence
2020-01-01	2026-08-04	NM_007294.4:c.5488_5489delinsAA	p.Ala1830Lys	missense	VUS	VUS	2	4	MISSING_FUNCTIONAL	MISSING_FUNCTIONAL	PM5:moderate		neighbour_evidence
2020-01-01	2026-08-04	NM_007294.4:c.5488_5490delinsAAC	p.Ala1830Asn	missense	VUS	VUS	2	4	MISSING_FUNCTIONAL	MISSING_FUNCTIONAL	PM5:moderate		neighbour_evidence
2020-01-01	2026-08-04	NM_007294.4:c.5488_5490delinsAAG	p.Ala1830Lys	missense	VUS	VUS	2	4	MISSING_FUNCTIONAL	MISSING_FUNCTIONAL	PM5:moderate		neighbour_evidence
2020-01-01	2026-08-04	NM_007294.4:c.5488_5490delinsAAT	p.Ala1830Asn	missense	VUS	VUS	2	4	MISSING_FUNCTIONAL	MISSING_FUNCTIONAL	PM5:moderate		neighbour_evidence
2020-01-01	2026-08-04	NM_007294.4:c.5488_5490delinsACC	p.Ala1830Thr	missense	VUS	VUS	2	4	MISSING_FUNCTIONAL	MISSING_FUNCTIONAL	PM5:moderate		neighbour_evidence
2020-01-01	2026-08-04	NM_007294.4:c.5488_5490delinsACG	p.Ala1830Thr	missense	VUS	VUS	2	4	MISSING_FUNCTIONAL	MISSING_FUNCTIONAL	PM5:moderate		neighbour_evidence
2020-01-01	2026-08-04	NM_007294.4:c.5488_5490delinsACT	p.Ala1830Thr	missense	VUS	VUS	2	4	MISSING_FUNCTIONAL	MISSING_FUNCTIONAL	PM5:moderate		neighbour_evidence
2020-01-01	2026-08-04	NM_007294.4:c.5488_5489delinsAG	p.Ala1830Arg	missense	VUS	VUS	2	4	MISSING_FUNCTIONAL	MISSING_FUNCTIONAL	PM5:moderate		neighbour_evidence
2020-01-01	2026-08-04	NM_007294.4:c.5488_5490delinsAGC	p.Ala1830Ser	missense	VUS	LP	2	6	MISSING_FUNCTIONAL	RESOLVED_NOT_BLOCKED	PS1:strong		neighbour_evidence
2020-01-01	2026-08-04	NM_007294.4:c.5488_5490delinsAGG	p.Ala1830Arg	missense	VUS	VUS	2	4	MISSING_FUNCTIONAL	MISSING_FUNCTIONAL	PM5:moderate		neighbour_evidence
2020-01-01	2026-08-04	NM_007294.4:c.5488_5490delinsAGT	p.Ala1830Ser	missense	VUS	LP	2	6	MISSING_FUNCTIONAL	RESOLVED_NOT_BLOCKED	PS1:strong		neighbour_evidence
2020-01-01	2026-08-04	NM_007294.4:c.5488_5489delinsAT	p.Ala1830Ile	missense	VUS	VUS	2	4	MISSING_FUNCTIONAL	MISSING_FUNCTIONAL	PM5:moderate		neighbour_evidence
2020-01-01	2026-08-04	NM_007294.4:c.5488_5490delinsATC	p.Ala1830Ile	missense	VUS	VUS	2	4	MISSING_FUNCTIONAL	MISSING_FUNCTIONAL	PM5:moderate		neighbour_evidence
2020-01-01	2026-08-04	NM_007294.4:c.5488_5490delinsATG	p.Ala1830Met	missense	VUS	VUS	2	4	MISSING_FUNCTIONAL	MISSING_FUNCTIONAL	PM5:moderate		neighbour_evidence
2020-01-01	2026-08-04	NM_007294.4:c.5488_5490delinsATT	p.Ala1830Ile	missense	VUS	VUS	2	4	MISSING_FUNCTIONAL	MISSING_FUNCTIONAL	PM5:moderate		neighbour_evidence
2020-01-01	2026-08-04	NM_007294.4:c.5488_5489delinsCA	p.Ala1830Gln	missense	VUS	VUS	2	4	MISSING_FUNCTIONAL	MISSING_FUNCTIONAL	PM5:moderate		neighbour_evidence
2020-01-01	2026-08-04	NM_007294.4:c.5488_5490delinsCAC	p.Ala1830His	missense	VUS	VUS	2	4	MISSING_FUNCTIONAL	MISSING_FUNCTIONAL	PM5:moderate		neighbour_evidence
2020-01-01	2026-08-04	NM_007294.4:c.5488_5490delinsCAG	p.Ala1830Gln	missense	VUS	VUS	2	4	MISSING_FUNCTIONAL	MISSING_FUNCTIONAL	PM5:moderate		neighbour_evidence
2020-01-01	2026-08-04	NM_007294.4:c.5488_5490delinsCAT	p.Ala1830His	missense	VUS	VUS	2	4	MISSING_FUNCTIONAL	MISSING_FUNCTIONAL	PM5:moderate		neighbour_evidence
2020-01-01	2026-08-04	NM_007294.4:c.5488_5490delinsCCC	p.Ala1830Pro	missense	VUS	VUS	2	4	MISSING_FUNCTIONAL	MISSING_FUNCTIONAL	PM5:moderate		neighbour_evidence
2020-01-01	2026-08-04	NM_007294.4:c.5488_5490delinsCCG	p.Ala1830Pro	missense	VUS	VUS	2	4	MISSING_FUNCTIONAL	MISSING_FUNCTIONAL	PM5:moderate		neighbour_evidence
2020-01-01	2026-08-04	NM_007294.4:c.5488_5490delinsCCT	p.Ala1830Pro	missense	VUS	VUS	2	4	MISSING_FUNCTIONAL	MISSING_FUNCTIONAL	PM5:moderate		neighbour_evidence
2020-01-01	2026-08-04	NM_007294.4:c.5488_5489delinsCG	p.Ala1830Arg	missense	VUS	VUS	2	4	MISSING_FUNCTIONAL	MISSING_FUNCTIONAL	PM5:moderate		neighbour_evidence
2020-01-01	2026-08-04	NM_007294.4:c.5488_5490delinsCGC	p.Ala1830Arg	missense	VUS	VUS	2	4	MISSING_FUNCTIONAL	MISSING_FUNCTIONAL	PM5:moderate		neighbour_evidence
2020-01-01	2026-08-04	NM_007294.4:c.5488_5490delinsCGG	p.Ala1830Arg	missense	VUS	VUS	2	4	MISSING_FUNCTIONAL	MISSING_FUNCTIONAL	PM5:moderate		neighbour_evidence
2020-01-01	2026-08-04	NM_007294.4:c.5488_5490delinsCGT	p.Ala1830Arg	missense	VUS	VUS	2	4	MISSING_FUNCTIONAL	MISSING_FUNCTIONAL	PM5:moderate		neighbour_evidence
2020-01-01	2026-08-04	NM_007294.4:c.5488_5489delinsCT	p.Ala1830Leu	missense	VUS	VUS	2	4	MISSING_FUNCTIONAL	MISSING_FUNCTIONAL	PM5:moderate		neighbour_evidence
2020-01-01	2026-08-04	NM_007294.4:c.5488_5490delinsCTC	p.Ala1830Leu	missense	VUS	VUS	2	4	MISSING_FUNCTIONAL	MISSING_FUNCTIONAL	PM5:moderate		neighbour_evidence
2020-01-01	2026-08-04	NM_007294.4:c.5488_5490delinsCTG	p.Ala1830Leu	missense	VUS	VUS	2	4	MISSING_FUNCTIONAL	MISSING_FUNCTIONAL	PM5:moderate		neighbour_evidence
2020-01-01	2026-08-04	NM_007294.4:c.5488_5490delinsCTT	p.Ala1830Leu	missense	VUS	VUS	2	4	MISSING_FUNCTIONAL	MISSING_FUNCTIONAL	PM5:moderate		neighbour_evidence
2020-01-01	2026-08-04	NM_007294.4:c.5489_5490delinsAC	p.Ala1830Asp	missense	VUS	VUS	2	4	MISSING_FUNCTIONAL	MISSING_FUNCTIONAL	PM5:moderate		neighbour_evidence
2020-01-01	2026-08-04	NM_007294.4:c.5489_5490delinsAG	p.Ala1830Glu	missense	VUS	VUS	2	4	MISSING_FUNCTIONAL	MISSING_FUNCTIONAL	PM5:moderate		neighbour_evidence
2020-01-01	2026-08-04	NM_007294.4:c.5489_5490delinsAT	p.Ala1830Asp	missense	VUS	VUS	2	4	MISSING_FUNCTIONAL	MISSING_FUNCTIONAL	PM5:moderate		neighbour_evidence
2020-01-01	2026-08-04	NM_007294.4:c.5489_5490delinsGC	p.Ala1830Gly	missense	VUS	VUS	2	4	MISSING_FUNCTIONAL	MISSING_FUNCTIONAL	PM5:moderate		neighbour_evidence
2020-01-01	2026-08-04	NM_007294.4:c.5489_5490delinsGG	p.Ala1830Gly	missense	VUS	VUS	2	4	MISSING_FUNCTIONAL	MISSING_FUNCTIONAL	PM5:moderate		neighbour_evidence
2020-01-01	2026-08-04	NM_007294.4:c.5489_5490delinsGT	p.Ala1830Gly	missense	VUS	VUS	2	4	MISSING_FUNCTIONAL	MISSING_FUNCTIONAL	PM5:moderate		neighbour_evidence
2020-01-01	2026-08-04	NM_007294.4:c.5489_5490delinsTC	p.Ala1830Val	missense	VUS	VUS	2	4	MISSING_FUNCTIONAL	MISSING_FUNCTIONAL	PM5:moderate		neighbour_evidence
2020-01-01	2026-08-04	NM_007294.4:c.5489_5490delinsTG	p.Ala1830Val	missense	VUS	VUS	2	4	MISSING_FUNCTIONAL	MISSING_FUNCTIONAL	PM5:moderate		neighbour_evidence
2020-01-01	2026-08-04	NM_007294.4:c.5489_5490delinsTT	p.Ala1830Val	missense	VUS	VUS	2	4	MISSING_FUNCTIONAL	MISSING_FUNCTIONAL	PM5:moderate		neighbour_evidence
2020-01-01	2026-08-04	NM_007294.4:c.5488_5490delinsTAC	p.Ala1830Tyr	missense	VUS	VUS	2	4	MISSING_FUNCTIONAL	MISSING_FUNCTIONAL	PM5:moderate		neighbour_evidence
2020-01-01	2026-08-04	NM_007294.4:c.5488_5490delinsTAT	p.Ala1830Tyr	missense	VUS	VUS	2	4	MISSING_FUNCTIONAL	MISSING_FUNCTIONAL	PM5:moderate		neighbour_evidence
2020-01-01	2026-08-04	NM_007294.4:c.5488_5490delinsTCC	p.Ala1830Ser	missense	VUS	LP	2	6	MISSING_FUNCTIONAL	RESOLVED_NOT_BLOCKED	PS1:strong		neighbour_evidence
2020-01-01	2026-08-04	NM_007294.4:c.5488_5490delinsTCG	p.Ala1830Ser	missense	VUS	LP	2	6	MISSING_FUNCTIONAL	RESOLVED_NOT_BLOCKED	PS1:strong		neighbour_evidence
2020-01-01	2026-08-04	NM_007294.4:c.5488_5490delinsTCT	p.Ala1830Ser	missense	VUS	LP	2	6	MISSING_FUNCTIONAL	RESOLVED_NOT_BLOCKED	PS1:strong		neighbour_evidence
2020-01-01	2026-08-04	NM_007294.4:c.5488_5490delinsTGC	p.Ala1830Cys	missense	VUS	VUS	2	4	MISSING_FUNCTIONAL	MISSING_FUNCTIONAL	PM5:moderate		neighbour_evidence
2020-01-01	2026-08-04	NM_007294.4:c.5488_5490delinsTGG	p.Ala1830Trp	missense	VUS	VUS	2	4	MISSING_FUNCTIONAL	MISSING_FUNCTIONAL	PM5:moderate		neighbour_evidence
2020-01-01	2026-08-04	NM_007294.4:c.5488_5490delinsTGT	p.Ala1830Cys	missense	VUS	VUS	2	4	MISSING_FUNCTIONAL	MISSING_FUNCTIONAL	PM5:moderate		neighbour_evidence
2020-01-01	2026-08-04	NM_007294.4:c.5488_5489delinsTT	p.Ala1830Leu	missense	VUS	VUS	2	4	MISSING_FUNCTIONAL	MISSING_FUNCTIONAL	PM5:moderate		neighbour_evidence
2020-01-01	2026-08-04	NM_007294.4:c.5488_5490delinsTTC	p.Ala1830Phe	missense	VUS	VUS	2	4	MISSING_FUNCTIONAL	MISSING_FUNCTIONAL	PM5:moderate		neighbour_evidence
2020-01-01	2026-08-04	NM_007294.4:c.5488_5490delinsTTG	p.Ala1830Leu	missense	VUS	VUS	2	4	MISSING_FUNCTIONAL	MISSING_FUNCTIONAL	PM5:moderate		neighbour_evidence
2020-01-01	2026-08-04	NM_007294.4:c.5488_5490delinsTTT	p.Ala1830Phe	missense	VUS	VUS	2	4	MISSING_FUNCTIONAL	MISSING_FUNCTIONAL	PM5:moderate		neighbour_evidence
2020-01-01	2026-08-04	NM_007294.4:c.5497_5499delinsAAA	p.Val1833Lys	missense	VUS	VUS	2	4	MISSING_FUNCTIONAL	MISSING_FUNCTIONAL	PM5:moderate		neighbour_evidence
2020-01-01	2026-08-04	NM_007294.4:c.5497_5499delinsAAC	p.Val1833Asn	missense	VUS	VUS	2	4	MISSING_FUNCTIONAL	MISSING_FUNCTIONAL	PM5:moderate		neighbour_evidence
2020-01-01	2026-08-04	NM_007294.4:c.5497_5498delinsAA	p.Val1833Lys	missense	VUS	VUS	2	4	MISSING_FUNCTIONAL	MISSING_FUNCTIONAL	PM5:moderate		neighbour_evidence
2020-01-01	2026-08-04	NM_007294.4:c.5497_5499delinsAAT	p.Val1833Asn	missense	VUS	VUS	2	4	MISSING_FUNCTIONAL	MISSING_FUNCTIONAL	PM5:moderate		neighbour_evidence
2020-01-01	2026-08-04	NM_007294.4:c.5497_5499delinsACA	p.Val1833Thr	missense	VUS	VUS	2	4	MISSING_FUNCTIONAL	MISSING_FUNCTIONAL	PM5:moderate		neighbour_evidence
2020-01-01	2026-08-04	NM_007294.4:c.5497_5499delinsACC	p.Val1833Thr	missense	VUS	VUS	2	4	MISSING_FUNCTIONAL	MISSING_FUNCTIONAL	PM5:moderate		neighbour_evidence
2020-01-01	2026-08-04	NM_007294.4:c.5497_5498delinsAC	p.Val1833Thr	missense	VUS	VUS	2	4	MISSING_FUNCTIONAL	MISSING_FUNCTIONAL	PM5:moderate		neighbour_evidence
2020-01-01	2026-08-04	NM_007294.4:c.5497_5499delinsACT	p.Val1833Thr	missense	VUS	VUS	2	4	MISSING_FUNCTIONAL	MISSING_FUNCTIONAL	PM5:moderate		neighbour_evidence
2020-01-01	2026-08-04	NM_007294.4:c.5497_5499delinsAGA	p.Val1833Arg	missense	VUS	VUS	2	4	MISSING_FUNCTIONAL	MISSING_FUNCTIONAL	PM5:moderate		neighbour_evidence
2020-01-01	2026-08-04	NM_007294.4:c.5497_5499delinsAGC	p.Val1833Ser	missense	VUS	VUS	2	4	MISSING_FUNCTIONAL	MISSING_FUNCTIONAL	PM5:moderate		neighbour_evidence
2020-01-01	2026-08-04	NM_007294.4:c.5497_5498delinsAG	p.Val1833Arg	missense	VUS	VUS	2	4	MISSING_FUNCTIONAL	MISSING_FUNCTIONAL	PM5:moderate		neighbour_evidence
2020-01-01	2026-08-04	NM_007294.4:c.5497_5499delinsAGT	p.Val1833Ser	missense	VUS	VUS	2	4	MISSING_FUNCTIONAL	MISSING_FUNCTIONAL	PM5:moderate		neighbour_evidence
2020-01-01	2026-08-04	NM_007294.4:c.5497_5499delinsATA	p.Val1833Ile	missense	VUS	VUS	2	4	MISSING_FUNCTIONAL	MISSING_FUNCTIONAL	PM5:moderate		neighbour_evidence
2020-01-01	2026-08-04	NM_007294.4:c.5497_5499delinsATC	p.Val1833Ile	missense	VUS	VUS	2	4	MISSING_FUNCTIONAL	MISSING_FUNCTIONAL	PM5:moderate		neighbour_evidence
2020-01-01	2026-08-04	NM_007294.4:c.5497_5499delinsATT	p.Val1833Ile	missense	VUS	VUS	2	4	MISSING_FUNCTIONAL	MISSING_FUNCTIONAL	PM5:moderate		neighbour_evidence
2020-01-01	2026-08-04	NM_007294.4:c.5497_5499delinsCAA	p.Val1833Gln	missense	VUS	VUS	2	4	MISSING_FUNCTIONAL	MISSING_FUNCTIONAL	PM5:moderate		neighbour_evidence
2020-01-01	2026-08-04	NM_007294.4:c.5497_5499delinsCAC	p.Val1833His	missense	VUS	VUS	2	4	MISSING_FUNCTIONAL	MISSING_FUNCTIONAL	PM5:moderate		neighbour_evidence
2020-01-01	2026-08-04	NM_007294.4:c.5497_5498delinsCA	p.Val1833Gln	missense	VUS	VUS	2	4	MISSING_FUNCTIONAL	MISSING_FUNCTIONAL	PM5:moderate		neighbour_evidence
2020-01-01	2026-08-04	NM_007294.4:c.5497_5499delinsCAT	p.Val1833His	missense	VUS	VUS	2	4	MISSING_FUNCTIONAL	MISSING_FUNCTIONAL	PM5:moderate		neighbour_evidence
2020-01-01	2026-08-04	NM_007294.4:c.5497_5499delinsCCA	p.Val1833Pro	missense	VUS	VUS	2	4	MISSING_FUNCTIONAL	MISSING_FUNCTIONAL	PM5:moderate		neighbour_evidence
2020-01-01	2026-08-04	NM_007294.4:c.5497_5499delinsCCC	p.Val1833Pro	missense	VUS	VUS	2	4	MISSING_FUNCTIONAL	MISSING_FUNCTIONAL	PM5:moderate		neighbour_evidence
2020-01-01	2026-08-04	NM_007294.4:c.5497_5498delinsCC	p.Val1833Pro	missense	VUS	VUS	2	4	MISSING_FUNCTIONAL	MISSING_FUNCTIONAL	PM5:moderate		neighbour_evidence
2020-01-01	2026-08-04	NM_007294.4:c.5497_5499delinsCCT	p.Val1833Pro	missense	VUS	VUS	2	4	MISSING_FUNCTIONAL	MISSING_FUNCTIONAL	PM5:moderate		neighbour_evidence
2020-01-01	2026-08-04	NM_007294.4:c.5497_5499delinsCGA	p.Val1833Arg	missense	VUS	VUS	2	4	MISSING_FUNCTIONAL	MISSING_FUNCTIONAL	PM5:moderate		neighbour_evidence
2020-01-01	2026-08-04	NM_007294.4:c.5497_5499delinsCGC	p.Val1833Arg	missense	VUS	VUS	2	4	MISSING_FUNCTIONAL	MISSING_FUNCTIONAL	PM5:moderate		neighbour_evidence
2020-01-01	2026-08-04	NM_007294.4:c.5497_5498delinsCG	p.Val1833Arg	missense	VUS	VUS	2	4	MISSING_FUNCTIONAL	MISSING_FUNCTIONAL	PM5:moderate		neighbour_evidence
2020-01-01	2026-08-04	NM_007294.4:c.5497_5499delinsCGT	p.Val1833Arg	missense	VUS	VUS	2	4	MISSING_FUNCTIONAL	MISSING_FUNCTIONAL	PM5:moderate		neighbour_evidence
2020-01-01	2026-08-04	NM_007294.4:c.5497_5499delinsCTA	p.Val1833Leu	missense	VUS	VUS	2	4	MISSING_FUNCTIONAL	MISSING_FUNCTIONAL	PM5:moderate		neighbour_evidence
2020-01-01	2026-08-04	NM_007294.4:c.5497_5499delinsCTC	p.Val1833Leu	missense	VUS	VUS	2	4	MISSING_FUNCTIONAL	MISSING_FUNCTIONAL	PM5:moderate		neighbour_evidence
2020-01-01	2026-08-04	NM_007294.4:c.5497_5499delinsCTT	p.Val1833Leu	missense	VUS	VUS	2	4	MISSING_FUNCTIONAL	MISSING_FUNCTIONAL	PM5:moderate		neighbour_evidence
2020-01-01	2026-08-04	NM_007294.4:c.5498_5499delinsAA	p.Val1833Glu	missense	VUS	VUS	2	4	MISSING_FUNCTIONAL	MISSING_FUNCTIONAL	PM5:moderate		neighbour_evidence
2020-01-01	2026-08-04	NM_007294.4:c.5498_5499delinsAC	p.Val1833Asp	missense	VUS	VUS	2	4	MISSING_FUNCTIONAL	MISSING_FUNCTIONAL	PM5:moderate		neighbour_evidence
2020-01-01	2026-08-04	NM_007294.4:c.5498_5499delinsAT	p.Val1833Asp	missense	VUS	VUS	2	4	MISSING_FUNCTIONAL	MISSING_FUNCTIONAL	PM5:moderate		neighbour_evidence
2020-01-01	2026-08-04	NM_007294.4:c.5498_5499delinsCA	p.Val1833Ala	missense	VUS	VUS	2	4	MISSING_FUNCTIONAL	MISSING_FUNCTIONAL	PM5:moderate		neighbour_evidence
2020-01-01	2026-08-04	NM_007294.4:c.5498_5499delinsCC	p.Val1833Ala	missense	VUS	VUS	2	4	MISSING_FUNCTIONAL	MISSING_FUNCTIONAL	PM5:moderate		neighbour_evidence
2020-01-01	2026-08-04	NM_007294.4:c.5498_5499delinsCT	p.Val1833Ala	missense	VUS	VUS	2	4	MISSING_FUNCTIONAL	MISSING_FUNCTIONAL	PM5:moderate		neighbour_evidence
2020-01-01	2026-08-04	NM_007294.4:c.5498_5499delinsGA	p.Val1833Gly	missense	VUS	LP	2	8	MISSING_FUNCTIONAL	RESOLVED_NOT_BLOCKED	PM5:moderate;PS1:strong		neighbour_evidence
2020-01-01	2026-08-04	NM_007294.4:c.5498_5499delinsGC	p.Val1833Gly	missense	VUS	LP	2	8	MISSING_FUNCTIONAL	RESOLVED_NOT_BLOCKED	PM5:moderate;PS1:strong		neighbour_evidence
2020-01-01	2026-08-04	NM_007294.4:c.5498_5499delinsGT	p.Val1833Gly	missense	VUS	LP	2	8	MISSING_FUNCTIONAL	RESOLVED_NOT_BLOCKED	PM5:moderate;PS1:strong		neighbour_evidence
2020-01-01	2026-08-04	NM_007294.4:c.5497_5499delinsTAC	p.Val1833Tyr	missense	VUS	VUS	2	4	MISSING_FUNCTIONAL	MISSING_FUNCTIONAL	PM5:moderate		neighbour_evidence
2020-01-01	2026-08-04	NM_007294.4:c.5497_5499delinsTAT	p.Val1833Tyr	missense	VUS	VUS	2	4	MISSING_FUNCTIONAL	MISSING_FUNCTIONAL	PM5:moderate		neighbour_evidence
2020-01-01	2026-08-04	NM_007294.4:c.5497_5499delinsTCA	p.Val1833Ser	missense	VUS	VUS	2	4	MISSING_FUNCTIONAL	MISSING_FUNCTIONAL	PM5:moderate		neighbour_evidence
2020-01-01	2026-08-04	NM_007294.4:c.5497_5499delinsTCC	p.Val1833Ser	missense	VUS	VUS	2	4	MISSING_FUNCTIONAL	MISSING_FUNCTIONAL	PM5:moderate		neighbour_evidence
2020-01-01	2026-08-04	NM_007294.4:c.5497_5498delinsTC	p.Val1833Ser	missense	VUS	VUS	2	4	MISSING_FUNCTIONAL	MISSING_FUNCTIONAL	PM5:moderate		neighbour_evidence
2020-01-01	2026-08-04	NM_007294.4:c.5497_5499delinsTCT	p.Val1833Ser	missense	VUS	VUS	2	4	MISSING_FUNCTIONAL	MISSING_FUNCTIONAL	PM5:moderate		neighbour_evidence
2020-01-01	2026-08-04	NM_007294.4:c.5497_5499delinsTGC	p.Val1833Cys	missense	VUS	VUS	2	4	MISSING_FUNCTIONAL	MISSING_FUNCTIONAL	PM5:moderate		neighbour_evidence
2020-01-01	2026-08-04	NM_007294.4:c.5497_5498delinsTG	p.Val1833Trp	missense	VUS	VUS	2	4	MISSING_FUNCTIONAL	MISSING_FUNCTIONAL	PM5:moderate		neighbour_evidence
2020-01-01	2026-08-04	NM_007294.4:c.5497_5499delinsTGT	p.Val1833Cys	missense	VUS	VUS	2	4	MISSING_FUNCTIONAL	MISSING_FUNCTIONAL	PM5:moderate		neighbour_evidence
2020-01-01	2026-08-04	NM_007294.4:c.5497_5499delinsTTA	p.Val1833Leu	missense	VUS	VUS	2	4	MISSING_FUNCTIONAL	MISSING_FUNCTIONAL	PM5:moderate		neighbour_evidence
2020-01-01	2026-08-04	NM_007294.4:c.5497_5499delinsTTC	p.Val1833Phe	missense	VUS	VUS	2	4	MISSING_FUNCTIONAL	MISSING_FUNCTIONAL	PM5:moderate		neighbour_evidence
2020-01-01	2026-08-04	NM_007294.4:c.5497_5499delinsTTT	p.Val1833Phe	missense	VUS	VUS	2	4	MISSING_FUNCTIONAL	MISSING_FUNCTIONAL	PM5:moderate		neighbour_evidence
2020-01-01	2026-08-04	NM_007294.4:c.5509_5511delinsAAA	p.Trp1837Lys	missense	VUS	VUS	2	4	MISSING_FUNCTIONAL	MISSING_FUNCTIONAL	PM5:moderate		neighbour_evidence
2020-01-01	2026-08-04	NM_007294.4:c.5509_5511delinsAAC	p.Trp1837Asn	missense	VUS	VUS	2	4	MISSING_FUNCTIONAL	MISSING_FUNCTIONAL	PM5:moderate		neighbour_evidence
2020-01-01	2026-08-04	NM_007294.4:c.5509_5510delinsAA	p.Trp1837Lys	missense	VUS	VUS	2	4	MISSING_FUNCTIONAL	MISSING_FUNCTIONAL	PM5:moderate		neighbour_evidence
2020-01-01	2026-08-04	NM_007294.4:c.5509_5511delinsAAT	p.Trp1837Asn	missense	VUS	VUS	2	4	MISSING_FUNCTIONAL	MISSING_FUNCTIONAL	PM5:moderate		neighbour_evidence
2020-01-01	2026-08-04	NM_007294.4:c.5509_5511delinsACA	p.Trp1837Thr	missense	VUS	VUS	2	4	MISSING_FUNCTIONAL	MISSING_FUNCTIONAL	PM5:moderate		neighbour_evidence
2020-01-01	2026-08-04	NM_007294.4:c.5509_5511delinsACC	p.Trp1837Thr	missense	VUS	VUS	2	4	MISSING_FUNCTIONAL	MISSING_FUNCTIONAL	PM5:moderate		neighbour_evidence
2020-01-01	2026-08-04	NM_007294.4:c.5509_5510delinsAC	p.Trp1837Thr	missense	VUS	VUS	2	4	MISSING_FUNCTIONAL	MISSING_FUNCTIONAL	PM5:moderate		neighbour_evidence
2020-01-01	2026-08-04	NM_007294.4:c.5509_5511delinsACT	p.Trp1837Thr	missense	VUS	VUS	2	4	MISSING_FUNCTIONAL	MISSING_FUNCTIONAL	PM5:moderate		neighbour_evidence
2020-01-01	2026-08-04	NM_007294.4:c.5509_5511delinsAGA	p.Trp1837Arg	missense	VUS	LP	2	8	MISSING_FUNCTIONAL	RESOLVED_NOT_BLOCKED	PM5:moderate;PS1:strong		neighbour_evidence
2020-01-01	2026-08-04	NM_007294.4:c.5509_5511delinsAGC	p.Trp1837Ser	missense	VUS	LP	2	8	MISSING_FUNCTIONAL	RESOLVED_NOT_BLOCKED	PM5:moderate;PS1:strong		neighbour_evidence
2020-01-01	2026-08-04	NM_007294.4:c.5509_5511delinsAGT	p.Trp1837Ser	missense	VUS	LP	2	8	MISSING_FUNCTIONAL	RESOLVED_NOT_BLOCKED	PM5:moderate;PS1:strong		neighbour_evidence
2020-01-01	2026-08-04	NM_007294.4:c.5509_5511delinsATA	p.Trp1837Ile	missense	VUS	VUS	2	4	MISSING_FUNCTIONAL	MISSING_FUNCTIONAL	PM5:moderate		neighbour_evidence
2020-01-01	2026-08-04	NM_007294.4:c.5509_5511delinsATC	p.Trp1837Ile	missense	VUS	VUS	2	4	MISSING_FUNCTIONAL	MISSING_FUNCTIONAL	PM5:moderate		neighbour_evidence
2020-01-01	2026-08-04	NM_007294.4:c.5509_5510delinsAT	p.Trp1837Met	missense	VUS	VUS	2	4	MISSING_FUNCTIONAL	MISSING_FUNCTIONAL	PM5:moderate		neighbour_evidence
2020-01-01	2026-08-04	NM_007294.4:c.5509_5511delinsATT	p.Trp1837Ile	missense	VUS	VUS	2	4	MISSING_FUNCTIONAL	MISSING_FUNCTIONAL	PM5:moderate		neighbour_evidence
2020-01-01	2026-08-04	NM_007294.4:c.5509_5511delinsCAA	p.Trp1837Gln	missense	VUS	VUS	2	4	MISSING_FUNCTIONAL	MISSING_FUNCTIONAL	PM5:moderate		neighbour_evidence
2020-01-01	2026-08-04	NM_007294.4:c.5509_5511delinsCAC	p.Trp1837His	missense	VUS	VUS	2	4	MISSING_FUNCTIONAL	MISSING_FUNCTIONAL	PM5:moderate		neighbour_evidence
2020-01-01	2026-08-04	NM_007294.4:c.5509_5510delinsCA	p.Trp1837Gln	missense	VUS	VUS	2	4	MISSING_FUNCTIONAL	MISSING_FUNCTIONAL	PM5:moderate		neighbour_evidence
2020-01-01	2026-08-04	NM_007294.4:c.5509_5511delinsCAT	p.Trp1837His	missense	VUS	VUS	2	4	MISSING_FUNCTIONAL	MISSING_FUNCTIONAL	PM5:moderate		neighbour_evidence
2020-01-01	2026-08-04	NM_007294.4:c.5509_5511delinsCCA	p.Trp1837Pro	missense	VUS	VUS	2	4	MISSING_FUNCTIONAL	MISSING_FUNCTIONAL	PM5:moderate		neighbour_evidence
2020-01-01	2026-08-04	NM_007294.4:c.5509_5511delinsCCC	p.Trp1837Pro	missense	VUS	VUS	2	4	MISSING_FUNCTIONAL	MISSING_FUNCTIONAL	PM5:moderate		neighbour_evidence
2020-01-01	2026-08-04	NM_007294.4:c.5509_5510delinsCC	p.Trp1837Pro	missense	VUS	VUS	2	4	MISSING_FUNCTIONAL	MISSING_FUNCTIONAL	PM5:moderate		neighbour_evidence
2020-01-01	2026-08-04	NM_007294.4:c.5509_5511delinsCCT	p.Trp1837Pro	missense	VUS	VUS	2	4	MISSING_FUNCTIONAL	MISSING_FUNCTIONAL	PM5:moderate		neighbour_evidence
2020-01-01	2026-08-04	NM_007294.4:c.5509_5511delinsCGA	p.Trp1837Arg	missense	VUS	LP	2	8	MISSING_FUNCTIONAL	RESOLVED_NOT_BLOCKED	PM5:moderate;PS1:strong		neighbour_evidence
2020-01-01	2026-08-04	NM_007294.4:c.5509_5511delinsCGC	p.Trp1837Arg	missense	VUS	LP	2	8	MISSING_FUNCTIONAL	RESOLVED_NOT_BLOCKED	PM5:moderate;PS1:strong		neighbour_evidence
2020-01-01	2026-08-04	NM_007294.4:c.5509_5511delinsCGT	p.Trp1837Arg	missense	VUS	LP	2	8	MISSING_FUNCTIONAL	RESOLVED_NOT_BLOCKED	PM5:moderate;PS1:strong		neighbour_evidence
2020-01-01	2026-08-04	NM_007294.4:c.5509_5511delinsCTA	p.Trp1837Leu	missense	VUS	VUS	2	4	MISSING_FUNCTIONAL	MISSING_FUNCTIONAL	PM5:moderate		neighbour_evidence
2020-01-01	2026-08-04	NM_007294.4:c.5509_5511delinsCTC	p.Trp1837Leu	missense	VUS	VUS	2	4	MISSING_FUNCTIONAL	MISSING_FUNCTIONAL	PM5:moderate		neighbour_evidence
2020-01-01	2026-08-04	NM_007294.4:c.5509_5510delinsCT	p.Trp1837Leu	missense	VUS	VUS	2	4	MISSING_FUNCTIONAL	MISSING_FUNCTIONAL	PM5:moderate		neighbour_evidence
2020-01-01	2026-08-04	NM_007294.4:c.5509_5511delinsCTT	p.Trp1837Leu	missense	VUS	VUS	2	4	MISSING_FUNCTIONAL	MISSING_FUNCTIONAL	PM5:moderate		neighbour_evidence
2020-01-01	2026-08-04	NM_007294.4:c.5509_5511delinsGAA	p.Trp1837Glu	missense	VUS	VUS	2	4	MISSING_FUNCTIONAL	MISSING_FUNCTIONAL	PM5:moderate		neighbour_evidence
2020-01-01	2026-08-04	NM_007294.4:c.5509_5511delinsGAC	p.Trp1837Asp	missense	VUS	VUS	2	4	MISSING_FUNCTIONAL	MISSING_FUNCTIONAL	PM5:moderate		neighbour_evidence
2020-01-01	2026-08-04	NM_007294.4:c.5509_5510delinsGA	p.Trp1837Glu	missense	VUS	VUS	2	4	MISSING_FUNCTIONAL	MISSING_FUNCTIONAL	PM5:moderate		neighbour_evidence
2020-01-01	2026-08-04	NM_007294.4:c.5509_5511delinsGAT	p.Trp1837Asp	missense	VUS	VUS	2	4	MISSING_FUNCTIONAL	MISSING_FUNCTIONAL	PM5:moderate		neighbour_evidence
2020-01-01	2026-08-04	NM_007294.4:c.5509_5511delinsGCA	p.Trp1837Ala	missense	VUS	VUS	2	4	MISSING_FUNCTIONAL	MISSING_FUNCTIONAL	PM5:moderate		neighbour_evidence
2020-01-01	2026-08-04	NM_007294.4:c.5509_5511delinsGCC	p.Trp1837Ala	missense	VUS	VUS	2	4	MISSING_FUNCTIONAL	MISSING_FUNCTIONAL	PM5:moderate		neighbour_evidence
2020-01-01	2026-08-04	NM_007294.4:c.5509_5510delinsGC	p.Trp1837Ala	missense	VUS	VUS	2	4	MISSING_FUNCTIONAL	MISSING_FUNCTIONAL	PM5:moderate		neighbour_evidence
2020-01-01	2026-08-04	NM_007294.4:c.5509_5511delinsGCT	p.Trp1837Ala	missense	VUS	VUS	2	4	MISSING_FUNCTIONAL	MISSING_FUNCTIONAL	PM5:moderate		neighbour_evidence
2020-01-01	2026-08-04	NM_007294.4:c.5509_5511delinsGGA	p.Trp1837Gly	missense	VUS	LP	2	8	MISSING_FUNCTIONAL	RESOLVED_NOT_BLOCKED	PM5:moderate;PS1:strong		neighbour_evidence
2020-01-01	2026-08-04	NM_007294.4:c.5509_5511delinsGGC	p.Trp1837Gly	missense	VUS	LP	2	8	MISSING_FUNCTIONAL	RESOLVED_NOT_BLOCKED	PM5:moderate;PS1:strong		neighbour_evidence
2020-01-01	2026-08-04	NM_007294.4:c.5509_5511delinsGGT	p.Trp1837Gly	missense	VUS	LP	2	8	MISSING_FUNCTIONAL	RESOLVED_NOT_BLOCKED	PM5:moderate;PS1:strong		neighbour_evidence
2020-01-01	2026-08-04	NM_007294.4:c.5509_5511delinsGTA	p.Trp1837Val	missense	VUS	VUS	2	4	MISSING_FUNCTIONAL	MISSING_FUNCTIONAL	PM5:moderate		neighbour_evidence
2020-01-01	2026-08-04	NM_007294.4:c.5509_5511delinsGTC	p.Trp1837Val	missense	VUS	VUS	2	4	MISSING_FUNCTIONAL	MISSING_FUNCTIONAL	PM5:moderate		neighbour_evidence
2020-01-01	2026-08-04	NM_007294.4:c.5509_5510delinsGT	p.Trp1837Val	missense	VUS	VUS	2	4	MISSING_FUNCTIONAL	MISSING_FUNCTIONAL	PM5:moderate		neighbour_evidence
2020-01-01	2026-08-04	NM_007294.4:c.5509_5511delinsGTT	p.Trp1837Val	missense	VUS	VUS	2	4	MISSING_FUNCTIONAL	MISSING_FUNCTIONAL	PM5:moderate		neighbour_evidence
2020-01-01	2026-08-04	NM_007294.4:c.5510_5511delinsAC	p.Trp1837Tyr	missense	VUS	VUS	2	4	MISSING_FUNCTIONAL	MISSING_FUNCTIONAL	PM5:moderate		neighbour_evidence
2020-01-01	2026-08-04	NM_007294.4:c.5510_5511delinsAT	p.Trp1837Tyr	missense	VUS	VUS	2	4	MISSING_FUNCTIONAL	MISSING_FUNCTIONAL	PM5:moderate		neighbour_evidence
2020-01-01	2026-08-04	NM_007294.4:c.5510_5511delinsCA	p.Trp1837Ser	missense	VUS	LP	2	8	MISSING_FUNCTIONAL	RESOLVED_NOT_BLOCKED	PM5:moderate;PS1:strong		neighbour_evidence
2020-01-01	2026-08-04	NM_007294.4:c.5510_5511delinsCC	p.Trp1837Ser	missense	VUS	LP	2	8	MISSING_FUNCTIONAL	RESOLVED_NOT_BLOCKED	PM5:moderate;PS1:strong		neighbour_evidence
2020-01-01	2026-08-04	NM_007294.4:c.5510_5511delinsCT	p.Trp1837Ser	missense	VUS	VUS	2	4	MISSING_FUNCTIONAL	MISSING_FUNCTIONAL	PM5:moderate		neighbour_evidence
2020-01-01	2026-08-04	NM_007294.4:c.5510_5511delinsTA	p.Trp1837Leu	missense	VUS	VUS	2	4	MISSING_FUNCTIONAL	MISSING_FUNCTIONAL	PM5:moderate		neighbour_evidence
2020-01-01	2026-08-04	NM_007294.4:c.5510_5511delinsTC	p.Trp1837Phe	missense	VUS	VUS	2	4	MISSING_FUNCTIONAL	MISSING_FUNCTIONAL	PM5:moderate		neighbour_evidence
2020-01-01	2026-08-04	NM_007294.4:c.5510_5511delinsTT	p.Trp1837Phe	missense	VUS	VUS	2	4	MISSING_FUNCTIONAL	MISSING_FUNCTIONAL	PM5:moderate		neighbour_evidence
2020-01-01	2026-08-04	NM_007294.4:c.5512_5514delinsAAA	p.Val1838Lys	missense	VUS	VUS	2	4	MISSING_FUNCTIONAL	MISSING_FUNCTIONAL	PM5:moderate		neighbour_evidence
2020-01-01	2026-08-04	NM_007294.4:c.5512_5514delinsAAC	p.Val1838Asn	missense	VUS	VUS	2	4	MISSING_FUNCTIONAL	MISSING_FUNCTIONAL	PM5:moderate		neighbour_evidence
2020-01-01	2026-08-04	NM_007294.4:c.5512_5513delinsAA	p.Val1838Lys	missense	VUS	VUS	2	4	MISSING_FUNCTIONAL	MISSING_FUNCTIONAL	PM5:moderate		neighbour_evidence
2020-01-01	2026-08-04	NM_007294.4:c.5512_5514delinsAAT	p.Val1838Asn	missense	VUS	VUS	2	4	MISSING_FUNCTIONAL	MISSING_FUNCTIONAL	PM5:moderate		neighbour_evidence
2020-01-01	2026-08-04	NM_007294.4:c.5512_5514delinsACA	p.Val1838Thr	missense	VUS	VUS	2	4	MISSING_FUNCTIONAL	MISSING_FUNCTIONAL	PM5:moderate		neighbour_evidence
2020-01-01	2026-08-04	NM_007294.4:c.5512_5514delinsACC	p.Val1838Thr	missense	VUS	VUS	2	4	MISSING_FUNCTIONAL	MISSING_FUNCTIONAL	PM5:moderate		neighbour_evidence
2020-01-01	2026-08-04	NM_007294.4:c.5512_5513delinsAC	p.Val1838Thr	missense	VUS	VUS	2	4	MISSING_FUNCTIONAL	MISSING_FUNCTIONAL	PM5:moderate		neighbour_evidence
2020-01-01	2026-08-04	NM_007294.4:c.5512_5514delinsACT	p.Val1838Thr	missense	VUS	VUS	2	4	MISSING_FUNCTIONAL	MISSING_FUNCTIONAL	PM5:moderate		neighbour_evidence
2020-01-01	2026-08-04	NM_007294.4:c.5512_5514delinsAGA	p.Val1838Arg	missense	VUS	VUS	2	4	MISSING_FUNCTIONAL	MISSING_FUNCTIONAL	PM5:moderate		neighbour_evidence
2020-01-01	2026-08-04	NM_007294.4:c.5512_5514delinsAGC	p.Val1838Ser	missense	VUS	VUS	2	4	MISSING_FUNCTIONAL	MISSING_FUNCTIONAL	PM5:moderate		neighbour_evidence
2020-01-01	2026-08-04	NM_007294.4:c.5512_5513delinsAG	p.Val1838Arg	missense	VUS	VUS	2	4	MISSING_FUNCTIONAL	MISSING_FUNCTIONAL	PM5:moderate		neighbour_evidence
2020-01-01	2026-08-04	NM_007294.4:c.5512_5514delinsAGT	p.Val1838Ser	missense	VUS	VUS	2	4	MISSING_FUNCTIONAL	MISSING_FUNCTIONAL	PM5:moderate		neighbour_evidence
2020-01-01	2026-08-04	NM_007294.4:c.5512_5514delinsATA	p.Val1838Ile	missense	VUS	VUS	2	4	MISSING_FUNCTIONAL	MISSING_FUNCTIONAL	PM5:moderate		neighbour_evidence
2020-01-01	2026-08-04	NM_007294.4:c.5512_5514delinsATC	p.Val1838Ile	missense	VUS	VUS	2	4	MISSING_FUNCTIONAL	MISSING_FUNCTIONAL	PM5:moderate		neighbour_evidence
2020-01-01	2026-08-04	NM_007294.4:c.5512_5514delinsATT	p.Val1838Ile	missense	VUS	VUS	2	4	MISSING_FUNCTIONAL	MISSING_FUNCTIONAL	PM5:moderate		neighbour_evidence
2020-01-01	2026-08-04	NM_007294.4:c.5512_5514delinsCAA	p.Val1838Gln	missense	VUS	VUS	2	4	MISSING_FUNCTIONAL	MISSING_FUNCTIONAL	PM5:moderate		neighbour_evidence
2020-01-01	2026-08-04	NM_007294.4:c.5512_5514delinsCAC	p.Val1838His	missense	VUS	VUS	2	4	MISSING_FUNCTIONAL	MISSING_FUNCTIONAL	PM5:moderate		neighbour_evidence
2020-01-01	2026-08-04	NM_007294.4:c.5512_5513delinsCA	p.Val1838Gln	missense	VUS	VUS	2	4	MISSING_FUNCTIONAL	MISSING_FUNCTIONAL	PM5:moderate		neighbour_evidence
2020-01-01	2026-08-04	NM_007294.4:c.5512_5514delinsCAT	p.Val1838His	missense	VUS	VUS	2	4	MISSING_FUNCTIONAL	MISSING_FUNCTIONAL	PM5:moderate		neighbour_evidence
2020-01-01	2026-08-04	NM_007294.4:c.5512_5514delinsCCA	p.Val1838Pro	missense	VUS	VUS	2	4	MISSING_FUNCTIONAL	MISSING_FUNCTIONAL	PM5:moderate		neighbour_evidence
2020-01-01	2026-08-04	NM_007294.4:c.5512_5514delinsCCC	p.Val1838Pro	missense	VUS	VUS	2	4	MISSING_FUNCTIONAL	MISSING_FUNCTIONAL	PM5:moderate		neighbour_evidence
2020-01-01	2026-08-04	NM_007294.4:c.5512_5513delinsCC	p.Val1838Pro	missense	VUS	VUS	2	4	MISSING_FUNCTIONAL	MISSING_FUNCTIONAL	PM5:moderate		neighbour_evidence
2020-01-01	2026-08-04	NM_007294.4:c.5512_5514delinsCCT	p.Val1838Pro	missense	VUS	VUS	2	4	MISSING_FUNCTIONAL	MISSING_FUNCTIONAL	PM5:moderate		neighbour_evidence
2020-01-01	2026-08-04	NM_007294.4:c.5512_5514delinsCGA	p.Val1838Arg	missense	VUS	VUS	2	4	MISSING_FUNCTIONAL	MISSING_FUNCTIONAL	PM5:moderate		neighbour_evidence
2020-01-01	2026-08-04	NM_007294.4:c.5512_5514delinsCGC	p.Val1838Arg	missense	VUS	VUS	2	4	MISSING_FUNCTIONAL	MISSING_FUNCTIONAL	PM5:moderate		neighbour_evidence
2020-01-01	2026-08-04	NM_007294.4:c.5512_5513delinsCG	p.Val1838Arg	missense	VUS	VUS	2	4	MISSING_FUNCTIONAL	MISSING_FUNCTIONAL	PM5:moderate		neighbour_evidence
2020-01-01	2026-08-04	NM_007294.4:c.5512_5514delinsCGT	p.Val1838Arg	missense	VUS	VUS	2	4	MISSING_FUNCTIONAL	MISSING_FUNCTIONAL	PM5:moderate		neighbour_evidence
2020-01-01	2026-08-04	NM_007294.4:c.5512_5514delinsCTA	p.Val1838Leu	missense	VUS	VUS	2	4	MISSING_FUNCTIONAL	MISSING_FUNCTIONAL	PM5:moderate		neighbour_evidence
2020-01-01	2026-08-04	NM_007294.4:c.5512_5514delinsCTC	p.Val1838Leu	missense	VUS	VUS	2	4	MISSING_FUNCTIONAL	MISSING_FUNCTIONAL	PM5:moderate		neighbour_evidence
2020-01-01	2026-08-04	NM_007294.4:c.5512_5514delinsCTT	p.Val1838Leu	missense	VUS	VUS	2	4	MISSING_FUNCTIONAL	MISSING_FUNCTIONAL	PM5:moderate		neighbour_evidence
2020-01-01	2026-08-04	NM_007294.4:c.5513_5514delinsAA	p.Val1838Glu	missense	VUS	LP	2	8	MISSING_FUNCTIONAL	RESOLVED_NOT_BLOCKED	PM5:moderate;PS1:strong		neighbour_evidence
2020-01-01	2026-08-04	NM_007294.4:c.5513_5514delinsAC	p.Val1838Asp	missense	VUS	VUS	2	4	MISSING_FUNCTIONAL	MISSING_FUNCTIONAL	PM5:moderate		neighbour_evidence
2020-01-01	2026-08-04	NM_007294.4:c.5513_5514delinsAT	p.Val1838Asp	missense	VUS	VUS	2	4	MISSING_FUNCTIONAL	MISSING_FUNCTIONAL	PM5:moderate		neighbour_evidence
2020-01-01	2026-08-04	NM_007294.4:c.5513_5514delinsCA	p.Val1838Ala	missense	VUS	VUS	2	4	MISSING_FUNCTIONAL	MISSING_FUNCTIONAL	PM5:moderate		neighbour_evidence
2020-01-01	2026-08-04	NM_007294.4:c.5513_5514delinsCC	p.Val1838Ala	missense	VUS	VUS	2	4	MISSING_FUNCTIONAL	MISSING_FUNCTIONAL	PM5:moderate		neighbour_evidence
2020-01-01	2026-08-04	NM_007294.4:c.5513_5514delinsCT	p.Val1838Ala	missense	VUS	VUS	2	4	MISSING_FUNCTIONAL	MISSING_FUNCTIONAL	PM5:moderate		neighbour_evidence
2020-01-01	2026-08-04	NM_007294.4:c.5513_5514delinsGA	p.Val1838Gly	missense	VUS	LP	2	8	MISSING_FUNCTIONAL	RESOLVED_NOT_BLOCKED	PM5:moderate;PS1:strong		neighbour_evidence
2020-01-01	2026-08-04	NM_007294.4:c.5513_5514delinsGC	p.Val1838Gly	missense	VUS	LP	2	8	MISSING_FUNCTIONAL	RESOLVED_NOT_BLOCKED	PM5:moderate;PS1:strong		neighbour_evidence
2020-01-01	2026-08-04	NM_007294.4:c.5513_5514delinsGT	p.Val1838Gly	missense	VUS	LP	2	8	MISSING_FUNCTIONAL	RESOLVED_NOT_BLOCKED	PM5:moderate;PS1:strong		neighbour_evidence
2020-01-01	2026-08-04	NM_007294.4:c.5512_5514delinsTAC	p.Val1838Tyr	missense	VUS	VUS	2	4	MISSING_FUNCTIONAL	MISSING_FUNCTIONAL	PM5:moderate		neighbour_evidence
2020-01-01	2026-08-04	NM_007294.4:c.5512_5514delinsTAT	p.Val1838Tyr	missense	VUS	VUS	2	4	MISSING_FUNCTIONAL	MISSING_FUNCTIONAL	PM5:moderate		neighbour_evidence
2020-01-01	2026-08-04	NM_007294.4:c.5512_5514delinsTCA	p.Val1838Ser	missense	VUS	VUS	2	4	MISSING_FUNCTIONAL	MISSING_FUNCTIONAL	PM5:moderate		neighbour_evidence
2020-01-01	2026-08-04	NM_007294.4:c.5512_5514delinsTCC	p.Val1838Ser	missense	VUS	VUS	2	4	MISSING_FUNCTIONAL	MISSING_FUNCTIONAL	PM5:moderate		neighbour_evidence
2020-01-01	2026-08-04	NM_007294.4:c.5512_5513delinsTC	p.Val1838Ser	missense	VUS	VUS	2	4	MISSING_FUNCTIONAL	MISSING_FUNCTIONAL	PM5:moderate		neighbour_evidence
2020-01-01	2026-08-04	NM_007294.4:c.5512_5514delinsTCT	p.Val1838Ser	missense	VUS	VUS	2	4	MISSING_FUNCTIONAL	MISSING_FUNCTIONAL	PM5:moderate		neighbour_evidence
2020-01-01	2026-08-04	NM_007294.4:c.5512_5514delinsTGC	p.Val1838Cys	missense	VUS	VUS	2	4	MISSING_FUNCTIONAL	MISSING_FUNCTIONAL	PM5:moderate		neighbour_evidence
2020-01-01	2026-08-04	NM_007294.4:c.5512_5513delinsTG	p.Val1838Trp	missense	VUS	VUS	2	4	MISSING_FUNCTIONAL	MISSING_FUNCTIONAL	PM5:moderate		neighbour_evidence
2020-01-01	2026-08-04	NM_007294.4:c.5512_5514delinsTGT	p.Val1838Cys	missense	VUS	VUS	2	4	MISSING_FUNCTIONAL	MISSING_FUNCTIONAL	PM5:moderate		neighbour_evidence
2020-01-01	2026-08-04	NM_007294.4:c.5512_5514delinsTTA	p.Val1838Leu	missense	VUS	VUS	2	4	MISSING_FUNCTIONAL	MISSING_FUNCTIONAL	PM5:moderate		neighbour_evidence
2020-01-01	2026-08-04	NM_007294.4:c.5512_5514delinsTTC	p.Val1838Phe	missense	VUS	VUS	2	4	MISSING_FUNCTIONAL	MISSING_FUNCTIONAL	PM5:moderate		neighbour_evidence
2020-01-01	2026-08-04	NM_007294.4:c.5512_5514delinsTTT	p.Val1838Phe	missense	VUS	VUS	2	4	MISSING_FUNCTIONAL	MISSING_FUNCTIONAL	PM5:moderate		neighbour_evidence
2020-01-01	2026-08-04	NM_007294.4:c.5515_5517delinsAAA	p.Leu1839Lys	missense	VUS	VUS	2	4	MISSING_FUNCTIONAL	MISSING_FUNCTIONAL	PM5:moderate		neighbour_evidence
2020-01-01	2026-08-04	NM_007294.4:c.5515_5517delinsAAC	p.Leu1839Asn	missense	VUS	VUS	2	4	MISSING_FUNCTIONAL	MISSING_FUNCTIONAL	PM5:moderate		neighbour_evidence
2020-01-01	2026-08-04	NM_007294.4:c.5515_5516delinsAA	p.Leu1839Lys	missense	VUS	VUS	2	4	MISSING_FUNCTIONAL	MISSING_FUNCTIONAL	PM5:moderate		neighbour_evidence
2020-01-01	2026-08-04	NM_007294.4:c.5515_5517delinsAAT	p.Leu1839Asn	missense	VUS	VUS	2	4	MISSING_FUNCTIONAL	MISSING_FUNCTIONAL	PM5:moderate		neighbour_evidence
2020-01-01	2026-08-04	NM_007294.4:c.5515_5517delinsACA	p.Leu1839Thr	missense	VUS	VUS	2	4	MISSING_FUNCTIONAL	MISSING_FUNCTIONAL	PM5:moderate		neighbour_evidence
2020-01-01	2026-08-04	NM_007294.4:c.5515_5517delinsACC	p.Leu1839Thr	missense	VUS	VUS	2	4	MISSING_FUNCTIONAL	MISSING_FUNCTIONAL	PM5:moderate		neighbour_evidence
2020-01-01	2026-08-04	NM_007294.4:c.5515_5516delinsAC	p.Leu1839Thr	missense	VUS	VUS	2	4	MISSING_FUNCTIONAL	MISSING_FUNCTIONAL	PM5:moderate		neighbour_evidence
2020-01-01	2026-08-04	NM_007294.4:c.5515_5517delinsACT	p.Leu1839Thr	missense	VUS	VUS	2	4	MISSING_FUNCTIONAL	MISSING_FUNCTIONAL	PM5:moderate		neighbour_evidence
2020-01-01	2026-08-04	NM_007294.4:c.5515_5517delinsAGA	p.Leu1839Arg	missense	VUS	VUS	2	4	MISSING_FUNCTIONAL	MISSING_FUNCTIONAL	PM5:moderate		neighbour_evidence
2020-01-01	2026-08-04	NM_007294.4:c.5515_5517delinsAGC	p.Leu1839Ser	missense	VUS	LP	2	6	MISSING_FUNCTIONAL	RESOLVED_NOT_BLOCKED	PS1:strong		neighbour_evidence
2020-01-01	2026-08-04	NM_007294.4:c.5515_5516delinsAG	p.Leu1839Arg	missense	VUS	VUS	2	4	MISSING_FUNCTIONAL	MISSING_FUNCTIONAL	PM5:moderate		neighbour_evidence
2020-01-01	2026-08-04	NM_007294.4:c.5515_5517delinsAGT	p.Leu1839Ser	missense	VUS	LP	2	6	MISSING_FUNCTIONAL	RESOLVED_NOT_BLOCKED	PS1:strong		neighbour_evidence
2020-01-01	2026-08-04	NM_007294.4:c.5515_5517delinsATA	p.Leu1839Ile	missense	VUS	VUS	2	4	MISSING_FUNCTIONAL	MISSING_FUNCTIONAL	PM5:moderate		neighbour_evidence
2020-01-01	2026-08-04	NM_007294.4:c.5515_5517delinsATC	p.Leu1839Ile	missense	VUS	VUS	2	4	MISSING_FUNCTIONAL	MISSING_FUNCTIONAL	PM5:moderate		neighbour_evidence
2020-01-01	2026-08-04	NM_007294.4:c.5515_5517delinsATT	p.Leu1839Ile	missense	VUS	VUS	2	4	MISSING_FUNCTIONAL	MISSING_FUNCTIONAL	PM5:moderate		neighbour_evidence
2020-01-01	2026-08-04	NM_007294.4:c.5515_5517delinsCAA	p.Leu1839Gln	missense	VUS	VUS	2	4	MISSING_FUNCTIONAL	MISSING_FUNCTIONAL	PM5:moderate		neighbour_evidence
2020-01-01	2026-08-04	NM_007294.4:c.5515_5517delinsCAC	p.Leu1839His	missense	VUS	VUS	2	4	MISSING_FUNCTIONAL	MISSING_FUNCTIONAL	PM5:moderate		neighbour_evidence
2020-01-01	2026-08-04	NM_007294.4:c.5515_5516delinsCA	p.Leu1839Gln	missense	VUS	VUS	2	4	MISSING_FUNCTIONAL	MISSING_FUNCTIONAL	PM5:moderate		neighbour_evidence
2020-01-01	2026-08-04	NM_007294.4:c.5515_5517delinsCAT	p.Leu1839His	missense	VUS	VUS	2	4	MISSING_FUNCTIONAL	MISSING_FUNCTIONAL	PM5:moderate		neighbour_evidence
2020-01-01	2026-08-04	NM_007294.4:c.5515_5517delinsCCA	p.Leu1839Pro	missense	VUS	VUS	2	4	MISSING_FUNCTIONAL	MISSING_FUNCTIONAL	PM5:moderate		neighbour_evidence
2020-01-01	2026-08-04	NM_007294.4:c.5515_5517delinsCCC	p.Leu1839Pro	missense	VUS	VUS	2	4	MISSING_FUNCTIONAL	MISSING_FUNCTIONAL	PM5:moderate		neighbour_evidence
2020-01-01	2026-08-04	NM_007294.4:c.5515_5516delinsCC	p.Leu1839Pro	missense	VUS	VUS	2	4	MISSING_FUNCTIONAL	MISSING_FUNCTIONAL	PM5:moderate		neighbour_evidence
2020-01-01	2026-08-04	NM_007294.4:c.5515_5517delinsCCT	p.Leu1839Pro	missense	VUS	VUS	2	4	MISSING_FUNCTIONAL	MISSING_FUNCTIONAL	PM5:moderate		neighbour_evidence
2020-01-01	2026-08-04	NM_007294.4:c.5515_5517delinsCGA	p.Leu1839Arg	missense	VUS	VUS	2	4	MISSING_FUNCTIONAL	MISSING_FUNCTIONAL	PM5:moderate		neighbour_evidence
2020-01-01	2026-08-04	NM_007294.4:c.5515_5517delinsCGC	p.Leu1839Arg	missense	VUS	VUS	2	4	MISSING_FUNCTIONAL	MISSING_FUNCTIONAL	PM5:moderate		neighbour_evidence
2020-01-01	2026-08-04	NM_007294.4:c.5515_5516delinsCG	p.Leu1839Arg	missense	VUS	VUS	2	4	MISSING_FUNCTIONAL	MISSING_FUNCTIONAL	PM5:moderate		neighbour_evidence
2020-01-01	2026-08-04	NM_007294.4:c.5515_5517delinsCGT	p.Leu1839Arg	missense	VUS	VUS	2	4	MISSING_FUNCTIONAL	MISSING_FUNCTIONAL	PM5:moderate		neighbour_evidence
2020-01-01	2026-08-04	NM_007294.4:c.5515_5517delinsGAA	p.Leu1839Glu	missense	VUS	VUS	2	4	MISSING_FUNCTIONAL	MISSING_FUNCTIONAL	PM5:moderate		neighbour_evidence
2020-01-01	2026-08-04	NM_007294.4:c.5515_5517delinsGAC	p.Leu1839Asp	missense	VUS	VUS	2	4	MISSING_FUNCTIONAL	MISSING_FUNCTIONAL	PM5:moderate		neighbour_evidence
2020-01-01	2026-08-04	NM_007294.4:c.5515_5516delinsGA	p.Leu1839Glu	missense	VUS	VUS	2	4	MISSING_FUNCTIONAL	MISSING_FUNCTIONAL	PM5:moderate		neighbour_evidence
2020-01-01	2026-08-04	NM_007294.4:c.5515_5517delinsGAT	p.Leu1839Asp	missense	VUS	VUS	2	4	MISSING_FUNCTIONAL	MISSING_FUNCTIONAL	PM5:moderate		neighbour_evidence
2020-01-01	2026-08-04	NM_007294.4:c.5515_5517delinsGCA	p.Leu1839Ala	missense	VUS	VUS	2	4	MISSING_FUNCTIONAL	MISSING_FUNCTIONAL	PM5:moderate		neighbour_evidence
2020-01-01	2026-08-04	NM_007294.4:c.5515_5517delinsGCC	p.Leu1839Ala	missense	VUS	VUS	2	4	MISSING_FUNCTIONAL	MISSING_FUNCTIONAL	PM5:moderate		neighbour_evidence
2020-01-01	2026-08-04	NM_007294.4:c.5515_5516delinsGC	p.Leu1839Ala	missense	VUS	VUS	2	4	MISSING_FUNCTIONAL	MISSING_FUNCTIONAL	PM5:moderate		neighbour_evidence
2020-01-01	2026-08-04	NM_007294.4:c.5515_5517delinsGCT	p.Leu1839Ala	missense	VUS	VUS	2	4	MISSING_FUNCTIONAL	MISSING_FUNCTIONAL	PM5:moderate		neighbour_evidence
2020-01-01	2026-08-04	NM_007294.4:c.5515_5517delinsGGA	p.Leu1839Gly	missense	VUS	VUS	2	4	MISSING_FUNCTIONAL	MISSING_FUNCTIONAL	PM5:moderate		neighbour_evidence
2020-01-01	2026-08-04	NM_007294.4:c.5515_5517delinsGGC	p.Leu1839Gly	missense	VUS	VUS	2	4	MISSING_FUNCTIONAL	MISSING_FUNCTIONAL	PM5:moderate		neighbour_evidence
2020-01-01	2026-08-04	NM_007294.4:c.5515_5516delinsGG	p.Leu1839Gly	missense	VUS	VUS	2	4	MISSING_FUNCTIONAL	MISSING_FUNCTIONAL	PM5:moderate		neighbour_evidence
2020-01-01	2026-08-04	NM_007294.4:c.5515_5517delinsGGT	p.Leu1839Gly	missense	VUS	VUS	2	4	MISSING_FUNCTIONAL	MISSING_FUNCTIONAL	PM5:moderate		neighbour_evidence
2020-01-01	2026-08-04	NM_007294.4:c.5515_5517delinsGTA	p.Leu1839Val	missense	VUS	VUS	2	4	MISSING_FUNCTIONAL	MISSING_FUNCTIONAL	PM5:moderate		neighbour_evidence
2020-01-01	2026-08-04	NM_007294.4:c.5515_5517delinsGTC	p.Leu1839Val	missense	VUS	VUS	2	4	MISSING_FUNCTIONAL	MISSING_FUNCTIONAL	PM5:moderate		neighbour_evidence
2020-01-01	2026-08-04	NM_007294.4:c.5515_5517delinsGTT	p.Leu1839Val	missense	VUS	VUS	2	4	MISSING_FUNCTIONAL	MISSING_FUNCTIONAL	PM5:moderate		neighbour_evidence
2020-01-01	2026-08-04	NM_007294.4:c.5516_5517delinsAC	p.Leu1839Tyr	missense	VUS	VUS	2	4	MISSING_FUNCTIONAL	MISSING_FUNCTIONAL	PM5:moderate		neighbour_evidence
2020-01-01	2026-08-04	NM_007294.4:c.5516_5517delinsAT	p.Leu1839Tyr	missense	VUS	VUS	2	4	MISSING_FUNCTIONAL	MISSING_FUNCTIONAL	PM5:moderate		neighbour_evidence
2020-01-01	2026-08-04	NM_007294.4:c.5516_5517delinsCA	p.Leu1839Ser	missense	VUS	LP	2	6	MISSING_FUNCTIONAL	RESOLVED_NOT_BLOCKED	PS1:strong		neighbour_evidence
2020-01-01	2026-08-04	NM_007294.4:c.5516_5517delinsCC	p.Leu1839Ser	missense	VUS	LP	2	6	MISSING_FUNCTIONAL	RESOLVED_NOT_BLOCKED	PS1:strong		neighbour_evidence
2020-01-01	2026-08-04	NM_007294.4:c.5516_5517delinsCT	p.Leu1839Ser	missense	VUS	LP	2	6	MISSING_FUNCTIONAL	RESOLVED_NOT_BLOCKED	PS1:strong		neighbour_evidence
2020-01-01	2026-08-04	NM_007294.4:c.5516_5517delinsGC	p.Leu1839Cys	missense	VUS	VUS	2	4	MISSING_FUNCTIONAL	MISSING_FUNCTIONAL	PM5:moderate		neighbour_evidence
2020-01-01	2026-08-04	NM_007294.4:c.5516_5517delinsGT	p.Leu1839Cys	missense	VUS	VUS	2	4	MISSING_FUNCTIONAL	MISSING_FUNCTIONAL	PM5:moderate		neighbour_evidence
2020-01-01	2026-08-04	NM_007294.4:c.5522_5523delinsAA	p.Ser1841Lys	missense	VUS	VUS	2	4	MISSING_FUNCTIONAL	MISSING_FUNCTIONAL	PM5:moderate		neighbour_evidence
2020-01-01	2026-08-04	NM_007294.4:c.5522_5523delinsAC	p.Ser1841Asn	missense	VUS	VUS	2	4	MISSING_FUNCTIONAL	MISSING_FUNCTIONAL	PM5:moderate		neighbour_evidence
2020-01-01	2026-08-04	NM_007294.4:c.5522_5523delinsAG	p.Ser1841Lys	missense	VUS	VUS	2	4	MISSING_FUNCTIONAL	MISSING_FUNCTIONAL	PM5:moderate		neighbour_evidence
2020-01-01	2026-08-04	NM_007294.4:c.5522_5523delinsCA	p.Ser1841Thr	missense	VUS	VUS	2	4	MISSING_FUNCTIONAL	MISSING_FUNCTIONAL	PM5:moderate		neighbour_evidence
2020-01-01	2026-08-04	NM_007294.4:c.5522_5523delinsCC	p.Ser1841Thr	missense	VUS	VUS	2	4	MISSING_FUNCTIONAL	MISSING_FUNCTIONAL	PM5:moderate		neighbour_evidence
2020-01-01	2026-08-04	NM_007294.4:c.5522_5523delinsCG	p.Ser1841Thr	missense	VUS	VUS	2	4	MISSING_FUNCTIONAL	MISSING_FUNCTIONAL	PM5:moderate		neighbour_evidence
2020-01-01	2026-08-04	NM_007294.4:c.5522_5523delinsTA	p.Ser1841Ile	missense	VUS	LP	2	8	MISSING_FUNCTIONAL	RESOLVED_NOT_BLOCKED	PM5:moderate;PS1:strong		neighbour_evidence
2020-01-01	2026-08-04	NM_007294.4:c.5522_5523delinsTC	p.Ser1841Ile	missense	VUS	LP	2	8	MISSING_FUNCTIONAL	RESOLVED_NOT_BLOCKED	PM5:moderate;PS1:strong		neighbour_evidence
2020-01-01	2026-08-04	NM_007294.4:c.5522_5523delinsTG	p.Ser1841Met	missense	VUS	VUS	2	4	MISSING_FUNCTIONAL	MISSING_FUNCTIONAL	PM5:moderate		neighbour_evidence
2020-01-01	2026-08-04	NM_007294.4:c.5521_5523delinsCAA	p.Ser1841Gln	missense	VUS	VUS	2	4	MISSING_FUNCTIONAL	MISSING_FUNCTIONAL	PM5:moderate		neighbour_evidence
2020-01-01	2026-08-04	NM_007294.4:c.5521_5523delinsCAC	p.Ser1841His	missense	VUS	VUS	2	4	MISSING_FUNCTIONAL	MISSING_FUNCTIONAL	PM5:moderate		neighbour_evidence
2020-01-01	2026-08-04	NM_007294.4:c.5521_5523delinsCAG	p.Ser1841Gln	missense	VUS	VUS	2	4	MISSING_FUNCTIONAL	MISSING_FUNCTIONAL	PM5:moderate		neighbour_evidence
2020-01-01	2026-08-04	NM_007294.4:c.5521_5522delinsCA	p.Ser1841His	missense	VUS	VUS	2	4	MISSING_FUNCTIONAL	MISSING_FUNCTIONAL	PM5:moderate		neighbour_evidence
2020-01-01	2026-08-04	NM_007294.4:c.5521_5523delinsCCA	p.Ser1841Pro	missense	VUS	VUS	2	4	MISSING_FUNCTIONAL	MISSING_FUNCTIONAL	PM5:moderate		neighbour_evidence
2020-01-01	2026-08-04	NM_007294.4:c.5521_5523delinsCCC	p.Ser1841Pro	missense	VUS	VUS	2	4	MISSING_FUNCTIONAL	MISSING_FUNCTIONAL	PM5:moderate		neighbour_evidence
2020-01-01	2026-08-04	NM_007294.4:c.5521_5523delinsCCG	p.Ser1841Pro	missense	VUS	VUS	2	4	MISSING_FUNCTIONAL	MISSING_FUNCTIONAL	PM5:moderate		neighbour_evidence
2020-01-01	2026-08-04	NM_007294.4:c.5521_5522delinsCC	p.Ser1841Pro	missense	VUS	VUS	2	4	MISSING_FUNCTIONAL	MISSING_FUNCTIONAL	PM5:moderate		neighbour_evidence
2020-01-01	2026-08-04	NM_007294.4:c.5521_5523delinsCGA	p.Ser1841Arg	missense	VUS	LP	2	8	MISSING_FUNCTIONAL	RESOLVED_NOT_BLOCKED	PM5:moderate;PS1:strong		neighbour_evidence
2020-01-01	2026-08-04	NM_007294.4:c.5521_5523delinsCGC	p.Ser1841Arg	missense	VUS	LP	2	8	MISSING_FUNCTIONAL	RESOLVED_NOT_BLOCKED	PM5:moderate;PS1:strong		neighbour_evidence
2020-01-01	2026-08-04	NM_007294.4:c.5521_5523delinsCGG	p.Ser1841Arg	missense	VUS	LP	2	8	MISSING_FUNCTIONAL	RESOLVED_NOT_BLOCKED	PM5:moderate;PS1:strong		neighbour_evidence
2020-01-01	2026-08-04	NM_007294.4:c.5521_5523delinsCTA	p.Ser1841Leu	missense	VUS	VUS	2	4	MISSING_FUNCTIONAL	MISSING_FUNCTIONAL	PM5:moderate		neighbour_evidence
2020-01-01	2026-08-04	NM_007294.4:c.5521_5523delinsCTC	p.Ser1841Leu	missense	VUS	VUS	2	4	MISSING_FUNCTIONAL	MISSING_FUNCTIONAL	PM5:moderate		neighbour_evidence
2020-01-01	2026-08-04	NM_007294.4:c.5521_5523delinsCTG	p.Ser1841Leu	missense	VUS	VUS	2	4	MISSING_FUNCTIONAL	MISSING_FUNCTIONAL	PM5:moderate		neighbour_evidence
2020-01-01	2026-08-04	NM_007294.4:c.5521_5522delinsCT	p.Ser1841Leu	missense	VUS	VUS	2	4	MISSING_FUNCTIONAL	MISSING_FUNCTIONAL	PM5:moderate		neighbour_evidence
2020-01-01	2026-08-04	NM_007294.4:c.5521_5523delinsGAA	p.Ser1841Glu	missense	VUS	VUS	2	4	MISSING_FUNCTIONAL	MISSING_FUNCTIONAL	PM5:moderate		neighbour_evidence
2020-01-01	2026-08-04	NM_007294.4:c.5521_5523delinsGAC	p.Ser1841Asp	missense	VUS	VUS	2	4	MISSING_FUNCTIONAL	MISSING_FUNCTIONAL	PM5:moderate		neighbour_evidence
2020-01-01	2026-08-04	NM_007294.4:c.5521_5523delinsGAG	p.Ser1841Glu	missense	VUS	VUS	2	4	MISSING_FUNCTIONAL	MISSING_FUNCTIONAL	PM5:moderate		neighbour_evidence
2020-01-01	2026-08-04	NM_007294.4:c.5521_5522delinsGA	p.Ser1841Asp	missense	VUS	VUS	2	4	MISSING_FUNCTIONAL	MISSING_FUNCTIONAL	PM5:moderate		neighbour_evidence
2020-01-01	2026-08-04	NM_007294.4:c.5521_5523delinsGCA	p.Ser1841Ala	missense	VUS	VUS	2	4	MISSING_FUNCTIONAL	MISSING_FUNCTIONAL	PM5:moderate		neighbour_evidence
2020-01-01	2026-08-04	NM_007294.4:c.5521_5523delinsGCC	p.Ser1841Ala	missense	VUS	VUS	2	4	MISSING_FUNCTIONAL	MISSING_FUNCTIONAL	PM5:moderate		neighbour_evidence
2020-01-01	2026-08-04	NM_007294.4:c.5521_5523delinsGCG	p.Ser1841Ala	missense	VUS	VUS	2	4	MISSING_FUNCTIONAL	MISSING_FUNCTIONAL	PM5:moderate		neighbour_evidence
2020-01-01	2026-08-04	NM_007294.4:c.5521_5522delinsGC	p.Ser1841Ala	missense	VUS	VUS	2	4	MISSING_FUNCTIONAL	MISSING_FUNCTIONAL	PM5:moderate		neighbour_evidence
2020-01-01	2026-08-04	NM_007294.4:c.5521_5523delinsGGA	p.Ser1841Gly	missense	VUS	VUS	2	4	MISSING_FUNCTIONAL	MISSING_FUNCTIONAL	PM5:moderate		neighbour_evidence
2020-01-01	2026-08-04	NM_007294.4:c.5521_5523delinsGGC	p.Ser1841Gly	missense	VUS	VUS	2	4	MISSING_FUNCTIONAL	MISSING_FUNCTIONAL	PM5:moderate		neighbour_evidence
2020-01-01	2026-08-04	NM_007294.4:c.5521_5523delinsGGG	p.Ser1841Gly	missense	VUS	VUS	2	4	MISSING_FUNCTIONAL	MISSING_FUNCTIONAL	PM5:moderate		neighbour_evidence
2020-01-01	2026-08-04	NM_007294.4:c.5521_5523delinsGTA	p.Ser1841Val	missense	VUS	VUS	2	4	MISSING_FUNCTIONAL	MISSING_FUNCTIONAL	PM5:moderate		neighbour_evidence
2020-01-01	2026-08-04	NM_007294.4:c.5521_5523delinsGTC	p.Ser1841Val	missense	VUS	VUS	2	4	MISSING_FUNCTIONAL	MISSING_FUNCTIONAL	PM5:moderate		neighbour_evidence
2020-01-01	2026-08-04	NM_007294.4:c.5521_5523delinsGTG	p.Ser1841Val	missense	VUS	VUS	2	4	MISSING_FUNCTIONAL	MISSING_FUNCTIONAL	PM5:moderate		neighbour_evidence
2020-01-01	2026-08-04	NM_007294.4:c.5521_5522delinsGT	p.Ser1841Val	missense	VUS	VUS	2	4	MISSING_FUNCTIONAL	MISSING_FUNCTIONAL	PM5:moderate		neighbour_evidence
2020-01-01	2026-08-04	NM_007294.4:c.5521_5523delinsTAC	p.Ser1841Tyr	missense	VUS	VUS	2	4	MISSING_FUNCTIONAL	MISSING_FUNCTIONAL	PM5:moderate		neighbour_evidence
2020-01-01	2026-08-04	NM_007294.4:c.5521_5522delinsTA	p.Ser1841Tyr	missense	VUS	VUS	2	4	MISSING_FUNCTIONAL	MISSING_FUNCTIONAL	PM5:moderate		neighbour_evidence
2020-01-01	2026-08-04	NM_007294.4:c.5521_5523delinsTGC	p.Ser1841Cys	missense	VUS	VUS	2	4	MISSING_FUNCTIONAL	MISSING_FUNCTIONAL	PM5:moderate		neighbour_evidence
2020-01-01	2026-08-04	NM_007294.4:c.5521_5523delinsTGG	p.Ser1841Trp	missense	VUS	VUS	2	4	MISSING_FUNCTIONAL	MISSING_FUNCTIONAL	PM5:moderate		neighbour_evidence
2020-01-01	2026-08-04	NM_007294.4:c.5521_5523delinsTTA	p.Ser1841Leu	missense	VUS	VUS	2	4	MISSING_FUNCTIONAL	MISSING_FUNCTIONAL	PM5:moderate		neighbour_evidence
2020-01-01	2026-08-04	NM_007294.4:c.5521_5523delinsTTC	p.Ser1841Phe	missense	VUS	VUS	2	4	MISSING_FUNCTIONAL	MISSING_FUNCTIONAL	PM5:moderate		neighbour_evidence
2020-01-01	2026-08-04	NM_007294.4:c.5521_5523delinsTTG	p.Ser1841Leu	missense	VUS	VUS	2	4	MISSING_FUNCTIONAL	MISSING_FUNCTIONAL	PM5:moderate		neighbour_evidence
2020-01-01	2026-08-04	NM_007294.4:c.5521_5522delinsTT	p.Ser1841Phe	missense	VUS	VUS	2	4	MISSING_FUNCTIONAL	MISSING_FUNCTIONAL	PM5:moderate		neighbour_evidence
2020-01-01	2026-08-04	NM_007294.4:c.5527_5528delinsAA	p.Ala1843Lys	missense	VUS	VUS	2	4	MISSING_FUNCTIONAL	MISSING_FUNCTIONAL	PM5:moderate		neighbour_evidence
2020-01-01	2026-08-04	NM_007294.4:c.5527_5529delinsAAC	p.Ala1843Asn	missense	VUS	VUS	2	4	MISSING_FUNCTIONAL	MISSING_FUNCTIONAL	PM5:moderate		neighbour_evidence
2020-01-01	2026-08-04	NM_007294.4:c.5527_5529delinsAAG	p.Ala1843Lys	missense	VUS	VUS	2	4	MISSING_FUNCTIONAL	MISSING_FUNCTIONAL	PM5:moderate		neighbour_evidence
2020-01-01	2026-08-04	NM_007294.4:c.5527_5529delinsAAT	p.Ala1843Asn	missense	VUS	VUS	2	4	MISSING_FUNCTIONAL	MISSING_FUNCTIONAL	PM5:moderate		neighbour_evidence
2020-01-01	2026-08-04	NM_007294.4:c.5527_5529delinsACC	p.Ala1843Thr	missense	VUS	VUS	2	4	MISSING_FUNCTIONAL	MISSING_FUNCTIONAL	PM5:moderate		neighbour_evidence
2020-01-01	2026-08-04	NM_007294.4:c.5527_5529delinsACG	p.Ala1843Thr	missense	VUS	VUS	2	4	MISSING_FUNCTIONAL	MISSING_FUNCTIONAL	PM5:moderate		neighbour_evidence
2020-01-01	2026-08-04	NM_007294.4:c.5527_5529delinsACT	p.Ala1843Thr	missense	VUS	VUS	2	4	MISSING_FUNCTIONAL	MISSING_FUNCTIONAL	PM5:moderate		neighbour_evidence
2020-01-01	2026-08-04	NM_007294.4:c.5527_5528delinsAG	p.Ala1843Arg	missense	VUS	VUS	2	4	MISSING_FUNCTIONAL	MISSING_FUNCTIONAL	PM5:moderate		neighbour_evidence
2020-01-01	2026-08-04	NM_007294.4:c.5527_5529delinsAGC	p.Ala1843Ser	missense	VUS	VUS	2	4	MISSING_FUNCTIONAL	MISSING_FUNCTIONAL	PM5:moderate		neighbour_evidence
2020-01-01	2026-08-04	NM_007294.4:c.5527_5529delinsAGG	p.Ala1843Arg	missense	VUS	VUS	2	4	MISSING_FUNCTIONAL	MISSING_FUNCTIONAL	PM5:moderate		neighbour_evidence
2020-01-01	2026-08-04	NM_007294.4:c.5527_5529delinsAGT	p.Ala1843Ser	missense	VUS	VUS	2	4	MISSING_FUNCTIONAL	MISSING_FUNCTIONAL	PM5:moderate		neighbour_evidence
2020-01-01	2026-08-04	NM_007294.4:c.5527_5528delinsAT	p.Ala1843Ile	missense	VUS	VUS	2	4	MISSING_FUNCTIONAL	MISSING_FUNCTIONAL	PM5:moderate		neighbour_evidence
2020-01-01	2026-08-04	NM_007294.4:c.5527_5529delinsATC	p.Ala1843Ile	missense	VUS	VUS	2	4	MISSING_FUNCTIONAL	MISSING_FUNCTIONAL	PM5:moderate		neighbour_evidence
2020-01-01	2026-08-04	NM_007294.4:c.5527_5529delinsATG	p.Ala1843Met	missense	VUS	VUS	2	4	MISSING_FUNCTIONAL	MISSING_FUNCTIONAL	PM5:moderate		neighbour_evidence
2020-01-01	2026-08-04	NM_007294.4:c.5527_5529delinsATT	p.Ala1843Ile	missense	VUS	VUS	2	4	MISSING_FUNCTIONAL	MISSING_FUNCTIONAL	PM5:moderate		neighbour_evidence
2020-01-01	2026-08-04	NM_007294.4:c.5527_5528delinsCA	p.Ala1843Gln	missense	VUS	VUS	2	4	MISSING_FUNCTIONAL	MISSING_FUNCTIONAL	PM5:moderate		neighbour_evidence
2020-01-01	2026-08-04	NM_007294.4:c.5527_5529delinsCAC	p.Ala1843His	missense	VUS	VUS	2	4	MISSING_FUNCTIONAL	MISSING_FUNCTIONAL	PM5:moderate		neighbour_evidence
2020-01-01	2026-08-04	NM_007294.4:c.5527_5529delinsCAG	p.Ala1843Gln	missense	VUS	VUS	2	4	MISSING_FUNCTIONAL	MISSING_FUNCTIONAL	PM5:moderate		neighbour_evidence
2020-01-01	2026-08-04	NM_007294.4:c.5527_5529delinsCAT	p.Ala1843His	missense	VUS	VUS	2	4	MISSING_FUNCTIONAL	MISSING_FUNCTIONAL	PM5:moderate		neighbour_evidence
2020-01-01	2026-08-04	NM_007294.4:c.5527_5529delinsCCC	p.Ala1843Pro	missense	VUS	LP	2	6	MISSING_FUNCTIONAL	RESOLVED_NOT_BLOCKED	PS1:strong		neighbour_evidence
2020-01-01	2026-08-04	NM_007294.4:c.5527_5529delinsCCG	p.Ala1843Pro	missense	VUS	LP	2	6	MISSING_FUNCTIONAL	RESOLVED_NOT_BLOCKED	PS1:strong		neighbour_evidence
2020-01-01	2026-08-04	NM_007294.4:c.5527_5529delinsCCT	p.Ala1843Pro	missense	VUS	LP	2	6	MISSING_FUNCTIONAL	RESOLVED_NOT_BLOCKED	PS1:strong		neighbour_evidence
2020-01-01	2026-08-04	NM_007294.4:c.5527_5528delinsCG	p.Ala1843Arg	missense	VUS	VUS	2	4	MISSING_FUNCTIONAL	MISSING_FUNCTIONAL	PM5:moderate		neighbour_evidence
2020-01-01	2026-08-04	NM_007294.4:c.5527_5529delinsCGC	p.Ala1843Arg	missense	VUS	VUS	2	4	MISSING_FUNCTIONAL	MISSING_FUNCTIONAL	PM5:moderate		neighbour_evidence
2020-01-01	2026-08-04	NM_007294.4:c.5527_5529delinsCGG	p.Ala1843Arg	missense	VUS	VUS	2	4	MISSING_FUNCTIONAL	MISSING_FUNCTIONAL	PM5:moderate		neighbour_evidence
2020-01-01	2026-08-04	NM_007294.4:c.5527_5529delinsCGT	p.Ala1843Arg	missense	VUS	VUS	2	4	MISSING_FUNCTIONAL	MISSING_FUNCTIONAL	PM5:moderate		neighbour_evidence
2020-01-01	2026-08-04	NM_007294.4:c.5527_5528delinsCT	p.Ala1843Leu	missense	VUS	VUS	2	4	MISSING_FUNCTIONAL	MISSING_FUNCTIONAL	PM5:moderate		neighbour_evidence
2020-01-01	2026-08-04	NM_007294.4:c.5527_5529delinsCTC	p.Ala1843Leu	missense	VUS	VUS	2	4	MISSING_FUNCTIONAL	MISSING_FUNCTIONAL	PM5:moderate		neighbour_evidence
2020-01-01	2026-08-04	NM_007294.4:c.5527_5529delinsCTG	p.Ala1843Leu	missense	VUS	VUS	2	4	MISSING_FUNCTIONAL	MISSING_FUNCTIONAL	PM5:moderate		neighbour_evidence
2020-01-01	2026-08-04	NM_007294.4:c.5527_5529delinsCTT	p.Ala1843Leu	missense	VUS	VUS	2	4	MISSING_FUNCTIONAL	MISSING_FUNCTIONAL	PM5:moderate		neighbour_evidence
2020-01-01	2026-08-04	NM_007294.4:c.5528_5529delinsAC	p.Ala1843Asp	missense	VUS	VUS	2	4	MISSING_FUNCTIONAL	MISSING_FUNCTIONAL	PM5:moderate		neighbour_evidence
2020-01-01	2026-08-04	NM_007294.4:c.5528_5529delinsAG	p.Ala1843Glu	missense	VUS	VUS	2	4	MISSING_FUNCTIONAL	MISSING_FUNCTIONAL	PM5:moderate		neighbour_evidence
2020-01-01	2026-08-04	NM_007294.4:c.5528_5529delinsAT	p.Ala1843Asp	missense	VUS	VUS	2	4	MISSING_FUNCTIONAL	MISSING_FUNCTIONAL	PM5:moderate		neighbour_evidence
2020-01-01	2026-08-04	NM_007294.4:c.5528_5529delinsGC	p.Ala1843Gly	missense	VUS	VUS	2	4	MISSING_FUNCTIONAL	MISSING_FUNCTIONAL	PM5:moderate		neighbour_evidence
2020-01-01	2026-08-04	NM_007294.4:c.5528_5529delinsGG	p.Ala1843Gly	missense	VUS	VUS	2	4	MISSING_FUNCTIONAL	MISSING_FUNCTIONAL	PM5:moderate		neighbour_evidence
2020-01-01	2026-08-04	NM_007294.4:c.5528_5529delinsGT	p.Ala1843Gly	missense	VUS	VUS	2	4	MISSING_FUNCTIONAL	MISSING_FUNCTIONAL	PM5:moderate		neighbour_evidence
2020-01-01	2026-08-04	NM_007294.4:c.5528_5529delinsTC	p.Ala1843Val	missense	VUS	VUS	2	4	MISSING_FUNCTIONAL	MISSING_FUNCTIONAL	PM5:moderate		neighbour_evidence
2020-01-01	2026-08-04	NM_007294.4:c.5528_5529delinsTG	p.Ala1843Val	missense	VUS	VUS	2	4	MISSING_FUNCTIONAL	MISSING_FUNCTIONAL	PM5:moderate		neighbour_evidence
2020-01-01	2026-08-04	NM_007294.4:c.5528_5529delinsTT	p.Ala1843Val	missense	VUS	VUS	2	4	MISSING_FUNCTIONAL	MISSING_FUNCTIONAL	PM5:moderate		neighbour_evidence
2020-01-01	2026-08-04	NM_007294.4:c.5527_5529delinsTAC	p.Ala1843Tyr	missense	VUS	VUS	2	4	MISSING_FUNCTIONAL	MISSING_FUNCTIONAL	PM5:moderate		neighbour_evidence
2020-01-01	2026-08-04	NM_007294.4:c.5527_5529delinsTAT	p.Ala1843Tyr	missense	VUS	VUS	2	4	MISSING_FUNCTIONAL	MISSING_FUNCTIONAL	PM5:moderate		neighbour_evidence
2020-01-01	2026-08-04	NM_007294.4:c.5527_5529delinsTCC	p.Ala1843Ser	missense	VUS	VUS	2	4	MISSING_FUNCTIONAL	MISSING_FUNCTIONAL	PM5:moderate		neighbour_evidence
2020-01-01	2026-08-04	NM_007294.4:c.5527_5529delinsTCG	p.Ala1843Ser	missense	VUS	VUS	2	4	MISSING_FUNCTIONAL	MISSING_FUNCTIONAL	PM5:moderate		neighbour_evidence
2020-01-01	2026-08-04	NM_007294.4:c.5527_5529delinsTCT	p.Ala1843Ser	missense	VUS	VUS	2	4	MISSING_FUNCTIONAL	MISSING_FUNCTIONAL	PM5:moderate		neighbour_evidence
2020-01-01	2026-08-04	NM_007294.4:c.5527_5529delinsTGC	p.Ala1843Cys	missense	VUS	VUS	2	4	MISSING_FUNCTIONAL	MISSING_FUNCTIONAL	PM5:moderate		neighbour_evidence
2020-01-01	2026-08-04	NM_007294.4:c.5527_5529delinsTGG	p.Ala1843Trp	missense	VUS	VUS	2	4	MISSING_FUNCTIONAL	MISSING_FUNCTIONAL	PM5:moderate		neighbour_evidence
2020-01-01	2026-08-04	NM_007294.4:c.5527_5529delinsTGT	p.Ala1843Cys	missense	VUS	VUS	2	4	MISSING_FUNCTIONAL	MISSING_FUNCTIONAL	PM5:moderate		neighbour_evidence
2020-01-01	2026-08-04	NM_007294.4:c.5527_5528delinsTT	p.Ala1843Leu	missense	VUS	VUS	2	4	MISSING_FUNCTIONAL	MISSING_FUNCTIONAL	PM5:moderate		neighbour_evidence
2020-01-01	2026-08-04	NM_007294.4:c.5527_5529delinsTTC	p.Ala1843Phe	missense	VUS	VUS	2	4	MISSING_FUNCTIONAL	MISSING_FUNCTIONAL	PM5:moderate		neighbour_evidence
2020-01-01	2026-08-04	NM_007294.4:c.5527_5529delinsTTG	p.Ala1843Leu	missense	VUS	VUS	2	4	MISSING_FUNCTIONAL	MISSING_FUNCTIONAL	PM5:moderate		neighbour_evidence
2020-01-01	2026-08-04	NM_007294.4:c.5527_5529delinsTTT	p.Ala1843Phe	missense	VUS	VUS	2	4	MISSING_FUNCTIONAL	MISSING_FUNCTIONAL	PM5:moderate		neighbour_evidence
2020-01-01	2026-08-04	NM_007294.4:c.5557_5559delinsAAA	p.Tyr1853Lys	missense	VUS	VUS	2	4	MISSING_FUNCTIONAL	MISSING_FUNCTIONAL	PM5:moderate		neighbour_evidence
2020-01-01	2026-08-04	NM_007294.4:c.5557_5559delinsAAG	p.Tyr1853Lys	missense	VUS	VUS	2	4	MISSING_FUNCTIONAL	MISSING_FUNCTIONAL	PM5:moderate		neighbour_evidence
2020-01-01	2026-08-04	NM_007294.4:c.5557_5559delinsAAT	p.Tyr1853Asn	missense	VUS	LP	2	8	MISSING_FUNCTIONAL	RESOLVED_NOT_BLOCKED	PM5:moderate;PS1:strong		neighbour_evidence
2020-01-01	2026-08-04	NM_007294.4:c.5557_5559delinsACA	p.Tyr1853Thr	missense	VUS	VUS	2	4	MISSING_FUNCTIONAL	MISSING_FUNCTIONAL	PM5:moderate		neighbour_evidence
2020-01-01	2026-08-04	NM_007294.4:c.5557_5558delinsAC	p.Tyr1853Thr	missense	VUS	VUS	2	4	MISSING_FUNCTIONAL	MISSING_FUNCTIONAL	PM5:moderate		neighbour_evidence
2020-01-01	2026-08-04	NM_007294.4:c.5557_5559delinsACG	p.Tyr1853Thr	missense	VUS	VUS	2	4	MISSING_FUNCTIONAL	MISSING_FUNCTIONAL	PM5:moderate		neighbour_evidence
2020-01-01	2026-08-04	NM_007294.4:c.5557_5559delinsACT	p.Tyr1853Thr	missense	VUS	VUS	2	4	MISSING_FUNCTIONAL	MISSING_FUNCTIONAL	PM5:moderate		neighbour_evidence
2020-01-01	2026-08-04	NM_007294.4:c.5557_5559delinsAGA	p.Tyr1853Arg	missense	VUS	VUS	2	4	MISSING_FUNCTIONAL	MISSING_FUNCTIONAL	PM5:moderate		neighbour_evidence
2020-01-01	2026-08-04	NM_007294.4:c.5557_5558delinsAG	p.Tyr1853Ser	missense	VUS	LP	2	8	MISSING_FUNCTIONAL	RESOLVED_NOT_BLOCKED	PM5:moderate;PS1:strong		neighbour_evidence
2020-01-01	2026-08-04	NM_007294.4:c.5557_5559delinsAGG	p.Tyr1853Arg	missense	VUS	VUS	2	4	MISSING_FUNCTIONAL	MISSING_FUNCTIONAL	PM5:moderate		neighbour_evidence
2020-01-01	2026-08-04	NM_007294.4:c.5557_5559delinsAGT	p.Tyr1853Ser	missense	VUS	LP	2	8	MISSING_FUNCTIONAL	RESOLVED_NOT_BLOCKED	PM5:moderate;PS1:strong		neighbour_evidence
2020-01-01	2026-08-04	NM_007294.4:c.5557_5559delinsATA	p.Tyr1853Ile	missense	VUS	VUS	2	4	MISSING_FUNCTIONAL	MISSING_FUNCTIONAL	PM5:moderate		neighbour_evidence
2020-01-01	2026-08-04	NM_007294.4:c.5557_5558delinsAT	p.Tyr1853Ile	missense	VUS	VUS	2	4	MISSING_FUNCTIONAL	MISSING_FUNCTIONAL	PM5:moderate		neighbour_evidence
2020-01-01	2026-08-04	NM_007294.4:c.5557_5559delinsATG	p.Tyr1853Met	missense	VUS	VUS	2	4	MISSING_FUNCTIONAL	MISSING_FUNCTIONAL	PM5:moderate		neighbour_evidence
2020-01-01	2026-08-04	NM_007294.4:c.5557_5559delinsATT	p.Tyr1853Ile	missense	VUS	VUS	2	4	MISSING_FUNCTIONAL	MISSING_FUNCTIONAL	PM5:moderate		neighbour_evidence
2020-01-01	2026-08-04	NM_007294.4:c.5557_5559delinsCAA	p.Tyr1853Gln	missense	VUS	VUS	2	4	MISSING_FUNCTIONAL	MISSING_FUNCTIONAL	PM5:moderate		neighbour_evidence
2020-01-01	2026-08-04	NM_007294.4:c.5557_5559delinsCAG	p.Tyr1853Gln	missense	VUS	VUS	2	4	MISSING_FUNCTIONAL	MISSING_FUNCTIONAL	PM5:moderate		neighbour_evidence
2020-01-01	2026-08-04	NM_007294.4:c.5557_5559delinsCAT	p.Tyr1853His	missense	VUS	LP	2	8	MISSING_FUNCTIONAL	RESOLVED_NOT_BLOCKED	PM5:moderate;PS1:strong		neighbour_evidence
2020-01-01	2026-08-04	NM_007294.4:c.5557_5559delinsCCA	p.Tyr1853Pro	missense	VUS	VUS	2	4	MISSING_FUNCTIONAL	MISSING_FUNCTIONAL	PM5:moderate		neighbour_evidence
2020-01-01	2026-08-04	NM_007294.4:c.5557_5558delinsCC	p.Tyr1853Pro	missense	VUS	VUS	2	4	MISSING_FUNCTIONAL	MISSING_FUNCTIONAL	PM5:moderate		neighbour_evidence
2020-01-01	2026-08-04	NM_007294.4:c.5557_5559delinsCCG	p.Tyr1853Pro	missense	VUS	VUS	2	4	MISSING_FUNCTIONAL	MISSING_FUNCTIONAL	PM5:moderate		neighbour_evidence
2020-01-01	2026-08-04	NM_007294.4:c.5557_5559delinsCCT	p.Tyr1853Pro	missense	VUS	VUS	2	4	MISSING_FUNCTIONAL	MISSING_FUNCTIONAL	PM5:moderate		neighbour_evidence
2020-01-01	2026-08-04	NM_007294.4:c.5557_5559delinsCGA	p.Tyr1853Arg	missense	VUS	VUS	2	4	MISSING_FUNCTIONAL	MISSING_FUNCTIONAL	PM5:moderate		neighbour_evidence
2020-01-01	2026-08-04	NM_007294.4:c.5557_5558delinsCG	p.Tyr1853Arg	missense	VUS	VUS	2	4	MISSING_FUNCTIONAL	MISSING_FUNCTIONAL	PM5:moderate		neighbour_evidence
2020-01-01	2026-08-04	NM_007294.4:c.5557_5559delinsCGG	p.Tyr1853Arg	missense	VUS	VUS	2	4	MISSING_FUNCTIONAL	MISSING_FUNCTIONAL	PM5:moderate		neighbour_evidence
2020-01-01	2026-08-04	NM_007294.4:c.5557_5559delinsCGT	p.Tyr1853Arg	missense	VUS	VUS	2	4	MISSING_FUNCTIONAL	MISSING_FUNCTIONAL	PM5:moderate		neighbour_evidence
2020-01-01	2026-08-04	NM_007294.4:c.5557_5559delinsCTA	p.Tyr1853Leu	missense	VUS	VUS	2	4	MISSING_FUNCTIONAL	MISSING_FUNCTIONAL	PM5:moderate		neighbour_evidence
2020-01-01	2026-08-04	NM_007294.4:c.5557_5558delinsCT	p.Tyr1853Leu	missense	VUS	VUS	2	4	MISSING_FUNCTIONAL	MISSING_FUNCTIONAL	PM5:moderate		neighbour_evidence
2020-01-01	2026-08-04	NM_007294.4:c.5557_5559delinsCTG	p.Tyr1853Leu	missense	VUS	VUS	2	4	MISSING_FUNCTIONAL	MISSING_FUNCTIONAL	PM5:moderate		neighbour_evidence
2020-01-01	2026-08-04	NM_007294.4:c.5557_5559delinsCTT	p.Tyr1853Leu	missense	VUS	VUS	2	4	MISSING_FUNCTIONAL	MISSING_FUNCTIONAL	PM5:moderate		neighbour_evidence
2020-01-01	2026-08-04	NM_007294.4:c.5557_5559delinsGAA	p.Tyr1853Glu	missense	VUS	VUS	2	4	MISSING_FUNCTIONAL	MISSING_FUNCTIONAL	PM5:moderate		neighbour_evidence
2020-01-01	2026-08-04	NM_007294.4:c.5557_5559delinsGAG	p.Tyr1853Glu	missense	VUS	VUS	2	4	MISSING_FUNCTIONAL	MISSING_FUNCTIONAL	PM5:moderate		neighbour_evidence
2020-01-01	2026-08-04	NM_007294.4:c.5557_5559delinsGAT	p.Tyr1853Asp	missense	VUS	VUS	2	4	MISSING_FUNCTIONAL	MISSING_FUNCTIONAL	PM5:moderate		neighbour_evidence
2020-01-01	2026-08-04	NM_007294.4:c.5557_5559delinsGCA	p.Tyr1853Ala	missense	VUS	VUS	2	4	MISSING_FUNCTIONAL	MISSING_FUNCTIONAL	PM5:moderate		neighbour_evidence
2020-01-01	2026-08-04	NM_007294.4:c.5557_5558delinsGC	p.Tyr1853Ala	missense	VUS	VUS	2	4	MISSING_FUNCTIONAL	MISSING_FUNCTIONAL	PM5:moderate		neighbour_evidence
2020-01-01	2026-08-04	NM_007294.4:c.5557_5559delinsGCG	p.Tyr1853Ala	missense	VUS	VUS	2	4	MISSING_FUNCTIONAL	MISSING_FUNCTIONAL	PM5:moderate		neighbour_evidence
2020-01-01	2026-08-04	NM_007294.4:c.5557_5559delinsGCT	p.Tyr1853Ala	missense	VUS	VUS	2	4	MISSING_FUNCTIONAL	MISSING_FUNCTIONAL	PM5:moderate		neighbour_evidence
2020-01-01	2026-08-04	NM_007294.4:c.5557_5559delinsGGA	p.Tyr1853Gly	missense	VUS	VUS	2	4	MISSING_FUNCTIONAL	MISSING_FUNCTIONAL	PM5:moderate		neighbour_evidence
2020-01-01	2026-08-04	NM_007294.4:c.5557_5558delinsGG	p.Tyr1853Gly	missense	VUS	VUS	2	4	MISSING_FUNCTIONAL	MISSING_FUNCTIONAL	PM5:moderate		neighbour_evidence
2020-01-01	2026-08-04	NM_007294.4:c.5557_5559delinsGGG	p.Tyr1853Gly	missense	VUS	VUS	2	4	MISSING_FUNCTIONAL	MISSING_FUNCTIONAL	PM5:moderate		neighbour_evidence
2020-01-01	2026-08-04	NM_007294.4:c.5557_5559delinsGGT	p.Tyr1853Gly	missense	VUS	VUS	2	4	MISSING_FUNCTIONAL	MISSING_FUNCTIONAL	PM5:moderate		neighbour_evidence
2020-01-01	2026-08-04	NM_007294.4:c.5557_5559delinsGTA	p.Tyr1853Val	missense	VUS	VUS	2	4	MISSING_FUNCTIONAL	MISSING_FUNCTIONAL	PM5:moderate		neighbour_evidence
2020-01-01	2026-08-04	NM_007294.4:c.5557_5558delinsGT	p.Tyr1853Val	missense	VUS	VUS	2	4	MISSING_FUNCTIONAL	MISSING_FUNCTIONAL	PM5:moderate		neighbour_evidence
2020-01-01	2026-08-04	NM_007294.4:c.5557_5559delinsGTG	p.Tyr1853Val	missense	VUS	VUS	2	4	MISSING_FUNCTIONAL	MISSING_FUNCTIONAL	PM5:moderate		neighbour_evidence
2020-01-01	2026-08-04	NM_007294.4:c.5557_5559delinsGTT	p.Tyr1853Val	missense	VUS	VUS	2	4	MISSING_FUNCTIONAL	MISSING_FUNCTIONAL	PM5:moderate		neighbour_evidence
2020-01-01	2026-08-04	NM_007294.4:c.5558_5559delinsCA	p.Tyr1853Ser	missense	VUS	LP	2	8	MISSING_FUNCTIONAL	RESOLVED_NOT_BLOCKED	PM5:moderate;PS1:strong		neighbour_evidence
2020-01-01	2026-08-04	NM_007294.4:c.5558_5559delinsCG	p.Tyr1853Ser	missense	VUS	LP	2	8	MISSING_FUNCTIONAL	RESOLVED_NOT_BLOCKED	PM5:moderate;PS1:strong		neighbour_evidence
2020-01-01	2026-08-04	NM_007294.4:c.5558_5559delinsCT	p.Tyr1853Ser	missense	VUS	LP	2	8	MISSING_FUNCTIONAL	RESOLVED_NOT_BLOCKED	PM5:moderate;PS1:strong		neighbour_evidence
2020-01-01	2026-08-04	NM_007294.4:c.5558_5559delinsGG	p.Tyr1853Trp	missense	VUS	VUS	2	4	MISSING_FUNCTIONAL	MISSING_FUNCTIONAL	PM5:moderate		neighbour_evidence
2020-01-01	2026-08-04	NM_007294.4:c.5558_5559delinsGT	p.Tyr1853Cys	missense	VUS	LP	2	8	MISSING_FUNCTIONAL	RESOLVED_NOT_BLOCKED	PM5:moderate;PS1:strong		neighbour_evidence
2020-01-01	2026-08-04	NM_007294.4:c.5558_5559delinsTA	p.Tyr1853Leu	missense	VUS	VUS	2	4	MISSING_FUNCTIONAL	MISSING_FUNCTIONAL	PM5:moderate		neighbour_evidence
2020-01-01	2026-08-04	NM_007294.4:c.5558_5559delinsTG	p.Tyr1853Leu	missense	VUS	VUS	2	4	MISSING_FUNCTIONAL	MISSING_FUNCTIONAL	PM5:moderate		neighbour_evidence
2020-01-01	2026-08-04	NM_007294.4:c.5558_5559delinsTT	p.Tyr1853Phe	missense	VUS	VUS	2	4	MISSING_FUNCTIONAL	MISSING_FUNCTIONAL	PM5:moderate		neighbour_evidence
2020-01-01	2026-08-04	NM_007294.4:c.5560_5562delinsAAA	p.Leu1854Lys	missense	VUS	VUS	2	4	MISSING_FUNCTIONAL	MISSING_FUNCTIONAL	PM5:moderate		neighbour_evidence
2020-01-01	2026-08-04	NM_007294.4:c.5560_5562delinsAAC	p.Leu1854Asn	missense	VUS	VUS	2	4	MISSING_FUNCTIONAL	MISSING_FUNCTIONAL	PM5:moderate		neighbour_evidence
2020-01-01	2026-08-04	NM_007294.4:c.5560_5561delinsAA	p.Leu1854Lys	missense	VUS	VUS	2	4	MISSING_FUNCTIONAL	MISSING_FUNCTIONAL	PM5:moderate		neighbour_evidence
2020-01-01	2026-08-04	NM_007294.4:c.5560_5562delinsAAT	p.Leu1854Asn	missense	VUS	VUS	2	4	MISSING_FUNCTIONAL	MISSING_FUNCTIONAL	PM5:moderate		neighbour_evidence
2020-01-01	2026-08-04	NM_007294.4:c.5560_5562delinsACA	p.Leu1854Thr	missense	VUS	VUS	2	4	MISSING_FUNCTIONAL	MISSING_FUNCTIONAL	PM5:moderate		neighbour_evidence
2020-01-01	2026-08-04	NM_007294.4:c.5560_5562delinsACC	p.Leu1854Thr	missense	VUS	VUS	2	4	MISSING_FUNCTIONAL	MISSING_FUNCTIONAL	PM5:moderate		neighbour_evidence
2020-01-01	2026-08-04	NM_007294.4:c.5560_5561delinsAC	p.Leu1854Thr	missense	VUS	VUS	2	4	MISSING_FUNCTIONAL	MISSING_FUNCTIONAL	PM5:moderate		neighbour_evidence
2020-01-01	2026-08-04	NM_007294.4:c.5560_5562delinsACT	p.Leu1854Thr	missense	VUS	VUS	2	4	MISSING_FUNCTIONAL	MISSING_FUNCTIONAL	PM5:moderate		neighbour_evidence
2020-01-01	2026-08-04	NM_007294.4:c.5560_5562delinsAGA	p.Leu1854Arg	missense	VUS	VUS	2	4	MISSING_FUNCTIONAL	MISSING_FUNCTIONAL	PM5:moderate		neighbour_evidence
2020-01-01	2026-08-04	NM_007294.4:c.5560_5562delinsAGC	p.Leu1854Ser	missense	VUS	VUS	2	4	MISSING_FUNCTIONAL	MISSING_FUNCTIONAL	PM5:moderate		neighbour_evidence
2020-01-01	2026-08-04	NM_007294.4:c.5560_5561delinsAG	p.Leu1854Arg	missense	VUS	VUS	2	4	MISSING_FUNCTIONAL	MISSING_FUNCTIONAL	PM5:moderate		neighbour_evidence
2020-01-01	2026-08-04	NM_007294.4:c.5560_5562delinsAGT	p.Leu1854Ser	missense	VUS	VUS	2	4	MISSING_FUNCTIONAL	MISSING_FUNCTIONAL	PM5:moderate		neighbour_evidence
2020-01-01	2026-08-04	NM_007294.4:c.5560_5562delinsATA	p.Leu1854Ile	missense	VUS	VUS	2	4	MISSING_FUNCTIONAL	MISSING_FUNCTIONAL	PM5:moderate		neighbour_evidence
2020-01-01	2026-08-04	NM_007294.4:c.5560_5562delinsATC	p.Leu1854Ile	missense	VUS	VUS	2	4	MISSING_FUNCTIONAL	MISSING_FUNCTIONAL	PM5:moderate		neighbour_evidence
2020-01-01	2026-08-04	NM_007294.4:c.5560_5562delinsATT	p.Leu1854Ile	missense	VUS	VUS	2	4	MISSING_FUNCTIONAL	MISSING_FUNCTIONAL	PM5:moderate		neighbour_evidence
2020-01-01	2026-08-04	NM_007294.4:c.5561_5562delinsAA	p.Leu1854Gln	missense	VUS	VUS	2	4	MISSING_FUNCTIONAL	MISSING_FUNCTIONAL	PM5:moderate		neighbour_evidence
2020-01-01	2026-08-04	NM_007294.4:c.5561_5562delinsAC	p.Leu1854His	missense	VUS	VUS	2	4	MISSING_FUNCTIONAL	MISSING_FUNCTIONAL	PM5:moderate		neighbour_evidence
2020-01-01	2026-08-04	NM_007294.4:c.5561_5562delinsAT	p.Leu1854His	missense	VUS	VUS	2	4	MISSING_FUNCTIONAL	MISSING_FUNCTIONAL	PM5:moderate		neighbour_evidence
2020-01-01	2026-08-04	NM_007294.4:c.5561_5562delinsCA	p.Leu1854Pro	missense	VUS	LP	2	6	MISSING_FUNCTIONAL	RESOLVED_NOT_BLOCKED	PS1:strong		neighbour_evidence
2020-01-01	2026-08-04	NM_007294.4:c.5561_5562delinsCC	p.Leu1854Pro	missense	VUS	LP	2	6	MISSING_FUNCTIONAL	RESOLVED_NOT_BLOCKED	PS1:strong		neighbour_evidence
2020-01-01	2026-08-04	NM_007294.4:c.5561_5562delinsCT	p.Leu1854Pro	missense	VUS	LP	2	6	MISSING_FUNCTIONAL	RESOLVED_NOT_BLOCKED	PS1:strong		neighbour_evidence
2020-01-01	2026-08-04	NM_007294.4:c.5561_5562delinsGA	p.Leu1854Arg	missense	VUS	VUS	2	4	MISSING_FUNCTIONAL	MISSING_FUNCTIONAL	PM5:moderate		neighbour_evidence
2020-01-01	2026-08-04	NM_007294.4:c.5561_5562delinsGC	p.Leu1854Arg	missense	VUS	VUS	2	4	MISSING_FUNCTIONAL	MISSING_FUNCTIONAL	PM5:moderate		neighbour_evidence
2020-01-01	2026-08-04	NM_007294.4:c.5561_5562delinsGT	p.Leu1854Arg	missense	VUS	VUS	2	4	MISSING_FUNCTIONAL	MISSING_FUNCTIONAL	PM5:moderate		neighbour_evidence
2020-01-01	2026-08-04	NM_007294.4:c.5560_5562delinsGAA	p.Leu1854Glu	missense	VUS	VUS	2	4	MISSING_FUNCTIONAL	MISSING_FUNCTIONAL	PM5:moderate		neighbour_evidence
2020-01-01	2026-08-04	NM_007294.4:c.5560_5562delinsGAC	p.Leu1854Asp	missense	VUS	VUS	2	4	MISSING_FUNCTIONAL	MISSING_FUNCTIONAL	PM5:moderate		neighbour_evidence
2020-01-01	2026-08-04	NM_007294.4:c.5560_5561delinsGA	p.Leu1854Glu	missense	VUS	VUS	2	4	MISSING_FUNCTIONAL	MISSING_FUNCTIONAL	PM5:moderate		neighbour_evidence
2020-01-01	2026-08-04	NM_007294.4:c.5560_5562delinsGAT	p.Leu1854Asp	missense	VUS	VUS	2	4	MISSING_FUNCTIONAL	MISSING_FUNCTIONAL	PM5:moderate		neighbour_evidence
2020-01-01	2026-08-04	NM_007294.4:c.5560_5562delinsGCA	p.Leu1854Ala	missense	VUS	VUS	2	4	MISSING_FUNCTIONAL	MISSING_FUNCTIONAL	PM5:moderate		neighbour_evidence
2020-01-01	2026-08-04	NM_007294.4:c.5560_5562delinsGCC	p.Leu1854Ala	missense	VUS	VUS	2	4	MISSING_FUNCTIONAL	MISSING_FUNCTIONAL	PM5:moderate		neighbour_evidence
2020-01-01	2026-08-04	NM_007294.4:c.5560_5561delinsGC	p.Leu1854Ala	missense	VUS	VUS	2	4	MISSING_FUNCTIONAL	MISSING_FUNCTIONAL	PM5:moderate		neighbour_evidence
2020-01-01	2026-08-04	NM_007294.4:c.5560_5562delinsGCT	p.Leu1854Ala	missense	VUS	VUS	2	4	MISSING_FUNCTIONAL	MISSING_FUNCTIONAL	PM5:moderate		neighbour_evidence
2020-01-01	2026-08-04	NM_007294.4:c.5560_5562delinsGGA	p.Leu1854Gly	missense	VUS	VUS	2	4	MISSING_FUNCTIONAL	MISSING_FUNCTIONAL	PM5:moderate		neighbour_evidence
2020-01-01	2026-08-04	NM_007294.4:c.5560_5562delinsGGC	p.Leu1854Gly	missense	VUS	VUS	2	4	MISSING_FUNCTIONAL	MISSING_FUNCTIONAL	PM5:moderate		neighbour_evidence
2020-01-01	2026-08-04	NM_007294.4:c.5560_5561delinsGG	p.Leu1854Gly	missense	VUS	VUS	2	4	MISSING_FUNCTIONAL	MISSING_FUNCTIONAL	PM5:moderate		neighbour_evidence
2020-01-01	2026-08-04	NM_007294.4:c.5560_5562delinsGGT	p.Leu1854Gly	missense	VUS	VUS	2	4	MISSING_FUNCTIONAL	MISSING_FUNCTIONAL	PM5:moderate		neighbour_evidence
2020-01-01	2026-08-04	NM_007294.4:c.5560_5562delinsGTA	p.Leu1854Val	missense	VUS	VUS	2	4	MISSING_FUNCTIONAL	MISSING_FUNCTIONAL	PM5:moderate		neighbour_evidence
2020-01-01	2026-08-04	NM_007294.4:c.5560_5562delinsGTC	p.Leu1854Val	missense	VUS	VUS	2	4	MISSING_FUNCTIONAL	MISSING_FUNCTIONAL	PM5:moderate		neighbour_evidence
2020-01-01	2026-08-04	NM_007294.4:c.5560_5562delinsGTT	p.Leu1854Val	missense	VUS	VUS	2	4	MISSING_FUNCTIONAL	MISSING_FUNCTIONAL	PM5:moderate		neighbour_evidence
2020-01-01	2026-08-04	NM_007294.4:c.5560_5562delinsTAC	p.Leu1854Tyr	missense	VUS	VUS	2	4	MISSING_FUNCTIONAL	MISSING_FUNCTIONAL	PM5:moderate		neighbour_evidence
2020-01-01	2026-08-04	NM_007294.4:c.5560_5562delinsTAT	p.Leu1854Tyr	missense	VUS	VUS	2	4	MISSING_FUNCTIONAL	MISSING_FUNCTIONAL	PM5:moderate		neighbour_evidence
2020-01-01	2026-08-04	NM_007294.4:c.5560_5562delinsTCA	p.Leu1854Ser	missense	VUS	VUS	2	4	MISSING_FUNCTIONAL	MISSING_FUNCTIONAL	PM5:moderate		neighbour_evidence
2020-01-01	2026-08-04	NM_007294.4:c.5560_5562delinsTCC	p.Leu1854Ser	missense	VUS	VUS	2	4	MISSING_FUNCTIONAL	MISSING_FUNCTIONAL	PM5:moderate		neighbour_evidence
2020-01-01	2026-08-04	NM_007294.4:c.5560_5561delinsTC	p.Leu1854Ser	missense	VUS	VUS	2	4	MISSING_FUNCTIONAL	MISSING_FUNCTIONAL	PM5:moderate		neighbour_evidence
2020-01-01	2026-08-04	NM_007294.4:c.5560_5562delinsTCT	p.Leu1854Ser	missense	VUS	VUS	2	4	MISSING_FUNCTIONAL	MISSING_FUNCTIONAL	PM5:moderate		neighbour_evidence
2020-01-01	2026-08-04	NM_007294.4:c.5560_5562delinsTGC	p.Leu1854Cys	missense	VUS	VUS	2	4	MISSING_FUNCTIONAL	MISSING_FUNCTIONAL	PM5:moderate		neighbour_evidence
2020-01-01	2026-08-04	NM_007294.4:c.5560_5561delinsTG	p.Leu1854Trp	missense	VUS	VUS	2	4	MISSING_FUNCTIONAL	MISSING_FUNCTIONAL	PM5:moderate		neighbour_evidence
2020-01-01	2026-08-04	NM_007294.4:c.5560_5562delinsTGT	p.Leu1854Cys	missense	VUS	VUS	2	4	MISSING_FUNCTIONAL	MISSING_FUNCTIONAL	PM5:moderate		neighbour_evidence
2020-01-01	2026-08-04	NM_007294.4:c.5560_5562delinsTTC	p.Leu1854Phe	missense	VUS	VUS	2	4	MISSING_FUNCTIONAL	MISSING_FUNCTIONAL	PM5:moderate		neighbour_evidence
2020-01-01	2026-08-04	NM_007294.4:c.5560_5562delinsTTT	p.Leu1854Phe	missense	VUS	VUS	2	4	MISSING_FUNCTIONAL	MISSING_FUNCTIONAL	PM5:moderate		neighbour_evidence
