label_before	label_after	variant_id	hgvs_p	consequence	class_before	class_after	points_before	points_after	blocking_before	blocking_after	criteria_gained	criteria_lost	cause
2020-01-01	2026-08-04	NM_000059.4:c.67G>A	p.Asp23Asn	missense	VUS	VUS	0	2	MISSING_FUNCTIONAL	MISSING_FUNCTIONAL	PM5:moderate		neighbour_evidence
2020-01-01	2026-08-04	NM_000059.4:c.67G>C	p.Asp23His	missense	VUS	VUS	0	2	MISSING_FUNCTIONAL	MISSING_FUNCTIONAL	PM5:moderate		neighbour_evidence
2020-01-01	2026-08-04	NM_000059.4:c.68A>C	p.Asp23Ala	missense	VUS	VUS	0	2	MISSING_FUNCTIONAL	MISSING_FUNCTIONAL	PM5:moderate		neighbour_evidence
2020-01-01	2026-08-04	NM_000059.4:c.68A>G	p.Asp23Gly	missense	VUS	VUS	0	2	MISSING_FUNCTIONAL	MISSING_FUNCTIONAL	PM5:moderate		neighbour_evidence
2020-01-01	2026-08-04	NM_000059.4:c.68A>T	p.Asp23Val	missense	VUS	VUS	0	2	MISSING_FUNCTIONAL	MISSING_FUNCTIONAL	PM5:moderate		neighbour_evidence
2020-01-01	2026-08-04	NM_000059.4:c.69T>A	p.Asp23Glu	missense	VUS	VUS	0	2	MISSING_FUNCTIONAL	MISSING_FUNCTIONAL	PM5:moderate		neighbour_evidence
2020-01-01	2026-08-04	NM_000059.4:c.69T>G	p.Asp23Glu	missense	VUS	VUS	0	2	MISSING_FUNCTIONAL	MISSING_FUNCTIONAL	PM5:moderate		neighbour_evidence
2020-01-01	2026-08-04	NM_000059.4:c.91T>A	p.Trp31Arg	missense	VUS	LP	0	6	MISSING_FUNCTIONAL	RESOLVED_NOT_BLOCKED	PM5:moderate;PS1:strong		neighbour_evidence
2020-01-01	2026-08-04	NM_000059.4:c.91T>C	p.Trp31Arg	missense	VUS	VUS	0	2	MISSING_FUNCTIONAL	MISSING_FUNCTIONAL	PM5:moderate		neighbour_evidence
2020-01-01	2026-08-04	NM_000059.4:c.91T>G	p.Trp31Gly	missense	VUS	VUS	0	2	MISSING_FUNCTIONAL	MISSING_FUNCTIONAL	PM5:moderate		neighbour_evidence
2020-01-01	2026-08-04	NM_000059.4:c.92G>C	p.Trp31Ser	missense	VUS	VUS	0	2	MISSING_FUNCTIONAL	MISSING_FUNCTIONAL	PM5:moderate		neighbour_evidence
2020-01-01	2026-08-04	NM_000059.4:c.92G>T	p.Trp31Leu	missense	VUS	VUS	0	2	MISSING_FUNCTIONAL	MISSING_FUNCTIONAL	PM5:moderate		neighbour_evidence
2020-01-01	2026-08-04	NM_000059.4:c.93G>C	p.Trp31Cys	missense	VUS	VUS	0	2	MISSING_FUNCTIONAL	MISSING_FUNCTIONAL	PM5:moderate		neighbour_evidence
2020-01-01	2026-08-04	NM_000059.4:c.93G>T	p.Trp31Cys	missense	VUS	VUS	0	2	MISSING_FUNCTIONAL	MISSING_FUNCTIONAL	PM5:moderate		neighbour_evidence
2020-01-01	2026-08-04	NM_000059.4:c.475G>C	p.Val159Leu	missense	VUS	VUS	0	2	MISSING_FUNCTIONAL	MISSING_FUNCTIONAL	PM5:moderate		neighbour_evidence
2020-01-01	2026-08-04	NM_000059.4:c.475G>T	p.Val159Leu	missense	VUS	VUS	0	2	MISSING_FUNCTIONAL	MISSING_FUNCTIONAL	PM5:moderate		neighbour_evidence
2020-01-01	2026-08-04	NM_000059.4:c.476T>A	p.Val159Glu	missense	VUS	VUS	0	2	MISSING_FUNCTIONAL	MISSING_FUNCTIONAL	PM5:moderate		neighbour_evidence
2020-01-01	2026-08-04	NM_000059.4:c.476T>C	p.Val159Ala	missense	VUS	VUS	0	2	MISSING_FUNCTIONAL	MISSING_FUNCTIONAL	PM5:moderate		neighbour_evidence
2020-01-01	2026-08-04	NM_000059.4:c.476T>G	p.Val159Gly	missense	VUS	VUS	0	2	MISSING_FUNCTIONAL	MISSING_FUNCTIONAL	PM5:moderate		neighbour_evidence
2020-01-01	2026-08-04	NM_000059.4:c.514A>C	p.Lys172Gln	missense	VUS	VUS	0	2	MISSING_FUNCTIONAL	MISSING_FUNCTIONAL	PM5:moderate		neighbour_evidence
2020-01-01	2026-08-04	NM_000059.4:c.514A>G	p.Lys172Glu	missense	VUS	VUS	0	2	MISSING_FUNCTIONAL	MISSING_FUNCTIONAL	PM5:moderate		neighbour_evidence
2020-01-01	2026-08-04	NM_000059.4:c.515A>C	p.Lys172Thr	missense	VUS	VUS	0	2	MISSING_FUNCTIONAL	MISSING_FUNCTIONAL	PM5:moderate		neighbour_evidence
2020-01-01	2026-08-04	NM_000059.4:c.515A>G	p.Lys172Arg	missense	VUS	VUS	0	2	MISSING_FUNCTIONAL	MISSING_FUNCTIONAL	PM5:moderate		neighbour_evidence
2020-01-01	2026-08-04	NM_000059.4:c.515A>T	p.Lys172Met	missense	VUS	VUS	0	2	MISSING_FUNCTIONAL	MISSING_FUNCTIONAL	PM5:moderate		neighbour_evidence
2020-01-01	2026-08-04	NM_000059.4:c.516G>C	p.Lys172Asn	missense	VUS	VUS	0	4	MISSING_FUNCTIONAL	MISSING_FUNCTIONAL	PS1:strong		neighbour_evidence
2020-01-01	2026-08-04	NM_000059.4:c.517G>A	p.Gly173Ser	missense	VUS	VUS	0	2	MISSING_FUNCTIONAL	MISSING_FUNCTIONAL	PM5:moderate		neighbour_evidence
2020-01-01	2026-08-04	NM_000059.4:c.517G>T	p.Gly173Cys	missense	VUS	VUS	0	2	MISSING_FUNCTIONAL	MISSING_FUNCTIONAL	PM5:moderate		neighbour_evidence
2020-01-01	2026-08-04	NM_000059.4:c.518G>A	p.Gly173Asp	missense	VUS	VUS	0	2	MISSING_FUNCTIONAL	MISSING_FUNCTIONAL	PM5:moderate		neighbour_evidence
2020-01-01	2026-08-04	NM_000059.4:c.518G>C	p.Gly173Ala	missense	VUS	VUS	0	2	MISSING_FUNCTIONAL	MISSING_FUNCTIONAL	PM5:moderate		neighbour_evidence
2020-01-01	2026-08-04	NM_000059.4:c.518G>T	p.Gly173Val	missense	VUS	VUS	0	2	MISSING_FUNCTIONAL	MISSING_FUNCTIONAL	PM5:moderate		neighbour_evidence
2020-01-01	2026-08-04	NM_000059.4:c.565G>A	p.Asp189Asn	missense	VUS	VUS	0	2	MISSING_FUNCTIONAL	MISSING_FUNCTIONAL	PM5:moderate		neighbour_evidence
2020-01-01	2026-08-04	NM_000059.4:c.565G>C	p.Asp189His	missense	VUS	VUS	0	2	MISSING_FUNCTIONAL	MISSING_FUNCTIONAL	PM5:moderate		neighbour_evidence
2020-01-01	2026-08-04	NM_000059.4:c.565G>T	p.Asp189Tyr	missense	VUS	VUS	0	2	MISSING_FUNCTIONAL	MISSING_FUNCTIONAL	PM5:moderate		neighbour_evidence
2020-01-01	2026-08-04	NM_000059.4:c.566A>C	p.Asp189Ala	missense	VUS	VUS	0	2	MISSING_FUNCTIONAL	MISSING_FUNCTIONAL	PM5:moderate		neighbour_evidence
2020-01-01	2026-08-04	NM_000059.4:c.566A>T	p.Asp189Val	missense	VUS	VUS	0	2	MISSING_FUNCTIONAL	MISSING_FUNCTIONAL	PM5:moderate		neighbour_evidence
2020-01-01	2026-08-04	NM_000059.4:c.567T>A	p.Asp189Glu	missense	VUS	VUS	0	2	MISSING_FUNCTIONAL	MISSING_FUNCTIONAL	PM5:moderate		neighbour_evidence
2020-01-01	2026-08-04	NM_000059.4:c.567T>G	p.Asp189Glu	missense	VUS	VUS	0	2	MISSING_FUNCTIONAL	MISSING_FUNCTIONAL	PM5:moderate		neighbour_evidence
2020-01-01	2026-08-04	NM_000059.4:c.631G>A	p.Val211Ile	missense	VUS	VUS	0	2	MISSING_FUNCTIONAL	MISSING_FUNCTIONAL	PM5:moderate		neighbour_evidence
2020-01-01	2026-08-04	NM_000059.4:c.631G>C	p.Val211Leu	missense	VUS	VUS	0	2	MISSING_FUNCTIONAL	MISSING_FUNCTIONAL	PM5:moderate		neighbour_evidence
2020-01-01	2026-08-04	NM_000059.4:c.631G>T	p.Val211Phe	missense	VUS	VUS	0	2	MISSING_FUNCTIONAL	MISSING_FUNCTIONAL	PM5:moderate		neighbour_evidence
2020-01-01	2026-08-04	NM_000059.4:c.632T>A	p.Val211Asp	missense	VUS	VUS	0	2	MISSING_FUNCTIONAL	MISSING_FUNCTIONAL	PM5:moderate		neighbour_evidence
2020-01-01	2026-08-04	NM_000059.4:c.632T>C	p.Val211Ala	missense	VUS	VUS	0	2	MISSING_FUNCTIONAL	MISSING_FUNCTIONAL	PM5:moderate		neighbour_evidence
2020-01-01	2026-08-04	NM_000059.4:c.632T>G	p.Val211Gly	missense	VUS	VUS	0	2	MISSING_FUNCTIONAL	MISSING_FUNCTIONAL	PM5:moderate		neighbour_evidence
2020-01-01	2026-08-04	NM_000059.4:c.7006C>A	p.Arg2336Ser	missense	VUS	VUS	0	2	MISSING_FUNCTIONAL	MISSING_FUNCTIONAL	PM5:moderate		neighbour_evidence
2020-01-01	2026-08-04	NM_000059.4:c.7006C>G	p.Arg2336Gly	missense	VUS	VUS	0	2	MISSING_FUNCTIONAL	MISSING_FUNCTIONAL	PM5:moderate		neighbour_evidence
2020-01-01	2026-08-04	NM_000059.4:c.7006C>T	p.Arg2336Cys	missense	VUS	VUS	0	2	MISSING_FUNCTIONAL	MISSING_FUNCTIONAL	PM5:moderate		neighbour_evidence
2020-01-01	2026-08-04	NM_000059.4:c.7007G>A	p.Arg2336His	missense	VUS	VUS	0	2	MISSING_FUNCTIONAL	MISSING_FUNCTIONAL	PM5:moderate		neighbour_evidence
2020-01-01	2026-08-04	NM_000059.4:c.7007G>C	p.Arg2336Pro	missense	VUS	VUS	0	2	MISSING_FUNCTIONAL	MISSING_FUNCTIONAL	PM5:moderate		neighbour_evidence
2020-01-01	2026-08-04	NM_000059.4:c.7007G>T	p.Arg2336Leu	missense	VUS	VUS	0	2	MISSING_FUNCTIONAL	MISSING_FUNCTIONAL	PM5:moderate		neighbour_evidence
2020-01-01	2026-08-04	NM_000059.4:c.7219G>A	p.Val2407Ile	missense	VUS	VUS	0	2	MISSING_FUNCTIONAL	MISSING_FUNCTIONAL	PM5:moderate		neighbour_evidence
2020-01-01	2026-08-04	NM_000059.4:c.7219G>C	p.Val2407Leu	missense	VUS	VUS	0	2	MISSING_FUNCTIONAL	MISSING_FUNCTIONAL	PM5:moderate		neighbour_evidence
2020-01-01	2026-08-04	NM_000059.4:c.7219G>T	p.Val2407Phe	missense	VUS	VUS	0	2	MISSING_FUNCTIONAL	MISSING_FUNCTIONAL	PM5:moderate		neighbour_evidence
2020-01-01	2026-08-04	NM_000059.4:c.7220T>A	p.Val2407Asp	missense	VUS	VUS	0	2	MISSING_FUNCTIONAL	MISSING_FUNCTIONAL	PM5:moderate		neighbour_evidence
2020-01-01	2026-08-04	NM_000059.4:c.7220T>C	p.Val2407Ala	missense	VUS	VUS	0	2	MISSING_FUNCTIONAL	MISSING_FUNCTIONAL	PM5:moderate		neighbour_evidence
2020-01-01	2026-08-04	NM_000059.4:c.7220T>G	p.Val2407Gly	missense	VUS	VUS	0	2	MISSING_FUNCTIONAL	MISSING_FUNCTIONAL	PM5:moderate		neighbour_evidence
2020-01-01	2026-08-04	NM_000059.4:c.7528C>A	p.Leu2510Met	missense	VUS	VUS	2	4	MISSING_FUNCTIONAL	MISSING_FUNCTIONAL	PM5:moderate		neighbour_evidence
2020-01-01	2026-08-04	NM_000059.4:c.7528C>G	p.Leu2510Val	missense	VUS	VUS	2	4	MISSING_FUNCTIONAL	MISSING_FUNCTIONAL	PM5:moderate		neighbour_evidence
2020-01-01	2026-08-04	NM_000059.4:c.7529T>A	p.Leu2510Gln	missense	VUS	VUS	2	4	MISSING_FUNCTIONAL	MISSING_FUNCTIONAL	PM5:moderate		neighbour_evidence
2020-01-01	2026-08-04	NM_000059.4:c.7529T>G	p.Leu2510Arg	missense	VUS	VUS	2	4	MISSING_FUNCTIONAL	MISSING_FUNCTIONAL	PM5:moderate		neighbour_evidence
2020-01-01	2026-08-04	NM_000059.4:c.7684T>A	p.Phe2562Ile	missense	VUS	VUS	2	4	MISSING_FUNCTIONAL	MISSING_FUNCTIONAL	PM5:moderate		neighbour_evidence
2020-01-01	2026-08-04	NM_000059.4:c.7684T>C	p.Phe2562Leu	missense	VUS	VUS	2	4	MISSING_FUNCTIONAL	MISSING_FUNCTIONAL	PM5:moderate		neighbour_evidence
2020-01-01	2026-08-04	NM_000059.4:c.7684T>G	p.Phe2562Val	missense	VUS	VUS	2	4	MISSING_FUNCTIONAL	MISSING_FUNCTIONAL	PM5:moderate		neighbour_evidence
2020-01-01	2026-08-04	NM_000059.4:c.7685T>A	p.Phe2562Tyr	missense	VUS	VUS	2	4	MISSING_FUNCTIONAL	MISSING_FUNCTIONAL	PM5:moderate		neighbour_evidence
2020-01-01	2026-08-04	NM_000059.4:c.7685T>C	p.Phe2562Ser	missense	VUS	VUS	2	4	MISSING_FUNCTIONAL	MISSING_FUNCTIONAL	PM5:moderate		neighbour_evidence
2020-01-01	2026-08-04	NM_000059.4:c.7686T>A	p.Phe2562Leu	missense	VUS	VUS	2	4	MISSING_FUNCTIONAL	MISSING_FUNCTIONAL	PM5:moderate		neighbour_evidence
2020-01-01	2026-08-04	NM_000059.4:c.7686T>G	p.Phe2562Leu	missense	VUS	VUS	2	4	MISSING_FUNCTIONAL	MISSING_FUNCTIONAL	PM5:moderate		neighbour_evidence
2020-01-01	2026-08-04	NM_000059.4:c.7750G>A	p.Gly2584Ser	missense	VUS	VUS	2	4	MISSING_FUNCTIONAL	MISSING_FUNCTIONAL	PM5:moderate		neighbour_evidence
2020-01-01	2026-08-04	NM_000059.4:c.7750G>C	p.Gly2584Arg	missense	VUS	VUS	2	4	MISSING_FUNCTIONAL	MISSING_FUNCTIONAL	PM5:moderate		neighbour_evidence
2020-01-01	2026-08-04	NM_000059.4:c.7750G>T	p.Gly2584Cys	missense	VUS	VUS	2	4	MISSING_FUNCTIONAL	MISSING_FUNCTIONAL	PM5:moderate		neighbour_evidence
2020-01-01	2026-08-04	NM_000059.4:c.7751G>A	p.Gly2584Asp	missense	VUS	VUS	2	4	MISSING_FUNCTIONAL	MISSING_FUNCTIONAL	PM5:moderate		neighbour_evidence
2020-01-01	2026-08-04	NM_000059.4:c.7751G>C	p.Gly2584Ala	missense	VUS	VUS	2	4	MISSING_FUNCTIONAL	MISSING_FUNCTIONAL	PM5:moderate		neighbour_evidence
2020-01-01	2026-08-04	NM_000059.4:c.7753G>C	p.Gly2585Arg	missense	VUS	LP	2	6	MISSING_FUNCTIONAL	RESOLVED_NOT_BLOCKED	PS1:strong		neighbour_evidence
2020-01-01	2026-08-04	NM_000059.4:c.7754G>A	p.Gly2585Glu	missense	VUS	VUS	2	4	MISSING_FUNCTIONAL	MISSING_FUNCTIONAL	PM5:moderate		neighbour_evidence
2020-01-01	2026-08-04	NM_000059.4:c.7754G>C	p.Gly2585Ala	missense	VUS	VUS	2	4	MISSING_FUNCTIONAL	MISSING_FUNCTIONAL	PM5:moderate		neighbour_evidence
2020-01-01	2026-08-04	NM_000059.4:c.7754G>T	p.Gly2585Val	missense	VUS	VUS	2	4	MISSING_FUNCTIONAL	MISSING_FUNCTIONAL	PM5:moderate		neighbour_evidence
2020-01-01	2026-08-04	NM_000059.4:c.7786G>A	p.Gly2596Arg	missense	VUS	LP	2	8	MISSING_FUNCTIONAL	RESOLVED_NOT_BLOCKED	PM5:moderate;PS1:strong		neighbour_evidence
2020-01-01	2026-08-04	NM_000059.4:c.7786G>C	p.Gly2596Arg	missense	VUS	VUS	2	4	MISSING_FUNCTIONAL	MISSING_FUNCTIONAL	PM5:moderate		neighbour_evidence
2020-01-01	2026-08-04	NM_000059.4:c.7787G>A	p.Gly2596Glu	missense	VUS	VUS	2	4	MISSING_FUNCTIONAL	MISSING_FUNCTIONAL	PM5:moderate		neighbour_evidence
2020-01-01	2026-08-04	NM_000059.4:c.7787G>C	p.Gly2596Ala	missense	VUS	VUS	2	4	MISSING_FUNCTIONAL	MISSING_FUNCTIONAL	PM5:moderate		neighbour_evidence
2020-01-01	2026-08-04	NM_000059.4:c.7787G>T	p.Gly2596Val	missense	VUS	VUS	2	4	MISSING_FUNCTIONAL	MISSING_FUNCTIONAL	PM5:moderate		neighbour_evidence
2020-01-01	2026-08-04	NM_000059.4:c.7795G>A	p.Glu2599Lys	missense	VUS	VUS	2	4	MISSING_FUNCTIONAL	MISSING_FUNCTIONAL	PM5:moderate		neighbour_evidence
2020-01-01	2026-08-04	NM_000059.4:c.7795G>C	p.Glu2599Gln	missense	VUS	VUS	2	4	MISSING_FUNCTIONAL	MISSING_FUNCTIONAL	PM5:moderate		neighbour_evidence
2020-01-01	2026-08-04	NM_000059.4:c.7796A>C	p.Glu2599Ala	missense	VUS	VUS	2	4	MISSING_FUNCTIONAL	MISSING_FUNCTIONAL	PM5:moderate		neighbour_evidence
2020-01-01	2026-08-04	NM_000059.4:c.7796A>T	p.Glu2599Val	missense	VUS	VUS	2	4	MISSING_FUNCTIONAL	MISSING_FUNCTIONAL	PM5:moderate		neighbour_evidence
2020-01-01	2026-08-04	NM_000059.4:c.7797A>C	p.Glu2599Asp	missense	VUS	VUS	2	4	MISSING_FUNCTIONAL	MISSING_FUNCTIONAL	PM5:moderate		neighbour_evidence
2020-01-01	2026-08-04	NM_000059.4:c.7797A>T	p.Glu2599Asp	missense	VUS	VUS	2	4	MISSING_FUNCTIONAL	MISSING_FUNCTIONAL	PM5:moderate		neighbour_evidence
2020-01-01	2026-08-04	NM_000059.4:c.7801T>A	p.Tyr2601Asn	missense	VUS	VUS	2	4	MISSING_FUNCTIONAL	MISSING_FUNCTIONAL	PM5:moderate		neighbour_evidence
2020-01-01	2026-08-04	NM_000059.4:c.7801T>C	p.Tyr2601His	missense	VUS	VUS	2	4	MISSING_FUNCTIONAL	MISSING_FUNCTIONAL	PM5:moderate		neighbour_evidence
2020-01-01	2026-08-04	NM_000059.4:c.7801T>G	p.Tyr2601Asp	missense	VUS	VUS	2	4	MISSING_FUNCTIONAL	MISSING_FUNCTIONAL	PM5:moderate		neighbour_evidence
2020-01-01	2026-08-04	NM_000059.4:c.7802A>C	p.Tyr2601Ser	missense	VUS	VUS	2	4	MISSING_FUNCTIONAL	MISSING_FUNCTIONAL	PM5:moderate		neighbour_evidence
2020-01-01	2026-08-04	NM_000059.4:c.7802A>T	p.Tyr2601Phe	missense	VUS	VUS	2	4	MISSING_FUNCTIONAL	MISSING_FUNCTIONAL	PM5:moderate		neighbour_evidence
2020-01-01	2026-08-04	NM_000059.4:c.7804A>G	p.Arg2602Gly	missense	VUS	VUS	2	4	MISSING_FUNCTIONAL	MISSING_FUNCTIONAL	PM5:moderate		neighbour_evidence
2020-01-01	2026-08-04	NM_000059.4:c.7804A>T	p.Arg2602Trp	missense	VUS	VUS	2	4	MISSING_FUNCTIONAL	MISSING_FUNCTIONAL	PM5:moderate		neighbour_evidence
2020-01-01	2026-08-04	NM_000059.4:c.7805G>A	p.Arg2602Lys	missense	VUS	VUS	2	4	MISSING_FUNCTIONAL	MISSING_FUNCTIONAL	PM5:moderate		neighbour_evidence
2020-01-01	2026-08-04	NM_000059.4:c.7805G>T	p.Arg2602Met	missense	VUS	VUS	2	4	MISSING_FUNCTIONAL	MISSING_FUNCTIONAL	PM5:moderate		neighbour_evidence
2020-01-01	2026-08-04	NM_000059.4:c.7806G>C	p.Arg2602Ser	missense	VUS	VUS	2	4	MISSING_FUNCTIONAL	MISSING_FUNCTIONAL	PM5:moderate		neighbour_evidence
2020-01-01	2026-08-04	NM_000059.4:c.7806G>T	p.Arg2602Ser	missense	VUS	VUS	2	4	MISSING_FUNCTIONAL	MISSING_FUNCTIONAL	PM5:moderate		neighbour_evidence
2020-01-01	2026-08-04	NM_000059.4:c.7807G>A	p.Ala2603Thr	missense	VUS	VUS	2	4	MISSING_FUNCTIONAL	MISSING_FUNCTIONAL	PM5:moderate		neighbour_evidence
2020-01-01	2026-08-04	NM_000059.4:c.7807G>T	p.Ala2603Ser	missense	VUS	VUS	2	4	MISSING_FUNCTIONAL	MISSING_FUNCTIONAL	PM5:moderate		neighbour_evidence
2020-01-01	2026-08-04	NM_000059.4:c.7808C>A	p.Ala2603Asp	missense	VUS	VUS	2	4	MISSING_FUNCTIONAL	MISSING_FUNCTIONAL	PM5:moderate		neighbour_evidence
2020-01-01	2026-08-04	NM_000059.4:c.7808C>G	p.Ala2603Gly	missense	VUS	VUS	2	4	MISSING_FUNCTIONAL	MISSING_FUNCTIONAL	PM5:moderate		neighbour_evidence
2020-01-01	2026-08-04	NM_000059.4:c.7808C>T	p.Ala2603Val	missense	VUS	VUS	2	4	MISSING_FUNCTIONAL	MISSING_FUNCTIONAL	PM5:moderate		neighbour_evidence
2020-01-01	2026-08-04	NM_000059.4:c.7810C>A	p.Leu2604Met	missense	VUS	VUS	2	4	MISSING_FUNCTIONAL	MISSING_FUNCTIONAL	PM5:moderate		neighbour_evidence
2020-01-01	2026-08-04	NM_000059.4:c.7810C>G	p.Leu2604Val	missense	VUS	VUS	2	4	MISSING_FUNCTIONAL	MISSING_FUNCTIONAL	PM5:moderate		neighbour_evidence
2020-01-01	2026-08-04	NM_000059.4:c.7811T>A	p.Leu2604Gln	missense	VUS	VUS	2	4	MISSING_FUNCTIONAL	MISSING_FUNCTIONAL	PM5:moderate		neighbour_evidence
2020-01-01	2026-08-04	NM_000059.4:c.7811T>G	p.Leu2604Arg	missense	VUS	VUS	2	4	MISSING_FUNCTIONAL	MISSING_FUNCTIONAL	PM5:moderate		neighbour_evidence
2020-01-01	2026-08-04	NM_000059.4:c.7819A>C	p.Thr2607Pro	missense	VUS	LP	2	6	MISSING_FUNCTIONAL	RESOLVED_NOT_BLOCKED	PS1:strong		neighbour_evidence
2020-01-01	2026-08-04	NM_000059.4:c.7819A>G	p.Thr2607Ala	missense	VUS	VUS	2	4	MISSING_FUNCTIONAL	MISSING_FUNCTIONAL	PM5:moderate		neighbour_evidence
2020-01-01	2026-08-04	NM_000059.4:c.7819A>T	p.Thr2607Ser	missense	VUS	VUS	2	4	MISSING_FUNCTIONAL	MISSING_FUNCTIONAL	PM5:moderate		neighbour_evidence
2020-01-01	2026-08-04	NM_000059.4:c.7820C>A	p.Thr2607Asn	missense	VUS	VUS	2	4	MISSING_FUNCTIONAL	MISSING_FUNCTIONAL	PM5:moderate		neighbour_evidence
2020-01-01	2026-08-04	NM_000059.4:c.7820C>G	p.Thr2607Ser	missense	VUS	VUS	2	4	MISSING_FUNCTIONAL	MISSING_FUNCTIONAL	PM5:moderate		neighbour_evidence
2020-01-01	2026-08-04	NM_000059.4:c.7820C>T	p.Thr2607Ile	missense	VUS	VUS	2	4	MISSING_FUNCTIONAL	MISSING_FUNCTIONAL	PM5:moderate		neighbour_evidence
2020-01-01	2026-08-04	NM_000059.4:c.7825G>A	p.Gly2609Ser	missense	VUS	VUS	2	4	MISSING_FUNCTIONAL	MISSING_FUNCTIONAL	PM5:moderate		neighbour_evidence
2020-01-01	2026-08-04	NM_000059.4:c.7825G>C	p.Gly2609Arg	missense	VUS	VUS	2	4	MISSING_FUNCTIONAL	MISSING_FUNCTIONAL	PM5:moderate		neighbour_evidence
2020-01-01	2026-08-04	NM_000059.4:c.7825G>T	p.Gly2609Cys	missense	VUS	VUS	2	4	MISSING_FUNCTIONAL	MISSING_FUNCTIONAL	PM5:moderate		neighbour_evidence
2020-01-01	2026-08-04	NM_000059.4:c.7826G>A	p.Gly2609Asp	missense	VUS	VUS	2	4	MISSING_FUNCTIONAL	MISSING_FUNCTIONAL	PM5:moderate		neighbour_evidence
2020-01-01	2026-08-04	NM_000059.4:c.7826G>C	p.Gly2609Ala	missense	VUS	VUS	2	4	MISSING_FUNCTIONAL	MISSING_FUNCTIONAL	PM5:moderate		neighbour_evidence
2020-01-01	2026-08-04	NM_000059.4:c.7826G>T	p.Gly2609Val	missense	VUS	VUS	2	4	MISSING_FUNCTIONAL	MISSING_FUNCTIONAL	PM5:moderate		neighbour_evidence
2020-01-01	2026-08-04	NM_000059.4:c.7846T>A	p.Ser2616Thr	missense	VUS	VUS	2	4	MISSING_FUNCTIONAL	MISSING_FUNCTIONAL	PM5:moderate		neighbour_evidence
2020-01-01	2026-08-04	NM_000059.4:c.7846T>C	p.Ser2616Pro	missense	VUS	VUS	2	4	MISSING_FUNCTIONAL	MISSING_FUNCTIONAL	PM5:moderate		neighbour_evidence
2020-01-01	2026-08-04	NM_000059.4:c.7846T>G	p.Ser2616Ala	missense	VUS	VUS	2	4	MISSING_FUNCTIONAL	MISSING_FUNCTIONAL	PM5:moderate		neighbour_evidence
2020-01-01	2026-08-04	NM_000059.4:c.7847C>A	p.Ser2616Tyr	missense	VUS	VUS	2	4	MISSING_FUNCTIONAL	MISSING_FUNCTIONAL	PM5:moderate		neighbour_evidence
2020-01-01	2026-08-04	NM_000059.4:c.7847C>G	p.Ser2616Cys	missense	VUS	VUS	2	4	MISSING_FUNCTIONAL	MISSING_FUNCTIONAL	PM5:moderate		neighbour_evidence
2020-01-01	2026-08-04	NM_000059.4:c.7855T>A	p.Trp2619Arg	missense	VUS	LP	2	8	MISSING_FUNCTIONAL	RESOLVED_NOT_BLOCKED	PM5:moderate;PS1:strong		neighbour_evidence
2020-01-01	2026-08-04	NM_000059.4:c.7855T>C	p.Trp2619Arg	missense	VUS	VUS	2	4	MISSING_FUNCTIONAL	MISSING_FUNCTIONAL	PM5:moderate		neighbour_evidence
2020-01-01	2026-08-04	NM_000059.4:c.7855T>G	p.Trp2619Gly	missense	VUS	VUS	2	4	MISSING_FUNCTIONAL	MISSING_FUNCTIONAL	PM5:moderate		neighbour_evidence
2020-01-01	2026-08-04	NM_000059.4:c.7856G>C	p.Trp2619Ser	missense	VUS	VUS	2	4	MISSING_FUNCTIONAL	MISSING_FUNCTIONAL	PM5:moderate		neighbour_evidence
2020-01-01	2026-08-04	NM_000059.4:c.7856G>T	p.Trp2619Leu	missense	VUS	VUS	2	4	MISSING_FUNCTIONAL	MISSING_FUNCTIONAL	PM5:moderate		neighbour_evidence
2020-01-01	2026-08-04	NM_000059.4:c.7857G>C	p.Trp2619Cys	missense	VUS	VUS	2	4	MISSING_FUNCTIONAL	MISSING_FUNCTIONAL	PM5:moderate		neighbour_evidence
2020-01-01	2026-08-04	NM_000059.4:c.7857G>T	p.Trp2619Cys	missense	VUS	LP	2	8	MISSING_FUNCTIONAL	RESOLVED_NOT_BLOCKED	PM5:moderate;PS1:strong		neighbour_evidence
2020-01-01	2026-08-04	NM_000059.4:c.7867C>A	p.His2623Asn	missense	VUS	VUS	2	4	MISSING_FUNCTIONAL	MISSING_FUNCTIONAL	PM5:moderate		neighbour_evidence
2020-01-01	2026-08-04	NM_000059.4:c.7867C>G	p.His2623Asp	missense	VUS	VUS	2	4	MISSING_FUNCTIONAL	MISSING_FUNCTIONAL	PM5:moderate		neighbour_evidence
2020-01-01	2026-08-04	NM_000059.4:c.7867C>T	p.His2623Tyr	missense	VUS	VUS	2	4	MISSING_FUNCTIONAL	MISSING_FUNCTIONAL	PM5:moderate		neighbour_evidence
2020-01-01	2026-08-04	NM_000059.4:c.7868A>C	p.His2623Pro	missense	VUS	VUS	2	4	MISSING_FUNCTIONAL	MISSING_FUNCTIONAL	PM5:moderate		neighbour_evidence
2020-01-01	2026-08-04	NM_000059.4:c.7868A>G	p.His2623Arg	missense	VUS	VUS	2	4	MISSING_FUNCTIONAL	MISSING_FUNCTIONAL	PM5:moderate		neighbour_evidence
2020-01-01	2026-08-04	NM_000059.4:c.7868A>T	p.His2623Leu	missense	VUS	VUS	2	4	MISSING_FUNCTIONAL	MISSING_FUNCTIONAL	PM5:moderate		neighbour_evidence
2020-01-01	2026-08-04	NM_000059.4:c.7869C>A	p.His2623Gln	missense	VUS	VUS	2	4	MISSING_FUNCTIONAL	MISSING_FUNCTIONAL	PM5:moderate		neighbour_evidence
2020-01-01	2026-08-04	NM_000059.4:c.7869C>G	p.His2623Gln	missense	VUS	VUS	2	4	MISSING_FUNCTIONAL	MISSING_FUNCTIONAL	PM5:moderate		neighbour_evidence
2020-01-01	2026-08-04	NM_000059.4:c.7870T>A	p.Tyr2624Asn	missense	VUS	VUS	2	4	MISSING_FUNCTIONAL	MISSING_FUNCTIONAL	PM5:moderate		neighbour_evidence
2020-01-01	2026-08-04	NM_000059.4:c.7870T>C	p.Tyr2624His	missense	VUS	VUS	2	4	MISSING_FUNCTIONAL	MISSING_FUNCTIONAL	PM5:moderate		neighbour_evidence
2020-01-01	2026-08-04	NM_000059.4:c.7871A>C	p.Tyr2624Ser	missense	VUS	VUS	2	4	MISSING_FUNCTIONAL	MISSING_FUNCTIONAL	PM5:moderate		neighbour_evidence
2020-01-01	2026-08-04	NM_000059.4:c.7871A>G	p.Tyr2624Cys	missense	VUS	VUS	2	4	MISSING_FUNCTIONAL	MISSING_FUNCTIONAL	PM5:moderate		neighbour_evidence
2020-01-01	2026-08-04	NM_000059.4:c.7871A>T	p.Tyr2624Phe	missense	VUS	VUS	2	4	MISSING_FUNCTIONAL	MISSING_FUNCTIONAL	PM5:moderate		neighbour_evidence
2020-01-01	2026-08-04	NM_000059.4:c.7873A>G	p.Arg2625Gly	missense	VUS	VUS	2	4	MISSING_FUNCTIONAL	MISSING_FUNCTIONAL	PM5:moderate		neighbour_evidence
2020-01-01	2026-08-04	NM_000059.4:c.7874G>A	p.Arg2625Lys	missense	VUS	VUS	2	4	MISSING_FUNCTIONAL	MISSING_FUNCTIONAL	PM5:moderate		neighbour_evidence
2020-01-01	2026-08-04	NM_000059.4:c.7874G>C	p.Arg2625Thr	missense	VUS	VUS	2	4	MISSING_FUNCTIONAL	MISSING_FUNCTIONAL	PM5:moderate		neighbour_evidence
2020-01-01	2026-08-04	NM_000059.4:c.7875A>C	p.Arg2625Ser	missense	VUS	VUS	2	4	MISSING_FUNCTIONAL	MISSING_FUNCTIONAL	PM5:moderate		neighbour_evidence
2020-01-01	2026-08-04	NM_000059.4:c.7875A>T	p.Arg2625Ser	missense	VUS	VUS	2	4	MISSING_FUNCTIONAL	MISSING_FUNCTIONAL	PM5:moderate		neighbour_evidence
2020-01-01	2026-08-04	NM_000059.4:c.7876T>A	p.Trp2626Arg	missense	VUS	LP	2	8	MISSING_FUNCTIONAL	RESOLVED_NOT_BLOCKED	PM5:moderate;PS1:strong		neighbour_evidence
2020-01-01	2026-08-04	NM_000059.4:c.7876T>C	p.Trp2626Arg	missense	VUS	LP	2	8	MISSING_FUNCTIONAL	RESOLVED_NOT_BLOCKED	PM5:moderate;PS1:strong		neighbour_evidence
2020-01-01	2026-08-04	NM_000059.4:c.7876T>G	p.Trp2626Gly	missense	VUS	VUS	2	4	MISSING_FUNCTIONAL	MISSING_FUNCTIONAL	PM5:moderate		neighbour_evidence
2020-01-01	2026-08-04	NM_000059.4:c.7877G>C	p.Trp2626Ser	missense	VUS	VUS	2	4	MISSING_FUNCTIONAL	MISSING_FUNCTIONAL	PM5:moderate		neighbour_evidence
2020-01-01	2026-08-04	NM_000059.4:c.7877G>T	p.Trp2626Leu	missense	VUS	VUS	2	4	MISSING_FUNCTIONAL	MISSING_FUNCTIONAL	PM5:moderate		neighbour_evidence
2020-01-01	2026-08-04	NM_000059.4:c.7878G>C	p.Trp2626Cys	missense	VUS	LP	2	8	MISSING_FUNCTIONAL	RESOLVED_NOT_BLOCKED	PM5:moderate;PS1:strong		neighbour_evidence
2020-01-01	2026-08-04	NM_000059.4:c.7878G>T	p.Trp2626Cys	missense	VUS	LP	2	8	MISSING_FUNCTIONAL	RESOLVED_NOT_BLOCKED	PM5:moderate;PS1:strong		neighbour_evidence
2020-01-01	2026-08-04	NM_000059.4:c.7879A>C	p.Ile2627Leu	missense	VUS	VUS	2	4	MISSING_FUNCTIONAL	MISSING_FUNCTIONAL	PM5:moderate		neighbour_evidence
2020-01-01	2026-08-04	NM_000059.4:c.7879A>G	p.Ile2627Val	missense	VUS	VUS	2	4	MISSING_FUNCTIONAL	MISSING_FUNCTIONAL	PM5:moderate		neighbour_evidence
2020-01-01	2026-08-04	NM_000059.4:c.7879A>T	p.Ile2627Phe	missense	VUS	VUS	2	4	MISSING_FUNCTIONAL	MISSING_FUNCTIONAL	PM5:moderate		neighbour_evidence
2020-01-01	2026-08-04	NM_000059.4:c.7880T>A	p.Ile2627Asn	missense	VUS	VUS	2	4	MISSING_FUNCTIONAL	MISSING_FUNCTIONAL	PM5:moderate		neighbour_evidence
2020-01-01	2026-08-04	NM_000059.4:c.7880T>C	p.Ile2627Thr	missense	VUS	VUS	2	4	MISSING_FUNCTIONAL	MISSING_FUNCTIONAL	PM5:moderate		neighbour_evidence
2020-01-01	2026-08-04	NM_000059.4:c.7880T>G	p.Ile2627Ser	missense	VUS	VUS	2	4	MISSING_FUNCTIONAL	MISSING_FUNCTIONAL	PM5:moderate		neighbour_evidence
2020-01-01	2026-08-04	NM_000059.4:c.7881C>G	p.Ile2627Met	missense	VUS	VUS	2	4	MISSING_FUNCTIONAL	MISSING_FUNCTIONAL	PM5:moderate		neighbour_evidence
2020-01-01	2026-08-04	NM_000059.4:c.7888A>G	p.Lys2630Glu	missense	VUS	VUS	2	4	MISSING_FUNCTIONAL	MISSING_FUNCTIONAL	PM5:moderate		neighbour_evidence
2020-01-01	2026-08-04	NM_000059.4:c.7889A>C	p.Lys2630Thr	missense	VUS	VUS	2	4	MISSING_FUNCTIONAL	MISSING_FUNCTIONAL	PM5:moderate		neighbour_evidence
2020-01-01	2026-08-04	NM_000059.4:c.7889A>G	p.Lys2630Arg	missense	VUS	VUS	2	4	MISSING_FUNCTIONAL	MISSING_FUNCTIONAL	PM5:moderate		neighbour_evidence
2020-01-01	2026-08-04	NM_000059.4:c.7889A>T	p.Lys2630Ile	missense	VUS	VUS	2	4	MISSING_FUNCTIONAL	MISSING_FUNCTIONAL	PM5:moderate		neighbour_evidence
2020-01-01	2026-08-04	NM_000059.4:c.7890A>C	p.Lys2630Asn	missense	VUS	VUS	2	4	MISSING_FUNCTIONAL	MISSING_FUNCTIONAL	PM5:moderate		neighbour_evidence
2020-01-01	2026-08-04	NM_000059.4:c.7890A>T	p.Lys2630Asn	missense	VUS	VUS	2	4	MISSING_FUNCTIONAL	MISSING_FUNCTIONAL	PM5:moderate		neighbour_evidence
2020-01-01	2026-08-04	NM_000059.4:c.7939C>A	p.Leu2647Ile	missense	VUS	VUS	2	4	MISSING_FUNCTIONAL	MISSING_FUNCTIONAL	PM5:moderate		neighbour_evidence
2020-01-01	2026-08-04	NM_000059.4:c.7939C>G	p.Leu2647Val	missense	VUS	VUS	2	4	MISSING_FUNCTIONAL	MISSING_FUNCTIONAL	PM5:moderate		neighbour_evidence
2020-01-01	2026-08-04	NM_000059.4:c.7940T>A	p.Leu2647Gln	missense	VUS	VUS	2	4	MISSING_FUNCTIONAL	MISSING_FUNCTIONAL	PM5:moderate		neighbour_evidence
2020-01-01	2026-08-04	NM_000059.4:c.7940T>G	p.Leu2647Arg	missense	VUS	VUS	2	4	MISSING_FUNCTIONAL	MISSING_FUNCTIONAL	PM5:moderate		neighbour_evidence
2020-01-01	2026-08-04	NM_000059.4:c.7954G>A	p.Val2652Met	missense	VUS	VUS	2	4	MISSING_FUNCTIONAL	MISSING_FUNCTIONAL	PM5:moderate		neighbour_evidence
2020-01-01	2026-08-04	NM_000059.4:c.7954G>C	p.Val2652Leu	missense	VUS	VUS	2	4	MISSING_FUNCTIONAL	MISSING_FUNCTIONAL	PM5:moderate		neighbour_evidence
2020-01-01	2026-08-04	NM_000059.4:c.7954G>T	p.Val2652Leu	missense	VUS	VUS	2	4	MISSING_FUNCTIONAL	MISSING_FUNCTIONAL	PM5:moderate		neighbour_evidence
2020-01-01	2026-08-04	NM_000059.4:c.7955T>A	p.Val2652Glu	missense	VUS	VUS	2	4	MISSING_FUNCTIONAL	MISSING_FUNCTIONAL	PM5:moderate		neighbour_evidence
2020-01-01	2026-08-04	NM_000059.4:c.7955T>C	p.Val2652Ala	missense	VUS	VUS	2	4	MISSING_FUNCTIONAL	MISSING_FUNCTIONAL	PM5:moderate		neighbour_evidence
2020-01-01	2026-08-04	NM_000059.4:c.7957C>A	p.Leu2653Ile	missense	VUS	VUS	2	4	MISSING_FUNCTIONAL	MISSING_FUNCTIONAL	PM5:moderate		neighbour_evidence
2020-01-01	2026-08-04	NM_000059.4:c.7957C>G	p.Leu2653Val	missense	VUS	VUS	2	4	MISSING_FUNCTIONAL	MISSING_FUNCTIONAL	PM5:moderate		neighbour_evidence
2020-01-01	2026-08-04	NM_000059.4:c.7957C>T	p.Leu2653Phe	missense	VUS	VUS	2	4	MISSING_FUNCTIONAL	MISSING_FUNCTIONAL	PM5:moderate		neighbour_evidence
2020-01-01	2026-08-04	NM_000059.4:c.7958T>A	p.Leu2653His	missense	VUS	VUS	2	4	MISSING_FUNCTIONAL	MISSING_FUNCTIONAL	PM5:moderate		neighbour_evidence
2020-01-01	2026-08-04	NM_000059.4:c.7958T>G	p.Leu2653Arg	missense	VUS	VUS	2	4	MISSING_FUNCTIONAL	MISSING_FUNCTIONAL	PM5:moderate		neighbour_evidence
2020-01-01	2026-08-04	NM_000059.4:c.7963C>A	p.Gln2655Lys	missense	VUS	VUS	2	4	MISSING_FUNCTIONAL	MISSING_FUNCTIONAL	PM5:moderate		neighbour_evidence
2020-01-01	2026-08-04	NM_000059.4:c.7963C>G	p.Gln2655Glu	missense	VUS	VUS	2	4	MISSING_FUNCTIONAL	MISSING_FUNCTIONAL	PM5:moderate		neighbour_evidence
2020-01-01	2026-08-04	NM_000059.4:c.7964A>C	p.Gln2655Pro	missense	VUS	VUS	2	4	MISSING_FUNCTIONAL	MISSING_FUNCTIONAL	PM5:moderate		neighbour_evidence
2020-01-01	2026-08-04	NM_000059.4:c.7964A>T	p.Gln2655Leu	missense	VUS	VUS	2	4	MISSING_FUNCTIONAL	MISSING_FUNCTIONAL	PM5:moderate		neighbour_evidence
2020-01-01	2026-08-04	NM_000059.4:c.7965A>C	p.Gln2655His	missense	VUS	VUS	2	4	MISSING_FUNCTIONAL	MISSING_FUNCTIONAL	PM5:moderate		neighbour_evidence
2020-01-01	2026-08-04	NM_000059.4:c.7965A>T	p.Gln2655His	missense	VUS	VUS	2	4	MISSING_FUNCTIONAL	MISSING_FUNCTIONAL	PM5:moderate		neighbour_evidence
2020-01-01	2026-08-04	NM_000059.4:c.7966C>A	p.Leu2656Ile	missense	VUS	VUS	2	4	MISSING_FUNCTIONAL	MISSING_FUNCTIONAL	PM5:moderate		neighbour_evidence
2020-01-01	2026-08-04	NM_000059.4:c.7966C>G	p.Leu2656Val	missense	VUS	VUS	2	4	MISSING_FUNCTIONAL	MISSING_FUNCTIONAL	PM5:moderate		neighbour_evidence
2020-01-01	2026-08-04	NM_000059.4:c.7967T>C	p.Leu2656Pro	missense	VUS	VUS	2	4	MISSING_FUNCTIONAL	MISSING_FUNCTIONAL	PM5:moderate		neighbour_evidence
2020-01-01	2026-08-04	NM_000059.4:c.7967T>G	p.Leu2656Arg	missense	VUS	VUS	2	4	MISSING_FUNCTIONAL	MISSING_FUNCTIONAL	PM5:moderate		neighbour_evidence
2020-01-01	2026-08-04	NM_000059.4:c.7975A>G	p.Arg2659Gly	missense	VUS	VUS	2	4	MISSING_FUNCTIONAL	MISSING_FUNCTIONAL	PM5:moderate		neighbour_evidence
2020-01-01	2026-08-04	NM_000059.4:c.7976G>A	p.Arg2659Lys	missense	VUS	VUS	2	4	MISSING_FUNCTIONAL	MISSING_FUNCTIONAL	PM5:moderate		neighbour_evidence
2020-01-01	2026-08-04	NM_000059.4:c.7976G>C	p.Arg2659Thr	missense	VUS	VUS	2	4	MISSING_FUNCTIONAL	MISSING_FUNCTIONAL	PM5:moderate		neighbour_evidence
2020-01-01	2026-08-04	NM_000059.4:c.7976G>T	p.Arg2659Ile	missense	VUS	VUS	2	4	MISSING_FUNCTIONAL	MISSING_FUNCTIONAL	PM5:moderate		neighbour_evidence
2020-01-01	2026-08-04	NM_000059.4:c.7977A>C	p.Arg2659Ser	missense	VUS	LP	2	8	MISSING_FUNCTIONAL	RESOLVED_NOT_BLOCKED	PM5:moderate;PS1:strong		neighbour_evidence
2020-01-01	2026-08-04	NM_000059.4:c.7977A>T	p.Arg2659Ser	missense	VUS	VUS	2	4	MISSING_FUNCTIONAL	MISSING_FUNCTIONAL	PM5:moderate		neighbour_evidence
2020-01-01	2026-08-04	NM_000059.4:c.7978T>A	p.Tyr2660Asn	missense	VUS	VUS	2	4	MISSING_FUNCTIONAL	MISSING_FUNCTIONAL	PM5:moderate		neighbour_evidence
2020-01-01	2026-08-04	NM_000059.4:c.7978T>C	p.Tyr2660His	missense	VUS	VUS	2	4	MISSING_FUNCTIONAL	MISSING_FUNCTIONAL	PM5:moderate		neighbour_evidence
2020-01-01	2026-08-04	NM_000059.4:c.7979A>C	p.Tyr2660Ser	missense	VUS	VUS	2	4	MISSING_FUNCTIONAL	MISSING_FUNCTIONAL	PM5:moderate		neighbour_evidence
2020-01-01	2026-08-04	NM_000059.4:c.7979A>G	p.Tyr2660Cys	missense	VUS	VUS	2	4	MISSING_FUNCTIONAL	MISSING_FUNCTIONAL	PM5:moderate		neighbour_evidence
2020-01-01	2026-08-04	NM_000059.4:c.7979A>T	p.Tyr2660Phe	missense	VUS	VUS	2	4	MISSING_FUNCTIONAL	MISSING_FUNCTIONAL	PM5:moderate		neighbour_evidence
2020-01-01	2026-08-04	NM_000059.4:c.7987G>A	p.Glu2663Lys	missense	VUS	VUS	2	4	MISSING_FUNCTIONAL	MISSING_FUNCTIONAL	PM5:moderate		neighbour_evidence
2020-01-01	2026-08-04	NM_000059.4:c.7987G>C	p.Glu2663Gln	missense	VUS	VUS	2	4	MISSING_FUNCTIONAL	MISSING_FUNCTIONAL	PM5:moderate		neighbour_evidence
2020-01-01	2026-08-04	NM_000059.4:c.7988A>C	p.Glu2663Ala	missense	VUS	VUS	2	4	MISSING_FUNCTIONAL	MISSING_FUNCTIONAL	PM5:moderate		neighbour_evidence
2020-01-01	2026-08-04	NM_000059.4:c.7988A>G	p.Glu2663Gly	missense	VUS	VUS	2	4	MISSING_FUNCTIONAL	MISSING_FUNCTIONAL	PM5:moderate		neighbour_evidence
2020-01-01	2026-08-04	NM_000059.4:c.7988A>T	p.Glu2663Val	missense	VUS	VUS	2	4	MISSING_FUNCTIONAL	MISSING_FUNCTIONAL	PM5:moderate		neighbour_evidence
2020-01-01	2026-08-04	NM_000059.4:c.7989A>C	p.Glu2663Asp	missense	VUS	VUS	2	4	MISSING_FUNCTIONAL	MISSING_FUNCTIONAL	PM5:moderate		neighbour_evidence
2020-01-01	2026-08-04	NM_000059.4:c.7989A>T	p.Glu2663Asp	missense	VUS	VUS	2	4	MISSING_FUNCTIONAL	MISSING_FUNCTIONAL	PM5:moderate		neighbour_evidence
2020-01-01	2026-08-04	NM_000059.4:c.8008T>A	p.Ser2670Thr	missense	VUS	VUS	2	4	MISSING_FUNCTIONAL	MISSING_FUNCTIONAL	PM5:moderate		neighbour_evidence
2020-01-01	2026-08-04	NM_000059.4:c.8008T>C	p.Ser2670Pro	missense	VUS	VUS	2	4	MISSING_FUNCTIONAL	MISSING_FUNCTIONAL	PM5:moderate		neighbour_evidence
2020-01-01	2026-08-04	NM_000059.4:c.8008T>G	p.Ser2670Ala	missense	VUS	VUS	2	4	MISSING_FUNCTIONAL	MISSING_FUNCTIONAL	PM5:moderate		neighbour_evidence
2020-01-01	2026-08-04	NM_000059.4:c.8009C>G	p.Ser2670Trp	missense	VUS	VUS	2	4	MISSING_FUNCTIONAL	MISSING_FUNCTIONAL	PM5:moderate		neighbour_evidence
2020-01-01	2026-08-04	NM_000059.4:c.8009C>T	p.Ser2670Leu	missense	VUS	VUS	2	4	MISSING_FUNCTIONAL	MISSING_FUNCTIONAL	PM5:moderate		neighbour_evidence
2020-01-01	2026-08-04	NM_000059.4:c.8023A>C	p.Ile2675Leu	missense	VUS	VUS	2	4	MISSING_FUNCTIONAL	MISSING_FUNCTIONAL	PM5:moderate		neighbour_evidence
2020-01-01	2026-08-04	NM_000059.4:c.8023A>T	p.Ile2675Leu	missense	VUS	VUS	2	4	MISSING_FUNCTIONAL	MISSING_FUNCTIONAL	PM5:moderate		neighbour_evidence
2020-01-01	2026-08-04	NM_000059.4:c.8024T>A	p.Ile2675Lys	missense	VUS	VUS	2	4	MISSING_FUNCTIONAL	MISSING_FUNCTIONAL	PM5:moderate		neighbour_evidence
2020-01-01	2026-08-04	NM_000059.4:c.8024T>C	p.Ile2675Thr	missense	VUS	VUS	2	4	MISSING_FUNCTIONAL	MISSING_FUNCTIONAL	PM5:moderate		neighbour_evidence
2020-01-01	2026-08-04	NM_000059.4:c.8024T>G	p.Ile2675Arg	missense	VUS	VUS	2	4	MISSING_FUNCTIONAL	MISSING_FUNCTIONAL	PM5:moderate		neighbour_evidence
2020-01-01	2026-08-04	NM_000059.4:c.8025A>G	p.Ile2675Met	missense	VUS	VUS	2	4	MISSING_FUNCTIONAL	MISSING_FUNCTIONAL	PM5:moderate		neighbour_evidence
2020-01-01	2026-08-04	NM_000059.4:c.8056C>A	p.Leu2686Ile	missense	VUS	VUS	2	4	MISSING_FUNCTIONAL	MISSING_FUNCTIONAL	PM5:moderate		neighbour_evidence
2020-01-01	2026-08-04	NM_000059.4:c.8056C>G	p.Leu2686Val	missense	VUS	VUS	2	4	MISSING_FUNCTIONAL	MISSING_FUNCTIONAL	PM5:moderate		neighbour_evidence
2020-01-01	2026-08-04	NM_000059.4:c.8056C>T	p.Leu2686Phe	missense	VUS	VUS	2	4	MISSING_FUNCTIONAL	MISSING_FUNCTIONAL	PM5:moderate		neighbour_evidence
2020-01-01	2026-08-04	NM_000059.4:c.8057T>A	p.Leu2686His	missense	VUS	VUS	2	4	MISSING_FUNCTIONAL	MISSING_FUNCTIONAL	PM5:moderate		neighbour_evidence
2020-01-01	2026-08-04	NM_000059.4:c.8057T>G	p.Leu2686Arg	missense	VUS	VUS	2	4	MISSING_FUNCTIONAL	MISSING_FUNCTIONAL	PM5:moderate		neighbour_evidence
2020-01-01	2026-08-04	NM_000059.4:c.8062C>A	p.Leu2688Ile	missense	VUS	VUS	2	4	MISSING_FUNCTIONAL	MISSING_FUNCTIONAL	PM5:moderate		neighbour_evidence
2020-01-01	2026-08-04	NM_000059.4:c.8062C>G	p.Leu2688Val	missense	VUS	VUS	2	4	MISSING_FUNCTIONAL	MISSING_FUNCTIONAL	PM5:moderate		neighbour_evidence
2020-01-01	2026-08-04	NM_000059.4:c.8062C>T	p.Leu2688Phe	missense	VUS	VUS	2	4	MISSING_FUNCTIONAL	MISSING_FUNCTIONAL	PM5:moderate		neighbour_evidence
2020-01-01	2026-08-04	NM_000059.4:c.8063T>A	p.Leu2688His	missense	VUS	VUS	2	4	MISSING_FUNCTIONAL	MISSING_FUNCTIONAL	PM5:moderate		neighbour_evidence
2020-01-01	2026-08-04	NM_000059.4:c.8063T>C	p.Leu2688Pro	missense	VUS	VUS	2	4	MISSING_FUNCTIONAL	MISSING_FUNCTIONAL	PM5:moderate		neighbour_evidence
2020-01-01	2026-08-04	NM_000059.4:c.8063T>G	p.Leu2688Arg	missense	VUS	VUS	2	4	MISSING_FUNCTIONAL	MISSING_FUNCTIONAL	PM5:moderate		neighbour_evidence
2020-01-01	2026-08-04	NM_000059.4:c.8161C>A	p.Leu2721Ile	missense	VUS	VUS	2	4	MISSING_FUNCTIONAL	MISSING_FUNCTIONAL	PM5:moderate		neighbour_evidence
2020-01-01	2026-08-04	NM_000059.4:c.8161C>G	p.Leu2721Val	missense	VUS	VUS	2	4	MISSING_FUNCTIONAL	MISSING_FUNCTIONAL	PM5:moderate		neighbour_evidence
2020-01-01	2026-08-04	NM_000059.4:c.8161C>T	p.Leu2721Phe	missense	VUS	VUS	2	4	MISSING_FUNCTIONAL	MISSING_FUNCTIONAL	PM5:moderate		neighbour_evidence
2020-01-01	2026-08-04	NM_000059.4:c.8162T>C	p.Leu2721Pro	missense	VUS	VUS	2	4	MISSING_FUNCTIONAL	MISSING_FUNCTIONAL	PM5:moderate		neighbour_evidence
2020-01-01	2026-08-04	NM_000059.4:c.8162T>G	p.Leu2721Arg	missense	VUS	VUS	2	4	MISSING_FUNCTIONAL	MISSING_FUNCTIONAL	PM5:moderate		neighbour_evidence
2020-01-01	2026-08-04	NM_000059.4:c.8164A>C	p.Thr2722Pro	missense	VUS	VUS	2	4	MISSING_FUNCTIONAL	MISSING_FUNCTIONAL	PM5:moderate		neighbour_evidence
2020-01-01	2026-08-04	NM_000059.4:c.8164A>G	p.Thr2722Ala	missense	VUS	VUS	2	4	MISSING_FUNCTIONAL	MISSING_FUNCTIONAL	PM5:moderate		neighbour_evidence
2020-01-01	2026-08-04	NM_000059.4:c.8164A>T	p.Thr2722Ser	missense	VUS	VUS	2	4	MISSING_FUNCTIONAL	MISSING_FUNCTIONAL	PM5:moderate		neighbour_evidence
2020-01-01	2026-08-04	NM_000059.4:c.8165C>A	p.Thr2722Lys	missense	VUS	VUS	2	4	MISSING_FUNCTIONAL	MISSING_FUNCTIONAL	PM5:moderate		neighbour_evidence
2020-01-01	2026-08-04	NM_000059.4:c.8165C>G	p.Thr2722Arg	missense	VUS	VUS	2	4	MISSING_FUNCTIONAL	MISSING_FUNCTIONAL	PM5:moderate		neighbour_evidence
2020-01-01	2026-08-04	NM_000059.4:c.8165C>T	p.Thr2722Ile	missense	VUS	VUS	2	4	MISSING_FUNCTIONAL	MISSING_FUNCTIONAL	PM5:moderate		neighbour_evidence
2020-01-01	2026-08-04	NM_000059.4:c.8167G>A	p.Asp2723Asn	missense	VUS	VUS	2	4	MISSING_FUNCTIONAL	MISSING_FUNCTIONAL	PM5:moderate		neighbour_evidence
2020-01-01	2026-08-04	NM_000059.4:c.8167G>C	p.Asp2723His	missense	VUS	VUS	2	4	MISSING_FUNCTIONAL	MISSING_FUNCTIONAL	PM5:moderate		neighbour_evidence
2020-01-01	2026-08-04	NM_000059.4:c.8167G>T	p.Asp2723Tyr	missense	VUS	VUS	2	4	MISSING_FUNCTIONAL	MISSING_FUNCTIONAL	PM5:moderate		neighbour_evidence
2020-01-01	2026-08-04	NM_000059.4:c.8168A>C	p.Asp2723Ala	missense	VUS	VUS	2	4	MISSING_FUNCTIONAL	MISSING_FUNCTIONAL	PM5:moderate		neighbour_evidence
2020-01-01	2026-08-04	NM_000059.4:c.8168A>G	p.Asp2723Gly	missense	VUS	VUS	2	4	MISSING_FUNCTIONAL	MISSING_FUNCTIONAL	PM5:moderate		neighbour_evidence
2020-01-01	2026-08-04	NM_000059.4:c.8168A>T	p.Asp2723Val	missense	VUS	VUS	2	4	MISSING_FUNCTIONAL	MISSING_FUNCTIONAL	PM5:moderate		neighbour_evidence
2020-01-01	2026-08-04	NM_000059.4:c.8169T>A	p.Asp2723Glu	missense	VUS	VUS	2	4	MISSING_FUNCTIONAL	MISSING_FUNCTIONAL	PM5:moderate		neighbour_evidence
2020-01-01	2026-08-04	NM_000059.4:c.8169T>G	p.Asp2723Glu	missense	VUS	VUS	2	4	MISSING_FUNCTIONAL	MISSING_FUNCTIONAL	PM5:moderate		neighbour_evidence
2020-01-01	2026-08-04	NM_000059.4:c.8170G>A	p.Gly2724Arg	missense	VUS	VUS	2	4	MISSING_FUNCTIONAL	MISSING_FUNCTIONAL	PM5:moderate		neighbour_evidence
2020-01-01	2026-08-04	NM_000059.4:c.8170G>C	p.Gly2724Arg	missense	VUS	LP	2	8	MISSING_FUNCTIONAL	RESOLVED_NOT_BLOCKED	PM5:moderate;PS1:strong		neighbour_evidence
2020-01-01	2026-08-04	NM_000059.4:c.8170G>T	p.Gly2724Trp	missense	VUS	VUS	2	4	MISSING_FUNCTIONAL	MISSING_FUNCTIONAL	PM5:moderate		neighbour_evidence
2020-01-01	2026-08-04	NM_000059.4:c.8171G>A	p.Gly2724Glu	missense	VUS	VUS	2	4	MISSING_FUNCTIONAL	MISSING_FUNCTIONAL	PM5:moderate		neighbour_evidence
2020-01-01	2026-08-04	NM_000059.4:c.8171G>C	p.Gly2724Ala	missense	VUS	VUS	2	4	MISSING_FUNCTIONAL	MISSING_FUNCTIONAL	PM5:moderate		neighbour_evidence
2020-01-01	2026-08-04	NM_000059.4:c.8171G>T	p.Gly2724Val	missense	VUS	VUS	2	4	MISSING_FUNCTIONAL	MISSING_FUNCTIONAL	PM5:moderate		neighbour_evidence
2020-01-01	2026-08-04	NM_000059.4:c.8176T>A	p.Tyr2726Asn	missense	VUS	VUS	2	4	MISSING_FUNCTIONAL	MISSING_FUNCTIONAL	PM5:moderate		neighbour_evidence
2020-01-01	2026-08-04	NM_000059.4:c.8176T>C	p.Tyr2726His	missense	VUS	VUS	2	4	MISSING_FUNCTIONAL	MISSING_FUNCTIONAL	PM5:moderate		neighbour_evidence
2020-01-01	2026-08-04	NM_000059.4:c.8176T>G	p.Tyr2726Asp	missense	VUS	VUS	2	4	MISSING_FUNCTIONAL	MISSING_FUNCTIONAL	PM5:moderate		neighbour_evidence
2020-01-01	2026-08-04	NM_000059.4:c.8177A>C	p.Tyr2726Ser	missense	VUS	VUS	2	4	MISSING_FUNCTIONAL	MISSING_FUNCTIONAL	PM5:moderate		neighbour_evidence
2020-01-01	2026-08-04	NM_000059.4:c.8177A>G	p.Tyr2726Cys	missense	VUS	VUS	2	4	MISSING_FUNCTIONAL	MISSING_FUNCTIONAL	PM5:moderate		neighbour_evidence
2020-01-01	2026-08-04	NM_000059.4:c.8177A>T	p.Tyr2726Phe	missense	VUS	VUS	2	4	MISSING_FUNCTIONAL	MISSING_FUNCTIONAL	PM5:moderate		neighbour_evidence
2020-01-01	2026-08-04	NM_000059.4:c.8188G>A	p.Ala2730Thr	missense	VUS	VUS	2	4	MISSING_FUNCTIONAL	MISSING_FUNCTIONAL	PM5:moderate		neighbour_evidence
2020-01-01	2026-08-04	NM_000059.4:c.8188G>T	p.Ala2730Ser	missense	VUS	VUS	2	4	MISSING_FUNCTIONAL	MISSING_FUNCTIONAL	PM5:moderate		neighbour_evidence
2020-01-01	2026-08-04	NM_000059.4:c.8189C>A	p.Ala2730Asp	missense	VUS	VUS	2	4	MISSING_FUNCTIONAL	MISSING_FUNCTIONAL	PM5:moderate		neighbour_evidence
2020-01-01	2026-08-04	NM_000059.4:c.8189C>G	p.Ala2730Gly	missense	VUS	VUS	2	4	MISSING_FUNCTIONAL	MISSING_FUNCTIONAL	PM5:moderate		neighbour_evidence
2020-01-01	2026-08-04	NM_000059.4:c.8189C>T	p.Ala2730Val	missense	VUS	VUS	2	4	MISSING_FUNCTIONAL	MISSING_FUNCTIONAL	PM5:moderate		neighbour_evidence
2020-01-01	2026-08-04	NM_000059.4:c.8242G>A	p.Gly2748Ser	missense	VUS	VUS	2	4	MISSING_FUNCTIONAL	MISSING_FUNCTIONAL	PM5:moderate		neighbour_evidence
2020-01-01	2026-08-04	NM_000059.4:c.8242G>C	p.Gly2748Arg	missense	VUS	VUS	2	4	MISSING_FUNCTIONAL	MISSING_FUNCTIONAL	PM5:moderate		neighbour_evidence
2020-01-01	2026-08-04	NM_000059.4:c.8242G>T	p.Gly2748Cys	missense	VUS	VUS	2	4	MISSING_FUNCTIONAL	MISSING_FUNCTIONAL	PM5:moderate		neighbour_evidence
2020-01-01	2026-08-04	NM_000059.4:c.8243G>A	p.Gly2748Asp	missense	VUS	VUS	2	4	MISSING_FUNCTIONAL	MISSING_FUNCTIONAL	PM5:moderate		neighbour_evidence
2020-01-01	2026-08-04	NM_000059.4:c.8243G>C	p.Gly2748Ala	missense	VUS	VUS	2	4	MISSING_FUNCTIONAL	MISSING_FUNCTIONAL	PM5:moderate		neighbour_evidence
2020-01-01	2026-08-04	NM_000059.4:c.8243G>T	p.Gly2748Val	missense	VUS	VUS	2	4	MISSING_FUNCTIONAL	MISSING_FUNCTIONAL	PM5:moderate		neighbour_evidence
2020-01-01	2026-08-04	NM_000059.4:c.8338G>A	p.Ala2780Thr	missense	VUS	VUS	2	4	MISSING_FUNCTIONAL	MISSING_FUNCTIONAL	PM5:moderate		neighbour_evidence
2020-01-01	2026-08-04	NM_000059.4:c.8338G>C	p.Ala2780Pro	missense	VUS	VUS	2	4	MISSING_FUNCTIONAL	MISSING_FUNCTIONAL	PM5:moderate		neighbour_evidence
2020-01-01	2026-08-04	NM_000059.4:c.8338G>T	p.Ala2780Ser	missense	VUS	VUS	2	4	MISSING_FUNCTIONAL	MISSING_FUNCTIONAL	PM5:moderate		neighbour_evidence
2020-01-01	2026-08-04	NM_000059.4:c.8339C>G	p.Ala2780Gly	missense	VUS	VUS	2	4	MISSING_FUNCTIONAL	MISSING_FUNCTIONAL	PM5:moderate		neighbour_evidence
2020-01-01	2026-08-04	NM_000059.4:c.8339C>T	p.Ala2780Val	missense	VUS	VUS	2	4	MISSING_FUNCTIONAL	MISSING_FUNCTIONAL	PM5:moderate		neighbour_evidence
2020-01-01	2026-08-04	NM_000059.4:c.8350C>G	p.Arg2784Gly	missense	VUS	VUS	2	4	MISSING_FUNCTIONAL	MISSING_FUNCTIONAL	PM5:moderate		neighbour_evidence
2020-01-01	2026-08-04	NM_000059.4:c.8351G>A	p.Arg2784Gln	missense	VUS	VUS	2	4	MISSING_FUNCTIONAL	MISSING_FUNCTIONAL	PM5:moderate		neighbour_evidence
2020-01-01	2026-08-04	NM_000059.4:c.8351G>C	p.Arg2784Pro	missense	VUS	VUS	2	4	MISSING_FUNCTIONAL	MISSING_FUNCTIONAL	PM5:moderate		neighbour_evidence
2020-01-01	2026-08-04	NM_000059.4:c.8351G>T	p.Arg2784Leu	missense	VUS	VUS	2	4	MISSING_FUNCTIONAL	MISSING_FUNCTIONAL	PM5:moderate		neighbour_evidence
2020-01-01	2026-08-04	NM_000059.4:c.8362T>A	p.Trp2788Arg	missense	VUS	LP	2	6	MISSING_FUNCTIONAL	RESOLVED_NOT_BLOCKED	PS1:strong		neighbour_evidence
2020-01-01	2026-08-04	NM_000059.4:c.8362T>G	p.Trp2788Gly	missense	VUS	VUS	2	4	MISSING_FUNCTIONAL	MISSING_FUNCTIONAL	PM5:moderate		neighbour_evidence
2020-01-01	2026-08-04	NM_000059.4:c.8363G>C	p.Trp2788Ser	missense	VUS	VUS	2	4	MISSING_FUNCTIONAL	MISSING_FUNCTIONAL	PM5:moderate		neighbour_evidence
2020-01-01	2026-08-04	NM_000059.4:c.8363G>T	p.Trp2788Leu	missense	VUS	VUS	2	4	MISSING_FUNCTIONAL	MISSING_FUNCTIONAL	PM5:moderate		neighbour_evidence
2020-01-01	2026-08-04	NM_000059.4:c.8364G>C	p.Trp2788Cys	missense	VUS	VUS	2	4	MISSING_FUNCTIONAL	MISSING_FUNCTIONAL	PM5:moderate		neighbour_evidence
2020-01-01	2026-08-04	NM_000059.4:c.8364G>T	p.Trp2788Cys	missense	VUS	VUS	2	4	MISSING_FUNCTIONAL	MISSING_FUNCTIONAL	PM5:moderate		neighbour_evidence
2020-01-01	2026-08-04	NM_000059.4:c.8374C>A	p.Leu2792Ile	missense	VUS	VUS	2	4	MISSING_FUNCTIONAL	MISSING_FUNCTIONAL	PM5:moderate		neighbour_evidence
2020-01-01	2026-08-04	NM_000059.4:c.8374C>G	p.Leu2792Val	missense	VUS	VUS	2	4	MISSING_FUNCTIONAL	MISSING_FUNCTIONAL	PM5:moderate		neighbour_evidence
2020-01-01	2026-08-04	NM_000059.4:c.8374C>T	p.Leu2792Phe	missense	VUS	VUS	2	4	MISSING_FUNCTIONAL	MISSING_FUNCTIONAL	PM5:moderate		neighbour_evidence
2020-01-01	2026-08-04	NM_000059.4:c.8375T>A	p.Leu2792His	missense	VUS	VUS	2	4	MISSING_FUNCTIONAL	MISSING_FUNCTIONAL	PM5:moderate		neighbour_evidence
2020-01-01	2026-08-04	NM_000059.4:c.8375T>C	p.Leu2792Pro	missense	VUS	VUS	2	4	MISSING_FUNCTIONAL	MISSING_FUNCTIONAL	PM5:moderate		neighbour_evidence
2020-01-01	2026-08-04	NM_000059.4:c.8375T>G	p.Leu2792Arg	missense	VUS	VUS	2	4	MISSING_FUNCTIONAL	MISSING_FUNCTIONAL	PM5:moderate		neighbour_evidence
2020-01-01	2026-08-04	NM_000059.4:c.8377G>A	p.Gly2793Arg	missense	VUS	VUS	2	4	MISSING_FUNCTIONAL	MISSING_FUNCTIONAL	PM5:moderate		neighbour_evidence
2020-01-01	2026-08-04	NM_000059.4:c.8377G>C	p.Gly2793Arg	missense	VUS	LP	2	8	MISSING_FUNCTIONAL	RESOLVED_NOT_BLOCKED	PM5:moderate;PS1:strong		neighbour_evidence
2020-01-01	2026-08-04	NM_000059.4:c.8378G>A	p.Gly2793Glu	missense	VUS	VUS	2	4	MISSING_FUNCTIONAL	MISSING_FUNCTIONAL	PM5:moderate		neighbour_evidence
2020-01-01	2026-08-04	NM_000059.4:c.8378G>C	p.Gly2793Ala	missense	VUS	VUS	2	4	MISSING_FUNCTIONAL	MISSING_FUNCTIONAL	PM5:moderate		neighbour_evidence
2020-01-01	2026-08-04	NM_000059.4:c.8378G>T	p.Gly2793Val	missense	VUS	VUS	2	4	MISSING_FUNCTIONAL	MISSING_FUNCTIONAL	PM5:moderate		neighbour_evidence
2020-01-01	2026-08-04	NM_000059.4:c.8485C>A	p.Gln2829Lys	missense	VUS	VUS	2	4	MISSING_FUNCTIONAL	MISSING_FUNCTIONAL	PM5:moderate		neighbour_evidence
2020-01-01	2026-08-04	NM_000059.4:c.8485C>G	p.Gln2829Glu	missense	VUS	VUS	2	4	MISSING_FUNCTIONAL	MISSING_FUNCTIONAL	PM5:moderate		neighbour_evidence
2020-01-01	2026-08-04	NM_000059.4:c.8486A>C	p.Gln2829Pro	missense	VUS	VUS	2	4	MISSING_FUNCTIONAL	MISSING_FUNCTIONAL	PM5:moderate		neighbour_evidence
2020-01-01	2026-08-04	NM_000059.4:c.8486A>G	p.Gln2829Arg	missense	VUS	VUS	2	4	MISSING_FUNCTIONAL	MISSING_FUNCTIONAL	PM5:moderate		neighbour_evidence
2020-01-01	2026-08-04	NM_000059.4:c.8486A>T	p.Gln2829Leu	missense	VUS	VUS	2	4	MISSING_FUNCTIONAL	MISSING_FUNCTIONAL	PM5:moderate		neighbour_evidence
2020-01-01	2026-08-04	NM_000059.4:c.8487G>C	p.Gln2829His	missense	VUS	VUS	2	4	MISSING_FUNCTIONAL	MISSING_FUNCTIONAL	PM5:moderate		neighbour_evidence
2020-01-01	2026-08-04	NM_000059.4:c.8487G>T	p.Gln2829His	missense	VUS	LP	2	8	MISSING_FUNCTIONAL	RESOLVED_NOT_BLOCKED	PM5:moderate;PS1:strong		neighbour_evidence
2020-01-01	2026-08-04	NM_000059.4:c.8632G>C	p.Glu2878Gln	missense	VUS	VUS	2	4	MISSING_FUNCTIONAL	MISSING_FUNCTIONAL	PM5:moderate		neighbour_evidence
2020-01-01	2026-08-04	NM_000059.4:c.8633A>C	p.Glu2878Ala	missense	VUS	VUS	2	4	MISSING_FUNCTIONAL	MISSING_FUNCTIONAL	PM5:moderate		neighbour_evidence
2020-01-01	2026-08-04	NM_000059.4:c.8633A>G	p.Glu2878Gly	missense	VUS	VUS	2	4	MISSING_FUNCTIONAL	MISSING_FUNCTIONAL	PM5:moderate		neighbour_evidence
2020-01-01	2026-08-04	NM_000059.4:c.8633A>T	p.Glu2878Val	missense	VUS	VUS	2	4	MISSING_FUNCTIONAL	MISSING_FUNCTIONAL	PM5:moderate		neighbour_evidence
2020-01-01	2026-08-04	NM_000059.4:c.8634A>C	p.Glu2878Asp	missense	VUS	VUS	2	4	MISSING_FUNCTIONAL	MISSING_FUNCTIONAL	PM5:moderate		neighbour_evidence
2020-01-01	2026-08-04	NM_000059.4:c.8634A>T	p.Glu2878Asp	missense	VUS	VUS	2	4	MISSING_FUNCTIONAL	MISSING_FUNCTIONAL	PM5:moderate		neighbour_evidence
2020-01-01	2026-08-04	NM_000059.4:c.8752G>A	p.Glu2918Lys	missense	VUS	VUS	2	4	MISSING_FUNCTIONAL	MISSING_FUNCTIONAL	PM5:moderate		neighbour_evidence
2020-01-01	2026-08-04	NM_000059.4:c.8752G>C	p.Glu2918Gln	missense	VUS	VUS	2	4	MISSING_FUNCTIONAL	MISSING_FUNCTIONAL	PM5:moderate		neighbour_evidence
2020-01-01	2026-08-04	NM_000059.4:c.8753A>C	p.Glu2918Ala	missense	VUS	VUS	2	4	MISSING_FUNCTIONAL	MISSING_FUNCTIONAL	PM5:moderate		neighbour_evidence
2020-01-01	2026-08-04	NM_000059.4:c.8753A>G	p.Glu2918Gly	missense	VUS	VUS	2	4	MISSING_FUNCTIONAL	MISSING_FUNCTIONAL	PM5:moderate		neighbour_evidence
2020-01-01	2026-08-04	NM_000059.4:c.8753A>T	p.Glu2918Val	missense	VUS	VUS	2	4	MISSING_FUNCTIONAL	MISSING_FUNCTIONAL	PM5:moderate		neighbour_evidence
2020-01-01	2026-08-04	NM_000059.4:c.8754G>T	p.Glu2918Asp	missense	VUS	LP	2	6	MISSING_FUNCTIONAL	RESOLVED_NOT_BLOCKED	PS1:strong		neighbour_evidence
2020-01-01	2026-08-04	NM_000059.4:c.8959C>A	p.Leu2987Met	missense	VUS	VUS	2	4	MISSING_FUNCTIONAL	MISSING_FUNCTIONAL	PM5:moderate		neighbour_evidence
2020-01-01	2026-08-04	NM_000059.4:c.8959C>G	p.Leu2987Val	missense	VUS	VUS	2	4	MISSING_FUNCTIONAL	MISSING_FUNCTIONAL	PM5:moderate		neighbour_evidence
2020-01-01	2026-08-04	NM_000059.4:c.8960T>A	p.Leu2987Gln	missense	VUS	VUS	2	4	MISSING_FUNCTIONAL	MISSING_FUNCTIONAL	PM5:moderate		neighbour_evidence
2020-01-01	2026-08-04	NM_000059.4:c.8960T>C	p.Leu2987Pro	missense	VUS	VUS	2	4	MISSING_FUNCTIONAL	MISSING_FUNCTIONAL	PM5:moderate		neighbour_evidence
2020-01-01	2026-08-04	NM_000059.4:c.9004G>C	p.Glu3002Gln	missense	VUS	VUS	2	4	MISSING_FUNCTIONAL	MISSING_FUNCTIONAL	PM5:moderate		neighbour_evidence
2020-01-01	2026-08-04	NM_000059.4:c.9005A>C	p.Glu3002Ala	missense	VUS	VUS	2	4	MISSING_FUNCTIONAL	MISSING_FUNCTIONAL	PM5:moderate		neighbour_evidence
2020-01-01	2026-08-04	NM_000059.4:c.9005A>G	p.Glu3002Gly	missense	VUS	VUS	2	4	MISSING_FUNCTIONAL	MISSING_FUNCTIONAL	PM5:moderate		neighbour_evidence
2020-01-01	2026-08-04	NM_000059.4:c.9005A>T	p.Glu3002Val	missense	VUS	VUS	2	4	MISSING_FUNCTIONAL	MISSING_FUNCTIONAL	PM5:moderate		neighbour_evidence
2020-01-01	2026-08-04	NM_000059.4:c.9006A>C	p.Glu3002Asp	missense	VUS	VUS	2	4	MISSING_FUNCTIONAL	MISSING_FUNCTIONAL	PM5:moderate		neighbour_evidence
2020-01-01	2026-08-04	NM_000059.4:c.9006A>T	p.Glu3002Asp	missense	VUS	VUS	2	4	MISSING_FUNCTIONAL	MISSING_FUNCTIONAL	PM5:moderate		neighbour_evidence
2020-01-01	2026-08-04	NM_000059.4:c.9016T>A	p.Tyr3006Asn	missense	VUS	VUS	2	4	MISSING_FUNCTIONAL	MISSING_FUNCTIONAL	PM5:moderate		neighbour_evidence
2020-01-01	2026-08-04	NM_000059.4:c.9016T>C	p.Tyr3006His	missense	VUS	VUS	2	4	MISSING_FUNCTIONAL	MISSING_FUNCTIONAL	PM5:moderate		neighbour_evidence
2020-01-01	2026-08-04	NM_000059.4:c.9017A>C	p.Tyr3006Ser	missense	VUS	VUS	2	4	MISSING_FUNCTIONAL	MISSING_FUNCTIONAL	PM5:moderate		neighbour_evidence
2020-01-01	2026-08-04	NM_000059.4:c.9017A>G	p.Tyr3006Cys	missense	VUS	VUS	2	4	MISSING_FUNCTIONAL	MISSING_FUNCTIONAL	PM5:moderate		neighbour_evidence
2020-01-01	2026-08-04	NM_000059.4:c.9017A>T	p.Tyr3006Phe	missense	VUS	VUS	2	4	MISSING_FUNCTIONAL	MISSING_FUNCTIONAL	PM5:moderate		neighbour_evidence
2020-01-01	2026-08-04	NM_000059.4:c.9052A>C	p.Ser3018Arg	missense	VUS	VUS	2	4	MISSING_FUNCTIONAL	MISSING_FUNCTIONAL	PM5:moderate		neighbour_evidence
2020-01-01	2026-08-04	NM_000059.4:c.9052A>T	p.Ser3018Cys	missense	VUS	VUS	2	4	MISSING_FUNCTIONAL	MISSING_FUNCTIONAL	PM5:moderate		neighbour_evidence
2020-01-01	2026-08-04	NM_000059.4:c.9053G>A	p.Ser3018Asn	missense	VUS	VUS	2	4	MISSING_FUNCTIONAL	MISSING_FUNCTIONAL	PM5:moderate		neighbour_evidence
2020-01-01	2026-08-04	NM_000059.4:c.9053G>C	p.Ser3018Thr	missense	VUS	VUS	2	4	MISSING_FUNCTIONAL	MISSING_FUNCTIONAL	PM5:moderate		neighbour_evidence
2020-01-01	2026-08-04	NM_000059.4:c.9053G>T	p.Ser3018Ile	missense	VUS	VUS	2	4	MISSING_FUNCTIONAL	MISSING_FUNCTIONAL	PM5:moderate		neighbour_evidence
2020-01-01	2026-08-04	NM_000059.4:c.9054T>A	p.Ser3018Arg	missense	VUS	VUS	2	4	MISSING_FUNCTIONAL	MISSING_FUNCTIONAL	PM5:moderate		neighbour_evidence
2020-01-01	2026-08-04	NM_000059.4:c.9054T>G	p.Ser3018Arg	missense	VUS	VUS	2	4	MISSING_FUNCTIONAL	MISSING_FUNCTIONAL	PM5:moderate		neighbour_evidence
2020-01-01	2026-08-04	NM_000059.4:c.9082G>A	p.Ala3028Thr	missense	VUS	VUS	2	4	MISSING_FUNCTIONAL	MISSING_FUNCTIONAL	PM5:moderate		neighbour_evidence
2020-01-01	2026-08-04	NM_000059.4:c.9082G>T	p.Ala3028Ser	missense	VUS	VUS	2	4	MISSING_FUNCTIONAL	MISSING_FUNCTIONAL	PM5:moderate		neighbour_evidence
2020-01-01	2026-08-04	NM_000059.4:c.9083C>A	p.Ala3028Glu	missense	VUS	VUS	2	4	MISSING_FUNCTIONAL	MISSING_FUNCTIONAL	PM5:moderate		neighbour_evidence
2020-01-01	2026-08-04	NM_000059.4:c.9083C>G	p.Ala3028Gly	missense	VUS	VUS	2	4	MISSING_FUNCTIONAL	MISSING_FUNCTIONAL	PM5:moderate		neighbour_evidence
2020-01-01	2026-08-04	NM_000059.4:c.9083C>T	p.Ala3028Val	missense	VUS	VUS	2	4	MISSING_FUNCTIONAL	MISSING_FUNCTIONAL	PM5:moderate		neighbour_evidence
2020-01-01	2026-08-04	NM_000059.4:c.9154C>G	p.Arg3052Gly	missense	VUS	VUS	2	4	MISSING_FUNCTIONAL	MISSING_FUNCTIONAL	PM5:moderate		neighbour_evidence
2020-01-01	2026-08-04	NM_000059.4:c.9154C>T	p.Arg3052Trp	missense	VUS	VUS	2	4	MISSING_FUNCTIONAL	MISSING_FUNCTIONAL	PM5:moderate		neighbour_evidence
2020-01-01	2026-08-04	NM_000059.4:c.9155G>A	p.Arg3052Gln	missense	VUS	VUS	2	4	MISSING_FUNCTIONAL	MISSING_FUNCTIONAL	PM5:moderate		neighbour_evidence
2020-01-01	2026-08-04	NM_000059.4:c.9155G>C	p.Arg3052Pro	missense	VUS	VUS	2	4	MISSING_FUNCTIONAL	MISSING_FUNCTIONAL	PM5:moderate		neighbour_evidence
2020-01-01	2026-08-04	NM_000059.4:c.9155G>T	p.Arg3052Leu	missense	VUS	VUS	2	4	MISSING_FUNCTIONAL	MISSING_FUNCTIONAL	PM5:moderate		neighbour_evidence
2020-01-01	2026-08-04	NM_000059.4:c.9220C>A	p.Leu3074Ile	missense	VUS	VUS	2	4	MISSING_FUNCTIONAL	MISSING_FUNCTIONAL	PM5:moderate		neighbour_evidence
2020-01-01	2026-08-04	NM_000059.4:c.9220C>G	p.Leu3074Val	missense	VUS	VUS	2	4	MISSING_FUNCTIONAL	MISSING_FUNCTIONAL	PM5:moderate		neighbour_evidence
2020-01-01	2026-08-04	NM_000059.4:c.9221T>A	p.Leu3074Gln	missense	VUS	VUS	2	4	MISSING_FUNCTIONAL	MISSING_FUNCTIONAL	PM5:moderate		neighbour_evidence
2020-01-01	2026-08-04	NM_000059.4:c.9221T>G	p.Leu3074Arg	missense	VUS	VUS	2	4	MISSING_FUNCTIONAL	MISSING_FUNCTIONAL	PM5:moderate		neighbour_evidence
2020-01-01	2026-08-04	NM_000059.4:c.9226G>A	p.Gly3076Arg	missense	VUS	LP	2	8	MISSING_FUNCTIONAL	RESOLVED_NOT_BLOCKED	PM5:moderate;PS1:strong		neighbour_evidence
2020-01-01	2026-08-04	NM_000059.4:c.9226G>C	p.Gly3076Arg	missense	VUS	LP	2	8	MISSING_FUNCTIONAL	RESOLVED_NOT_BLOCKED	PM5:moderate;PS1:strong		neighbour_evidence
2020-01-01	2026-08-04	NM_000059.4:c.9227G>A	p.Gly3076Glu	missense	VUS	VUS	2	4	MISSING_FUNCTIONAL	MISSING_FUNCTIONAL	PM5:moderate		neighbour_evidence
2020-01-01	2026-08-04	NM_000059.4:c.9227G>C	p.Gly3076Ala	missense	VUS	VUS	2	4	MISSING_FUNCTIONAL	MISSING_FUNCTIONAL	PM5:moderate		neighbour_evidence
2020-01-01	2026-08-04	NM_000059.4:c.9227G>T	p.Gly3076Val	missense	VUS	VUS	2	4	MISSING_FUNCTIONAL	MISSING_FUNCTIONAL	PM5:moderate		neighbour_evidence
2020-01-01	2026-08-04	NM_000059.4:c.9253A>C	p.Thr3085Pro	missense	VUS	VUS	2	4	MISSING_FUNCTIONAL	MISSING_FUNCTIONAL	PM5:moderate		neighbour_evidence
2020-01-01	2026-08-04	NM_000059.4:c.9253A>G	p.Thr3085Ala	missense	VUS	VUS	2	4	MISSING_FUNCTIONAL	MISSING_FUNCTIONAL	PM5:moderate		neighbour_evidence
2020-01-01	2026-08-04	NM_000059.4:c.9253A>T	p.Thr3085Ser	missense	VUS	VUS	2	4	MISSING_FUNCTIONAL	MISSING_FUNCTIONAL	PM5:moderate		neighbour_evidence
2020-01-01	2026-08-04	NM_000059.4:c.9254C>A	p.Thr3085Lys	missense	VUS	VUS	2	4	MISSING_FUNCTIONAL	MISSING_FUNCTIONAL	PM5:moderate		neighbour_evidence
2020-01-01	2026-08-04	NM_000059.4:c.9254C>G	p.Thr3085Arg	missense	VUS	VUS	2	4	MISSING_FUNCTIONAL	MISSING_FUNCTIONAL	PM5:moderate		neighbour_evidence
2020-01-01	2026-08-04	NM_000059.4:c.9254C>T	p.Thr3085Ile	missense	VUS	LP	2	6	MISSING_FUNCTIONAL	RESOLVED_NOT_BLOCKED	PS1:strong		neighbour_evidence
2020-01-01	2026-08-04	NM_000059.4:c.9283G>A	p.Asp3095Asn	missense	VUS	VUS	2	4	MISSING_FUNCTIONAL	MISSING_FUNCTIONAL	PM5:moderate		neighbour_evidence
2020-01-01	2026-08-04	NM_000059.4:c.9283G>C	p.Asp3095His	missense	VUS	VUS	2	4	MISSING_FUNCTIONAL	MISSING_FUNCTIONAL	PM5:moderate		neighbour_evidence
2020-01-01	2026-08-04	NM_000059.4:c.9283G>T	p.Asp3095Tyr	missense	VUS	VUS	2	4	MISSING_FUNCTIONAL	MISSING_FUNCTIONAL	PM5:moderate		neighbour_evidence
2020-01-01	2026-08-04	NM_000059.4:c.9284A>C	p.Asp3095Ala	missense	VUS	VUS	2	4	MISSING_FUNCTIONAL	MISSING_FUNCTIONAL	PM5:moderate		neighbour_evidence
2020-01-01	2026-08-04	NM_000059.4:c.9284A>G	p.Asp3095Gly	missense	VUS	VUS	2	4	MISSING_FUNCTIONAL	MISSING_FUNCTIONAL	PM5:moderate		neighbour_evidence
2020-01-01	2026-08-04	NM_000059.4:c.9284A>T	p.Asp3095Val	missense	VUS	VUS	2	4	MISSING_FUNCTIONAL	MISSING_FUNCTIONAL	PM5:moderate		neighbour_evidence
2020-01-01	2026-08-04	NM_000059.4:c.9285C>A	p.Asp3095Glu	missense	VUS	LP	2	6	MISSING_FUNCTIONAL	RESOLVED_NOT_BLOCKED	PS1:strong		neighbour_evidence
2020-01-01	2026-08-04	NM_000059.4:c.9285C>G	p.Asp3095Glu	missense	VUS	LP	2	6	MISSING_FUNCTIONAL	RESOLVED_NOT_BLOCKED	PS1:strong		neighbour_evidence
2020-01-01	2026-08-04	NM_000059.4:c.9301C>A	p.Leu3101Met	missense	VUS	VUS	2	4	MISSING_FUNCTIONAL	MISSING_FUNCTIONAL	PM5:moderate		neighbour_evidence
2020-01-01	2026-08-04	NM_000059.4:c.9301C>G	p.Leu3101Val	missense	VUS	VUS	2	4	MISSING_FUNCTIONAL	MISSING_FUNCTIONAL	PM5:moderate		neighbour_evidence
2020-01-01	2026-08-04	NM_000059.4:c.9302T>A	p.Leu3101Gln	missense	VUS	VUS	2	4	MISSING_FUNCTIONAL	MISSING_FUNCTIONAL	PM5:moderate		neighbour_evidence
2020-01-01	2026-08-04	NM_000059.4:c.9302T>C	p.Leu3101Pro	missense	VUS	VUS	2	4	MISSING_FUNCTIONAL	MISSING_FUNCTIONAL	PM5:moderate		neighbour_evidence
2020-01-01	2026-08-04	NM_000059.4:c.9302T>G	p.Leu3101Arg	missense	VUS	VUS	2	4	MISSING_FUNCTIONAL	MISSING_FUNCTIONAL	PM5:moderate		neighbour_evidence
2020-01-01	2026-08-04	NM_000059.4:c.9364G>A	p.Ala3122Thr	missense	VUS	VUS	2	4	MISSING_FUNCTIONAL	MISSING_FUNCTIONAL	PM5:moderate		neighbour_evidence
2020-01-01	2026-08-04	NM_000059.4:c.9364G>T	p.Ala3122Ser	missense	VUS	VUS	2	4	MISSING_FUNCTIONAL	MISSING_FUNCTIONAL	PM5:moderate		neighbour_evidence
2020-01-01	2026-08-04	NM_000059.4:c.9365C>A	p.Ala3122Glu	missense	VUS	VUS	2	4	MISSING_FUNCTIONAL	MISSING_FUNCTIONAL	PM5:moderate		neighbour_evidence
2020-01-01	2026-08-04	NM_000059.4:c.9365C>G	p.Ala3122Gly	missense	VUS	VUS	2	4	MISSING_FUNCTIONAL	MISSING_FUNCTIONAL	PM5:moderate		neighbour_evidence
2020-01-01	2026-08-04	NM_000059.4:c.9365C>T	p.Ala3122Val	missense	VUS	VUS	2	4	MISSING_FUNCTIONAL	MISSING_FUNCTIONAL	PM5:moderate		neighbour_evidence
2020-01-01	2026-08-04	NM_000059.4:c.9370A>C	p.Asn3124His	missense	VUS	VUS	2	4	MISSING_FUNCTIONAL	MISSING_FUNCTIONAL	PM5:moderate		neighbour_evidence
2020-01-01	2026-08-04	NM_000059.4:c.9370A>G	p.Asn3124Asp	missense	VUS	VUS	2	4	MISSING_FUNCTIONAL	MISSING_FUNCTIONAL	PM5:moderate		neighbour_evidence
2020-01-01	2026-08-04	NM_000059.4:c.9370A>T	p.Asn3124Tyr	missense	VUS	VUS	2	4	MISSING_FUNCTIONAL	MISSING_FUNCTIONAL	PM5:moderate		neighbour_evidence
2020-01-01	2026-08-04	NM_000059.4:c.9371A>C	p.Asn3124Thr	missense	VUS	VUS	2	4	MISSING_FUNCTIONAL	MISSING_FUNCTIONAL	PM5:moderate		neighbour_evidence
2020-01-01	2026-08-04	NM_000059.4:c.9371A>G	p.Asn3124Ser	missense	VUS	VUS	2	4	MISSING_FUNCTIONAL	MISSING_FUNCTIONAL	PM5:moderate		neighbour_evidence
2020-01-01	2026-08-04	NM_000059.4:c.9372C>A	p.Asn3124Lys	missense	VUS	VUS	2	4	MISSING_FUNCTIONAL	MISSING_FUNCTIONAL	PM5:moderate		neighbour_evidence
2020-01-01	2026-08-04	NM_000059.4:c.9372C>G	p.Asn3124Lys	missense	VUS	VUS	2	4	MISSING_FUNCTIONAL	MISSING_FUNCTIONAL	PM5:moderate		neighbour_evidence
2020-01-01	2026-08-04	NM_000059.4:c.9373C>A	p.Leu3125Ile	missense	VUS	VUS	2	4	MISSING_FUNCTIONAL	MISSING_FUNCTIONAL	PM5:moderate		neighbour_evidence
2020-01-01	2026-08-04	NM_000059.4:c.9373C>G	p.Leu3125Val	missense	VUS	VUS	2	4	MISSING_FUNCTIONAL	MISSING_FUNCTIONAL	PM5:moderate		neighbour_evidence
2020-01-01	2026-08-04	NM_000059.4:c.9373C>T	p.Leu3125Phe	missense	VUS	VUS	2	4	MISSING_FUNCTIONAL	MISSING_FUNCTIONAL	PM5:moderate		neighbour_evidence
2020-01-01	2026-08-04	NM_000059.4:c.9374T>A	p.Leu3125His	missense	VUS	VUS	2	4	MISSING_FUNCTIONAL	MISSING_FUNCTIONAL	PM5:moderate		neighbour_evidence
2020-01-01	2026-08-04	NM_000059.4:c.9374T>C	p.Leu3125Pro	missense	VUS	VUS	2	4	MISSING_FUNCTIONAL	MISSING_FUNCTIONAL	PM5:moderate		neighbour_evidence
2020-01-01	2026-08-04	NM_000059.4:c.9374T>G	p.Leu3125Arg	missense	VUS	VUS	2	4	MISSING_FUNCTIONAL	MISSING_FUNCTIONAL	PM5:moderate		neighbour_evidence
2020-01-01	2026-08-04	NM_000059.4:c.67_69delinsAAA	p.Asp23Lys	missense	VUS	VUS	0	2	MISSING_FUNCTIONAL	MISSING_FUNCTIONAL	PM5:moderate		neighbour_evidence
2020-01-01	2026-08-04	NM_000059.4:c.67_69delinsAAC	p.Asp23Asn	missense	VUS	VUS	0	2	MISSING_FUNCTIONAL	MISSING_FUNCTIONAL	PM5:moderate		neighbour_evidence
2020-01-01	2026-08-04	NM_000059.4:c.67_69delinsAAG	p.Asp23Lys	missense	VUS	VUS	0	2	MISSING_FUNCTIONAL	MISSING_FUNCTIONAL	PM5:moderate		neighbour_evidence
2020-01-01	2026-08-04	NM_000059.4:c.67_69delinsACA	p.Asp23Thr	missense	VUS	VUS	0	2	MISSING_FUNCTIONAL	MISSING_FUNCTIONAL	PM5:moderate		neighbour_evidence
2020-01-01	2026-08-04	NM_000059.4:c.67_69delinsACC	p.Asp23Thr	missense	VUS	VUS	0	2	MISSING_FUNCTIONAL	MISSING_FUNCTIONAL	PM5:moderate		neighbour_evidence
2020-01-01	2026-08-04	NM_000059.4:c.67_69delinsACG	p.Asp23Thr	missense	VUS	VUS	0	2	MISSING_FUNCTIONAL	MISSING_FUNCTIONAL	PM5:moderate		neighbour_evidence
2020-01-01	2026-08-04	NM_000059.4:c.67_68delinsAC	p.Asp23Thr	missense	VUS	VUS	0	2	MISSING_FUNCTIONAL	MISSING_FUNCTIONAL	PM5:moderate		neighbour_evidence
2020-01-01	2026-08-04	NM_000059.4:c.67_69delinsAGA	p.Asp23Arg	missense	VUS	VUS	0	2	MISSING_FUNCTIONAL	MISSING_FUNCTIONAL	PM5:moderate		neighbour_evidence
2020-01-01	2026-08-04	NM_000059.4:c.67_69delinsAGC	p.Asp23Ser	missense	VUS	VUS	0	2	MISSING_FUNCTIONAL	MISSING_FUNCTIONAL	PM5:moderate		neighbour_evidence
2020-01-01	2026-08-04	NM_000059.4:c.67_69delinsAGG	p.Asp23Arg	missense	VUS	VUS	0	2	MISSING_FUNCTIONAL	MISSING_FUNCTIONAL	PM5:moderate		neighbour_evidence
2020-01-01	2026-08-04	NM_000059.4:c.67_68delinsAG	p.Asp23Ser	missense	VUS	VUS	0	2	MISSING_FUNCTIONAL	MISSING_FUNCTIONAL	PM5:moderate		neighbour_evidence
2020-01-01	2026-08-04	NM_000059.4:c.67_69delinsATA	p.Asp23Ile	missense	VUS	VUS	0	2	MISSING_FUNCTIONAL	MISSING_FUNCTIONAL	PM5:moderate		neighbour_evidence
2020-01-01	2026-08-04	NM_000059.4:c.67_69delinsATC	p.Asp23Ile	missense	VUS	VUS	0	2	MISSING_FUNCTIONAL	MISSING_FUNCTIONAL	PM5:moderate		neighbour_evidence
2020-01-01	2026-08-04	NM_000059.4:c.67_69delinsATG	p.Asp23Met	missense	VUS	VUS	0	2	MISSING_FUNCTIONAL	MISSING_FUNCTIONAL	PM5:moderate		neighbour_evidence
2020-01-01	2026-08-04	NM_000059.4:c.67_68delinsAT	p.Asp23Ile	missense	VUS	VUS	0	2	MISSING_FUNCTIONAL	MISSING_FUNCTIONAL	PM5:moderate		neighbour_evidence
2020-01-01	2026-08-04	NM_000059.4:c.67_69delinsCAA	p.Asp23Gln	missense	VUS	VUS	0	2	MISSING_FUNCTIONAL	MISSING_FUNCTIONAL	PM5:moderate		neighbour_evidence
2020-01-01	2026-08-04	NM_000059.4:c.67_69delinsCAC	p.Asp23His	missense	VUS	VUS	0	2	MISSING_FUNCTIONAL	MISSING_FUNCTIONAL	PM5:moderate		neighbour_evidence
2020-01-01	2026-08-04	NM_000059.4:c.67_69delinsCAG	p.Asp23Gln	missense	VUS	VUS	0	2	MISSING_FUNCTIONAL	MISSING_FUNCTIONAL	PM5:moderate		neighbour_evidence
2020-01-01	2026-08-04	NM_000059.4:c.67_69delinsCCA	p.Asp23Pro	missense	VUS	VUS	0	2	MISSING_FUNCTIONAL	MISSING_FUNCTIONAL	PM5:moderate		neighbour_evidence
2020-01-01	2026-08-04	NM_000059.4:c.67_69delinsCCC	p.Asp23Pro	missense	VUS	VUS	0	2	MISSING_FUNCTIONAL	MISSING_FUNCTIONAL	PM5:moderate		neighbour_evidence
2020-01-01	2026-08-04	NM_000059.4:c.67_69delinsCCG	p.Asp23Pro	missense	VUS	VUS	0	2	MISSING_FUNCTIONAL	MISSING_FUNCTIONAL	PM5:moderate		neighbour_evidence
2020-01-01	2026-08-04	NM_000059.4:c.67_68delinsCC	p.Asp23Pro	missense	VUS	VUS	0	2	MISSING_FUNCTIONAL	MISSING_FUNCTIONAL	PM5:moderate		neighbour_evidence
2020-01-01	2026-08-04	NM_000059.4:c.67_69delinsCGA	p.Asp23Arg	missense	VUS	VUS	0	2	MISSING_FUNCTIONAL	MISSING_FUNCTIONAL	PM5:moderate		neighbour_evidence
2020-01-01	2026-08-04	NM_000059.4:c.67_69delinsCGC	p.Asp23Arg	missense	VUS	VUS	0	2	MISSING_FUNCTIONAL	MISSING_FUNCTIONAL	PM5:moderate		neighbour_evidence
2020-01-01	2026-08-04	NM_000059.4:c.67_69delinsCGG	p.Asp23Arg	missense	VUS	VUS	0	2	MISSING_FUNCTIONAL	MISSING_FUNCTIONAL	PM5:moderate		neighbour_evidence
2020-01-01	2026-08-04	NM_000059.4:c.67_68delinsCG	p.Asp23Arg	missense	VUS	VUS	0	2	MISSING_FUNCTIONAL	MISSING_FUNCTIONAL	PM5:moderate		neighbour_evidence
2020-01-01	2026-08-04	NM_000059.4:c.67_69delinsCTA	p.Asp23Leu	missense	VUS	VUS	0	2	MISSING_FUNCTIONAL	MISSING_FUNCTIONAL	PM5:moderate		neighbour_evidence
2020-01-01	2026-08-04	NM_000059.4:c.67_69delinsCTC	p.Asp23Leu	missense	VUS	VUS	0	2	MISSING_FUNCTIONAL	MISSING_FUNCTIONAL	PM5:moderate		neighbour_evidence
2020-01-01	2026-08-04	NM_000059.4:c.67_69delinsCTG	p.Asp23Leu	missense	VUS	VUS	0	2	MISSING_FUNCTIONAL	MISSING_FUNCTIONAL	PM5:moderate		neighbour_evidence
2020-01-01	2026-08-04	NM_000059.4:c.67_68delinsCT	p.Asp23Leu	missense	VUS	VUS	0	2	MISSING_FUNCTIONAL	MISSING_FUNCTIONAL	PM5:moderate		neighbour_evidence
2020-01-01	2026-08-04	NM_000059.4:c.68_69delinsCA	p.Asp23Ala	missense	VUS	VUS	0	2	MISSING_FUNCTIONAL	MISSING_FUNCTIONAL	PM5:moderate		neighbour_evidence
2020-01-01	2026-08-04	NM_000059.4:c.68_69delinsCC	p.Asp23Ala	missense	VUS	VUS	0	2	MISSING_FUNCTIONAL	MISSING_FUNCTIONAL	PM5:moderate		neighbour_evidence
2020-01-01	2026-08-04	NM_000059.4:c.68_69delinsCG	p.Asp23Ala	missense	VUS	VUS	0	2	MISSING_FUNCTIONAL	MISSING_FUNCTIONAL	PM5:moderate		neighbour_evidence
2020-01-01	2026-08-04	NM_000059.4:c.68_69delinsGA	p.Asp23Gly	missense	VUS	VUS	0	2	MISSING_FUNCTIONAL	MISSING_FUNCTIONAL	PM5:moderate		neighbour_evidence
2020-01-01	2026-08-04	NM_000059.4:c.68_69delinsGC	p.Asp23Gly	missense	VUS	VUS	0	2	MISSING_FUNCTIONAL	MISSING_FUNCTIONAL	PM5:moderate		neighbour_evidence
2020-01-01	2026-08-04	NM_000059.4:c.68_69delinsGG	p.Asp23Gly	missense	VUS	VUS	0	2	MISSING_FUNCTIONAL	MISSING_FUNCTIONAL	PM5:moderate		neighbour_evidence
2020-01-01	2026-08-04	NM_000059.4:c.68_69delinsTA	p.Asp23Val	missense	VUS	VUS	0	2	MISSING_FUNCTIONAL	MISSING_FUNCTIONAL	PM5:moderate		neighbour_evidence
2020-01-01	2026-08-04	NM_000059.4:c.68_69delinsTC	p.Asp23Val	missense	VUS	VUS	0	2	MISSING_FUNCTIONAL	MISSING_FUNCTIONAL	PM5:moderate		neighbour_evidence
2020-01-01	2026-08-04	NM_000059.4:c.68_69delinsTG	p.Asp23Val	missense	VUS	VUS	0	2	MISSING_FUNCTIONAL	MISSING_FUNCTIONAL	PM5:moderate		neighbour_evidence
2020-01-01	2026-08-04	NM_000059.4:c.67_69delinsTAC	p.Asp23Tyr	missense	VUS	VUS	0	4	MISSING_FUNCTIONAL	MISSING_FUNCTIONAL	PS1:strong		neighbour_evidence
2020-01-01	2026-08-04	NM_000059.4:c.67_69delinsTCA	p.Asp23Ser	missense	VUS	VUS	0	2	MISSING_FUNCTIONAL	MISSING_FUNCTIONAL	PM5:moderate		neighbour_evidence
2020-01-01	2026-08-04	NM_000059.4:c.67_69delinsTCC	p.Asp23Ser	missense	VUS	VUS	0	2	MISSING_FUNCTIONAL	MISSING_FUNCTIONAL	PM5:moderate		neighbour_evidence
2020-01-01	2026-08-04	NM_000059.4:c.67_69delinsTCG	p.Asp23Ser	missense	VUS	VUS	0	2	MISSING_FUNCTIONAL	MISSING_FUNCTIONAL	PM5:moderate		neighbour_evidence
2020-01-01	2026-08-04	NM_000059.4:c.67_68delinsTC	p.Asp23Ser	missense	VUS	VUS	0	2	MISSING_FUNCTIONAL	MISSING_FUNCTIONAL	PM5:moderate		neighbour_evidence
2020-01-01	2026-08-04	NM_000059.4:c.67_69delinsTGC	p.Asp23Cys	missense	VUS	VUS	0	2	MISSING_FUNCTIONAL	MISSING_FUNCTIONAL	PM5:moderate		neighbour_evidence
2020-01-01	2026-08-04	NM_000059.4:c.67_69delinsTGG	p.Asp23Trp	missense	VUS	VUS	0	2	MISSING_FUNCTIONAL	MISSING_FUNCTIONAL	PM5:moderate		neighbour_evidence
2020-01-01	2026-08-04	NM_000059.4:c.67_68delinsTG	p.Asp23Cys	missense	VUS	VUS	0	2	MISSING_FUNCTIONAL	MISSING_FUNCTIONAL	PM5:moderate		neighbour_evidence
2020-01-01	2026-08-04	NM_000059.4:c.67_69delinsTTA	p.Asp23Leu	missense	VUS	VUS	0	2	MISSING_FUNCTIONAL	MISSING_FUNCTIONAL	PM5:moderate		neighbour_evidence
2020-01-01	2026-08-04	NM_000059.4:c.67_69delinsTTC	p.Asp23Phe	missense	VUS	VUS	0	2	MISSING_FUNCTIONAL	MISSING_FUNCTIONAL	PM5:moderate		neighbour_evidence
2020-01-01	2026-08-04	NM_000059.4:c.67_69delinsTTG	p.Asp23Leu	missense	VUS	VUS	0	2	MISSING_FUNCTIONAL	MISSING_FUNCTIONAL	PM5:moderate		neighbour_evidence
2020-01-01	2026-08-04	NM_000059.4:c.67_68delinsTT	p.Asp23Phe	missense	VUS	VUS	0	2	MISSING_FUNCTIONAL	MISSING_FUNCTIONAL	PM5:moderate		neighbour_evidence
2020-01-01	2026-08-04	NM_000059.4:c.91_93delinsAAA	p.Trp31Lys	missense	VUS	VUS	0	2	MISSING_FUNCTIONAL	MISSING_FUNCTIONAL	PM5:moderate		neighbour_evidence
2020-01-01	2026-08-04	NM_000059.4:c.91_93delinsAAC	p.Trp31Asn	missense	VUS	VUS	0	2	MISSING_FUNCTIONAL	MISSING_FUNCTIONAL	PM5:moderate		neighbour_evidence
2020-01-01	2026-08-04	NM_000059.4:c.91_92delinsAA	p.Trp31Lys	missense	VUS	VUS	0	2	MISSING_FUNCTIONAL	MISSING_FUNCTIONAL	PM5:moderate		neighbour_evidence
2020-01-01	2026-08-04	NM_000059.4:c.91_93delinsAAT	p.Trp31Asn	missense	VUS	VUS	0	2	MISSING_FUNCTIONAL	MISSING_FUNCTIONAL	PM5:moderate		neighbour_evidence
2020-01-01	2026-08-04	NM_000059.4:c.91_93delinsACA	p.Trp31Thr	missense	VUS	VUS	0	2	MISSING_FUNCTIONAL	MISSING_FUNCTIONAL	PM5:moderate		neighbour_evidence
2020-01-01	2026-08-04	NM_000059.4:c.91_93delinsACC	p.Trp31Thr	missense	VUS	VUS	0	2	MISSING_FUNCTIONAL	MISSING_FUNCTIONAL	PM5:moderate		neighbour_evidence
2020-01-01	2026-08-04	NM_000059.4:c.91_92delinsAC	p.Trp31Thr	missense	VUS	VUS	0	2	MISSING_FUNCTIONAL	MISSING_FUNCTIONAL	PM5:moderate		neighbour_evidence
2020-01-01	2026-08-04	NM_000059.4:c.91_93delinsACT	p.Trp31Thr	missense	VUS	VUS	0	2	MISSING_FUNCTIONAL	MISSING_FUNCTIONAL	PM5:moderate		neighbour_evidence
2020-01-01	2026-08-04	NM_000059.4:c.91_93delinsAGA	p.Trp31Arg	missense	VUS	LP	0	6	MISSING_FUNCTIONAL	RESOLVED_NOT_BLOCKED	PM5:moderate;PS1:strong		neighbour_evidence
2020-01-01	2026-08-04	NM_000059.4:c.91_93delinsAGC	p.Trp31Ser	missense	VUS	LP	0	6	MISSING_FUNCTIONAL	RESOLVED_NOT_BLOCKED	PM5:moderate;PS1:strong		neighbour_evidence
2020-01-01	2026-08-04	NM_000059.4:c.91_93delinsAGT	p.Trp31Ser	missense	VUS	LP	0	6	MISSING_FUNCTIONAL	RESOLVED_NOT_BLOCKED	PM5:moderate;PS1:strong		neighbour_evidence
2020-01-01	2026-08-04	NM_000059.4:c.91_93delinsATA	p.Trp31Ile	missense	VUS	VUS	0	2	MISSING_FUNCTIONAL	MISSING_FUNCTIONAL	PM5:moderate		neighbour_evidence
2020-01-01	2026-08-04	NM_000059.4:c.91_93delinsATC	p.Trp31Ile	missense	VUS	VUS	0	2	MISSING_FUNCTIONAL	MISSING_FUNCTIONAL	PM5:moderate		neighbour_evidence
2020-01-01	2026-08-04	NM_000059.4:c.91_92delinsAT	p.Trp31Met	missense	VUS	VUS	0	2	MISSING_FUNCTIONAL	MISSING_FUNCTIONAL	PM5:moderate		neighbour_evidence
2020-01-01	2026-08-04	NM_000059.4:c.91_93delinsATT	p.Trp31Ile	missense	VUS	VUS	0	2	MISSING_FUNCTIONAL	MISSING_FUNCTIONAL	PM5:moderate		neighbour_evidence
2020-01-01	2026-08-04	NM_000059.4:c.91_93delinsCAA	p.Trp31Gln	missense	VUS	VUS	0	2	MISSING_FUNCTIONAL	MISSING_FUNCTIONAL	PM5:moderate		neighbour_evidence
2020-01-01	2026-08-04	NM_000059.4:c.91_93delinsCAC	p.Trp31His	missense	VUS	VUS	0	2	MISSING_FUNCTIONAL	MISSING_FUNCTIONAL	PM5:moderate		neighbour_evidence
2020-01-01	2026-08-04	NM_000059.4:c.91_92delinsCA	p.Trp31Gln	missense	VUS	VUS	0	2	MISSING_FUNCTIONAL	MISSING_FUNCTIONAL	PM5:moderate		neighbour_evidence
2020-01-01	2026-08-04	NM_000059.4:c.91_93delinsCAT	p.Trp31His	missense	VUS	VUS	0	2	MISSING_FUNCTIONAL	MISSING_FUNCTIONAL	PM5:moderate		neighbour_evidence
2020-01-01	2026-08-04	NM_000059.4:c.91_93delinsCCA	p.Trp31Pro	missense	VUS	VUS	0	2	MISSING_FUNCTIONAL	MISSING_FUNCTIONAL	PM5:moderate		neighbour_evidence
2020-01-01	2026-08-04	NM_000059.4:c.91_93delinsCCC	p.Trp31Pro	missense	VUS	VUS	0	2	MISSING_FUNCTIONAL	MISSING_FUNCTIONAL	PM5:moderate		neighbour_evidence
2020-01-01	2026-08-04	NM_000059.4:c.91_92delinsCC	p.Trp31Pro	missense	VUS	VUS	0	2	MISSING_FUNCTIONAL	MISSING_FUNCTIONAL	PM5:moderate		neighbour_evidence
2020-01-01	2026-08-04	NM_000059.4:c.91_93delinsCCT	p.Trp31Pro	missense	VUS	VUS	0	2	MISSING_FUNCTIONAL	MISSING_FUNCTIONAL	PM5:moderate		neighbour_evidence
2020-01-01	2026-08-04	NM_000059.4:c.91_93delinsCGA	p.Trp31Arg	missense	VUS	LP	0	6	MISSING_FUNCTIONAL	RESOLVED_NOT_BLOCKED	PM5:moderate;PS1:strong		neighbour_evidence
2020-01-01	2026-08-04	NM_000059.4:c.91_93delinsCGC	p.Trp31Arg	missense	VUS	LP	0	6	MISSING_FUNCTIONAL	RESOLVED_NOT_BLOCKED	PM5:moderate;PS1:strong		neighbour_evidence
2020-01-01	2026-08-04	NM_000059.4:c.91_93delinsCGT	p.Trp31Arg	missense	VUS	LP	0	6	MISSING_FUNCTIONAL	RESOLVED_NOT_BLOCKED	PM5:moderate;PS1:strong		neighbour_evidence
2020-01-01	2026-08-04	NM_000059.4:c.91_93delinsCTA	p.Trp31Leu	missense	VUS	VUS	0	2	MISSING_FUNCTIONAL	MISSING_FUNCTIONAL	PM5:moderate		neighbour_evidence
2020-01-01	2026-08-04	NM_000059.4:c.91_93delinsCTC	p.Trp31Leu	missense	VUS	VUS	0	2	MISSING_FUNCTIONAL	MISSING_FUNCTIONAL	PM5:moderate		neighbour_evidence
2020-01-01	2026-08-04	NM_000059.4:c.91_92delinsCT	p.Trp31Leu	missense	VUS	VUS	0	2	MISSING_FUNCTIONAL	MISSING_FUNCTIONAL	PM5:moderate		neighbour_evidence
2020-01-01	2026-08-04	NM_000059.4:c.91_93delinsCTT	p.Trp31Leu	missense	VUS	VUS	0	2	MISSING_FUNCTIONAL	MISSING_FUNCTIONAL	PM5:moderate		neighbour_evidence
2020-01-01	2026-08-04	NM_000059.4:c.91_93delinsGAA	p.Trp31Glu	missense	VUS	VUS	0	2	MISSING_FUNCTIONAL	MISSING_FUNCTIONAL	PM5:moderate		neighbour_evidence
2020-01-01	2026-08-04	NM_000059.4:c.91_93delinsGAC	p.Trp31Asp	missense	VUS	VUS	0	2	MISSING_FUNCTIONAL	MISSING_FUNCTIONAL	PM5:moderate		neighbour_evidence
2020-01-01	2026-08-04	NM_000059.4:c.91_92delinsGA	p.Trp31Glu	missense	VUS	VUS	0	2	MISSING_FUNCTIONAL	MISSING_FUNCTIONAL	PM5:moderate		neighbour_evidence
2020-01-01	2026-08-04	NM_000059.4:c.91_93delinsGAT	p.Trp31Asp	missense	VUS	VUS	0	2	MISSING_FUNCTIONAL	MISSING_FUNCTIONAL	PM5:moderate		neighbour_evidence
2020-01-01	2026-08-04	NM_000059.4:c.91_93delinsGCA	p.Trp31Ala	missense	VUS	VUS	0	2	MISSING_FUNCTIONAL	MISSING_FUNCTIONAL	PM5:moderate		neighbour_evidence
2020-01-01	2026-08-04	NM_000059.4:c.91_93delinsGCC	p.Trp31Ala	missense	VUS	VUS	0	2	MISSING_FUNCTIONAL	MISSING_FUNCTIONAL	PM5:moderate		neighbour_evidence
2020-01-01	2026-08-04	NM_000059.4:c.91_92delinsGC	p.Trp31Ala	missense	VUS	VUS	0	2	MISSING_FUNCTIONAL	MISSING_FUNCTIONAL	PM5:moderate		neighbour_evidence
2020-01-01	2026-08-04	NM_000059.4:c.91_93delinsGCT	p.Trp31Ala	missense	VUS	VUS	0	2	MISSING_FUNCTIONAL	MISSING_FUNCTIONAL	PM5:moderate		neighbour_evidence
2020-01-01	2026-08-04	NM_000059.4:c.91_93delinsGGA	p.Trp31Gly	missense	VUS	VUS	0	2	MISSING_FUNCTIONAL	MISSING_FUNCTIONAL	PM5:moderate		neighbour_evidence
2020-01-01	2026-08-04	NM_000059.4:c.91_93delinsGGC	p.Trp31Gly	missense	VUS	VUS	0	2	MISSING_FUNCTIONAL	MISSING_FUNCTIONAL	PM5:moderate		neighbour_evidence
2020-01-01	2026-08-04	NM_000059.4:c.91_93delinsGGT	p.Trp31Gly	missense	VUS	VUS	0	2	MISSING_FUNCTIONAL	MISSING_FUNCTIONAL	PM5:moderate		neighbour_evidence
2020-01-01	2026-08-04	NM_000059.4:c.91_93delinsGTA	p.Trp31Val	missense	VUS	VUS	0	2	MISSING_FUNCTIONAL	MISSING_FUNCTIONAL	PM5:moderate		neighbour_evidence
2020-01-01	2026-08-04	NM_000059.4:c.91_93delinsGTC	p.Trp31Val	missense	VUS	VUS	0	2	MISSING_FUNCTIONAL	MISSING_FUNCTIONAL	PM5:moderate		neighbour_evidence
2020-01-01	2026-08-04	NM_000059.4:c.91_92delinsGT	p.Trp31Val	missense	VUS	VUS	0	2	MISSING_FUNCTIONAL	MISSING_FUNCTIONAL	PM5:moderate		neighbour_evidence
2020-01-01	2026-08-04	NM_000059.4:c.91_93delinsGTT	p.Trp31Val	missense	VUS	VUS	0	2	MISSING_FUNCTIONAL	MISSING_FUNCTIONAL	PM5:moderate		neighbour_evidence
2020-01-01	2026-08-04	NM_000059.4:c.92_93delinsAC	p.Trp31Tyr	missense	VUS	VUS	0	2	MISSING_FUNCTIONAL	MISSING_FUNCTIONAL	PM5:moderate		neighbour_evidence
2020-01-01	2026-08-04	NM_000059.4:c.92_93delinsAT	p.Trp31Tyr	missense	VUS	VUS	0	2	MISSING_FUNCTIONAL	MISSING_FUNCTIONAL	PM5:moderate		neighbour_evidence
2020-01-01	2026-08-04	NM_000059.4:c.92_93delinsCA	p.Trp31Ser	missense	VUS	LP	0	6	MISSING_FUNCTIONAL	RESOLVED_NOT_BLOCKED	PM5:moderate;PS1:strong		neighbour_evidence
2020-01-01	2026-08-04	NM_000059.4:c.92_93delinsCC	p.Trp31Ser	missense	VUS	LP	0	6	MISSING_FUNCTIONAL	RESOLVED_NOT_BLOCKED	PM5:moderate;PS1:strong		neighbour_evidence
2020-01-01	2026-08-04	NM_000059.4:c.92_93delinsCT	p.Trp31Ser	missense	VUS	LP	0	6	MISSING_FUNCTIONAL	RESOLVED_NOT_BLOCKED	PM5:moderate;PS1:strong		neighbour_evidence
2020-01-01	2026-08-04	NM_000059.4:c.92_93delinsTA	p.Trp31Leu	missense	VUS	VUS	0	2	MISSING_FUNCTIONAL	MISSING_FUNCTIONAL	PM5:moderate		neighbour_evidence
2020-01-01	2026-08-04	NM_000059.4:c.92_93delinsTC	p.Trp31Phe	missense	VUS	VUS	0	2	MISSING_FUNCTIONAL	MISSING_FUNCTIONAL	PM5:moderate		neighbour_evidence
2020-01-01	2026-08-04	NM_000059.4:c.92_93delinsTT	p.Trp31Phe	missense	VUS	VUS	0	2	MISSING_FUNCTIONAL	MISSING_FUNCTIONAL	PM5:moderate		neighbour_evidence
2020-01-01	2026-08-04	NM_000059.4:c.475_477delinsAAA	p.Val159Lys	missense	VUS	VUS	0	2	MISSING_FUNCTIONAL	MISSING_FUNCTIONAL	PM5:moderate		neighbour_evidence
2020-01-01	2026-08-04	NM_000059.4:c.475_477delinsAAC	p.Val159Asn	missense	VUS	VUS	0	2	MISSING_FUNCTIONAL	MISSING_FUNCTIONAL	PM5:moderate		neighbour_evidence
2020-01-01	2026-08-04	NM_000059.4:c.475_476delinsAA	p.Val159Lys	missense	VUS	VUS	0	2	MISSING_FUNCTIONAL	MISSING_FUNCTIONAL	PM5:moderate		neighbour_evidence
2020-01-01	2026-08-04	NM_000059.4:c.475_477delinsAAT	p.Val159Asn	missense	VUS	VUS	0	2	MISSING_FUNCTIONAL	MISSING_FUNCTIONAL	PM5:moderate		neighbour_evidence
2020-01-01	2026-08-04	NM_000059.4:c.475_477delinsACA	p.Val159Thr	missense	VUS	VUS	0	2	MISSING_FUNCTIONAL	MISSING_FUNCTIONAL	PM5:moderate		neighbour_evidence
2020-01-01	2026-08-04	NM_000059.4:c.475_477delinsACC	p.Val159Thr	missense	VUS	VUS	0	2	MISSING_FUNCTIONAL	MISSING_FUNCTIONAL	PM5:moderate		neighbour_evidence
2020-01-01	2026-08-04	NM_000059.4:c.475_476delinsAC	p.Val159Thr	missense	VUS	VUS	0	2	MISSING_FUNCTIONAL	MISSING_FUNCTIONAL	PM5:moderate		neighbour_evidence
2020-01-01	2026-08-04	NM_000059.4:c.475_477delinsACT	p.Val159Thr	missense	VUS	VUS	0	2	MISSING_FUNCTIONAL	MISSING_FUNCTIONAL	PM5:moderate		neighbour_evidence
2020-01-01	2026-08-04	NM_000059.4:c.475_477delinsAGA	p.Val159Arg	missense	VUS	VUS	0	2	MISSING_FUNCTIONAL	MISSING_FUNCTIONAL	PM5:moderate		neighbour_evidence
2020-01-01	2026-08-04	NM_000059.4:c.475_477delinsAGC	p.Val159Ser	missense	VUS	VUS	0	2	MISSING_FUNCTIONAL	MISSING_FUNCTIONAL	PM5:moderate		neighbour_evidence
2020-01-01	2026-08-04	NM_000059.4:c.475_476delinsAG	p.Val159Arg	missense	VUS	VUS	0	2	MISSING_FUNCTIONAL	MISSING_FUNCTIONAL	PM5:moderate		neighbour_evidence
2020-01-01	2026-08-04	NM_000059.4:c.475_477delinsAGT	p.Val159Ser	missense	VUS	VUS	0	2	MISSING_FUNCTIONAL	MISSING_FUNCTIONAL	PM5:moderate		neighbour_evidence
2020-01-01	2026-08-04	NM_000059.4:c.475_477delinsATA	p.Val159Ile	missense	VUS	VUS	0	2	MISSING_FUNCTIONAL	MISSING_FUNCTIONAL	PM5:moderate		neighbour_evidence
2020-01-01	2026-08-04	NM_000059.4:c.475_477delinsATC	p.Val159Ile	missense	VUS	VUS	0	2	MISSING_FUNCTIONAL	MISSING_FUNCTIONAL	PM5:moderate		neighbour_evidence
2020-01-01	2026-08-04	NM_000059.4:c.475_477delinsATT	p.Val159Ile	missense	VUS	VUS	0	2	MISSING_FUNCTIONAL	MISSING_FUNCTIONAL	PM5:moderate		neighbour_evidence
2020-01-01	2026-08-04	NM_000059.4:c.475_477delinsCAA	p.Val159Gln	missense	VUS	VUS	0	2	MISSING_FUNCTIONAL	MISSING_FUNCTIONAL	PM5:moderate		neighbour_evidence
2020-01-01	2026-08-04	NM_000059.4:c.475_477delinsCAC	p.Val159His	missense	VUS	VUS	0	2	MISSING_FUNCTIONAL	MISSING_FUNCTIONAL	PM5:moderate		neighbour_evidence
2020-01-01	2026-08-04	NM_000059.4:c.475_476delinsCA	p.Val159Gln	missense	VUS	VUS	0	2	MISSING_FUNCTIONAL	MISSING_FUNCTIONAL	PM5:moderate		neighbour_evidence
2020-01-01	2026-08-04	NM_000059.4:c.475_477delinsCAT	p.Val159His	missense	VUS	VUS	0	2	MISSING_FUNCTIONAL	MISSING_FUNCTIONAL	PM5:moderate		neighbour_evidence
2020-01-01	2026-08-04	NM_000059.4:c.475_477delinsCCA	p.Val159Pro	missense	VUS	VUS	0	2	MISSING_FUNCTIONAL	MISSING_FUNCTIONAL	PM5:moderate		neighbour_evidence
2020-01-01	2026-08-04	NM_000059.4:c.475_477delinsCCC	p.Val159Pro	missense	VUS	VUS	0	2	MISSING_FUNCTIONAL	MISSING_FUNCTIONAL	PM5:moderate		neighbour_evidence
2020-01-01	2026-08-04	NM_000059.4:c.475_476delinsCC	p.Val159Pro	missense	VUS	VUS	0	2	MISSING_FUNCTIONAL	MISSING_FUNCTIONAL	PM5:moderate		neighbour_evidence
2020-01-01	2026-08-04	NM_000059.4:c.475_477delinsCCT	p.Val159Pro	missense	VUS	VUS	0	2	MISSING_FUNCTIONAL	MISSING_FUNCTIONAL	PM5:moderate		neighbour_evidence
2020-01-01	2026-08-04	NM_000059.4:c.475_477delinsCGA	p.Val159Arg	missense	VUS	VUS	0	2	MISSING_FUNCTIONAL	MISSING_FUNCTIONAL	PM5:moderate		neighbour_evidence
2020-01-01	2026-08-04	NM_000059.4:c.475_477delinsCGC	p.Val159Arg	missense	VUS	VUS	0	2	MISSING_FUNCTIONAL	MISSING_FUNCTIONAL	PM5:moderate		neighbour_evidence
2020-01-01	2026-08-04	NM_000059.4:c.475_476delinsCG	p.Val159Arg	missense	VUS	VUS	0	2	MISSING_FUNCTIONAL	MISSING_FUNCTIONAL	PM5:moderate		neighbour_evidence
2020-01-01	2026-08-04	NM_000059.4:c.475_477delinsCGT	p.Val159Arg	missense	VUS	VUS	0	2	MISSING_FUNCTIONAL	MISSING_FUNCTIONAL	PM5:moderate		neighbour_evidence
2020-01-01	2026-08-04	NM_000059.4:c.475_477delinsCTA	p.Val159Leu	missense	VUS	VUS	0	2	MISSING_FUNCTIONAL	MISSING_FUNCTIONAL	PM5:moderate		neighbour_evidence
2020-01-01	2026-08-04	NM_000059.4:c.475_477delinsCTC	p.Val159Leu	missense	VUS	VUS	0	2	MISSING_FUNCTIONAL	MISSING_FUNCTIONAL	PM5:moderate		neighbour_evidence
2020-01-01	2026-08-04	NM_000059.4:c.475_477delinsCTT	p.Val159Leu	missense	VUS	VUS	0	2	MISSING_FUNCTIONAL	MISSING_FUNCTIONAL	PM5:moderate		neighbour_evidence
2020-01-01	2026-08-04	NM_000059.4:c.476_477delinsAA	p.Val159Glu	missense	VUS	VUS	0	2	MISSING_FUNCTIONAL	MISSING_FUNCTIONAL	PM5:moderate		neighbour_evidence
2020-01-01	2026-08-04	NM_000059.4:c.476_477delinsAC	p.Val159Asp	missense	VUS	VUS	0	2	MISSING_FUNCTIONAL	MISSING_FUNCTIONAL	PM5:moderate		neighbour_evidence
2020-01-01	2026-08-04	NM_000059.4:c.476_477delinsAT	p.Val159Asp	missense	VUS	VUS	0	2	MISSING_FUNCTIONAL	MISSING_FUNCTIONAL	PM5:moderate		neighbour_evidence
2020-01-01	2026-08-04	NM_000059.4:c.476_477delinsCA	p.Val159Ala	missense	VUS	VUS	0	2	MISSING_FUNCTIONAL	MISSING_FUNCTIONAL	PM5:moderate		neighbour_evidence
2020-01-01	2026-08-04	NM_000059.4:c.476_477delinsCC	p.Val159Ala	missense	VUS	VUS	0	2	MISSING_FUNCTIONAL	MISSING_FUNCTIONAL	PM5:moderate		neighbour_evidence
2020-01-01	2026-08-04	NM_000059.4:c.476_477delinsCT	p.Val159Ala	missense	VUS	VUS	0	2	MISSING_FUNCTIONAL	MISSING_FUNCTIONAL	PM5:moderate		neighbour_evidence
2020-01-01	2026-08-04	NM_000059.4:c.476_477delinsGA	p.Val159Gly	missense	VUS	VUS	0	2	MISSING_FUNCTIONAL	MISSING_FUNCTIONAL	PM5:moderate		neighbour_evidence
2020-01-01	2026-08-04	NM_000059.4:c.476_477delinsGC	p.Val159Gly	missense	VUS	VUS	0	2	MISSING_FUNCTIONAL	MISSING_FUNCTIONAL	PM5:moderate		neighbour_evidence
2020-01-01	2026-08-04	NM_000059.4:c.476_477delinsGT	p.Val159Gly	missense	VUS	VUS	0	2	MISSING_FUNCTIONAL	MISSING_FUNCTIONAL	PM5:moderate		neighbour_evidence
2020-01-01	2026-08-04	NM_000059.4:c.475_477delinsTAC	p.Val159Tyr	missense	VUS	VUS	0	2	MISSING_FUNCTIONAL	MISSING_FUNCTIONAL	PM5:moderate		neighbour_evidence
2020-01-01	2026-08-04	NM_000059.4:c.475_477delinsTAT	p.Val159Tyr	missense	VUS	VUS	0	2	MISSING_FUNCTIONAL	MISSING_FUNCTIONAL	PM5:moderate		neighbour_evidence
2020-01-01	2026-08-04	NM_000059.4:c.475_477delinsTCA	p.Val159Ser	missense	VUS	VUS	0	2	MISSING_FUNCTIONAL	MISSING_FUNCTIONAL	PM5:moderate		neighbour_evidence
2020-01-01	2026-08-04	NM_000059.4:c.475_477delinsTCC	p.Val159Ser	missense	VUS	VUS	0	2	MISSING_FUNCTIONAL	MISSING_FUNCTIONAL	PM5:moderate		neighbour_evidence
2020-01-01	2026-08-04	NM_000059.4:c.475_476delinsTC	p.Val159Ser	missense	VUS	VUS	0	2	MISSING_FUNCTIONAL	MISSING_FUNCTIONAL	PM5:moderate		neighbour_evidence
2020-01-01	2026-08-04	NM_000059.4:c.475_477delinsTCT	p.Val159Ser	missense	VUS	VUS	0	2	MISSING_FUNCTIONAL	MISSING_FUNCTIONAL	PM5:moderate		neighbour_evidence
2020-01-01	2026-08-04	NM_000059.4:c.475_477delinsTGC	p.Val159Cys	missense	VUS	VUS	0	2	MISSING_FUNCTIONAL	MISSING_FUNCTIONAL	PM5:moderate		neighbour_evidence
2020-01-01	2026-08-04	NM_000059.4:c.475_476delinsTG	p.Val159Trp	missense	VUS	VUS	0	2	MISSING_FUNCTIONAL	MISSING_FUNCTIONAL	PM5:moderate		neighbour_evidence
2020-01-01	2026-08-04	NM_000059.4:c.475_477delinsTGT	p.Val159Cys	missense	VUS	VUS	0	2	MISSING_FUNCTIONAL	MISSING_FUNCTIONAL	PM5:moderate		neighbour_evidence
2020-01-01	2026-08-04	NM_000059.4:c.475_477delinsTTA	p.Val159Leu	missense	VUS	VUS	0	2	MISSING_FUNCTIONAL	MISSING_FUNCTIONAL	PM5:moderate		neighbour_evidence
2020-01-01	2026-08-04	NM_000059.4:c.475_477delinsTTC	p.Val159Phe	missense	VUS	VUS	0	2	MISSING_FUNCTIONAL	MISSING_FUNCTIONAL	PM5:moderate		neighbour_evidence
2020-01-01	2026-08-04	NM_000059.4:c.475_477delinsTTT	p.Val159Phe	missense	VUS	VUS	0	2	MISSING_FUNCTIONAL	MISSING_FUNCTIONAL	PM5:moderate		neighbour_evidence
2020-01-01	2026-08-04	NM_000059.4:c.515_516delinsCA	p.Lys172Thr	missense	VUS	VUS	0	2	MISSING_FUNCTIONAL	MISSING_FUNCTIONAL	PM5:moderate		neighbour_evidence
2020-01-01	2026-08-04	NM_000059.4:c.515_516delinsCC	p.Lys172Thr	missense	VUS	VUS	0	2	MISSING_FUNCTIONAL	MISSING_FUNCTIONAL	PM5:moderate		neighbour_evidence
2020-01-01	2026-08-04	NM_000059.4:c.515_516delinsCT	p.Lys172Thr	missense	VUS	VUS	0	2	MISSING_FUNCTIONAL	MISSING_FUNCTIONAL	PM5:moderate		neighbour_evidence
2020-01-01	2026-08-04	NM_000059.4:c.515_516delinsGA	p.Lys172Arg	missense	VUS	VUS	0	2	MISSING_FUNCTIONAL	MISSING_FUNCTIONAL	PM5:moderate		neighbour_evidence
2020-01-01	2026-08-04	NM_000059.4:c.515_516delinsGC	p.Lys172Ser	missense	VUS	VUS	0	2	MISSING_FUNCTIONAL	MISSING_FUNCTIONAL	PM5:moderate		neighbour_evidence
2020-01-01	2026-08-04	NM_000059.4:c.515_516delinsGT	p.Lys172Ser	missense	VUS	VUS	0	2	MISSING_FUNCTIONAL	MISSING_FUNCTIONAL	PM5:moderate		neighbour_evidence
2020-01-01	2026-08-04	NM_000059.4:c.515_516delinsTA	p.Lys172Ile	missense	VUS	VUS	0	2	MISSING_FUNCTIONAL	MISSING_FUNCTIONAL	PM5:moderate		neighbour_evidence
2020-01-01	2026-08-04	NM_000059.4:c.515_516delinsTC	p.Lys172Ile	missense	VUS	VUS	0	2	MISSING_FUNCTIONAL	MISSING_FUNCTIONAL	PM5:moderate		neighbour_evidence
2020-01-01	2026-08-04	NM_000059.4:c.515_516delinsTT	p.Lys172Ile	missense	VUS	VUS	0	2	MISSING_FUNCTIONAL	MISSING_FUNCTIONAL	PM5:moderate		neighbour_evidence
2020-01-01	2026-08-04	NM_000059.4:c.514_516delinsCAA	p.Lys172Gln	missense	VUS	VUS	0	2	MISSING_FUNCTIONAL	MISSING_FUNCTIONAL	PM5:moderate		neighbour_evidence
2020-01-01	2026-08-04	NM_000059.4:c.514_516delinsCAC	p.Lys172His	missense	VUS	VUS	0	2	MISSING_FUNCTIONAL	MISSING_FUNCTIONAL	PM5:moderate		neighbour_evidence
2020-01-01	2026-08-04	NM_000059.4:c.514_516delinsCAT	p.Lys172His	missense	VUS	VUS	0	2	MISSING_FUNCTIONAL	MISSING_FUNCTIONAL	PM5:moderate		neighbour_evidence
2020-01-01	2026-08-04	NM_000059.4:c.514_516delinsCCA	p.Lys172Pro	missense	VUS	VUS	0	2	MISSING_FUNCTIONAL	MISSING_FUNCTIONAL	PM5:moderate		neighbour_evidence
2020-01-01	2026-08-04	NM_000059.4:c.514_516delinsCCC	p.Lys172Pro	missense	VUS	VUS	0	2	MISSING_FUNCTIONAL	MISSING_FUNCTIONAL	PM5:moderate		neighbour_evidence
2020-01-01	2026-08-04	NM_000059.4:c.514_515delinsCC	p.Lys172Pro	missense	VUS	VUS	0	2	MISSING_FUNCTIONAL	MISSING_FUNCTIONAL	PM5:moderate		neighbour_evidence
2020-01-01	2026-08-04	NM_000059.4:c.514_516delinsCCT	p.Lys172Pro	missense	VUS	VUS	0	2	MISSING_FUNCTIONAL	MISSING_FUNCTIONAL	PM5:moderate		neighbour_evidence
2020-01-01	2026-08-04	NM_000059.4:c.514_516delinsCGA	p.Lys172Arg	missense	VUS	VUS	0	2	MISSING_FUNCTIONAL	MISSING_FUNCTIONAL	PM5:moderate		neighbour_evidence
2020-01-01	2026-08-04	NM_000059.4:c.514_516delinsCGC	p.Lys172Arg	missense	VUS	VUS	0	2	MISSING_FUNCTIONAL	MISSING_FUNCTIONAL	PM5:moderate		neighbour_evidence
2020-01-01	2026-08-04	NM_000059.4:c.514_515delinsCG	p.Lys172Arg	missense	VUS	VUS	0	2	MISSING_FUNCTIONAL	MISSING_FUNCTIONAL	PM5:moderate		neighbour_evidence
2020-01-01	2026-08-04	NM_000059.4:c.514_516delinsCGT	p.Lys172Arg	missense	VUS	VUS	0	2	MISSING_FUNCTIONAL	MISSING_FUNCTIONAL	PM5:moderate		neighbour_evidence
2020-01-01	2026-08-04	NM_000059.4:c.514_516delinsCTA	p.Lys172Leu	missense	VUS	VUS	0	2	MISSING_FUNCTIONAL	MISSING_FUNCTIONAL	PM5:moderate		neighbour_evidence
2020-01-01	2026-08-04	NM_000059.4:c.514_516delinsCTC	p.Lys172Leu	missense	VUS	VUS	0	2	MISSING_FUNCTIONAL	MISSING_FUNCTIONAL	PM5:moderate		neighbour_evidence
2020-01-01	2026-08-04	NM_000059.4:c.514_515delinsCT	p.Lys172Leu	missense	VUS	VUS	0	2	MISSING_FUNCTIONAL	MISSING_FUNCTIONAL	PM5:moderate		neighbour_evidence
2020-01-01	2026-08-04	NM_000059.4:c.514_516delinsCTT	p.Lys172Leu	missense	VUS	VUS	0	2	MISSING_FUNCTIONAL	MISSING_FUNCTIONAL	PM5:moderate		neighbour_evidence
2020-01-01	2026-08-04	NM_000059.4:c.514_516delinsGAA	p.Lys172Glu	missense	VUS	VUS	0	2	MISSING_FUNCTIONAL	MISSING_FUNCTIONAL	PM5:moderate		neighbour_evidence
2020-01-01	2026-08-04	NM_000059.4:c.514_516delinsGAC	p.Lys172Asp	missense	VUS	VUS	0	2	MISSING_FUNCTIONAL	MISSING_FUNCTIONAL	PM5:moderate		neighbour_evidence
2020-01-01	2026-08-04	NM_000059.4:c.514_516delinsGAT	p.Lys172Asp	missense	VUS	VUS	0	2	MISSING_FUNCTIONAL	MISSING_FUNCTIONAL	PM5:moderate		neighbour_evidence
2020-01-01	2026-08-04	NM_000059.4:c.514_516delinsGCA	p.Lys172Ala	missense	VUS	VUS	0	2	MISSING_FUNCTIONAL	MISSING_FUNCTIONAL	PM5:moderate		neighbour_evidence
2020-01-01	2026-08-04	NM_000059.4:c.514_516delinsGCC	p.Lys172Ala	missense	VUS	VUS	0	2	MISSING_FUNCTIONAL	MISSING_FUNCTIONAL	PM5:moderate		neighbour_evidence
2020-01-01	2026-08-04	NM_000059.4:c.514_515delinsGC	p.Lys172Ala	missense	VUS	VUS	0	2	MISSING_FUNCTIONAL	MISSING_FUNCTIONAL	PM5:moderate		neighbour_evidence
2020-01-01	2026-08-04	NM_000059.4:c.514_516delinsGCT	p.Lys172Ala	missense	VUS	VUS	0	2	MISSING_FUNCTIONAL	MISSING_FUNCTIONAL	PM5:moderate		neighbour_evidence
2020-01-01	2026-08-04	NM_000059.4:c.514_516delinsGGA	p.Lys172Gly	missense	VUS	VUS	0	2	MISSING_FUNCTIONAL	MISSING_FUNCTIONAL	PM5:moderate		neighbour_evidence
2020-01-01	2026-08-04	NM_000059.4:c.514_516delinsGGC	p.Lys172Gly	missense	VUS	VUS	0	2	MISSING_FUNCTIONAL	MISSING_FUNCTIONAL	PM5:moderate		neighbour_evidence
2020-01-01	2026-08-04	NM_000059.4:c.514_515delinsGG	p.Lys172Gly	missense	VUS	VUS	0	2	MISSING_FUNCTIONAL	MISSING_FUNCTIONAL	PM5:moderate		neighbour_evidence
2020-01-01	2026-08-04	NM_000059.4:c.514_516delinsGGT	p.Lys172Gly	missense	VUS	VUS	0	2	MISSING_FUNCTIONAL	MISSING_FUNCTIONAL	PM5:moderate		neighbour_evidence
2020-01-01	2026-08-04	NM_000059.4:c.514_516delinsGTA	p.Lys172Val	missense	VUS	VUS	0	2	MISSING_FUNCTIONAL	MISSING_FUNCTIONAL	PM5:moderate		neighbour_evidence
2020-01-01	2026-08-04	NM_000059.4:c.514_516delinsGTC	p.Lys172Val	missense	VUS	VUS	0	2	MISSING_FUNCTIONAL	MISSING_FUNCTIONAL	PM5:moderate		neighbour_evidence
2020-01-01	2026-08-04	NM_000059.4:c.514_515delinsGT	p.Lys172Val	missense	VUS	VUS	0	2	MISSING_FUNCTIONAL	MISSING_FUNCTIONAL	PM5:moderate		neighbour_evidence
2020-01-01	2026-08-04	NM_000059.4:c.514_516delinsGTT	p.Lys172Val	missense	VUS	VUS	0	2	MISSING_FUNCTIONAL	MISSING_FUNCTIONAL	PM5:moderate		neighbour_evidence
2020-01-01	2026-08-04	NM_000059.4:c.514_516delinsTAC	p.Lys172Tyr	missense	VUS	VUS	0	2	MISSING_FUNCTIONAL	MISSING_FUNCTIONAL	PM5:moderate		neighbour_evidence
2020-01-01	2026-08-04	NM_000059.4:c.514_516delinsTAT	p.Lys172Tyr	missense	VUS	VUS	0	2	MISSING_FUNCTIONAL	MISSING_FUNCTIONAL	PM5:moderate		neighbour_evidence
2020-01-01	2026-08-04	NM_000059.4:c.514_516delinsTCA	p.Lys172Ser	missense	VUS	VUS	0	2	MISSING_FUNCTIONAL	MISSING_FUNCTIONAL	PM5:moderate		neighbour_evidence
2020-01-01	2026-08-04	NM_000059.4:c.514_516delinsTCC	p.Lys172Ser	missense	VUS	VUS	0	2	MISSING_FUNCTIONAL	MISSING_FUNCTIONAL	PM5:moderate		neighbour_evidence
2020-01-01	2026-08-04	NM_000059.4:c.514_515delinsTC	p.Lys172Ser	missense	VUS	VUS	0	2	MISSING_FUNCTIONAL	MISSING_FUNCTIONAL	PM5:moderate		neighbour_evidence
2020-01-01	2026-08-04	NM_000059.4:c.514_516delinsTCT	p.Lys172Ser	missense	VUS	VUS	0	2	MISSING_FUNCTIONAL	MISSING_FUNCTIONAL	PM5:moderate		neighbour_evidence
2020-01-01	2026-08-04	NM_000059.4:c.514_516delinsTGC	p.Lys172Cys	missense	VUS	VUS	0	2	MISSING_FUNCTIONAL	MISSING_FUNCTIONAL	PM5:moderate		neighbour_evidence
2020-01-01	2026-08-04	NM_000059.4:c.514_515delinsTG	p.Lys172Trp	missense	VUS	VUS	0	2	MISSING_FUNCTIONAL	MISSING_FUNCTIONAL	PM5:moderate		neighbour_evidence
2020-01-01	2026-08-04	NM_000059.4:c.514_516delinsTGT	p.Lys172Cys	missense	VUS	VUS	0	2	MISSING_FUNCTIONAL	MISSING_FUNCTIONAL	PM5:moderate		neighbour_evidence
2020-01-01	2026-08-04	NM_000059.4:c.514_516delinsTTA	p.Lys172Leu	missense	VUS	VUS	0	2	MISSING_FUNCTIONAL	MISSING_FUNCTIONAL	PM5:moderate		neighbour_evidence
2020-01-01	2026-08-04	NM_000059.4:c.514_516delinsTTC	p.Lys172Phe	missense	VUS	VUS	0	2	MISSING_FUNCTIONAL	MISSING_FUNCTIONAL	PM5:moderate		neighbour_evidence
2020-01-01	2026-08-04	NM_000059.4:c.514_515delinsTT	p.Lys172Leu	missense	VUS	VUS	0	2	MISSING_FUNCTIONAL	MISSING_FUNCTIONAL	PM5:moderate		neighbour_evidence
2020-01-01	2026-08-04	NM_000059.4:c.514_516delinsTTT	p.Lys172Phe	missense	VUS	VUS	0	2	MISSING_FUNCTIONAL	MISSING_FUNCTIONAL	PM5:moderate		neighbour_evidence
2020-01-01	2026-08-04	NM_000059.4:c.517_519delinsAAA	p.Gly173Lys	missense	VUS	VUS	0	2	MISSING_FUNCTIONAL	MISSING_FUNCTIONAL	PM5:moderate		neighbour_evidence
2020-01-01	2026-08-04	NM_000059.4:c.517_519delinsAAC	p.Gly173Asn	missense	VUS	VUS	0	2	MISSING_FUNCTIONAL	MISSING_FUNCTIONAL	PM5:moderate		neighbour_evidence
2020-01-01	2026-08-04	NM_000059.4:c.517_519delinsAAG	p.Gly173Lys	missense	VUS	VUS	0	2	MISSING_FUNCTIONAL	MISSING_FUNCTIONAL	PM5:moderate		neighbour_evidence
2020-01-01	2026-08-04	NM_000059.4:c.517_518delinsAA	p.Gly173Asn	missense	VUS	VUS	0	2	MISSING_FUNCTIONAL	MISSING_FUNCTIONAL	PM5:moderate		neighbour_evidence
2020-01-01	2026-08-04	NM_000059.4:c.517_519delinsACA	p.Gly173Thr	missense	VUS	VUS	0	2	MISSING_FUNCTIONAL	MISSING_FUNCTIONAL	PM5:moderate		neighbour_evidence
2020-01-01	2026-08-04	NM_000059.4:c.517_519delinsACC	p.Gly173Thr	missense	VUS	VUS	0	2	MISSING_FUNCTIONAL	MISSING_FUNCTIONAL	PM5:moderate		neighbour_evidence
2020-01-01	2026-08-04	NM_000059.4:c.517_519delinsACG	p.Gly173Thr	missense	VUS	VUS	0	2	MISSING_FUNCTIONAL	MISSING_FUNCTIONAL	PM5:moderate		neighbour_evidence
2020-01-01	2026-08-04	NM_000059.4:c.517_518delinsAC	p.Gly173Thr	missense	VUS	VUS	0	2	MISSING_FUNCTIONAL	MISSING_FUNCTIONAL	PM5:moderate		neighbour_evidence
2020-01-01	2026-08-04	NM_000059.4:c.517_519delinsAGA	p.Gly173Arg	missense	VUS	VUS	0	4	MISSING_FUNCTIONAL	MISSING_FUNCTIONAL	PS1:strong		neighbour_evidence
2020-01-01	2026-08-04	NM_000059.4:c.517_519delinsAGC	p.Gly173Ser	missense	VUS	VUS	0	2	MISSING_FUNCTIONAL	MISSING_FUNCTIONAL	PM5:moderate		neighbour_evidence
2020-01-01	2026-08-04	NM_000059.4:c.517_519delinsAGG	p.Gly173Arg	missense	VUS	VUS	0	4	MISSING_FUNCTIONAL	MISSING_FUNCTIONAL	PS1:strong		neighbour_evidence
2020-01-01	2026-08-04	NM_000059.4:c.517_519delinsATA	p.Gly173Ile	missense	VUS	VUS	0	2	MISSING_FUNCTIONAL	MISSING_FUNCTIONAL	PM5:moderate		neighbour_evidence
2020-01-01	2026-08-04	NM_000059.4:c.517_519delinsATC	p.Gly173Ile	missense	VUS	VUS	0	2	MISSING_FUNCTIONAL	MISSING_FUNCTIONAL	PM5:moderate		neighbour_evidence
2020-01-01	2026-08-04	NM_000059.4:c.517_519delinsATG	p.Gly173Met	missense	VUS	VUS	0	2	MISSING_FUNCTIONAL	MISSING_FUNCTIONAL	PM5:moderate		neighbour_evidence
2020-01-01	2026-08-04	NM_000059.4:c.517_518delinsAT	p.Gly173Ile	missense	VUS	VUS	0	2	MISSING_FUNCTIONAL	MISSING_FUNCTIONAL	PM5:moderate		neighbour_evidence
2020-01-01	2026-08-04	NM_000059.4:c.517_519delinsCAA	p.Gly173Gln	missense	VUS	VUS	0	2	MISSING_FUNCTIONAL	MISSING_FUNCTIONAL	PM5:moderate		neighbour_evidence
2020-01-01	2026-08-04	NM_000059.4:c.517_519delinsCAC	p.Gly173His	missense	VUS	VUS	0	2	MISSING_FUNCTIONAL	MISSING_FUNCTIONAL	PM5:moderate		neighbour_evidence
2020-01-01	2026-08-04	NM_000059.4:c.517_519delinsCAG	p.Gly173Gln	missense	VUS	VUS	0	2	MISSING_FUNCTIONAL	MISSING_FUNCTIONAL	PM5:moderate		neighbour_evidence
2020-01-01	2026-08-04	NM_000059.4:c.517_518delinsCA	p.Gly173His	missense	VUS	VUS	0	2	MISSING_FUNCTIONAL	MISSING_FUNCTIONAL	PM5:moderate		neighbour_evidence
2020-01-01	2026-08-04	NM_000059.4:c.517_519delinsCCA	p.Gly173Pro	missense	VUS	VUS	0	2	MISSING_FUNCTIONAL	MISSING_FUNCTIONAL	PM5:moderate		neighbour_evidence
2020-01-01	2026-08-04	NM_000059.4:c.517_519delinsCCC	p.Gly173Pro	missense	VUS	VUS	0	2	MISSING_FUNCTIONAL	MISSING_FUNCTIONAL	PM5:moderate		neighbour_evidence
2020-01-01	2026-08-04	NM_000059.4:c.517_519delinsCCG	p.Gly173Pro	missense	VUS	VUS	0	2	MISSING_FUNCTIONAL	MISSING_FUNCTIONAL	PM5:moderate		neighbour_evidence
2020-01-01	2026-08-04	NM_000059.4:c.517_518delinsCC	p.Gly173Pro	missense	VUS	VUS	0	2	MISSING_FUNCTIONAL	MISSING_FUNCTIONAL	PM5:moderate		neighbour_evidence
2020-01-01	2026-08-04	NM_000059.4:c.517_519delinsCGA	p.Gly173Arg	missense	VUS	VUS	0	4	MISSING_FUNCTIONAL	MISSING_FUNCTIONAL	PS1:strong		neighbour_evidence
2020-01-01	2026-08-04	NM_000059.4:c.517_519delinsCGC	p.Gly173Arg	missense	VUS	VUS	0	4	MISSING_FUNCTIONAL	MISSING_FUNCTIONAL	PS1:strong		neighbour_evidence
2020-01-01	2026-08-04	NM_000059.4:c.517_519delinsCGG	p.Gly173Arg	missense	VUS	VUS	0	4	MISSING_FUNCTIONAL	MISSING_FUNCTIONAL	PS1:strong		neighbour_evidence
2020-01-01	2026-08-04	NM_000059.4:c.517_519delinsCTA	p.Gly173Leu	missense	VUS	VUS	0	2	MISSING_FUNCTIONAL	MISSING_FUNCTIONAL	PM5:moderate		neighbour_evidence
2020-01-01	2026-08-04	NM_000059.4:c.517_519delinsCTC	p.Gly173Leu	missense	VUS	VUS	0	2	MISSING_FUNCTIONAL	MISSING_FUNCTIONAL	PM5:moderate		neighbour_evidence
2020-01-01	2026-08-04	NM_000059.4:c.517_519delinsCTG	p.Gly173Leu	missense	VUS	VUS	0	2	MISSING_FUNCTIONAL	MISSING_FUNCTIONAL	PM5:moderate		neighbour_evidence
2020-01-01	2026-08-04	NM_000059.4:c.517_518delinsCT	p.Gly173Leu	missense	VUS	VUS	0	2	MISSING_FUNCTIONAL	MISSING_FUNCTIONAL	PM5:moderate		neighbour_evidence
2020-01-01	2026-08-04	NM_000059.4:c.518_519delinsAA	p.Gly173Glu	missense	VUS	VUS	0	2	MISSING_FUNCTIONAL	MISSING_FUNCTIONAL	PM5:moderate		neighbour_evidence
2020-01-01	2026-08-04	NM_000059.4:c.518_519delinsAC	p.Gly173Asp	missense	VUS	VUS	0	2	MISSING_FUNCTIONAL	MISSING_FUNCTIONAL	PM5:moderate		neighbour_evidence
2020-01-01	2026-08-04	NM_000059.4:c.518_519delinsAG	p.Gly173Glu	missense	VUS	VUS	0	2	MISSING_FUNCTIONAL	MISSING_FUNCTIONAL	PM5:moderate		neighbour_evidence
2020-01-01	2026-08-04	NM_000059.4:c.518_519delinsCA	p.Gly173Ala	missense	VUS	VUS	0	2	MISSING_FUNCTIONAL	MISSING_FUNCTIONAL	PM5:moderate		neighbour_evidence
2020-01-01	2026-08-04	NM_000059.4:c.518_519delinsCC	p.Gly173Ala	missense	VUS	VUS	0	2	MISSING_FUNCTIONAL	MISSING_FUNCTIONAL	PM5:moderate		neighbour_evidence
2020-01-01	2026-08-04	NM_000059.4:c.518_519delinsCG	p.Gly173Ala	missense	VUS	VUS	0	2	MISSING_FUNCTIONAL	MISSING_FUNCTIONAL	PM5:moderate		neighbour_evidence
2020-01-01	2026-08-04	NM_000059.4:c.518_519delinsTA	p.Gly173Val	missense	VUS	VUS	0	2	MISSING_FUNCTIONAL	MISSING_FUNCTIONAL	PM5:moderate		neighbour_evidence
2020-01-01	2026-08-04	NM_000059.4:c.518_519delinsTC	p.Gly173Val	missense	VUS	VUS	0	2	MISSING_FUNCTIONAL	MISSING_FUNCTIONAL	PM5:moderate		neighbour_evidence
2020-01-01	2026-08-04	NM_000059.4:c.518_519delinsTG	p.Gly173Val	missense	VUS	VUS	0	2	MISSING_FUNCTIONAL	MISSING_FUNCTIONAL	PM5:moderate		neighbour_evidence
2020-01-01	2026-08-04	NM_000059.4:c.517_519delinsTAC	p.Gly173Tyr	missense	VUS	VUS	0	2	MISSING_FUNCTIONAL	MISSING_FUNCTIONAL	PM5:moderate		neighbour_evidence
2020-01-01	2026-08-04	NM_000059.4:c.517_518delinsTA	p.Gly173Tyr	missense	VUS	VUS	0	2	MISSING_FUNCTIONAL	MISSING_FUNCTIONAL	PM5:moderate		neighbour_evidence
2020-01-01	2026-08-04	NM_000059.4:c.517_519delinsTCA	p.Gly173Ser	missense	VUS	VUS	0	2	MISSING_FUNCTIONAL	MISSING_FUNCTIONAL	PM5:moderate		neighbour_evidence
2020-01-01	2026-08-04	NM_000059.4:c.517_519delinsTCC	p.Gly173Ser	missense	VUS	VUS	0	2	MISSING_FUNCTIONAL	MISSING_FUNCTIONAL	PM5:moderate		neighbour_evidence
2020-01-01	2026-08-04	NM_000059.4:c.517_519delinsTCG	p.Gly173Ser	missense	VUS	VUS	0	2	MISSING_FUNCTIONAL	MISSING_FUNCTIONAL	PM5:moderate		neighbour_evidence
2020-01-01	2026-08-04	NM_000059.4:c.517_518delinsTC	p.Gly173Ser	missense	VUS	VUS	0	2	MISSING_FUNCTIONAL	MISSING_FUNCTIONAL	PM5:moderate		neighbour_evidence
2020-01-01	2026-08-04	NM_000059.4:c.517_519delinsTGC	p.Gly173Cys	missense	VUS	VUS	0	2	MISSING_FUNCTIONAL	MISSING_FUNCTIONAL	PM5:moderate		neighbour_evidence
2020-01-01	2026-08-04	NM_000059.4:c.517_519delinsTGG	p.Gly173Trp	missense	VUS	VUS	0	2	MISSING_FUNCTIONAL	MISSING_FUNCTIONAL	PM5:moderate		neighbour_evidence
2020-01-01	2026-08-04	NM_000059.4:c.517_519delinsTTA	p.Gly173Leu	missense	VUS	VUS	0	2	MISSING_FUNCTIONAL	MISSING_FUNCTIONAL	PM5:moderate		neighbour_evidence
2020-01-01	2026-08-04	NM_000059.4:c.517_519delinsTTC	p.Gly173Phe	missense	VUS	VUS	0	2	MISSING_FUNCTIONAL	MISSING_FUNCTIONAL	PM5:moderate		neighbour_evidence
2020-01-01	2026-08-04	NM_000059.4:c.517_519delinsTTG	p.Gly173Leu	missense	VUS	VUS	0	2	MISSING_FUNCTIONAL	MISSING_FUNCTIONAL	PM5:moderate		neighbour_evidence
2020-01-01	2026-08-04	NM_000059.4:c.517_518delinsTT	p.Gly173Phe	missense	VUS	VUS	0	2	MISSING_FUNCTIONAL	MISSING_FUNCTIONAL	PM5:moderate		neighbour_evidence
2020-01-01	2026-08-04	NM_000059.4:c.565_567delinsAAA	p.Asp189Lys	missense	VUS	VUS	0	2	MISSING_FUNCTIONAL	MISSING_FUNCTIONAL	PM5:moderate		neighbour_evidence
2020-01-01	2026-08-04	NM_000059.4:c.565_567delinsAAC	p.Asp189Asn	missense	VUS	VUS	0	2	MISSING_FUNCTIONAL	MISSING_FUNCTIONAL	PM5:moderate		neighbour_evidence
2020-01-01	2026-08-04	NM_000059.4:c.565_567delinsAAG	p.Asp189Lys	missense	VUS	VUS	0	2	MISSING_FUNCTIONAL	MISSING_FUNCTIONAL	PM5:moderate		neighbour_evidence
2020-01-01	2026-08-04	NM_000059.4:c.565_567delinsACA	p.Asp189Thr	missense	VUS	VUS	0	2	MISSING_FUNCTIONAL	MISSING_FUNCTIONAL	PM5:moderate		neighbour_evidence
2020-01-01	2026-08-04	NM_000059.4:c.565_567delinsACC	p.Asp189Thr	missense	VUS	VUS	0	2	MISSING_FUNCTIONAL	MISSING_FUNCTIONAL	PM5:moderate		neighbour_evidence
2020-01-01	2026-08-04	NM_000059.4:c.565_567delinsACG	p.Asp189Thr	missense	VUS	VUS	0	2	MISSING_FUNCTIONAL	MISSING_FUNCTIONAL	PM5:moderate		neighbour_evidence
2020-01-01	2026-08-04	NM_000059.4:c.565_566delinsAC	p.Asp189Thr	missense	VUS	VUS	0	2	MISSING_FUNCTIONAL	MISSING_FUNCTIONAL	PM5:moderate		neighbour_evidence
2020-01-01	2026-08-04	NM_000059.4:c.565_567delinsAGA	p.Asp189Arg	missense	VUS	VUS	0	2	MISSING_FUNCTIONAL	MISSING_FUNCTIONAL	PM5:moderate		neighbour_evidence
2020-01-01	2026-08-04	NM_000059.4:c.565_567delinsAGC	p.Asp189Ser	missense	VUS	VUS	0	2	MISSING_FUNCTIONAL	MISSING_FUNCTIONAL	PM5:moderate		neighbour_evidence
2020-01-01	2026-08-04	NM_000059.4:c.565_567delinsAGG	p.Asp189Arg	missense	VUS	VUS	0	2	MISSING_FUNCTIONAL	MISSING_FUNCTIONAL	PM5:moderate		neighbour_evidence
2020-01-01	2026-08-04	NM_000059.4:c.565_566delinsAG	p.Asp189Ser	missense	VUS	VUS	0	2	MISSING_FUNCTIONAL	MISSING_FUNCTIONAL	PM5:moderate		neighbour_evidence
2020-01-01	2026-08-04	NM_000059.4:c.565_567delinsATA	p.Asp189Ile	missense	VUS	VUS	0	2	MISSING_FUNCTIONAL	MISSING_FUNCTIONAL	PM5:moderate		neighbour_evidence
2020-01-01	2026-08-04	NM_000059.4:c.565_567delinsATC	p.Asp189Ile	missense	VUS	VUS	0	2	MISSING_FUNCTIONAL	MISSING_FUNCTIONAL	PM5:moderate		neighbour_evidence
2020-01-01	2026-08-04	NM_000059.4:c.565_567delinsATG	p.Asp189Met	missense	VUS	VUS	0	2	MISSING_FUNCTIONAL	MISSING_FUNCTIONAL	PM5:moderate		neighbour_evidence
2020-01-01	2026-08-04	NM_000059.4:c.565_566delinsAT	p.Asp189Ile	missense	VUS	VUS	0	2	MISSING_FUNCTIONAL	MISSING_FUNCTIONAL	PM5:moderate		neighbour_evidence
2020-01-01	2026-08-04	NM_000059.4:c.565_567delinsCAA	p.Asp189Gln	missense	VUS	VUS	0	2	MISSING_FUNCTIONAL	MISSING_FUNCTIONAL	PM5:moderate		neighbour_evidence
2020-01-01	2026-08-04	NM_000059.4:c.565_567delinsCAC	p.Asp189His	missense	VUS	VUS	0	2	MISSING_FUNCTIONAL	MISSING_FUNCTIONAL	PM5:moderate		neighbour_evidence
2020-01-01	2026-08-04	NM_000059.4:c.565_567delinsCAG	p.Asp189Gln	missense	VUS	VUS	0	2	MISSING_FUNCTIONAL	MISSING_FUNCTIONAL	PM5:moderate		neighbour_evidence
2020-01-01	2026-08-04	NM_000059.4:c.565_567delinsCCA	p.Asp189Pro	missense	VUS	VUS	0	2	MISSING_FUNCTIONAL	MISSING_FUNCTIONAL	PM5:moderate		neighbour_evidence
2020-01-01	2026-08-04	NM_000059.4:c.565_567delinsCCC	p.Asp189Pro	missense	VUS	VUS	0	2	MISSING_FUNCTIONAL	MISSING_FUNCTIONAL	PM5:moderate		neighbour_evidence
2020-01-01	2026-08-04	NM_000059.4:c.565_567delinsCCG	p.Asp189Pro	missense	VUS	VUS	0	2	MISSING_FUNCTIONAL	MISSING_FUNCTIONAL	PM5:moderate		neighbour_evidence
2020-01-01	2026-08-04	NM_000059.4:c.565_566delinsCC	p.Asp189Pro	missense	VUS	VUS	0	2	MISSING_FUNCTIONAL	MISSING_FUNCTIONAL	PM5:moderate		neighbour_evidence
2020-01-01	2026-08-04	NM_000059.4:c.565_567delinsCGA	p.Asp189Arg	missense	VUS	VUS	0	2	MISSING_FUNCTIONAL	MISSING_FUNCTIONAL	PM5:moderate		neighbour_evidence
2020-01-01	2026-08-04	NM_000059.4:c.565_567delinsCGC	p.Asp189Arg	missense	VUS	VUS	0	2	MISSING_FUNCTIONAL	MISSING_FUNCTIONAL	PM5:moderate		neighbour_evidence
2020-01-01	2026-08-04	NM_000059.4:c.565_567delinsCGG	p.Asp189Arg	missense	VUS	VUS	0	2	MISSING_FUNCTIONAL	MISSING_FUNCTIONAL	PM5:moderate		neighbour_evidence
2020-01-01	2026-08-04	NM_000059.4:c.565_566delinsCG	p.Asp189Arg	missense	VUS	VUS	0	2	MISSING_FUNCTIONAL	MISSING_FUNCTIONAL	PM5:moderate		neighbour_evidence
2020-01-01	2026-08-04	NM_000059.4:c.565_567delinsCTA	p.Asp189Leu	missense	VUS	VUS	0	2	MISSING_FUNCTIONAL	MISSING_FUNCTIONAL	PM5:moderate		neighbour_evidence
2020-01-01	2026-08-04	NM_000059.4:c.565_567delinsCTC	p.Asp189Leu	missense	VUS	VUS	0	2	MISSING_FUNCTIONAL	MISSING_FUNCTIONAL	PM5:moderate		neighbour_evidence
2020-01-01	2026-08-04	NM_000059.4:c.565_567delinsCTG	p.Asp189Leu	missense	VUS	VUS	0	2	MISSING_FUNCTIONAL	MISSING_FUNCTIONAL	PM5:moderate		neighbour_evidence
2020-01-01	2026-08-04	NM_000059.4:c.565_566delinsCT	p.Asp189Leu	missense	VUS	VUS	0	2	MISSING_FUNCTIONAL	MISSING_FUNCTIONAL	PM5:moderate		neighbour_evidence
2020-01-01	2026-08-04	NM_000059.4:c.566_567delinsCA	p.Asp189Ala	missense	VUS	VUS	0	2	MISSING_FUNCTIONAL	MISSING_FUNCTIONAL	PM5:moderate		neighbour_evidence
2020-01-01	2026-08-04	NM_000059.4:c.566_567delinsCC	p.Asp189Ala	missense	VUS	VUS	0	2	MISSING_FUNCTIONAL	MISSING_FUNCTIONAL	PM5:moderate		neighbour_evidence
2020-01-01	2026-08-04	NM_000059.4:c.566_567delinsCG	p.Asp189Ala	missense	VUS	VUS	0	2	MISSING_FUNCTIONAL	MISSING_FUNCTIONAL	PM5:moderate		neighbour_evidence
2020-01-01	2026-08-04	NM_000059.4:c.566_567delinsGA	p.Asp189Gly	missense	VUS	VUS	0	4	MISSING_FUNCTIONAL	MISSING_FUNCTIONAL	PS1:strong		neighbour_evidence
2020-01-01	2026-08-04	NM_000059.4:c.566_567delinsGC	p.Asp189Gly	missense	VUS	VUS	0	4	MISSING_FUNCTIONAL	MISSING_FUNCTIONAL	PS1:strong		neighbour_evidence
2020-01-01	2026-08-04	NM_000059.4:c.566_567delinsGG	p.Asp189Gly	missense	VUS	VUS	0	4	MISSING_FUNCTIONAL	MISSING_FUNCTIONAL	PS1:strong		neighbour_evidence
2020-01-01	2026-08-04	NM_000059.4:c.566_567delinsTA	p.Asp189Val	missense	VUS	VUS	0	2	MISSING_FUNCTIONAL	MISSING_FUNCTIONAL	PM5:moderate		neighbour_evidence
2020-01-01	2026-08-04	NM_000059.4:c.566_567delinsTC	p.Asp189Val	missense	VUS	VUS	0	2	MISSING_FUNCTIONAL	MISSING_FUNCTIONAL	PM5:moderate		neighbour_evidence
2020-01-01	2026-08-04	NM_000059.4:c.566_567delinsTG	p.Asp189Val	missense	VUS	VUS	0	2	MISSING_FUNCTIONAL	MISSING_FUNCTIONAL	PM5:moderate		neighbour_evidence
2020-01-01	2026-08-04	NM_000059.4:c.565_567delinsTAC	p.Asp189Tyr	missense	VUS	VUS	0	2	MISSING_FUNCTIONAL	MISSING_FUNCTIONAL	PM5:moderate		neighbour_evidence
2020-01-01	2026-08-04	NM_000059.4:c.565_567delinsTCA	p.Asp189Ser	missense	VUS	VUS	0	2	MISSING_FUNCTIONAL	MISSING_FUNCTIONAL	PM5:moderate		neighbour_evidence
2020-01-01	2026-08-04	NM_000059.4:c.565_567delinsTCC	p.Asp189Ser	missense	VUS	VUS	0	2	MISSING_FUNCTIONAL	MISSING_FUNCTIONAL	PM5:moderate		neighbour_evidence
2020-01-01	2026-08-04	NM_000059.4:c.565_567delinsTCG	p.Asp189Ser	missense	VUS	VUS	0	2	MISSING_FUNCTIONAL	MISSING_FUNCTIONAL	PM5:moderate		neighbour_evidence
2020-01-01	2026-08-04	NM_000059.4:c.565_566delinsTC	p.Asp189Ser	missense	VUS	VUS	0	2	MISSING_FUNCTIONAL	MISSING_FUNCTIONAL	PM5:moderate		neighbour_evidence
2020-01-01	2026-08-04	NM_000059.4:c.565_567delinsTGC	p.Asp189Cys	missense	VUS	VUS	0	2	MISSING_FUNCTIONAL	MISSING_FUNCTIONAL	PM5:moderate		neighbour_evidence
2020-01-01	2026-08-04	NM_000059.4:c.565_567delinsTGG	p.Asp189Trp	missense	VUS	VUS	0	2	MISSING_FUNCTIONAL	MISSING_FUNCTIONAL	PM5:moderate		neighbour_evidence
2020-01-01	2026-08-04	NM_000059.4:c.565_566delinsTG	p.Asp189Cys	missense	VUS	VUS	0	2	MISSING_FUNCTIONAL	MISSING_FUNCTIONAL	PM5:moderate		neighbour_evidence
2020-01-01	2026-08-04	NM_000059.4:c.565_567delinsTTA	p.Asp189Leu	missense	VUS	VUS	0	2	MISSING_FUNCTIONAL	MISSING_FUNCTIONAL	PM5:moderate		neighbour_evidence
2020-01-01	2026-08-04	NM_000059.4:c.565_567delinsTTC	p.Asp189Phe	missense	VUS	VUS	0	2	MISSING_FUNCTIONAL	MISSING_FUNCTIONAL	PM5:moderate		neighbour_evidence
2020-01-01	2026-08-04	NM_000059.4:c.565_567delinsTTG	p.Asp189Leu	missense	VUS	VUS	0	2	MISSING_FUNCTIONAL	MISSING_FUNCTIONAL	PM5:moderate		neighbour_evidence
2020-01-01	2026-08-04	NM_000059.4:c.565_566delinsTT	p.Asp189Phe	missense	VUS	VUS	0	2	MISSING_FUNCTIONAL	MISSING_FUNCTIONAL	PM5:moderate		neighbour_evidence
2020-01-01	2026-08-04	NM_000059.4:c.631_633delinsAAA	p.Val211Lys	missense	VUS	VUS	0	2	MISSING_FUNCTIONAL	MISSING_FUNCTIONAL	PM5:moderate		neighbour_evidence
2020-01-01	2026-08-04	NM_000059.4:c.631_632delinsAA	p.Val211Asn	missense	VUS	VUS	0	2	MISSING_FUNCTIONAL	MISSING_FUNCTIONAL	PM5:moderate		neighbour_evidence
2020-01-01	2026-08-04	NM_000059.4:c.631_633delinsAAG	p.Val211Lys	missense	VUS	VUS	0	2	MISSING_FUNCTIONAL	MISSING_FUNCTIONAL	PM5:moderate		neighbour_evidence
2020-01-01	2026-08-04	NM_000059.4:c.631_633delinsAAT	p.Val211Asn	missense	VUS	VUS	0	2	MISSING_FUNCTIONAL	MISSING_FUNCTIONAL	PM5:moderate		neighbour_evidence
2020-01-01	2026-08-04	NM_000059.4:c.631_633delinsACA	p.Val211Thr	missense	VUS	VUS	0	2	MISSING_FUNCTIONAL	MISSING_FUNCTIONAL	PM5:moderate		neighbour_evidence
2020-01-01	2026-08-04	NM_000059.4:c.631_632delinsAC	p.Val211Thr	missense	VUS	VUS	0	2	MISSING_FUNCTIONAL	MISSING_FUNCTIONAL	PM5:moderate		neighbour_evidence
2020-01-01	2026-08-04	NM_000059.4:c.631_633delinsACG	p.Val211Thr	missense	VUS	VUS	0	2	MISSING_FUNCTIONAL	MISSING_FUNCTIONAL	PM5:moderate		neighbour_evidence
2020-01-01	2026-08-04	NM_000059.4:c.631_633delinsACT	p.Val211Thr	missense	VUS	VUS	0	2	MISSING_FUNCTIONAL	MISSING_FUNCTIONAL	PM5:moderate		neighbour_evidence
2020-01-01	2026-08-04	NM_000059.4:c.631_633delinsAGA	p.Val211Arg	missense	VUS	VUS	0	2	MISSING_FUNCTIONAL	MISSING_FUNCTIONAL	PM5:moderate		neighbour_evidence
2020-01-01	2026-08-04	NM_000059.4:c.631_632delinsAG	p.Val211Ser	missense	VUS	VUS	0	2	MISSING_FUNCTIONAL	MISSING_FUNCTIONAL	PM5:moderate		neighbour_evidence
2020-01-01	2026-08-04	NM_000059.4:c.631_633delinsAGG	p.Val211Arg	missense	VUS	VUS	0	2	MISSING_FUNCTIONAL	MISSING_FUNCTIONAL	PM5:moderate		neighbour_evidence
2020-01-01	2026-08-04	NM_000059.4:c.631_633delinsAGT	p.Val211Ser	missense	VUS	VUS	0	2	MISSING_FUNCTIONAL	MISSING_FUNCTIONAL	PM5:moderate		neighbour_evidence
2020-01-01	2026-08-04	NM_000059.4:c.631_633delinsATA	p.Val211Ile	missense	VUS	LP	0	6	MISSING_FUNCTIONAL	RESOLVED_NOT_BLOCKED	PM5:moderate;PS1:strong		neighbour_evidence
2020-01-01	2026-08-04	NM_000059.4:c.631_633delinsATG	p.Val211Met	missense	VUS	VUS	0	2	MISSING_FUNCTIONAL	MISSING_FUNCTIONAL	PM5:moderate		neighbour_evidence
2020-01-01	2026-08-04	NM_000059.4:c.631_633delinsATT	p.Val211Ile	missense	VUS	LP	0	6	MISSING_FUNCTIONAL	RESOLVED_NOT_BLOCKED	PM5:moderate;PS1:strong		neighbour_evidence
2020-01-01	2026-08-04	NM_000059.4:c.631_633delinsCAA	p.Val211Gln	missense	VUS	VUS	0	2	MISSING_FUNCTIONAL	MISSING_FUNCTIONAL	PM5:moderate		neighbour_evidence
2020-01-01	2026-08-04	NM_000059.4:c.631_632delinsCA	p.Val211His	missense	VUS	VUS	0	2	MISSING_FUNCTIONAL	MISSING_FUNCTIONAL	PM5:moderate		neighbour_evidence
2020-01-01	2026-08-04	NM_000059.4:c.631_633delinsCAG	p.Val211Gln	missense	VUS	VUS	0	2	MISSING_FUNCTIONAL	MISSING_FUNCTIONAL	PM5:moderate		neighbour_evidence
2020-01-01	2026-08-04	NM_000059.4:c.631_633delinsCAT	p.Val211His	missense	VUS	VUS	0	2	MISSING_FUNCTIONAL	MISSING_FUNCTIONAL	PM5:moderate		neighbour_evidence
2020-01-01	2026-08-04	NM_000059.4:c.631_633delinsCCA	p.Val211Pro	missense	VUS	VUS	0	2	MISSING_FUNCTIONAL	MISSING_FUNCTIONAL	PM5:moderate		neighbour_evidence
2020-01-01	2026-08-04	NM_000059.4:c.631_632delinsCC	p.Val211Pro	missense	VUS	VUS	0	2	MISSING_FUNCTIONAL	MISSING_FUNCTIONAL	PM5:moderate		neighbour_evidence
2020-01-01	2026-08-04	NM_000059.4:c.631_633delinsCCG	p.Val211Pro	missense	VUS	VUS	0	2	MISSING_FUNCTIONAL	MISSING_FUNCTIONAL	PM5:moderate		neighbour_evidence
2020-01-01	2026-08-04	NM_000059.4:c.631_633delinsCCT	p.Val211Pro	missense	VUS	VUS	0	2	MISSING_FUNCTIONAL	MISSING_FUNCTIONAL	PM5:moderate		neighbour_evidence
2020-01-01	2026-08-04	NM_000059.4:c.631_633delinsCGA	p.Val211Arg	missense	VUS	VUS	0	2	MISSING_FUNCTIONAL	MISSING_FUNCTIONAL	PM5:moderate		neighbour_evidence
2020-01-01	2026-08-04	NM_000059.4:c.631_632delinsCG	p.Val211Arg	missense	VUS	VUS	0	2	MISSING_FUNCTIONAL	MISSING_FUNCTIONAL	PM5:moderate		neighbour_evidence
2020-01-01	2026-08-04	NM_000059.4:c.631_633delinsCGG	p.Val211Arg	missense	VUS	VUS	0	2	MISSING_FUNCTIONAL	MISSING_FUNCTIONAL	PM5:moderate		neighbour_evidence
2020-01-01	2026-08-04	NM_000059.4:c.631_633delinsCGT	p.Val211Arg	missense	VUS	VUS	0	2	MISSING_FUNCTIONAL	MISSING_FUNCTIONAL	PM5:moderate		neighbour_evidence
2020-01-01	2026-08-04	NM_000059.4:c.631_633delinsCTA	p.Val211Leu	missense	VUS	LP	0	6	MISSING_FUNCTIONAL	RESOLVED_NOT_BLOCKED	PM5:moderate;PS1:strong		neighbour_evidence
2020-01-01	2026-08-04	NM_000059.4:c.631_633delinsCTG	p.Val211Leu	missense	VUS	LP	0	6	MISSING_FUNCTIONAL	RESOLVED_NOT_BLOCKED	PM5:moderate;PS1:strong		neighbour_evidence
2020-01-01	2026-08-04	NM_000059.4:c.631_633delinsCTT	p.Val211Leu	missense	VUS	LP	0	6	MISSING_FUNCTIONAL	RESOLVED_NOT_BLOCKED	PM5:moderate;PS1:strong		neighbour_evidence
2020-01-01	2026-08-04	NM_000059.4:c.632_633delinsAA	p.Val211Glu	missense	VUS	VUS	0	2	MISSING_FUNCTIONAL	MISSING_FUNCTIONAL	PM5:moderate		neighbour_evidence
2020-01-01	2026-08-04	NM_000059.4:c.632_633delinsAG	p.Val211Glu	missense	VUS	VUS	0	2	MISSING_FUNCTIONAL	MISSING_FUNCTIONAL	PM5:moderate		neighbour_evidence
2020-01-01	2026-08-04	NM_000059.4:c.632_633delinsAT	p.Val211Asp	missense	VUS	VUS	0	2	MISSING_FUNCTIONAL	MISSING_FUNCTIONAL	PM5:moderate		neighbour_evidence
2020-01-01	2026-08-04	NM_000059.4:c.632_633delinsCA	p.Val211Ala	missense	VUS	VUS	0	2	MISSING_FUNCTIONAL	MISSING_FUNCTIONAL	PM5:moderate		neighbour_evidence
2020-01-01	2026-08-04	NM_000059.4:c.632_633delinsCG	p.Val211Ala	missense	VUS	VUS	0	2	MISSING_FUNCTIONAL	MISSING_FUNCTIONAL	PM5:moderate		neighbour_evidence
2020-01-01	2026-08-04	NM_000059.4:c.632_633delinsCT	p.Val211Ala	missense	VUS	VUS	0	2	MISSING_FUNCTIONAL	MISSING_FUNCTIONAL	PM5:moderate		neighbour_evidence
2020-01-01	2026-08-04	NM_000059.4:c.632_633delinsGA	p.Val211Gly	missense	VUS	VUS	0	2	MISSING_FUNCTIONAL	MISSING_FUNCTIONAL	PM5:moderate		neighbour_evidence
2020-01-01	2026-08-04	NM_000059.4:c.632_633delinsGG	p.Val211Gly	missense	VUS	VUS	0	2	MISSING_FUNCTIONAL	MISSING_FUNCTIONAL	PM5:moderate		neighbour_evidence
2020-01-01	2026-08-04	NM_000059.4:c.632_633delinsGT	p.Val211Gly	missense	VUS	VUS	0	2	MISSING_FUNCTIONAL	MISSING_FUNCTIONAL	PM5:moderate		neighbour_evidence
2020-01-01	2026-08-04	NM_000059.4:c.631_632delinsTA	p.Val211Tyr	missense	VUS	VUS	0	2	MISSING_FUNCTIONAL	MISSING_FUNCTIONAL	PM5:moderate		neighbour_evidence
2020-01-01	2026-08-04	NM_000059.4:c.631_633delinsTAT	p.Val211Tyr	missense	VUS	VUS	0	2	MISSING_FUNCTIONAL	MISSING_FUNCTIONAL	PM5:moderate		neighbour_evidence
2020-01-01	2026-08-04	NM_000059.4:c.631_633delinsTCA	p.Val211Ser	missense	VUS	VUS	0	2	MISSING_FUNCTIONAL	MISSING_FUNCTIONAL	PM5:moderate		neighbour_evidence
2020-01-01	2026-08-04	NM_000059.4:c.631_632delinsTC	p.Val211Ser	missense	VUS	VUS	0	2	MISSING_FUNCTIONAL	MISSING_FUNCTIONAL	PM5:moderate		neighbour_evidence
2020-01-01	2026-08-04	NM_000059.4:c.631_633delinsTCG	p.Val211Ser	missense	VUS	VUS	0	2	MISSING_FUNCTIONAL	MISSING_FUNCTIONAL	PM5:moderate		neighbour_evidence
2020-01-01	2026-08-04	NM_000059.4:c.631_633delinsTCT	p.Val211Ser	missense	VUS	VUS	0	2	MISSING_FUNCTIONAL	MISSING_FUNCTIONAL	PM5:moderate		neighbour_evidence
2020-01-01	2026-08-04	NM_000059.4:c.631_632delinsTG	p.Val211Cys	missense	VUS	VUS	0	2	MISSING_FUNCTIONAL	MISSING_FUNCTIONAL	PM5:moderate		neighbour_evidence
2020-01-01	2026-08-04	NM_000059.4:c.631_633delinsTGG	p.Val211Trp	missense	VUS	VUS	0	2	MISSING_FUNCTIONAL	MISSING_FUNCTIONAL	PM5:moderate		neighbour_evidence
2020-01-01	2026-08-04	NM_000059.4:c.631_633delinsTGT	p.Val211Cys	missense	VUS	VUS	0	2	MISSING_FUNCTIONAL	MISSING_FUNCTIONAL	PM5:moderate		neighbour_evidence
2020-01-01	2026-08-04	NM_000059.4:c.631_633delinsTTA	p.Val211Leu	missense	VUS	LP	0	6	MISSING_FUNCTIONAL	RESOLVED_NOT_BLOCKED	PM5:moderate;PS1:strong		neighbour_evidence
2020-01-01	2026-08-04	NM_000059.4:c.631_633delinsTTG	p.Val211Leu	missense	VUS	LP	0	6	MISSING_FUNCTIONAL	RESOLVED_NOT_BLOCKED	PM5:moderate;PS1:strong		neighbour_evidence
2020-01-01	2026-08-04	NM_000059.4:c.631_633delinsTTT	p.Val211Phe	missense	VUS	VUS	0	2	MISSING_FUNCTIONAL	MISSING_FUNCTIONAL	PM5:moderate		neighbour_evidence
2020-01-01	2026-08-04	NM_000059.4:c.7006_7008delinsAAA	p.Arg2336Lys	missense	VUS	VUS	0	2	MISSING_FUNCTIONAL	MISSING_FUNCTIONAL	PM5:moderate		neighbour_evidence
2020-01-01	2026-08-04	NM_000059.4:c.7006_7007delinsAA	p.Arg2336Asn	missense	VUS	VUS	0	2	MISSING_FUNCTIONAL	MISSING_FUNCTIONAL	PM5:moderate		neighbour_evidence
2020-01-01	2026-08-04	NM_000059.4:c.7006_7008delinsAAG	p.Arg2336Lys	missense	VUS	VUS	0	2	MISSING_FUNCTIONAL	MISSING_FUNCTIONAL	PM5:moderate		neighbour_evidence
2020-01-01	2026-08-04	NM_000059.4:c.7006_7008delinsAAT	p.Arg2336Asn	missense	VUS	VUS	0	2	MISSING_FUNCTIONAL	MISSING_FUNCTIONAL	PM5:moderate		neighbour_evidence
2020-01-01	2026-08-04	NM_000059.4:c.7006_7008delinsACA	p.Arg2336Thr	missense	VUS	VUS	0	2	MISSING_FUNCTIONAL	MISSING_FUNCTIONAL	PM5:moderate		neighbour_evidence
2020-01-01	2026-08-04	NM_000059.4:c.7006_7007delinsAC	p.Arg2336Thr	missense	VUS	VUS	0	2	MISSING_FUNCTIONAL	MISSING_FUNCTIONAL	PM5:moderate		neighbour_evidence
2020-01-01	2026-08-04	NM_000059.4:c.7006_7008delinsACG	p.Arg2336Thr	missense	VUS	VUS	0	2	MISSING_FUNCTIONAL	MISSING_FUNCTIONAL	PM5:moderate		neighbour_evidence
2020-01-01	2026-08-04	NM_000059.4:c.7006_7008delinsACT	p.Arg2336Thr	missense	VUS	VUS	0	2	MISSING_FUNCTIONAL	MISSING_FUNCTIONAL	PM5:moderate		neighbour_evidence
2020-01-01	2026-08-04	NM_000059.4:c.7006_7008delinsAGT	p.Arg2336Ser	missense	VUS	VUS	0	2	MISSING_FUNCTIONAL	MISSING_FUNCTIONAL	PM5:moderate		neighbour_evidence
2020-01-01	2026-08-04	NM_000059.4:c.7006_7008delinsATA	p.Arg2336Ile	missense	VUS	VUS	0	2	MISSING_FUNCTIONAL	MISSING_FUNCTIONAL	PM5:moderate		neighbour_evidence
2020-01-01	2026-08-04	NM_000059.4:c.7006_7007delinsAT	p.Arg2336Ile	missense	VUS	VUS	0	2	MISSING_FUNCTIONAL	MISSING_FUNCTIONAL	PM5:moderate		neighbour_evidence
2020-01-01	2026-08-04	NM_000059.4:c.7006_7008delinsATG	p.Arg2336Met	missense	VUS	VUS	0	2	MISSING_FUNCTIONAL	MISSING_FUNCTIONAL	PM5:moderate		neighbour_evidence
2020-01-01	2026-08-04	NM_000059.4:c.7006_7008delinsATT	p.Arg2336Ile	missense	VUS	VUS	0	2	MISSING_FUNCTIONAL	MISSING_FUNCTIONAL	PM5:moderate		neighbour_evidence
2020-01-01	2026-08-04	NM_000059.4:c.7007_7008delinsAA	p.Arg2336Gln	missense	VUS	VUS	0	2	MISSING_FUNCTIONAL	MISSING_FUNCTIONAL	PM5:moderate		neighbour_evidence
2020-01-01	2026-08-04	NM_000059.4:c.7007_7008delinsAG	p.Arg2336Gln	missense	VUS	VUS	0	2	MISSING_FUNCTIONAL	MISSING_FUNCTIONAL	PM5:moderate		neighbour_evidence
2020-01-01	2026-08-04	NM_000059.4:c.7007_7008delinsAT	p.Arg2336His	missense	VUS	LP	0	6	MISSING_FUNCTIONAL	RESOLVED_NOT_BLOCKED	PM5:moderate;PS1:strong		neighbour_evidence
2020-01-01	2026-08-04	NM_000059.4:c.7007_7008delinsCA	p.Arg2336Pro	missense	VUS	LP	0	6	MISSING_FUNCTIONAL	RESOLVED_NOT_BLOCKED	PM5:moderate;PS1:strong		neighbour_evidence
2020-01-01	2026-08-04	NM_000059.4:c.7007_7008delinsCG	p.Arg2336Pro	missense	VUS	LP	0	6	MISSING_FUNCTIONAL	RESOLVED_NOT_BLOCKED	PM5:moderate;PS1:strong		neighbour_evidence
2020-01-01	2026-08-04	NM_000059.4:c.7007_7008delinsCT	p.Arg2336Pro	missense	VUS	LP	0	6	MISSING_FUNCTIONAL	RESOLVED_NOT_BLOCKED	PM5:moderate;PS1:strong		neighbour_evidence
2020-01-01	2026-08-04	NM_000059.4:c.7007_7008delinsTA	p.Arg2336Leu	missense	VUS	LP	0	6	MISSING_FUNCTIONAL	RESOLVED_NOT_BLOCKED	PM5:moderate;PS1:strong		neighbour_evidence
2020-01-01	2026-08-04	NM_000059.4:c.7007_7008delinsTG	p.Arg2336Leu	missense	VUS	LP	0	6	MISSING_FUNCTIONAL	RESOLVED_NOT_BLOCKED	PM5:moderate;PS1:strong		neighbour_evidence
2020-01-01	2026-08-04	NM_000059.4:c.7007_7008delinsTT	p.Arg2336Leu	missense	VUS	LP	0	6	MISSING_FUNCTIONAL	RESOLVED_NOT_BLOCKED	PM5:moderate;PS1:strong		neighbour_evidence
2020-01-01	2026-08-04	NM_000059.4:c.7006_7008delinsGAA	p.Arg2336Glu	missense	VUS	VUS	0	2	MISSING_FUNCTIONAL	MISSING_FUNCTIONAL	PM5:moderate		neighbour_evidence
2020-01-01	2026-08-04	NM_000059.4:c.7006_7007delinsGA	p.Arg2336Asp	missense	VUS	VUS	0	2	MISSING_FUNCTIONAL	MISSING_FUNCTIONAL	PM5:moderate		neighbour_evidence
2020-01-01	2026-08-04	NM_000059.4:c.7006_7008delinsGAG	p.Arg2336Glu	missense	VUS	VUS	0	2	MISSING_FUNCTIONAL	MISSING_FUNCTIONAL	PM5:moderate		neighbour_evidence
2020-01-01	2026-08-04	NM_000059.4:c.7006_7008delinsGAT	p.Arg2336Asp	missense	VUS	VUS	0	2	MISSING_FUNCTIONAL	MISSING_FUNCTIONAL	PM5:moderate		neighbour_evidence
2020-01-01	2026-08-04	NM_000059.4:c.7006_7008delinsGCA	p.Arg2336Ala	missense	VUS	VUS	0	2	MISSING_FUNCTIONAL	MISSING_FUNCTIONAL	PM5:moderate		neighbour_evidence
2020-01-01	2026-08-04	NM_000059.4:c.7006_7007delinsGC	p.Arg2336Ala	missense	VUS	VUS	0	2	MISSING_FUNCTIONAL	MISSING_FUNCTIONAL	PM5:moderate		neighbour_evidence
2020-01-01	2026-08-04	NM_000059.4:c.7006_7008delinsGCG	p.Arg2336Ala	missense	VUS	VUS	0	2	MISSING_FUNCTIONAL	MISSING_FUNCTIONAL	PM5:moderate		neighbour_evidence
2020-01-01	2026-08-04	NM_000059.4:c.7006_7008delinsGCT	p.Arg2336Ala	missense	VUS	VUS	0	2	MISSING_FUNCTIONAL	MISSING_FUNCTIONAL	PM5:moderate		neighbour_evidence
2020-01-01	2026-08-04	NM_000059.4:c.7006_7008delinsGGA	p.Arg2336Gly	missense	VUS	VUS	0	2	MISSING_FUNCTIONAL	MISSING_FUNCTIONAL	PM5:moderate		neighbour_evidence
2020-01-01	2026-08-04	NM_000059.4:c.7006_7008delinsGGG	p.Arg2336Gly	missense	VUS	VUS	0	2	MISSING_FUNCTIONAL	MISSING_FUNCTIONAL	PM5:moderate		neighbour_evidence
2020-01-01	2026-08-04	NM_000059.4:c.7006_7008delinsGGT	p.Arg2336Gly	missense	VUS	VUS	0	2	MISSING_FUNCTIONAL	MISSING_FUNCTIONAL	PM5:moderate		neighbour_evidence
2020-01-01	2026-08-04	NM_000059.4:c.7006_7008delinsGTA	p.Arg2336Val	missense	VUS	VUS	0	2	MISSING_FUNCTIONAL	MISSING_FUNCTIONAL	PM5:moderate		neighbour_evidence
2020-01-01	2026-08-04	NM_000059.4:c.7006_7007delinsGT	p.Arg2336Val	missense	VUS	VUS	0	2	MISSING_FUNCTIONAL	MISSING_FUNCTIONAL	PM5:moderate		neighbour_evidence
2020-01-01	2026-08-04	NM_000059.4:c.7006_7008delinsGTG	p.Arg2336Val	missense	VUS	VUS	0	2	MISSING_FUNCTIONAL	MISSING_FUNCTIONAL	PM5:moderate		neighbour_evidence
2020-01-01	2026-08-04	NM_000059.4:c.7006_7008delinsGTT	p.Arg2336Val	missense	VUS	VUS	0	2	MISSING_FUNCTIONAL	MISSING_FUNCTIONAL	PM5:moderate		neighbour_evidence
2020-01-01	2026-08-04	NM_000059.4:c.7006_7007delinsTA	p.Arg2336Tyr	missense	VUS	VUS	0	2	MISSING_FUNCTIONAL	MISSING_FUNCTIONAL	PM5:moderate		neighbour_evidence
2020-01-01	2026-08-04	NM_000059.4:c.7006_7008delinsTAT	p.Arg2336Tyr	missense	VUS	VUS	0	2	MISSING_FUNCTIONAL	MISSING_FUNCTIONAL	PM5:moderate		neighbour_evidence
2020-01-01	2026-08-04	NM_000059.4:c.7006_7008delinsTCA	p.Arg2336Ser	missense	VUS	VUS	0	2	MISSING_FUNCTIONAL	MISSING_FUNCTIONAL	PM5:moderate		neighbour_evidence
2020-01-01	2026-08-04	NM_000059.4:c.7006_7007delinsTC	p.Arg2336Ser	missense	VUS	VUS	0	2	MISSING_FUNCTIONAL	MISSING_FUNCTIONAL	PM5:moderate		neighbour_evidence
2020-01-01	2026-08-04	NM_000059.4:c.7006_7008delinsTCG	p.Arg2336Ser	missense	VUS	VUS	0	2	MISSING_FUNCTIONAL	MISSING_FUNCTIONAL	PM5:moderate		neighbour_evidence
2020-01-01	2026-08-04	NM_000059.4:c.7006_7008delinsTCT	p.Arg2336Ser	missense	VUS	VUS	0	2	MISSING_FUNCTIONAL	MISSING_FUNCTIONAL	PM5:moderate		neighbour_evidence
2020-01-01	2026-08-04	NM_000059.4:c.7006_7008delinsTGG	p.Arg2336Trp	missense	VUS	VUS	0	2	MISSING_FUNCTIONAL	MISSING_FUNCTIONAL	PM5:moderate		neighbour_evidence
2020-01-01	2026-08-04	NM_000059.4:c.7006_7008delinsTGT	p.Arg2336Cys	missense	VUS	VUS	0	2	MISSING_FUNCTIONAL	MISSING_FUNCTIONAL	PM5:moderate		neighbour_evidence
2020-01-01	2026-08-04	NM_000059.4:c.7006_7008delinsTTA	p.Arg2336Leu	missense	VUS	LP	0	6	MISSING_FUNCTIONAL	RESOLVED_NOT_BLOCKED	PM5:moderate;PS1:strong		neighbour_evidence
2020-01-01	2026-08-04	NM_000059.4:c.7006_7007delinsTT	p.Arg2336Phe	missense	VUS	VUS	0	2	MISSING_FUNCTIONAL	MISSING_FUNCTIONAL	PM5:moderate		neighbour_evidence
2020-01-01	2026-08-04	NM_000059.4:c.7006_7008delinsTTG	p.Arg2336Leu	missense	VUS	LP	0	6	MISSING_FUNCTIONAL	RESOLVED_NOT_BLOCKED	PM5:moderate;PS1:strong		neighbour_evidence
2020-01-01	2026-08-04	NM_000059.4:c.7006_7008delinsTTT	p.Arg2336Phe	missense	VUS	VUS	0	2	MISSING_FUNCTIONAL	MISSING_FUNCTIONAL	PM5:moderate		neighbour_evidence
2020-01-01	2026-08-04	NM_000059.4:c.7219_7221delinsAAA	p.Val2407Lys	missense	VUS	VUS	0	2	MISSING_FUNCTIONAL	MISSING_FUNCTIONAL	PM5:moderate		neighbour_evidence
2020-01-01	2026-08-04	NM_000059.4:c.7219_7221delinsAAC	p.Val2407Asn	missense	VUS	VUS	0	2	MISSING_FUNCTIONAL	MISSING_FUNCTIONAL	PM5:moderate		neighbour_evidence
2020-01-01	2026-08-04	NM_000059.4:c.7219_7221delinsAAG	p.Val2407Lys	missense	VUS	VUS	0	2	MISSING_FUNCTIONAL	MISSING_FUNCTIONAL	PM5:moderate		neighbour_evidence
2020-01-01	2026-08-04	NM_000059.4:c.7219_7220delinsAA	p.Val2407Asn	missense	VUS	VUS	0	2	MISSING_FUNCTIONAL	MISSING_FUNCTIONAL	PM5:moderate		neighbour_evidence
2020-01-01	2026-08-04	NM_000059.4:c.7219_7221delinsACA	p.Val2407Thr	missense	VUS	VUS	0	2	MISSING_FUNCTIONAL	MISSING_FUNCTIONAL	PM5:moderate		neighbour_evidence
2020-01-01	2026-08-04	NM_000059.4:c.7219_7221delinsACC	p.Val2407Thr	missense	VUS	VUS	0	2	MISSING_FUNCTIONAL	MISSING_FUNCTIONAL	PM5:moderate		neighbour_evidence
2020-01-01	2026-08-04	NM_000059.4:c.7219_7221delinsACG	p.Val2407Thr	missense	VUS	VUS	0	2	MISSING_FUNCTIONAL	MISSING_FUNCTIONAL	PM5:moderate		neighbour_evidence
2020-01-01	2026-08-04	NM_000059.4:c.7219_7220delinsAC	p.Val2407Thr	missense	VUS	VUS	0	2	MISSING_FUNCTIONAL	MISSING_FUNCTIONAL	PM5:moderate		neighbour_evidence
2020-01-01	2026-08-04	NM_000059.4:c.7219_7221delinsAGA	p.Val2407Arg	missense	VUS	VUS	0	2	MISSING_FUNCTIONAL	MISSING_FUNCTIONAL	PM5:moderate		neighbour_evidence
2020-01-01	2026-08-04	NM_000059.4:c.7219_7221delinsAGC	p.Val2407Ser	missense	VUS	VUS	0	2	MISSING_FUNCTIONAL	MISSING_FUNCTIONAL	PM5:moderate		neighbour_evidence
2020-01-01	2026-08-04	NM_000059.4:c.7219_7221delinsAGG	p.Val2407Arg	missense	VUS	VUS	0	2	MISSING_FUNCTIONAL	MISSING_FUNCTIONAL	PM5:moderate		neighbour_evidence
2020-01-01	2026-08-04	NM_000059.4:c.7219_7220delinsAG	p.Val2407Ser	missense	VUS	VUS	0	2	MISSING_FUNCTIONAL	MISSING_FUNCTIONAL	PM5:moderate		neighbour_evidence
2020-01-01	2026-08-04	NM_000059.4:c.7219_7221delinsATA	p.Val2407Ile	missense	VUS	VUS	0	2	MISSING_FUNCTIONAL	MISSING_FUNCTIONAL	PM5:moderate		neighbour_evidence
2020-01-01	2026-08-04	NM_000059.4:c.7219_7221delinsATC	p.Val2407Ile	missense	VUS	VUS	0	2	MISSING_FUNCTIONAL	MISSING_FUNCTIONAL	PM5:moderate		neighbour_evidence
2020-01-01	2026-08-04	NM_000059.4:c.7219_7221delinsATG	p.Val2407Met	missense	VUS	VUS	0	2	MISSING_FUNCTIONAL	MISSING_FUNCTIONAL	PM5:moderate		neighbour_evidence
2020-01-01	2026-08-04	NM_000059.4:c.7219_7221delinsCAA	p.Val2407Gln	missense	VUS	VUS	0	2	MISSING_FUNCTIONAL	MISSING_FUNCTIONAL	PM5:moderate		neighbour_evidence
2020-01-01	2026-08-04	NM_000059.4:c.7219_7221delinsCAC	p.Val2407His	missense	VUS	VUS	0	2	MISSING_FUNCTIONAL	MISSING_FUNCTIONAL	PM5:moderate		neighbour_evidence
2020-01-01	2026-08-04	NM_000059.4:c.7219_7221delinsCAG	p.Val2407Gln	missense	VUS	VUS	0	2	MISSING_FUNCTIONAL	MISSING_FUNCTIONAL	PM5:moderate		neighbour_evidence
2020-01-01	2026-08-04	NM_000059.4:c.7219_7220delinsCA	p.Val2407His	missense	VUS	VUS	0	2	MISSING_FUNCTIONAL	MISSING_FUNCTIONAL	PM5:moderate		neighbour_evidence
2020-01-01	2026-08-04	NM_000059.4:c.7219_7221delinsCCA	p.Val2407Pro	missense	VUS	VUS	0	2	MISSING_FUNCTIONAL	MISSING_FUNCTIONAL	PM5:moderate		neighbour_evidence
2020-01-01	2026-08-04	NM_000059.4:c.7219_7221delinsCCC	p.Val2407Pro	missense	VUS	VUS	0	2	MISSING_FUNCTIONAL	MISSING_FUNCTIONAL	PM5:moderate		neighbour_evidence
2020-01-01	2026-08-04	NM_000059.4:c.7219_7221delinsCCG	p.Val2407Pro	missense	VUS	VUS	0	2	MISSING_FUNCTIONAL	MISSING_FUNCTIONAL	PM5:moderate		neighbour_evidence
2020-01-01	2026-08-04	NM_000059.4:c.7219_7220delinsCC	p.Val2407Pro	missense	VUS	VUS	0	2	MISSING_FUNCTIONAL	MISSING_FUNCTIONAL	PM5:moderate		neighbour_evidence
2020-01-01	2026-08-04	NM_000059.4:c.7219_7221delinsCGA	p.Val2407Arg	missense	VUS	VUS	0	2	MISSING_FUNCTIONAL	MISSING_FUNCTIONAL	PM5:moderate		neighbour_evidence
2020-01-01	2026-08-04	NM_000059.4:c.7219_7221delinsCGC	p.Val2407Arg	missense	VUS	VUS	0	2	MISSING_FUNCTIONAL	MISSING_FUNCTIONAL	PM5:moderate		neighbour_evidence
2020-01-01	2026-08-04	NM_000059.4:c.7219_7221delinsCGG	p.Val2407Arg	missense	VUS	VUS	0	2	MISSING_FUNCTIONAL	MISSING_FUNCTIONAL	PM5:moderate		neighbour_evidence
2020-01-01	2026-08-04	NM_000059.4:c.7219_7220delinsCG	p.Val2407Arg	missense	VUS	VUS	0	2	MISSING_FUNCTIONAL	MISSING_FUNCTIONAL	PM5:moderate		neighbour_evidence
2020-01-01	2026-08-04	NM_000059.4:c.7219_7221delinsCTA	p.Val2407Leu	missense	VUS	VUS	0	2	MISSING_FUNCTIONAL	MISSING_FUNCTIONAL	PM5:moderate		neighbour_evidence
2020-01-01	2026-08-04	NM_000059.4:c.7219_7221delinsCTC	p.Val2407Leu	missense	VUS	VUS	0	2	MISSING_FUNCTIONAL	MISSING_FUNCTIONAL	PM5:moderate		neighbour_evidence
2020-01-01	2026-08-04	NM_000059.4:c.7219_7221delinsCTG	p.Val2407Leu	missense	VUS	VUS	0	2	MISSING_FUNCTIONAL	MISSING_FUNCTIONAL	PM5:moderate		neighbour_evidence
2020-01-01	2026-08-04	NM_000059.4:c.7220_7221delinsAA	p.Val2407Glu	missense	VUS	VUS	0	4	MISSING_FUNCTIONAL	MISSING_FUNCTIONAL	PS1:strong		neighbour_evidence
2020-01-01	2026-08-04	NM_000059.4:c.7220_7221delinsAC	p.Val2407Asp	missense	VUS	VUS	0	2	MISSING_FUNCTIONAL	MISSING_FUNCTIONAL	PM5:moderate		neighbour_evidence
2020-01-01	2026-08-04	NM_000059.4:c.7220_7221delinsAG	p.Val2407Glu	missense	VUS	VUS	0	4	MISSING_FUNCTIONAL	MISSING_FUNCTIONAL	PS1:strong		neighbour_evidence
2020-01-01	2026-08-04	NM_000059.4:c.7220_7221delinsCA	p.Val2407Ala	missense	VUS	VUS	0	2	MISSING_FUNCTIONAL	MISSING_FUNCTIONAL	PM5:moderate		neighbour_evidence
2020-01-01	2026-08-04	NM_000059.4:c.7220_7221delinsCC	p.Val2407Ala	missense	VUS	VUS	0	2	MISSING_FUNCTIONAL	MISSING_FUNCTIONAL	PM5:moderate		neighbour_evidence
2020-01-01	2026-08-04	NM_000059.4:c.7220_7221delinsCG	p.Val2407Ala	missense	VUS	VUS	0	2	MISSING_FUNCTIONAL	MISSING_FUNCTIONAL	PM5:moderate		neighbour_evidence
2020-01-01	2026-08-04	NM_000059.4:c.7220_7221delinsGA	p.Val2407Gly	missense	VUS	VUS	0	2	MISSING_FUNCTIONAL	MISSING_FUNCTIONAL	PM5:moderate		neighbour_evidence
2020-01-01	2026-08-04	NM_000059.4:c.7220_7221delinsGC	p.Val2407Gly	missense	VUS	VUS	0	2	MISSING_FUNCTIONAL	MISSING_FUNCTIONAL	PM5:moderate		neighbour_evidence
2020-01-01	2026-08-04	NM_000059.4:c.7220_7221delinsGG	p.Val2407Gly	missense	VUS	VUS	0	2	MISSING_FUNCTIONAL	MISSING_FUNCTIONAL	PM5:moderate		neighbour_evidence
2020-01-01	2026-08-04	NM_000059.4:c.7219_7221delinsTAC	p.Val2407Tyr	missense	VUS	VUS	0	2	MISSING_FUNCTIONAL	MISSING_FUNCTIONAL	PM5:moderate		neighbour_evidence
2020-01-01	2026-08-04	NM_000059.4:c.7219_7220delinsTA	p.Val2407Tyr	missense	VUS	VUS	0	2	MISSING_FUNCTIONAL	MISSING_FUNCTIONAL	PM5:moderate		neighbour_evidence
2020-01-01	2026-08-04	NM_000059.4:c.7219_7221delinsTCA	p.Val2407Ser	missense	VUS	VUS	0	2	MISSING_FUNCTIONAL	MISSING_FUNCTIONAL	PM5:moderate		neighbour_evidence
2020-01-01	2026-08-04	NM_000059.4:c.7219_7221delinsTCC	p.Val2407Ser	missense	VUS	VUS	0	2	MISSING_FUNCTIONAL	MISSING_FUNCTIONAL	PM5:moderate		neighbour_evidence
2020-01-01	2026-08-04	NM_000059.4:c.7219_7221delinsTCG	p.Val2407Ser	missense	VUS	VUS	0	2	MISSING_FUNCTIONAL	MISSING_FUNCTIONAL	PM5:moderate		neighbour_evidence
2020-01-01	2026-08-04	NM_000059.4:c.7219_7220delinsTC	p.Val2407Ser	missense	VUS	VUS	0	2	MISSING_FUNCTIONAL	MISSING_FUNCTIONAL	PM5:moderate		neighbour_evidence
2020-01-01	2026-08-04	NM_000059.4:c.7219_7221delinsTGC	p.Val2407Cys	missense	VUS	VUS	0	2	MISSING_FUNCTIONAL	MISSING_FUNCTIONAL	PM5:moderate		neighbour_evidence
2020-01-01	2026-08-04	NM_000059.4:c.7219_7221delinsTGG	p.Val2407Trp	missense	VUS	VUS	0	2	MISSING_FUNCTIONAL	MISSING_FUNCTIONAL	PM5:moderate		neighbour_evidence
2020-01-01	2026-08-04	NM_000059.4:c.7219_7220delinsTG	p.Val2407Cys	missense	VUS	VUS	0	2	MISSING_FUNCTIONAL	MISSING_FUNCTIONAL	PM5:moderate		neighbour_evidence
2020-01-01	2026-08-04	NM_000059.4:c.7219_7221delinsTTA	p.Val2407Leu	missense	VUS	VUS	0	2	MISSING_FUNCTIONAL	MISSING_FUNCTIONAL	PM5:moderate		neighbour_evidence
2020-01-01	2026-08-04	NM_000059.4:c.7219_7221delinsTTC	p.Val2407Phe	missense	VUS	VUS	0	2	MISSING_FUNCTIONAL	MISSING_FUNCTIONAL	PM5:moderate		neighbour_evidence
2020-01-01	2026-08-04	NM_000059.4:c.7219_7221delinsTTG	p.Val2407Leu	missense	VUS	VUS	0	2	MISSING_FUNCTIONAL	MISSING_FUNCTIONAL	PM5:moderate		neighbour_evidence
2020-01-01	2026-08-04	NM_000059.4:c.7528_7530delinsAAA	p.Leu2510Lys	missense	VUS	VUS	2	4	MISSING_FUNCTIONAL	MISSING_FUNCTIONAL	PM5:moderate		neighbour_evidence
2020-01-01	2026-08-04	NM_000059.4:c.7528_7530delinsAAC	p.Leu2510Asn	missense	VUS	VUS	2	4	MISSING_FUNCTIONAL	MISSING_FUNCTIONAL	PM5:moderate		neighbour_evidence
2020-01-01	2026-08-04	NM_000059.4:c.7528_7529delinsAA	p.Leu2510Lys	missense	VUS	VUS	2	4	MISSING_FUNCTIONAL	MISSING_FUNCTIONAL	PM5:moderate		neighbour_evidence
2020-01-01	2026-08-04	NM_000059.4:c.7528_7530delinsAAT	p.Leu2510Asn	missense	VUS	VUS	2	4	MISSING_FUNCTIONAL	MISSING_FUNCTIONAL	PM5:moderate		neighbour_evidence
2020-01-01	2026-08-04	NM_000059.4:c.7528_7530delinsACA	p.Leu2510Thr	missense	VUS	VUS	2	4	MISSING_FUNCTIONAL	MISSING_FUNCTIONAL	PM5:moderate		neighbour_evidence
2020-01-01	2026-08-04	NM_000059.4:c.7528_7530delinsACC	p.Leu2510Thr	missense	VUS	VUS	2	4	MISSING_FUNCTIONAL	MISSING_FUNCTIONAL	PM5:moderate		neighbour_evidence
2020-01-01	2026-08-04	NM_000059.4:c.7528_7529delinsAC	p.Leu2510Thr	missense	VUS	VUS	2	4	MISSING_FUNCTIONAL	MISSING_FUNCTIONAL	PM5:moderate		neighbour_evidence
2020-01-01	2026-08-04	NM_000059.4:c.7528_7530delinsACT	p.Leu2510Thr	missense	VUS	VUS	2	4	MISSING_FUNCTIONAL	MISSING_FUNCTIONAL	PM5:moderate		neighbour_evidence
2020-01-01	2026-08-04	NM_000059.4:c.7528_7530delinsAGA	p.Leu2510Arg	missense	VUS	VUS	2	4	MISSING_FUNCTIONAL	MISSING_FUNCTIONAL	PM5:moderate		neighbour_evidence
2020-01-01	2026-08-04	NM_000059.4:c.7528_7530delinsAGC	p.Leu2510Ser	missense	VUS	VUS	2	4	MISSING_FUNCTIONAL	MISSING_FUNCTIONAL	PM5:moderate		neighbour_evidence
2020-01-01	2026-08-04	NM_000059.4:c.7528_7529delinsAG	p.Leu2510Arg	missense	VUS	VUS	2	4	MISSING_FUNCTIONAL	MISSING_FUNCTIONAL	PM5:moderate		neighbour_evidence
2020-01-01	2026-08-04	NM_000059.4:c.7528_7530delinsAGT	p.Leu2510Ser	missense	VUS	VUS	2	4	MISSING_FUNCTIONAL	MISSING_FUNCTIONAL	PM5:moderate		neighbour_evidence
2020-01-01	2026-08-04	NM_000059.4:c.7528_7530delinsATA	p.Leu2510Ile	missense	VUS	VUS	2	4	MISSING_FUNCTIONAL	MISSING_FUNCTIONAL	PM5:moderate		neighbour_evidence
2020-01-01	2026-08-04	NM_000059.4:c.7528_7530delinsATC	p.Leu2510Ile	missense	VUS	VUS	2	4	MISSING_FUNCTIONAL	MISSING_FUNCTIONAL	PM5:moderate		neighbour_evidence
2020-01-01	2026-08-04	NM_000059.4:c.7528_7530delinsATT	p.Leu2510Ile	missense	VUS	VUS	2	4	MISSING_FUNCTIONAL	MISSING_FUNCTIONAL	PM5:moderate		neighbour_evidence
2020-01-01	2026-08-04	NM_000059.4:c.7529_7530delinsAA	p.Leu2510Gln	missense	VUS	VUS	2	4	MISSING_FUNCTIONAL	MISSING_FUNCTIONAL	PM5:moderate		neighbour_evidence
2020-01-01	2026-08-04	NM_000059.4:c.7529_7530delinsAC	p.Leu2510His	missense	VUS	VUS	2	4	MISSING_FUNCTIONAL	MISSING_FUNCTIONAL	PM5:moderate		neighbour_evidence
2020-01-01	2026-08-04	NM_000059.4:c.7529_7530delinsAT	p.Leu2510His	missense	VUS	VUS	2	4	MISSING_FUNCTIONAL	MISSING_FUNCTIONAL	PM5:moderate		neighbour_evidence
2020-01-01	2026-08-04	NM_000059.4:c.7529_7530delinsCA	p.Leu2510Pro	missense	VUS	LP	2	6	MISSING_FUNCTIONAL	RESOLVED_NOT_BLOCKED	PS1:strong		neighbour_evidence
2020-01-01	2026-08-04	NM_000059.4:c.7529_7530delinsCC	p.Leu2510Pro	missense	VUS	LP	2	6	MISSING_FUNCTIONAL	RESOLVED_NOT_BLOCKED	PS1:strong		neighbour_evidence
2020-01-01	2026-08-04	NM_000059.4:c.7529_7530delinsCT	p.Leu2510Pro	missense	VUS	LP	2	6	MISSING_FUNCTIONAL	RESOLVED_NOT_BLOCKED	PS1:strong		neighbour_evidence
2020-01-01	2026-08-04	NM_000059.4:c.7529_7530delinsGA	p.Leu2510Arg	missense	VUS	VUS	2	4	MISSING_FUNCTIONAL	MISSING_FUNCTIONAL	PM5:moderate		neighbour_evidence
2020-01-01	2026-08-04	NM_000059.4:c.7529_7530delinsGC	p.Leu2510Arg	missense	VUS	VUS	2	4	MISSING_FUNCTIONAL	MISSING_FUNCTIONAL	PM5:moderate		neighbour_evidence
2020-01-01	2026-08-04	NM_000059.4:c.7529_7530delinsGT	p.Leu2510Arg	missense	VUS	VUS	2	4	MISSING_FUNCTIONAL	MISSING_FUNCTIONAL	PM5:moderate		neighbour_evidence
2020-01-01	2026-08-04	NM_000059.4:c.7528_7530delinsGAA	p.Leu2510Glu	missense	VUS	VUS	2	4	MISSING_FUNCTIONAL	MISSING_FUNCTIONAL	PM5:moderate		neighbour_evidence
2020-01-01	2026-08-04	NM_000059.4:c.7528_7530delinsGAC	p.Leu2510Asp	missense	VUS	VUS	2	4	MISSING_FUNCTIONAL	MISSING_FUNCTIONAL	PM5:moderate		neighbour_evidence
2020-01-01	2026-08-04	NM_000059.4:c.7528_7529delinsGA	p.Leu2510Glu	missense	VUS	VUS	2	4	MISSING_FUNCTIONAL	MISSING_FUNCTIONAL	PM5:moderate		neighbour_evidence
2020-01-01	2026-08-04	NM_000059.4:c.7528_7530delinsGAT	p.Leu2510Asp	missense	VUS	VUS	2	4	MISSING_FUNCTIONAL	MISSING_FUNCTIONAL	PM5:moderate		neighbour_evidence
2020-01-01	2026-08-04	NM_000059.4:c.7528_7530delinsGCA	p.Leu2510Ala	missense	VUS	VUS	2	4	MISSING_FUNCTIONAL	MISSING_FUNCTIONAL	PM5:moderate		neighbour_evidence
2020-01-01	2026-08-04	NM_000059.4:c.7528_7530delinsGCC	p.Leu2510Ala	missense	VUS	VUS	2	4	MISSING_FUNCTIONAL	MISSING_FUNCTIONAL	PM5:moderate		neighbour_evidence
2020-01-01	2026-08-04	NM_000059.4:c.7528_7529delinsGC	p.Leu2510Ala	missense	VUS	VUS	2	4	MISSING_FUNCTIONAL	MISSING_FUNCTIONAL	PM5:moderate		neighbour_evidence
2020-01-01	2026-08-04	NM_000059.4:c.7528_7530delinsGCT	p.Leu2510Ala	missense	VUS	VUS	2	4	MISSING_FUNCTIONAL	MISSING_FUNCTIONAL	PM5:moderate		neighbour_evidence
2020-01-01	2026-08-04	NM_000059.4:c.7528_7530delinsGGA	p.Leu2510Gly	missense	VUS	VUS	2	4	MISSING_FUNCTIONAL	MISSING_FUNCTIONAL	PM5:moderate		neighbour_evidence
2020-01-01	2026-08-04	NM_000059.4:c.7528_7530delinsGGC	p.Leu2510Gly	missense	VUS	VUS	2	4	MISSING_FUNCTIONAL	MISSING_FUNCTIONAL	PM5:moderate		neighbour_evidence
2020-01-01	2026-08-04	NM_000059.4:c.7528_7529delinsGG	p.Leu2510Gly	missense	VUS	VUS	2	4	MISSING_FUNCTIONAL	MISSING_FUNCTIONAL	PM5:moderate		neighbour_evidence
2020-01-01	2026-08-04	NM_000059.4:c.7528_7530delinsGGT	p.Leu2510Gly	missense	VUS	VUS	2	4	MISSING_FUNCTIONAL	MISSING_FUNCTIONAL	PM5:moderate		neighbour_evidence
2020-01-01	2026-08-04	NM_000059.4:c.7528_7530delinsGTA	p.Leu2510Val	missense	VUS	VUS	2	4	MISSING_FUNCTIONAL	MISSING_FUNCTIONAL	PM5:moderate		neighbour_evidence
2020-01-01	2026-08-04	NM_000059.4:c.7528_7530delinsGTC	p.Leu2510Val	missense	VUS	VUS	2	4	MISSING_FUNCTIONAL	MISSING_FUNCTIONAL	PM5:moderate		neighbour_evidence
2020-01-01	2026-08-04	NM_000059.4:c.7528_7530delinsGTT	p.Leu2510Val	missense	VUS	VUS	2	4	MISSING_FUNCTIONAL	MISSING_FUNCTIONAL	PM5:moderate		neighbour_evidence
2020-01-01	2026-08-04	NM_000059.4:c.7528_7530delinsTAC	p.Leu2510Tyr	missense	VUS	VUS	2	4	MISSING_FUNCTIONAL	MISSING_FUNCTIONAL	PM5:moderate		neighbour_evidence
2020-01-01	2026-08-04	NM_000059.4:c.7528_7530delinsTAT	p.Leu2510Tyr	missense	VUS	VUS	2	4	MISSING_FUNCTIONAL	MISSING_FUNCTIONAL	PM5:moderate		neighbour_evidence
2020-01-01	2026-08-04	NM_000059.4:c.7528_7530delinsTCA	p.Leu2510Ser	missense	VUS	VUS	2	4	MISSING_FUNCTIONAL	MISSING_FUNCTIONAL	PM5:moderate		neighbour_evidence
2020-01-01	2026-08-04	NM_000059.4:c.7528_7530delinsTCC	p.Leu2510Ser	missense	VUS	VUS	2	4	MISSING_FUNCTIONAL	MISSING_FUNCTIONAL	PM5:moderate		neighbour_evidence
2020-01-01	2026-08-04	NM_000059.4:c.7528_7529delinsTC	p.Leu2510Ser	missense	VUS	VUS	2	4	MISSING_FUNCTIONAL	MISSING_FUNCTIONAL	PM5:moderate		neighbour_evidence
2020-01-01	2026-08-04	NM_000059.4:c.7528_7530delinsTCT	p.Leu2510Ser	missense	VUS	VUS	2	4	MISSING_FUNCTIONAL	MISSING_FUNCTIONAL	PM5:moderate		neighbour_evidence
2020-01-01	2026-08-04	NM_000059.4:c.7528_7530delinsTGC	p.Leu2510Cys	missense	VUS	VUS	2	4	MISSING_FUNCTIONAL	MISSING_FUNCTIONAL	PM5:moderate		neighbour_evidence
2020-01-01	2026-08-04	NM_000059.4:c.7528_7529delinsTG	p.Leu2510Trp	missense	VUS	VUS	2	4	MISSING_FUNCTIONAL	MISSING_FUNCTIONAL	PM5:moderate		neighbour_evidence
2020-01-01	2026-08-04	NM_000059.4:c.7528_7530delinsTGT	p.Leu2510Cys	missense	VUS	VUS	2	4	MISSING_FUNCTIONAL	MISSING_FUNCTIONAL	PM5:moderate		neighbour_evidence
2020-01-01	2026-08-04	NM_000059.4:c.7528_7530delinsTTC	p.Leu2510Phe	missense	VUS	VUS	2	4	MISSING_FUNCTIONAL	MISSING_FUNCTIONAL	PM5:moderate		neighbour_evidence
2020-01-01	2026-08-04	NM_000059.4:c.7528_7530delinsTTT	p.Leu2510Phe	missense	VUS	VUS	2	4	MISSING_FUNCTIONAL	MISSING_FUNCTIONAL	PM5:moderate		neighbour_evidence
2020-01-01	2026-08-04	NM_000059.4:c.7684_7686delinsAAA	p.Phe2562Lys	missense	VUS	VUS	2	4	MISSING_FUNCTIONAL	MISSING_FUNCTIONAL	PM5:moderate		neighbour_evidence
2020-01-01	2026-08-04	NM_000059.4:c.7684_7686delinsAAC	p.Phe2562Asn	missense	VUS	VUS	2	4	MISSING_FUNCTIONAL	MISSING_FUNCTIONAL	PM5:moderate		neighbour_evidence
2020-01-01	2026-08-04	NM_000059.4:c.7684_7686delinsAAG	p.Phe2562Lys	missense	VUS	VUS	2	4	MISSING_FUNCTIONAL	MISSING_FUNCTIONAL	PM5:moderate		neighbour_evidence
2020-01-01	2026-08-04	NM_000059.4:c.7684_7685delinsAA	p.Phe2562Asn	missense	VUS	VUS	2	4	MISSING_FUNCTIONAL	MISSING_FUNCTIONAL	PM5:moderate		neighbour_evidence
2020-01-01	2026-08-04	NM_000059.4:c.7684_7686delinsACA	p.Phe2562Thr	missense	VUS	VUS	2	4	MISSING_FUNCTIONAL	MISSING_FUNCTIONAL	PM5:moderate		neighbour_evidence
2020-01-01	2026-08-04	NM_000059.4:c.7684_7686delinsACC	p.Phe2562Thr	missense	VUS	VUS	2	4	MISSING_FUNCTIONAL	MISSING_FUNCTIONAL	PM5:moderate		neighbour_evidence
2020-01-01	2026-08-04	NM_000059.4:c.7684_7686delinsACG	p.Phe2562Thr	missense	VUS	VUS	2	4	MISSING_FUNCTIONAL	MISSING_FUNCTIONAL	PM5:moderate		neighbour_evidence
2020-01-01	2026-08-04	NM_000059.4:c.7684_7685delinsAC	p.Phe2562Thr	missense	VUS	VUS	2	4	MISSING_FUNCTIONAL	MISSING_FUNCTIONAL	PM5:moderate		neighbour_evidence
2020-01-01	2026-08-04	NM_000059.4:c.7684_7686delinsAGA	p.Phe2562Arg	missense	VUS	VUS	2	4	MISSING_FUNCTIONAL	MISSING_FUNCTIONAL	PM5:moderate		neighbour_evidence
2020-01-01	2026-08-04	NM_000059.4:c.7684_7686delinsAGC	p.Phe2562Ser	missense	VUS	VUS	2	4	MISSING_FUNCTIONAL	MISSING_FUNCTIONAL	PM5:moderate		neighbour_evidence
2020-01-01	2026-08-04	NM_000059.4:c.7684_7686delinsAGG	p.Phe2562Arg	missense	VUS	VUS	2	4	MISSING_FUNCTIONAL	MISSING_FUNCTIONAL	PM5:moderate		neighbour_evidence
2020-01-01	2026-08-04	NM_000059.4:c.7684_7685delinsAG	p.Phe2562Ser	missense	VUS	VUS	2	4	MISSING_FUNCTIONAL	MISSING_FUNCTIONAL	PM5:moderate		neighbour_evidence
2020-01-01	2026-08-04	NM_000059.4:c.7684_7686delinsATA	p.Phe2562Ile	missense	VUS	VUS	2	4	MISSING_FUNCTIONAL	MISSING_FUNCTIONAL	PM5:moderate		neighbour_evidence
2020-01-01	2026-08-04	NM_000059.4:c.7684_7686delinsATC	p.Phe2562Ile	missense	VUS	VUS	2	4	MISSING_FUNCTIONAL	MISSING_FUNCTIONAL	PM5:moderate		neighbour_evidence
2020-01-01	2026-08-04	NM_000059.4:c.7684_7686delinsATG	p.Phe2562Met	missense	VUS	VUS	2	4	MISSING_FUNCTIONAL	MISSING_FUNCTIONAL	PM5:moderate		neighbour_evidence
2020-01-01	2026-08-04	NM_000059.4:c.7684_7686delinsCAA	p.Phe2562Gln	missense	VUS	VUS	2	4	MISSING_FUNCTIONAL	MISSING_FUNCTIONAL	PM5:moderate		neighbour_evidence
2020-01-01	2026-08-04	NM_000059.4:c.7684_7686delinsCAC	p.Phe2562His	missense	VUS	VUS	2	4	MISSING_FUNCTIONAL	MISSING_FUNCTIONAL	PM5:moderate		neighbour_evidence
2020-01-01	2026-08-04	NM_000059.4:c.7684_7686delinsCAG	p.Phe2562Gln	missense	VUS	VUS	2	4	MISSING_FUNCTIONAL	MISSING_FUNCTIONAL	PM5:moderate		neighbour_evidence
2020-01-01	2026-08-04	NM_000059.4:c.7684_7685delinsCA	p.Phe2562His	missense	VUS	VUS	2	4	MISSING_FUNCTIONAL	MISSING_FUNCTIONAL	PM5:moderate		neighbour_evidence
2020-01-01	2026-08-04	NM_000059.4:c.7684_7686delinsCCA	p.Phe2562Pro	missense	VUS	VUS	2	4	MISSING_FUNCTIONAL	MISSING_FUNCTIONAL	PM5:moderate		neighbour_evidence
2020-01-01	2026-08-04	NM_000059.4:c.7684_7686delinsCCC	p.Phe2562Pro	missense	VUS	VUS	2	4	MISSING_FUNCTIONAL	MISSING_FUNCTIONAL	PM5:moderate		neighbour_evidence
2020-01-01	2026-08-04	NM_000059.4:c.7684_7686delinsCCG	p.Phe2562Pro	missense	VUS	VUS	2	4	MISSING_FUNCTIONAL	MISSING_FUNCTIONAL	PM5:moderate		neighbour_evidence
2020-01-01	2026-08-04	NM_000059.4:c.7684_7685delinsCC	p.Phe2562Pro	missense	VUS	VUS	2	4	MISSING_FUNCTIONAL	MISSING_FUNCTIONAL	PM5:moderate		neighbour_evidence
2020-01-01	2026-08-04	NM_000059.4:c.7684_7686delinsCGA	p.Phe2562Arg	missense	VUS	VUS	2	4	MISSING_FUNCTIONAL	MISSING_FUNCTIONAL	PM5:moderate		neighbour_evidence
2020-01-01	2026-08-04	NM_000059.4:c.7684_7686delinsCGC	p.Phe2562Arg	missense	VUS	VUS	2	4	MISSING_FUNCTIONAL	MISSING_FUNCTIONAL	PM5:moderate		neighbour_evidence
2020-01-01	2026-08-04	NM_000059.4:c.7684_7686delinsCGG	p.Phe2562Arg	missense	VUS	VUS	2	4	MISSING_FUNCTIONAL	MISSING_FUNCTIONAL	PM5:moderate		neighbour_evidence
2020-01-01	2026-08-04	NM_000059.4:c.7684_7685delinsCG	p.Phe2562Arg	missense	VUS	VUS	2	4	MISSING_FUNCTIONAL	MISSING_FUNCTIONAL	PM5:moderate		neighbour_evidence
2020-01-01	2026-08-04	NM_000059.4:c.7684_7686delinsCTA	p.Phe2562Leu	missense	VUS	VUS	2	4	MISSING_FUNCTIONAL	MISSING_FUNCTIONAL	PM5:moderate		neighbour_evidence
2020-01-01	2026-08-04	NM_000059.4:c.7684_7686delinsCTC	p.Phe2562Leu	missense	VUS	VUS	2	4	MISSING_FUNCTIONAL	MISSING_FUNCTIONAL	PM5:moderate		neighbour_evidence
2020-01-01	2026-08-04	NM_000059.4:c.7684_7686delinsCTG	p.Phe2562Leu	missense	VUS	VUS	2	4	MISSING_FUNCTIONAL	MISSING_FUNCTIONAL	PM5:moderate		neighbour_evidence
2020-01-01	2026-08-04	NM_000059.4:c.7684_7686delinsGAA	p.Phe2562Glu	missense	VUS	VUS	2	4	MISSING_FUNCTIONAL	MISSING_FUNCTIONAL	PM5:moderate		neighbour_evidence
2020-01-01	2026-08-04	NM_000059.4:c.7684_7686delinsGAC	p.Phe2562Asp	missense	VUS	VUS	2	4	MISSING_FUNCTIONAL	MISSING_FUNCTIONAL	PM5:moderate		neighbour_evidence
2020-01-01	2026-08-04	NM_000059.4:c.7684_7686delinsGAG	p.Phe2562Glu	missense	VUS	VUS	2	4	MISSING_FUNCTIONAL	MISSING_FUNCTIONAL	PM5:moderate		neighbour_evidence
2020-01-01	2026-08-04	NM_000059.4:c.7684_7685delinsGA	p.Phe2562Asp	missense	VUS	VUS	2	4	MISSING_FUNCTIONAL	MISSING_FUNCTIONAL	PM5:moderate		neighbour_evidence
2020-01-01	2026-08-04	NM_000059.4:c.7684_7686delinsGCA	p.Phe2562Ala	missense	VUS	VUS	2	4	MISSING_FUNCTIONAL	MISSING_FUNCTIONAL	PM5:moderate		neighbour_evidence
2020-01-01	2026-08-04	NM_000059.4:c.7684_7686delinsGCC	p.Phe2562Ala	missense	VUS	VUS	2	4	MISSING_FUNCTIONAL	MISSING_FUNCTIONAL	PM5:moderate		neighbour_evidence
2020-01-01	2026-08-04	NM_000059.4:c.7684_7686delinsGCG	p.Phe2562Ala	missense	VUS	VUS	2	4	MISSING_FUNCTIONAL	MISSING_FUNCTIONAL	PM5:moderate		neighbour_evidence
2020-01-01	2026-08-04	NM_000059.4:c.7684_7685delinsGC	p.Phe2562Ala	missense	VUS	VUS	2	4	MISSING_FUNCTIONAL	MISSING_FUNCTIONAL	PM5:moderate		neighbour_evidence
2020-01-01	2026-08-04	NM_000059.4:c.7684_7686delinsGGA	p.Phe2562Gly	missense	VUS	VUS	2	4	MISSING_FUNCTIONAL	MISSING_FUNCTIONAL	PM5:moderate		neighbour_evidence
2020-01-01	2026-08-04	NM_000059.4:c.7684_7686delinsGGC	p.Phe2562Gly	missense	VUS	VUS	2	4	MISSING_FUNCTIONAL	MISSING_FUNCTIONAL	PM5:moderate		neighbour_evidence
2020-01-01	2026-08-04	NM_000059.4:c.7684_7686delinsGGG	p.Phe2562Gly	missense	VUS	VUS	2	4	MISSING_FUNCTIONAL	MISSING_FUNCTIONAL	PM5:moderate		neighbour_evidence
2020-01-01	2026-08-04	NM_000059.4:c.7684_7685delinsGG	p.Phe2562Gly	missense	VUS	VUS	2	4	MISSING_FUNCTIONAL	MISSING_FUNCTIONAL	PM5:moderate		neighbour_evidence
2020-01-01	2026-08-04	NM_000059.4:c.7684_7686delinsGTA	p.Phe2562Val	missense	VUS	VUS	2	4	MISSING_FUNCTIONAL	MISSING_FUNCTIONAL	PM5:moderate		neighbour_evidence
2020-01-01	2026-08-04	NM_000059.4:c.7684_7686delinsGTC	p.Phe2562Val	missense	VUS	VUS	2	4	MISSING_FUNCTIONAL	MISSING_FUNCTIONAL	PM5:moderate		neighbour_evidence
2020-01-01	2026-08-04	NM_000059.4:c.7684_7686delinsGTG	p.Phe2562Val	missense	VUS	VUS	2	4	MISSING_FUNCTIONAL	MISSING_FUNCTIONAL	PM5:moderate		neighbour_evidence
2020-01-01	2026-08-04	NM_000059.4:c.7685_7686delinsAC	p.Phe2562Tyr	missense	VUS	VUS	2	4	MISSING_FUNCTIONAL	MISSING_FUNCTIONAL	PM5:moderate		neighbour_evidence
2020-01-01	2026-08-04	NM_000059.4:c.7685_7686delinsCA	p.Phe2562Ser	missense	VUS	VUS	2	4	MISSING_FUNCTIONAL	MISSING_FUNCTIONAL	PM5:moderate		neighbour_evidence
2020-01-01	2026-08-04	NM_000059.4:c.7685_7686delinsCC	p.Phe2562Ser	missense	VUS	VUS	2	4	MISSING_FUNCTIONAL	MISSING_FUNCTIONAL	PM5:moderate		neighbour_evidence
2020-01-01	2026-08-04	NM_000059.4:c.7685_7686delinsCG	p.Phe2562Ser	missense	VUS	VUS	2	4	MISSING_FUNCTIONAL	MISSING_FUNCTIONAL	PM5:moderate		neighbour_evidence
2020-01-01	2026-08-04	NM_000059.4:c.7685_7686delinsGC	p.Phe2562Cys	missense	VUS	LP	2	6	MISSING_FUNCTIONAL	RESOLVED_NOT_BLOCKED	PS1:strong		neighbour_evidence
2020-01-01	2026-08-04	NM_000059.4:c.7685_7686delinsGG	p.Phe2562Trp	missense	VUS	VUS	2	4	MISSING_FUNCTIONAL	MISSING_FUNCTIONAL	PM5:moderate		neighbour_evidence
2020-01-01	2026-08-04	NM_000059.4:c.7750_7752delinsAAA	p.Gly2584Lys	missense	VUS	VUS	2	4	MISSING_FUNCTIONAL	MISSING_FUNCTIONAL	PM5:moderate		neighbour_evidence
2020-01-01	2026-08-04	NM_000059.4:c.7750_7752delinsAAC	p.Gly2584Asn	missense	VUS	VUS	2	4	MISSING_FUNCTIONAL	MISSING_FUNCTIONAL	PM5:moderate		neighbour_evidence
2020-01-01	2026-08-04	NM_000059.4:c.7750_7752delinsAAG	p.Gly2584Lys	missense	VUS	VUS	2	4	MISSING_FUNCTIONAL	MISSING_FUNCTIONAL	PM5:moderate		neighbour_evidence
2020-01-01	2026-08-04	NM_000059.4:c.7750_7751delinsAA	p.Gly2584Asn	missense	VUS	VUS	2	4	MISSING_FUNCTIONAL	MISSING_FUNCTIONAL	PM5:moderate		neighbour_evidence
2020-01-01	2026-08-04	NM_000059.4:c.7750_7752delinsACA	p.Gly2584Thr	missense	VUS	VUS	2	4	MISSING_FUNCTIONAL	MISSING_FUNCTIONAL	PM5:moderate		neighbour_evidence
2020-01-01	2026-08-04	NM_000059.4:c.7750_7752delinsACC	p.Gly2584Thr	missense	VUS	VUS	2	4	MISSING_FUNCTIONAL	MISSING_FUNCTIONAL	PM5:moderate		neighbour_evidence
2020-01-01	2026-08-04	NM_000059.4:c.7750_7752delinsACG	p.Gly2584Thr	missense	VUS	VUS	2	4	MISSING_FUNCTIONAL	MISSING_FUNCTIONAL	PM5:moderate		neighbour_evidence
2020-01-01	2026-08-04	NM_000059.4:c.7750_7751delinsAC	p.Gly2584Thr	missense	VUS	VUS	2	4	MISSING_FUNCTIONAL	MISSING_FUNCTIONAL	PM5:moderate		neighbour_evidence
2020-01-01	2026-08-04	NM_000059.4:c.7750_7752delinsAGA	p.Gly2584Arg	missense	VUS	VUS	2	4	MISSING_FUNCTIONAL	MISSING_FUNCTIONAL	PM5:moderate		neighbour_evidence
2020-01-01	2026-08-04	NM_000059.4:c.7750_7752delinsAGC	p.Gly2584Ser	missense	VUS	VUS	2	4	MISSING_FUNCTIONAL	MISSING_FUNCTIONAL	PM5:moderate		neighbour_evidence
2020-01-01	2026-08-04	NM_000059.4:c.7750_7752delinsAGG	p.Gly2584Arg	missense	VUS	VUS	2	4	MISSING_FUNCTIONAL	MISSING_FUNCTIONAL	PM5:moderate		neighbour_evidence
2020-01-01	2026-08-04	NM_000059.4:c.7750_7752delinsATA	p.Gly2584Ile	missense	VUS	VUS	2	4	MISSING_FUNCTIONAL	MISSING_FUNCTIONAL	PM5:moderate		neighbour_evidence
2020-01-01	2026-08-04	NM_000059.4:c.7750_7752delinsATC	p.Gly2584Ile	missense	VUS	VUS	2	4	MISSING_FUNCTIONAL	MISSING_FUNCTIONAL	PM5:moderate		neighbour_evidence
2020-01-01	2026-08-04	NM_000059.4:c.7750_7752delinsATG	p.Gly2584Met	missense	VUS	VUS	2	4	MISSING_FUNCTIONAL	MISSING_FUNCTIONAL	PM5:moderate		neighbour_evidence
2020-01-01	2026-08-04	NM_000059.4:c.7750_7751delinsAT	p.Gly2584Ile	missense	VUS	VUS	2	4	MISSING_FUNCTIONAL	MISSING_FUNCTIONAL	PM5:moderate		neighbour_evidence
2020-01-01	2026-08-04	NM_000059.4:c.7750_7752delinsCAA	p.Gly2584Gln	missense	VUS	VUS	2	4	MISSING_FUNCTIONAL	MISSING_FUNCTIONAL	PM5:moderate		neighbour_evidence
2020-01-01	2026-08-04	NM_000059.4:c.7750_7752delinsCAC	p.Gly2584His	missense	VUS	VUS	2	4	MISSING_FUNCTIONAL	MISSING_FUNCTIONAL	PM5:moderate		neighbour_evidence
2020-01-01	2026-08-04	NM_000059.4:c.7750_7752delinsCAG	p.Gly2584Gln	missense	VUS	VUS	2	4	MISSING_FUNCTIONAL	MISSING_FUNCTIONAL	PM5:moderate		neighbour_evidence
2020-01-01	2026-08-04	NM_000059.4:c.7750_7751delinsCA	p.Gly2584His	missense	VUS	VUS	2	4	MISSING_FUNCTIONAL	MISSING_FUNCTIONAL	PM5:moderate		neighbour_evidence
2020-01-01	2026-08-04	NM_000059.4:c.7750_7752delinsCCA	p.Gly2584Pro	missense	VUS	VUS	2	4	MISSING_FUNCTIONAL	MISSING_FUNCTIONAL	PM5:moderate		neighbour_evidence
2020-01-01	2026-08-04	NM_000059.4:c.7750_7752delinsCCC	p.Gly2584Pro	missense	VUS	VUS	2	4	MISSING_FUNCTIONAL	MISSING_FUNCTIONAL	PM5:moderate		neighbour_evidence
2020-01-01	2026-08-04	NM_000059.4:c.7750_7752delinsCCG	p.Gly2584Pro	missense	VUS	VUS	2	4	MISSING_FUNCTIONAL	MISSING_FUNCTIONAL	PM5:moderate		neighbour_evidence
2020-01-01	2026-08-04	NM_000059.4:c.7750_7751delinsCC	p.Gly2584Pro	missense	VUS	VUS	2	4	MISSING_FUNCTIONAL	MISSING_FUNCTIONAL	PM5:moderate		neighbour_evidence
2020-01-01	2026-08-04	NM_000059.4:c.7750_7752delinsCGA	p.Gly2584Arg	missense	VUS	VUS	2	4	MISSING_FUNCTIONAL	MISSING_FUNCTIONAL	PM5:moderate		neighbour_evidence
2020-01-01	2026-08-04	NM_000059.4:c.7750_7752delinsCGC	p.Gly2584Arg	missense	VUS	VUS	2	4	MISSING_FUNCTIONAL	MISSING_FUNCTIONAL	PM5:moderate		neighbour_evidence
2020-01-01	2026-08-04	NM_000059.4:c.7750_7752delinsCGG	p.Gly2584Arg	missense	VUS	VUS	2	4	MISSING_FUNCTIONAL	MISSING_FUNCTIONAL	PM5:moderate		neighbour_evidence
2020-01-01	2026-08-04	NM_000059.4:c.7750_7752delinsCTA	p.Gly2584Leu	missense	VUS	VUS	2	4	MISSING_FUNCTIONAL	MISSING_FUNCTIONAL	PM5:moderate		neighbour_evidence
2020-01-01	2026-08-04	NM_000059.4:c.7750_7752delinsCTC	p.Gly2584Leu	missense	VUS	VUS	2	4	MISSING_FUNCTIONAL	MISSING_FUNCTIONAL	PM5:moderate		neighbour_evidence
2020-01-01	2026-08-04	NM_000059.4:c.7750_7752delinsCTG	p.Gly2584Leu	missense	VUS	VUS	2	4	MISSING_FUNCTIONAL	MISSING_FUNCTIONAL	PM5:moderate		neighbour_evidence
2020-01-01	2026-08-04	NM_000059.4:c.7750_7751delinsCT	p.Gly2584Leu	missense	VUS	VUS	2	4	MISSING_FUNCTIONAL	MISSING_FUNCTIONAL	PM5:moderate		neighbour_evidence
2020-01-01	2026-08-04	NM_000059.4:c.7751_7752delinsAA	p.Gly2584Glu	missense	VUS	VUS	2	4	MISSING_FUNCTIONAL	MISSING_FUNCTIONAL	PM5:moderate		neighbour_evidence
2020-01-01	2026-08-04	NM_000059.4:c.7751_7752delinsAC	p.Gly2584Asp	missense	VUS	VUS	2	4	MISSING_FUNCTIONAL	MISSING_FUNCTIONAL	PM5:moderate		neighbour_evidence
2020-01-01	2026-08-04	NM_000059.4:c.7751_7752delinsAG	p.Gly2584Glu	missense	VUS	VUS	2	4	MISSING_FUNCTIONAL	MISSING_FUNCTIONAL	PM5:moderate		neighbour_evidence
2020-01-01	2026-08-04	NM_000059.4:c.7751_7752delinsCA	p.Gly2584Ala	missense	VUS	VUS	2	4	MISSING_FUNCTIONAL	MISSING_FUNCTIONAL	PM5:moderate		neighbour_evidence
2020-01-01	2026-08-04	NM_000059.4:c.7751_7752delinsCC	p.Gly2584Ala	missense	VUS	VUS	2	4	MISSING_FUNCTIONAL	MISSING_FUNCTIONAL	PM5:moderate		neighbour_evidence
2020-01-01	2026-08-04	NM_000059.4:c.7751_7752delinsCG	p.Gly2584Ala	missense	VUS	VUS	2	4	MISSING_FUNCTIONAL	MISSING_FUNCTIONAL	PM5:moderate		neighbour_evidence
2020-01-01	2026-08-04	NM_000059.4:c.7751_7752delinsTA	p.Gly2584Val	missense	VUS	LP	2	6	MISSING_FUNCTIONAL	RESOLVED_NOT_BLOCKED	PS1:strong		neighbour_evidence
2020-01-01	2026-08-04	NM_000059.4:c.7751_7752delinsTC	p.Gly2584Val	missense	VUS	LP	2	6	MISSING_FUNCTIONAL	RESOLVED_NOT_BLOCKED	PS1:strong		neighbour_evidence
2020-01-01	2026-08-04	NM_000059.4:c.7751_7752delinsTG	p.Gly2584Val	missense	VUS	LP	2	6	MISSING_FUNCTIONAL	RESOLVED_NOT_BLOCKED	PS1:strong		neighbour_evidence
2020-01-01	2026-08-04	NM_000059.4:c.7750_7752delinsTAC	p.Gly2584Tyr	missense	VUS	VUS	2	4	MISSING_FUNCTIONAL	MISSING_FUNCTIONAL	PM5:moderate		neighbour_evidence
2020-01-01	2026-08-04	NM_000059.4:c.7750_7751delinsTA	p.Gly2584Tyr	missense	VUS	VUS	2	4	MISSING_FUNCTIONAL	MISSING_FUNCTIONAL	PM5:moderate		neighbour_evidence
2020-01-01	2026-08-04	NM_000059.4:c.7750_7752delinsTCA	p.Gly2584Ser	missense	VUS	VUS	2	4	MISSING_FUNCTIONAL	MISSING_FUNCTIONAL	PM5:moderate		neighbour_evidence
2020-01-01	2026-08-04	NM_000059.4:c.7750_7752delinsTCC	p.Gly2584Ser	missense	VUS	VUS	2	4	MISSING_FUNCTIONAL	MISSING_FUNCTIONAL	PM5:moderate		neighbour_evidence
2020-01-01	2026-08-04	NM_000059.4:c.7750_7752delinsTCG	p.Gly2584Ser	missense	VUS	VUS	2	4	MISSING_FUNCTIONAL	MISSING_FUNCTIONAL	PM5:moderate		neighbour_evidence
2020-01-01	2026-08-04	NM_000059.4:c.7750_7751delinsTC	p.Gly2584Ser	missense	VUS	VUS	2	4	MISSING_FUNCTIONAL	MISSING_FUNCTIONAL	PM5:moderate		neighbour_evidence
2020-01-01	2026-08-04	NM_000059.4:c.7750_7752delinsTGC	p.Gly2584Cys	missense	VUS	VUS	2	4	MISSING_FUNCTIONAL	MISSING_FUNCTIONAL	PM5:moderate		neighbour_evidence
2020-01-01	2026-08-04	NM_000059.4:c.7750_7752delinsTGG	p.Gly2584Trp	missense	VUS	VUS	2	4	MISSING_FUNCTIONAL	MISSING_FUNCTIONAL	PM5:moderate		neighbour_evidence
2020-01-01	2026-08-04	NM_000059.4:c.7750_7752delinsTTA	p.Gly2584Leu	missense	VUS	VUS	2	4	MISSING_FUNCTIONAL	MISSING_FUNCTIONAL	PM5:moderate		neighbour_evidence
2020-01-01	2026-08-04	NM_000059.4:c.7750_7752delinsTTC	p.Gly2584Phe	missense	VUS	VUS	2	4	MISSING_FUNCTIONAL	MISSING_FUNCTIONAL	PM5:moderate		neighbour_evidence
2020-01-01	2026-08-04	NM_000059.4:c.7750_7752delinsTTG	p.Gly2584Leu	missense	VUS	VUS	2	4	MISSING_FUNCTIONAL	MISSING_FUNCTIONAL	PM5:moderate		neighbour_evidence
2020-01-01	2026-08-04	NM_000059.4:c.7750_7751delinsTT	p.Gly2584Phe	missense	VUS	VUS	2	4	MISSING_FUNCTIONAL	MISSING_FUNCTIONAL	PM5:moderate		neighbour_evidence
2020-01-01	2026-08-04	NM_000059.4:c.7753_7754delinsAA	p.Gly2585Lys	missense	VUS	VUS	2	4	MISSING_FUNCTIONAL	MISSING_FUNCTIONAL	PM5:moderate		neighbour_evidence
2020-01-01	2026-08-04	NM_000059.4:c.7753_7755delinsAAC	p.Gly2585Asn	missense	VUS	VUS	2	4	MISSING_FUNCTIONAL	MISSING_FUNCTIONAL	PM5:moderate		neighbour_evidence
2020-01-01	2026-08-04	NM_000059.4:c.7753_7755delinsAAG	p.Gly2585Lys	missense	VUS	VUS	2	4	MISSING_FUNCTIONAL	MISSING_FUNCTIONAL	PM5:moderate		neighbour_evidence
2020-01-01	2026-08-04	NM_000059.4:c.7753_7755delinsAAT	p.Gly2585Asn	missense	VUS	VUS	2	4	MISSING_FUNCTIONAL	MISSING_FUNCTIONAL	PM5:moderate		neighbour_evidence
2020-01-01	2026-08-04	NM_000059.4:c.7753_7754delinsAC	p.Gly2585Thr	missense	VUS	VUS	2	4	MISSING_FUNCTIONAL	MISSING_FUNCTIONAL	PM5:moderate		neighbour_evidence
2020-01-01	2026-08-04	NM_000059.4:c.7753_7755delinsACC	p.Gly2585Thr	missense	VUS	VUS	2	4	MISSING_FUNCTIONAL	MISSING_FUNCTIONAL	PM5:moderate		neighbour_evidence
2020-01-01	2026-08-04	NM_000059.4:c.7753_7755delinsACG	p.Gly2585Thr	missense	VUS	VUS	2	4	MISSING_FUNCTIONAL	MISSING_FUNCTIONAL	PM5:moderate		neighbour_evidence
2020-01-01	2026-08-04	NM_000059.4:c.7753_7755delinsACT	p.Gly2585Thr	missense	VUS	VUS	2	4	MISSING_FUNCTIONAL	MISSING_FUNCTIONAL	PM5:moderate		neighbour_evidence
2020-01-01	2026-08-04	NM_000059.4:c.7753_7755delinsAGC	p.Gly2585Ser	missense	VUS	VUS	2	4	MISSING_FUNCTIONAL	MISSING_FUNCTIONAL	PM5:moderate		neighbour_evidence
2020-01-01	2026-08-04	NM_000059.4:c.7753_7755delinsAGG	p.Gly2585Arg	missense	VUS	LP	2	6	MISSING_FUNCTIONAL	RESOLVED_NOT_BLOCKED	PS1:strong		neighbour_evidence
2020-01-01	2026-08-04	NM_000059.4:c.7753_7755delinsAGT	p.Gly2585Ser	missense	VUS	VUS	2	4	MISSING_FUNCTIONAL	MISSING_FUNCTIONAL	PM5:moderate		neighbour_evidence
2020-01-01	2026-08-04	NM_000059.4:c.7753_7754delinsAT	p.Gly2585Ile	missense	VUS	VUS	2	4	MISSING_FUNCTIONAL	MISSING_FUNCTIONAL	PM5:moderate		neighbour_evidence
2020-01-01	2026-08-04	NM_000059.4:c.7753_7755delinsATC	p.Gly2585Ile	missense	VUS	VUS	2	4	MISSING_FUNCTIONAL	MISSING_FUNCTIONAL	PM5:moderate		neighbour_evidence
2020-01-01	2026-08-04	NM_000059.4:c.7753_7755delinsATG	p.Gly2585Met	missense	VUS	VUS	2	4	MISSING_FUNCTIONAL	MISSING_FUNCTIONAL	PM5:moderate		neighbour_evidence
2020-01-01	2026-08-04	NM_000059.4:c.7753_7755delinsATT	p.Gly2585Ile	missense	VUS	VUS	2	4	MISSING_FUNCTIONAL	MISSING_FUNCTIONAL	PM5:moderate		neighbour_evidence
2020-01-01	2026-08-04	NM_000059.4:c.7753_7754delinsCA	p.Gly2585Gln	missense	VUS	VUS	2	4	MISSING_FUNCTIONAL	MISSING_FUNCTIONAL	PM5:moderate		neighbour_evidence
2020-01-01	2026-08-04	NM_000059.4:c.7753_7755delinsCAC	p.Gly2585His	missense	VUS	VUS	2	4	MISSING_FUNCTIONAL	MISSING_FUNCTIONAL	PM5:moderate		neighbour_evidence
2020-01-01	2026-08-04	NM_000059.4:c.7753_7755delinsCAG	p.Gly2585Gln	missense	VUS	VUS	2	4	MISSING_FUNCTIONAL	MISSING_FUNCTIONAL	PM5:moderate		neighbour_evidence
2020-01-01	2026-08-04	NM_000059.4:c.7753_7755delinsCAT	p.Gly2585His	missense	VUS	VUS	2	4	MISSING_FUNCTIONAL	MISSING_FUNCTIONAL	PM5:moderate		neighbour_evidence
2020-01-01	2026-08-04	NM_000059.4:c.7753_7754delinsCC	p.Gly2585Pro	missense	VUS	VUS	2	4	MISSING_FUNCTIONAL	MISSING_FUNCTIONAL	PM5:moderate		neighbour_evidence
2020-01-01	2026-08-04	NM_000059.4:c.7753_7755delinsCCC	p.Gly2585Pro	missense	VUS	VUS	2	4	MISSING_FUNCTIONAL	MISSING_FUNCTIONAL	PM5:moderate		neighbour_evidence
2020-01-01	2026-08-04	NM_000059.4:c.7753_7755delinsCCG	p.Gly2585Pro	missense	VUS	VUS	2	4	MISSING_FUNCTIONAL	MISSING_FUNCTIONAL	PM5:moderate		neighbour_evidence
2020-01-01	2026-08-04	NM_000059.4:c.7753_7755delinsCCT	p.Gly2585Pro	missense	VUS	VUS	2	4	MISSING_FUNCTIONAL	MISSING_FUNCTIONAL	PM5:moderate		neighbour_evidence
2020-01-01	2026-08-04	NM_000059.4:c.7753_7755delinsCGC	p.Gly2585Arg	missense	VUS	LP	2	6	MISSING_FUNCTIONAL	RESOLVED_NOT_BLOCKED	PS1:strong		neighbour_evidence
2020-01-01	2026-08-04	NM_000059.4:c.7753_7755delinsCGG	p.Gly2585Arg	missense	VUS	LP	2	6	MISSING_FUNCTIONAL	RESOLVED_NOT_BLOCKED	PS1:strong		neighbour_evidence
2020-01-01	2026-08-04	NM_000059.4:c.7753_7755delinsCGT	p.Gly2585Arg	missense	VUS	LP	2	6	MISSING_FUNCTIONAL	RESOLVED_NOT_BLOCKED	PS1:strong		neighbour_evidence
2020-01-01	2026-08-04	NM_000059.4:c.7753_7754delinsCT	p.Gly2585Leu	missense	VUS	VUS	2	4	MISSING_FUNCTIONAL	MISSING_FUNCTIONAL	PM5:moderate		neighbour_evidence
2020-01-01	2026-08-04	NM_000059.4:c.7753_7755delinsCTC	p.Gly2585Leu	missense	VUS	VUS	2	4	MISSING_FUNCTIONAL	MISSING_FUNCTIONAL	PM5:moderate		neighbour_evidence
2020-01-01	2026-08-04	NM_000059.4:c.7753_7755delinsCTG	p.Gly2585Leu	missense	VUS	VUS	2	4	MISSING_FUNCTIONAL	MISSING_FUNCTIONAL	PM5:moderate		neighbour_evidence
2020-01-01	2026-08-04	NM_000059.4:c.7753_7755delinsCTT	p.Gly2585Leu	missense	VUS	VUS	2	4	MISSING_FUNCTIONAL	MISSING_FUNCTIONAL	PM5:moderate		neighbour_evidence
2020-01-01	2026-08-04	NM_000059.4:c.7754_7755delinsAC	p.Gly2585Asp	missense	VUS	VUS	2	4	MISSING_FUNCTIONAL	MISSING_FUNCTIONAL	PM5:moderate		neighbour_evidence
2020-01-01	2026-08-04	NM_000059.4:c.7754_7755delinsAG	p.Gly2585Glu	missense	VUS	VUS	2	4	MISSING_FUNCTIONAL	MISSING_FUNCTIONAL	PM5:moderate		neighbour_evidence
2020-01-01	2026-08-04	NM_000059.4:c.7754_7755delinsAT	p.Gly2585Asp	missense	VUS	VUS	2	4	MISSING_FUNCTIONAL	MISSING_FUNCTIONAL	PM5:moderate		neighbour_evidence
2020-01-01	2026-08-04	NM_000059.4:c.7754_7755delinsCC	p.Gly2585Ala	missense	VUS	VUS	2	4	MISSING_FUNCTIONAL	MISSING_FUNCTIONAL	PM5:moderate		neighbour_evidence
2020-01-01	2026-08-04	NM_000059.4:c.7754_7755delinsCG	p.Gly2585Ala	missense	VUS	VUS	2	4	MISSING_FUNCTIONAL	MISSING_FUNCTIONAL	PM5:moderate		neighbour_evidence
2020-01-01	2026-08-04	NM_000059.4:c.7754_7755delinsCT	p.Gly2585Ala	missense	VUS	VUS	2	4	MISSING_FUNCTIONAL	MISSING_FUNCTIONAL	PM5:moderate		neighbour_evidence
2020-01-01	2026-08-04	NM_000059.4:c.7754_7755delinsTC	p.Gly2585Val	missense	VUS	VUS	2	4	MISSING_FUNCTIONAL	MISSING_FUNCTIONAL	PM5:moderate		neighbour_evidence
2020-01-01	2026-08-04	NM_000059.4:c.7754_7755delinsTG	p.Gly2585Val	missense	VUS	VUS	2	4	MISSING_FUNCTIONAL	MISSING_FUNCTIONAL	PM5:moderate		neighbour_evidence
2020-01-01	2026-08-04	NM_000059.4:c.7754_7755delinsTT	p.Gly2585Val	missense	VUS	VUS	2	4	MISSING_FUNCTIONAL	MISSING_FUNCTIONAL	PM5:moderate		neighbour_evidence
2020-01-01	2026-08-04	NM_000059.4:c.7753_7755delinsTAC	p.Gly2585Tyr	missense	VUS	VUS	2	4	MISSING_FUNCTIONAL	MISSING_FUNCTIONAL	PM5:moderate		neighbour_evidence
2020-01-01	2026-08-04	NM_000059.4:c.7753_7755delinsTAT	p.Gly2585Tyr	missense	VUS	VUS	2	4	MISSING_FUNCTIONAL	MISSING_FUNCTIONAL	PM5:moderate		neighbour_evidence
2020-01-01	2026-08-04	NM_000059.4:c.7753_7754delinsTC	p.Gly2585Ser	missense	VUS	VUS	2	4	MISSING_FUNCTIONAL	MISSING_FUNCTIONAL	PM5:moderate		neighbour_evidence
2020-01-01	2026-08-04	NM_000059.4:c.7753_7755delinsTCC	p.Gly2585Ser	missense	VUS	VUS	2	4	MISSING_FUNCTIONAL	MISSING_FUNCTIONAL	PM5:moderate		neighbour_evidence
2020-01-01	2026-08-04	NM_000059.4:c.7753_7755delinsTCG	p.Gly2585Ser	missense	VUS	VUS	2	4	MISSING_FUNCTIONAL	MISSING_FUNCTIONAL	PM5:moderate		neighbour_evidence
2020-01-01	2026-08-04	NM_000059.4:c.7753_7755delinsTCT	p.Gly2585Ser	missense	VUS	VUS	2	4	MISSING_FUNCTIONAL	MISSING_FUNCTIONAL	PM5:moderate		neighbour_evidence
2020-01-01	2026-08-04	NM_000059.4:c.7753_7755delinsTGC	p.Gly2585Cys	missense	VUS	VUS	2	4	MISSING_FUNCTIONAL	MISSING_FUNCTIONAL	PM5:moderate		neighbour_evidence
2020-01-01	2026-08-04	NM_000059.4:c.7753_7755delinsTGG	p.Gly2585Trp	missense	VUS	VUS	2	4	MISSING_FUNCTIONAL	MISSING_FUNCTIONAL	PM5:moderate		neighbour_evidence
2020-01-01	2026-08-04	NM_000059.4:c.7753_7755delinsTGT	p.Gly2585Cys	missense	VUS	VUS	2	4	MISSING_FUNCTIONAL	MISSING_FUNCTIONAL	PM5:moderate		neighbour_evidence
2020-01-01	2026-08-04	NM_000059.4:c.7753_7754delinsTT	p.Gly2585Leu	missense	VUS	VUS	2	4	MISSING_FUNCTIONAL	MISSING_FUNCTIONAL	PM5:moderate		neighbour_evidence
2020-01-01	2026-08-04	NM_000059.4:c.7753_7755delinsTTC	p.Gly2585Phe	missense	VUS	VUS	2	4	MISSING_FUNCTIONAL	MISSING_FUNCTIONAL	PM5:moderate		neighbour_evidence
2020-01-01	2026-08-04	NM_000059.4:c.7753_7755delinsTTG	p.Gly2585Leu	missense	VUS	VUS	2	4	MISSING_FUNCTIONAL	MISSING_FUNCTIONAL	PM5:moderate		neighbour_evidence
2020-01-01	2026-08-04	NM_000059.4:c.7753_7755delinsTTT	p.Gly2585Phe	missense	VUS	VUS	2	4	MISSING_FUNCTIONAL	MISSING_FUNCTIONAL	PM5:moderate		neighbour_evidence
2020-01-01	2026-08-04	NM_000059.4:c.7786_7787delinsAA	p.Gly2596Lys	missense	VUS	VUS	2	4	MISSING_FUNCTIONAL	MISSING_FUNCTIONAL	PM5:moderate		neighbour_evidence
2020-01-01	2026-08-04	NM_000059.4:c.7786_7788delinsAAC	p.Gly2596Asn	missense	VUS	VUS	2	4	MISSING_FUNCTIONAL	MISSING_FUNCTIONAL	PM5:moderate		neighbour_evidence
2020-01-01	2026-08-04	NM_000059.4:c.7786_7788delinsAAG	p.Gly2596Lys	missense	VUS	VUS	2	4	MISSING_FUNCTIONAL	MISSING_FUNCTIONAL	PM5:moderate		neighbour_evidence
2020-01-01	2026-08-04	NM_000059.4:c.7786_7788delinsAAT	p.Gly2596Asn	missense	VUS	VUS	2	4	MISSING_FUNCTIONAL	MISSING_FUNCTIONAL	PM5:moderate		neighbour_evidence
2020-01-01	2026-08-04	NM_000059.4:c.7786_7787delinsAC	p.Gly2596Thr	missense	VUS	VUS	2	4	MISSING_FUNCTIONAL	MISSING_FUNCTIONAL	PM5:moderate		neighbour_evidence
2020-01-01	2026-08-04	NM_000059.4:c.7786_7788delinsACC	p.Gly2596Thr	missense	VUS	VUS	2	4	MISSING_FUNCTIONAL	MISSING_FUNCTIONAL	PM5:moderate		neighbour_evidence
2020-01-01	2026-08-04	NM_000059.4:c.7786_7788delinsACG	p.Gly2596Thr	missense	VUS	VUS	2	4	MISSING_FUNCTIONAL	MISSING_FUNCTIONAL	PM5:moderate		neighbour_evidence
2020-01-01	2026-08-04	NM_000059.4:c.7786_7788delinsACT	p.Gly2596Thr	missense	VUS	VUS	2	4	MISSING_FUNCTIONAL	MISSING_FUNCTIONAL	PM5:moderate		neighbour_evidence
2020-01-01	2026-08-04	NM_000059.4:c.7786_7788delinsAGC	p.Gly2596Ser	missense	VUS	VUS	2	4	MISSING_FUNCTIONAL	MISSING_FUNCTIONAL	PM5:moderate		neighbour_evidence
2020-01-01	2026-08-04	NM_000059.4:c.7786_7788delinsAGG	p.Gly2596Arg	missense	VUS	LP	2	8	MISSING_FUNCTIONAL	RESOLVED_NOT_BLOCKED	PM5:moderate;PS1:strong		neighbour_evidence
2020-01-01	2026-08-04	NM_000059.4:c.7786_7788delinsAGT	p.Gly2596Ser	missense	VUS	VUS	2	4	MISSING_FUNCTIONAL	MISSING_FUNCTIONAL	PM5:moderate		neighbour_evidence
2020-01-01	2026-08-04	NM_000059.4:c.7786_7787delinsAT	p.Gly2596Ile	missense	VUS	VUS	2	4	MISSING_FUNCTIONAL	MISSING_FUNCTIONAL	PM5:moderate		neighbour_evidence
2020-01-01	2026-08-04	NM_000059.4:c.7786_7788delinsATC	p.Gly2596Ile	missense	VUS	VUS	2	4	MISSING_FUNCTIONAL	MISSING_FUNCTIONAL	PM5:moderate		neighbour_evidence
2020-01-01	2026-08-04	NM_000059.4:c.7786_7788delinsATG	p.Gly2596Met	missense	VUS	VUS	2	4	MISSING_FUNCTIONAL	MISSING_FUNCTIONAL	PM5:moderate		neighbour_evidence
2020-01-01	2026-08-04	NM_000059.4:c.7786_7788delinsATT	p.Gly2596Ile	missense	VUS	VUS	2	4	MISSING_FUNCTIONAL	MISSING_FUNCTIONAL	PM5:moderate		neighbour_evidence
2020-01-01	2026-08-04	NM_000059.4:c.7786_7787delinsCA	p.Gly2596Gln	missense	VUS	VUS	2	4	MISSING_FUNCTIONAL	MISSING_FUNCTIONAL	PM5:moderate		neighbour_evidence
2020-01-01	2026-08-04	NM_000059.4:c.7786_7788delinsCAC	p.Gly2596His	missense	VUS	VUS	2	4	MISSING_FUNCTIONAL	MISSING_FUNCTIONAL	PM5:moderate		neighbour_evidence
2020-01-01	2026-08-04	NM_000059.4:c.7786_7788delinsCAG	p.Gly2596Gln	missense	VUS	VUS	2	4	MISSING_FUNCTIONAL	MISSING_FUNCTIONAL	PM5:moderate		neighbour_evidence
2020-01-01	2026-08-04	NM_000059.4:c.7786_7788delinsCAT	p.Gly2596His	missense	VUS	VUS	2	4	MISSING_FUNCTIONAL	MISSING_FUNCTIONAL	PM5:moderate		neighbour_evidence
2020-01-01	2026-08-04	NM_000059.4:c.7786_7787delinsCC	p.Gly2596Pro	missense	VUS	VUS	2	4	MISSING_FUNCTIONAL	MISSING_FUNCTIONAL	PM5:moderate		neighbour_evidence
2020-01-01	2026-08-04	NM_000059.4:c.7786_7788delinsCCC	p.Gly2596Pro	missense	VUS	VUS	2	4	MISSING_FUNCTIONAL	MISSING_FUNCTIONAL	PM5:moderate		neighbour_evidence
2020-01-01	2026-08-04	NM_000059.4:c.7786_7788delinsCCG	p.Gly2596Pro	missense	VUS	VUS	2	4	MISSING_FUNCTIONAL	MISSING_FUNCTIONAL	PM5:moderate		neighbour_evidence
2020-01-01	2026-08-04	NM_000059.4:c.7786_7788delinsCCT	p.Gly2596Pro	missense	VUS	VUS	2	4	MISSING_FUNCTIONAL	MISSING_FUNCTIONAL	PM5:moderate		neighbour_evidence
2020-01-01	2026-08-04	NM_000059.4:c.7786_7788delinsCGC	p.Gly2596Arg	missense	VUS	LP	2	8	MISSING_FUNCTIONAL	RESOLVED_NOT_BLOCKED	PM5:moderate;PS1:strong		neighbour_evidence
2020-01-01	2026-08-04	NM_000059.4:c.7786_7788delinsCGG	p.Gly2596Arg	missense	VUS	LP	2	8	MISSING_FUNCTIONAL	RESOLVED_NOT_BLOCKED	PM5:moderate;PS1:strong		neighbour_evidence
2020-01-01	2026-08-04	NM_000059.4:c.7786_7788delinsCGT	p.Gly2596Arg	missense	VUS	LP	2	8	MISSING_FUNCTIONAL	RESOLVED_NOT_BLOCKED	PM5:moderate;PS1:strong		neighbour_evidence
2020-01-01	2026-08-04	NM_000059.4:c.7786_7787delinsCT	p.Gly2596Leu	missense	VUS	VUS	2	4	MISSING_FUNCTIONAL	MISSING_FUNCTIONAL	PM5:moderate		neighbour_evidence
2020-01-01	2026-08-04	NM_000059.4:c.7786_7788delinsCTC	p.Gly2596Leu	missense	VUS	VUS	2	4	MISSING_FUNCTIONAL	MISSING_FUNCTIONAL	PM5:moderate		neighbour_evidence
2020-01-01	2026-08-04	NM_000059.4:c.7786_7788delinsCTG	p.Gly2596Leu	missense	VUS	VUS	2	4	MISSING_FUNCTIONAL	MISSING_FUNCTIONAL	PM5:moderate		neighbour_evidence
2020-01-01	2026-08-04	NM_000059.4:c.7786_7788delinsCTT	p.Gly2596Leu	missense	VUS	VUS	2	4	MISSING_FUNCTIONAL	MISSING_FUNCTIONAL	PM5:moderate		neighbour_evidence
2020-01-01	2026-08-04	NM_000059.4:c.7787_7788delinsAC	p.Gly2596Asp	missense	VUS	VUS	2	4	MISSING_FUNCTIONAL	MISSING_FUNCTIONAL	PM5:moderate		neighbour_evidence
2020-01-01	2026-08-04	NM_000059.4:c.7787_7788delinsAG	p.Gly2596Glu	missense	VUS	LP	2	8	MISSING_FUNCTIONAL	RESOLVED_NOT_BLOCKED	PM5:moderate;PS1:strong		neighbour_evidence
2020-01-01	2026-08-04	NM_000059.4:c.7787_7788delinsAT	p.Gly2596Asp	missense	VUS	VUS	2	4	MISSING_FUNCTIONAL	MISSING_FUNCTIONAL	PM5:moderate		neighbour_evidence
2020-01-01	2026-08-04	NM_000059.4:c.7787_7788delinsCC	p.Gly2596Ala	missense	VUS	VUS	2	4	MISSING_FUNCTIONAL	MISSING_FUNCTIONAL	PM5:moderate		neighbour_evidence
2020-01-01	2026-08-04	NM_000059.4:c.7787_7788delinsCG	p.Gly2596Ala	missense	VUS	VUS	2	4	MISSING_FUNCTIONAL	MISSING_FUNCTIONAL	PM5:moderate		neighbour_evidence
2020-01-01	2026-08-04	NM_000059.4:c.7787_7788delinsCT	p.Gly2596Ala	missense	VUS	VUS	2	4	MISSING_FUNCTIONAL	MISSING_FUNCTIONAL	PM5:moderate		neighbour_evidence
2020-01-01	2026-08-04	NM_000059.4:c.7787_7788delinsTC	p.Gly2596Val	missense	VUS	VUS	2	4	MISSING_FUNCTIONAL	MISSING_FUNCTIONAL	PM5:moderate		neighbour_evidence
2020-01-01	2026-08-04	NM_000059.4:c.7787_7788delinsTG	p.Gly2596Val	missense	VUS	VUS	2	4	MISSING_FUNCTIONAL	MISSING_FUNCTIONAL	PM5:moderate		neighbour_evidence
2020-01-01	2026-08-04	NM_000059.4:c.7787_7788delinsTT	p.Gly2596Val	missense	VUS	VUS	2	4	MISSING_FUNCTIONAL	MISSING_FUNCTIONAL	PM5:moderate		neighbour_evidence
2020-01-01	2026-08-04	NM_000059.4:c.7786_7788delinsTAC	p.Gly2596Tyr	missense	VUS	VUS	2	4	MISSING_FUNCTIONAL	MISSING_FUNCTIONAL	PM5:moderate		neighbour_evidence
2020-01-01	2026-08-04	NM_000059.4:c.7786_7788delinsTAT	p.Gly2596Tyr	missense	VUS	VUS	2	4	MISSING_FUNCTIONAL	MISSING_FUNCTIONAL	PM5:moderate		neighbour_evidence
2020-01-01	2026-08-04	NM_000059.4:c.7786_7787delinsTC	p.Gly2596Ser	missense	VUS	VUS	2	4	MISSING_FUNCTIONAL	MISSING_FUNCTIONAL	PM5:moderate		neighbour_evidence
2020-01-01	2026-08-04	NM_000059.4:c.7786_7788delinsTCC	p.Gly2596Ser	missense	VUS	VUS	2	4	MISSING_FUNCTIONAL	MISSING_FUNCTIONAL	PM5:moderate		neighbour_evidence
2020-01-01	2026-08-04	NM_000059.4:c.7786_7788delinsTCG	p.Gly2596Ser	missense	VUS	VUS	2	4	MISSING_FUNCTIONAL	MISSING_FUNCTIONAL	PM5:moderate		neighbour_evidence
2020-01-01	2026-08-04	NM_000059.4:c.7786_7788delinsTCT	p.Gly2596Ser	missense	VUS	VUS	2	4	MISSING_FUNCTIONAL	MISSING_FUNCTIONAL	PM5:moderate		neighbour_evidence
2020-01-01	2026-08-04	NM_000059.4:c.7786_7788delinsTGC	p.Gly2596Cys	missense	VUS	VUS	2	4	MISSING_FUNCTIONAL	MISSING_FUNCTIONAL	PM5:moderate		neighbour_evidence
2020-01-01	2026-08-04	NM_000059.4:c.7786_7788delinsTGG	p.Gly2596Trp	missense	VUS	VUS	2	4	MISSING_FUNCTIONAL	MISSING_FUNCTIONAL	PM5:moderate		neighbour_evidence
2020-01-01	2026-08-04	NM_000059.4:c.7786_7788delinsTGT	p.Gly2596Cys	missense	VUS	VUS	2	4	MISSING_FUNCTIONAL	MISSING_FUNCTIONAL	PM5:moderate		neighbour_evidence
2020-01-01	2026-08-04	NM_000059.4:c.7786_7787delinsTT	p.Gly2596Leu	missense	VUS	VUS	2	4	MISSING_FUNCTIONAL	MISSING_FUNCTIONAL	PM5:moderate		neighbour_evidence
2020-01-01	2026-08-04	NM_000059.4:c.7786_7788delinsTTC	p.Gly2596Phe	missense	VUS	VUS	2	4	MISSING_FUNCTIONAL	MISSING_FUNCTIONAL	PM5:moderate		neighbour_evidence
2020-01-01	2026-08-04	NM_000059.4:c.7786_7788delinsTTG	p.Gly2596Leu	missense	VUS	VUS	2	4	MISSING_FUNCTIONAL	MISSING_FUNCTIONAL	PM5:moderate		neighbour_evidence
2020-01-01	2026-08-04	NM_000059.4:c.7786_7788delinsTTT	p.Gly2596Phe	missense	VUS	VUS	2	4	MISSING_FUNCTIONAL	MISSING_FUNCTIONAL	PM5:moderate		neighbour_evidence
2020-01-01	2026-08-04	NM_000059.4:c.7795_7797delinsAAC	p.Glu2599Asn	missense	VUS	VUS	2	4	MISSING_FUNCTIONAL	MISSING_FUNCTIONAL	PM5:moderate		neighbour_evidence
2020-01-01	2026-08-04	NM_000059.4:c.7795_7797delinsAAG	p.Glu2599Lys	missense	VUS	VUS	2	4	MISSING_FUNCTIONAL	MISSING_FUNCTIONAL	PM5:moderate		neighbour_evidence
2020-01-01	2026-08-04	NM_000059.4:c.7795_7797delinsAAT	p.Glu2599Asn	missense	VUS	VUS	2	4	MISSING_FUNCTIONAL	MISSING_FUNCTIONAL	PM5:moderate		neighbour_evidence
2020-01-01	2026-08-04	NM_000059.4:c.7795_7796delinsAC	p.Glu2599Thr	missense	VUS	VUS	2	4	MISSING_FUNCTIONAL	MISSING_FUNCTIONAL	PM5:moderate		neighbour_evidence
2020-01-01	2026-08-04	NM_000059.4:c.7795_7797delinsACC	p.Glu2599Thr	missense	VUS	VUS	2	4	MISSING_FUNCTIONAL	MISSING_FUNCTIONAL	PM5:moderate		neighbour_evidence
2020-01-01	2026-08-04	NM_000059.4:c.7795_7797delinsACG	p.Glu2599Thr	missense	VUS	VUS	2	4	MISSING_FUNCTIONAL	MISSING_FUNCTIONAL	PM5:moderate		neighbour_evidence
2020-01-01	2026-08-04	NM_000059.4:c.7795_7797delinsACT	p.Glu2599Thr	missense	VUS	VUS	2	4	MISSING_FUNCTIONAL	MISSING_FUNCTIONAL	PM5:moderate		neighbour_evidence
2020-01-01	2026-08-04	NM_000059.4:c.7795_7796delinsAG	p.Glu2599Arg	missense	VUS	VUS	2	4	MISSING_FUNCTIONAL	MISSING_FUNCTIONAL	PM5:moderate		neighbour_evidence
2020-01-01	2026-08-04	NM_000059.4:c.7795_7797delinsAGC	p.Glu2599Ser	missense	VUS	VUS	2	4	MISSING_FUNCTIONAL	MISSING_FUNCTIONAL	PM5:moderate		neighbour_evidence
2020-01-01	2026-08-04	NM_000059.4:c.7795_7797delinsAGG	p.Glu2599Arg	missense	VUS	VUS	2	4	MISSING_FUNCTIONAL	MISSING_FUNCTIONAL	PM5:moderate		neighbour_evidence
2020-01-01	2026-08-04	NM_000059.4:c.7795_7797delinsAGT	p.Glu2599Ser	missense	VUS	VUS	2	4	MISSING_FUNCTIONAL	MISSING_FUNCTIONAL	PM5:moderate		neighbour_evidence
2020-01-01	2026-08-04	NM_000059.4:c.7795_7796delinsAT	p.Glu2599Ile	missense	VUS	VUS	2	4	MISSING_FUNCTIONAL	MISSING_FUNCTIONAL	PM5:moderate		neighbour_evidence
2020-01-01	2026-08-04	NM_000059.4:c.7795_7797delinsATC	p.Glu2599Ile	missense	VUS	VUS	2	4	MISSING_FUNCTIONAL	MISSING_FUNCTIONAL	PM5:moderate		neighbour_evidence
2020-01-01	2026-08-04	NM_000059.4:c.7795_7797delinsATG	p.Glu2599Met	missense	VUS	VUS	2	4	MISSING_FUNCTIONAL	MISSING_FUNCTIONAL	PM5:moderate		neighbour_evidence
2020-01-01	2026-08-04	NM_000059.4:c.7795_7797delinsATT	p.Glu2599Ile	missense	VUS	VUS	2	4	MISSING_FUNCTIONAL	MISSING_FUNCTIONAL	PM5:moderate		neighbour_evidence
2020-01-01	2026-08-04	NM_000059.4:c.7795_7797delinsCAC	p.Glu2599His	missense	VUS	VUS	2	4	MISSING_FUNCTIONAL	MISSING_FUNCTIONAL	PM5:moderate		neighbour_evidence
2020-01-01	2026-08-04	NM_000059.4:c.7795_7797delinsCAG	p.Glu2599Gln	missense	VUS	VUS	2	4	MISSING_FUNCTIONAL	MISSING_FUNCTIONAL	PM5:moderate		neighbour_evidence
2020-01-01	2026-08-04	NM_000059.4:c.7795_7797delinsCAT	p.Glu2599His	missense	VUS	VUS	2	4	MISSING_FUNCTIONAL	MISSING_FUNCTIONAL	PM5:moderate		neighbour_evidence
2020-01-01	2026-08-04	NM_000059.4:c.7795_7796delinsCC	p.Glu2599Pro	missense	VUS	VUS	2	4	MISSING_FUNCTIONAL	MISSING_FUNCTIONAL	PM5:moderate		neighbour_evidence
2020-01-01	2026-08-04	NM_000059.4:c.7795_7797delinsCCC	p.Glu2599Pro	missense	VUS	VUS	2	4	MISSING_FUNCTIONAL	MISSING_FUNCTIONAL	PM5:moderate		neighbour_evidence
2020-01-01	2026-08-04	NM_000059.4:c.7795_7797delinsCCG	p.Glu2599Pro	missense	VUS	VUS	2	4	MISSING_FUNCTIONAL	MISSING_FUNCTIONAL	PM5:moderate		neighbour_evidence
2020-01-01	2026-08-04	NM_000059.4:c.7795_7797delinsCCT	p.Glu2599Pro	missense	VUS	VUS	2	4	MISSING_FUNCTIONAL	MISSING_FUNCTIONAL	PM5:moderate		neighbour_evidence
2020-01-01	2026-08-04	NM_000059.4:c.7795_7796delinsCG	p.Glu2599Arg	missense	VUS	VUS	2	4	MISSING_FUNCTIONAL	MISSING_FUNCTIONAL	PM5:moderate		neighbour_evidence
2020-01-01	2026-08-04	NM_000059.4:c.7795_7797delinsCGC	p.Glu2599Arg	missense	VUS	VUS	2	4	MISSING_FUNCTIONAL	MISSING_FUNCTIONAL	PM5:moderate		neighbour_evidence
2020-01-01	2026-08-04	NM_000059.4:c.7795_7797delinsCGG	p.Glu2599Arg	missense	VUS	VUS	2	4	MISSING_FUNCTIONAL	MISSING_FUNCTIONAL	PM5:moderate		neighbour_evidence
2020-01-01	2026-08-04	NM_000059.4:c.7795_7797delinsCGT	p.Glu2599Arg	missense	VUS	VUS	2	4	MISSING_FUNCTIONAL	MISSING_FUNCTIONAL	PM5:moderate		neighbour_evidence
2020-01-01	2026-08-04	NM_000059.4:c.7795_7796delinsCT	p.Glu2599Leu	missense	VUS	VUS	2	4	MISSING_FUNCTIONAL	MISSING_FUNCTIONAL	PM5:moderate		neighbour_evidence
2020-01-01	2026-08-04	NM_000059.4:c.7795_7797delinsCTC	p.Glu2599Leu	missense	VUS	VUS	2	4	MISSING_FUNCTIONAL	MISSING_FUNCTIONAL	PM5:moderate		neighbour_evidence
2020-01-01	2026-08-04	NM_000059.4:c.7795_7797delinsCTG	p.Glu2599Leu	missense	VUS	VUS	2	4	MISSING_FUNCTIONAL	MISSING_FUNCTIONAL	PM5:moderate		neighbour_evidence
2020-01-01	2026-08-04	NM_000059.4:c.7795_7797delinsCTT	p.Glu2599Leu	missense	VUS	VUS	2	4	MISSING_FUNCTIONAL	MISSING_FUNCTIONAL	PM5:moderate		neighbour_evidence
2020-01-01	2026-08-04	NM_000059.4:c.7796_7797delinsCC	p.Glu2599Ala	missense	VUS	VUS	2	4	MISSING_FUNCTIONAL	MISSING_FUNCTIONAL	PM5:moderate		neighbour_evidence
2020-01-01	2026-08-04	NM_000059.4:c.7796_7797delinsCG	p.Glu2599Ala	missense	VUS	VUS	2	4	MISSING_FUNCTIONAL	MISSING_FUNCTIONAL	PM5:moderate		neighbour_evidence
2020-01-01	2026-08-04	NM_000059.4:c.7796_7797delinsCT	p.Glu2599Ala	missense	VUS	VUS	2	4	MISSING_FUNCTIONAL	MISSING_FUNCTIONAL	PM5:moderate		neighbour_evidence
2020-01-01	2026-08-04	NM_000059.4:c.7796_7797delinsGC	p.Glu2599Gly	missense	VUS	LP	2	6	MISSING_FUNCTIONAL	RESOLVED_NOT_BLOCKED	PS1:strong		neighbour_evidence
2020-01-01	2026-08-04	NM_000059.4:c.7796_7797delinsGG	p.Glu2599Gly	missense	VUS	LP	2	6	MISSING_FUNCTIONAL	RESOLVED_NOT_BLOCKED	PS1:strong		neighbour_evidence
2020-01-01	2026-08-04	NM_000059.4:c.7796_7797delinsGT	p.Glu2599Gly	missense	VUS	LP	2	6	MISSING_FUNCTIONAL	RESOLVED_NOT_BLOCKED	PS1:strong		neighbour_evidence
2020-01-01	2026-08-04	NM_000059.4:c.7796_7797delinsTC	p.Glu2599Val	missense	VUS	VUS	2	4	MISSING_FUNCTIONAL	MISSING_FUNCTIONAL	PM5:moderate		neighbour_evidence
2020-01-01	2026-08-04	NM_000059.4:c.7796_7797delinsTG	p.Glu2599Val	missense	VUS	VUS	2	4	MISSING_FUNCTIONAL	MISSING_FUNCTIONAL	PM5:moderate		neighbour_evidence
2020-01-01	2026-08-04	NM_000059.4:c.7796_7797delinsTT	p.Glu2599Val	missense	VUS	VUS	2	4	MISSING_FUNCTIONAL	MISSING_FUNCTIONAL	PM5:moderate		neighbour_evidence
2020-01-01	2026-08-04	NM_000059.4:c.7795_7797delinsTAC	p.Glu2599Tyr	missense	VUS	VUS	2	4	MISSING_FUNCTIONAL	MISSING_FUNCTIONAL	PM5:moderate		neighbour_evidence
2020-01-01	2026-08-04	NM_000059.4:c.7795_7797delinsTAT	p.Glu2599Tyr	missense	VUS	VUS	2	4	MISSING_FUNCTIONAL	MISSING_FUNCTIONAL	PM5:moderate		neighbour_evidence
2020-01-01	2026-08-04	NM_000059.4:c.7795_7796delinsTC	p.Glu2599Ser	missense	VUS	VUS	2	4	MISSING_FUNCTIONAL	MISSING_FUNCTIONAL	PM5:moderate		neighbour_evidence
2020-01-01	2026-08-04	NM_000059.4:c.7795_7797delinsTCC	p.Glu2599Ser	missense	VUS	VUS	2	4	MISSING_FUNCTIONAL	MISSING_FUNCTIONAL	PM5:moderate		neighbour_evidence
2020-01-01	2026-08-04	NM_000059.4:c.7795_7797delinsTCG	p.Glu2599Ser	missense	VUS	VUS	2	4	MISSING_FUNCTIONAL	MISSING_FUNCTIONAL	PM5:moderate		neighbour_evidence
2020-01-01	2026-08-04	NM_000059.4:c.7795_7797delinsTCT	p.Glu2599Ser	missense	VUS	VUS	2	4	MISSING_FUNCTIONAL	MISSING_FUNCTIONAL	PM5:moderate		neighbour_evidence
2020-01-01	2026-08-04	NM_000059.4:c.7795_7797delinsTGC	p.Glu2599Cys	missense	VUS	VUS	2	4	MISSING_FUNCTIONAL	MISSING_FUNCTIONAL	PM5:moderate		neighbour_evidence
2020-01-01	2026-08-04	NM_000059.4:c.7795_7797delinsTGG	p.Glu2599Trp	missense	VUS	VUS	2	4	MISSING_FUNCTIONAL	MISSING_FUNCTIONAL	PM5:moderate		neighbour_evidence
2020-01-01	2026-08-04	NM_000059.4:c.7795_7797delinsTGT	p.Glu2599Cys	missense	VUS	VUS	2	4	MISSING_FUNCTIONAL	MISSING_FUNCTIONAL	PM5:moderate		neighbour_evidence
2020-01-01	2026-08-04	NM_000059.4:c.7795_7796delinsTT	p.Glu2599Leu	missense	VUS	VUS	2	4	MISSING_FUNCTIONAL	MISSING_FUNCTIONAL	PM5:moderate		neighbour_evidence
2020-01-01	2026-08-04	NM_000059.4:c.7795_7797delinsTTC	p.Glu2599Phe	missense	VUS	VUS	2	4	MISSING_FUNCTIONAL	MISSING_FUNCTIONAL	PM5:moderate		neighbour_evidence
2020-01-01	2026-08-04	NM_000059.4:c.7795_7797delinsTTG	p.Glu2599Leu	missense	VUS	VUS	2	4	MISSING_FUNCTIONAL	MISSING_FUNCTIONAL	PM5:moderate		neighbour_evidence
2020-01-01	2026-08-04	NM_000059.4:c.7795_7797delinsTTT	p.Glu2599Phe	missense	VUS	VUS	2	4	MISSING_FUNCTIONAL	MISSING_FUNCTIONAL	PM5:moderate		neighbour_evidence
2020-01-01	2026-08-04	NM_000059.4:c.7801_7803delinsAAA	p.Tyr2601Lys	missense	VUS	VUS	2	4	MISSING_FUNCTIONAL	MISSING_FUNCTIONAL	PM5:moderate		neighbour_evidence
2020-01-01	2026-08-04	NM_000059.4:c.7801_7803delinsAAC	p.Tyr2601Asn	missense	VUS	VUS	2	4	MISSING_FUNCTIONAL	MISSING_FUNCTIONAL	PM5:moderate		neighbour_evidence
2020-01-01	2026-08-04	NM_000059.4:c.7801_7803delinsAAG	p.Tyr2601Lys	missense	VUS	VUS	2	4	MISSING_FUNCTIONAL	MISSING_FUNCTIONAL	PM5:moderate		neighbour_evidence
2020-01-01	2026-08-04	NM_000059.4:c.7801_7803delinsACA	p.Tyr2601Thr	missense	VUS	VUS	2	4	MISSING_FUNCTIONAL	MISSING_FUNCTIONAL	PM5:moderate		neighbour_evidence
2020-01-01	2026-08-04	NM_000059.4:c.7801_7803delinsACC	p.Tyr2601Thr	missense	VUS	VUS	2	4	MISSING_FUNCTIONAL	MISSING_FUNCTIONAL	PM5:moderate		neighbour_evidence
2020-01-01	2026-08-04	NM_000059.4:c.7801_7803delinsACG	p.Tyr2601Thr	missense	VUS	VUS	2	4	MISSING_FUNCTIONAL	MISSING_FUNCTIONAL	PM5:moderate		neighbour_evidence
2020-01-01	2026-08-04	NM_000059.4:c.7801_7802delinsAC	p.Tyr2601Thr	missense	VUS	VUS	2	4	MISSING_FUNCTIONAL	MISSING_FUNCTIONAL	PM5:moderate		neighbour_evidence
2020-01-01	2026-08-04	NM_000059.4:c.7801_7803delinsAGA	p.Tyr2601Arg	missense	VUS	VUS	2	4	MISSING_FUNCTIONAL	MISSING_FUNCTIONAL	PM5:moderate		neighbour_evidence
2020-01-01	2026-08-04	NM_000059.4:c.7801_7803delinsAGC	p.Tyr2601Ser	missense	VUS	VUS	2	4	MISSING_FUNCTIONAL	MISSING_FUNCTIONAL	PM5:moderate		neighbour_evidence
2020-01-01	2026-08-04	NM_000059.4:c.7801_7803delinsAGG	p.Tyr2601Arg	missense	VUS	VUS	2	4	MISSING_FUNCTIONAL	MISSING_FUNCTIONAL	PM5:moderate		neighbour_evidence
2020-01-01	2026-08-04	NM_000059.4:c.7801_7802delinsAG	p.Tyr2601Ser	missense	VUS	VUS	2	4	MISSING_FUNCTIONAL	MISSING_FUNCTIONAL	PM5:moderate		neighbour_evidence
2020-01-01	2026-08-04	NM_000059.4:c.7801_7803delinsATA	p.Tyr2601Ile	missense	VUS	VUS	2	4	MISSING_FUNCTIONAL	MISSING_FUNCTIONAL	PM5:moderate		neighbour_evidence
2020-01-01	2026-08-04	NM_000059.4:c.7801_7803delinsATC	p.Tyr2601Ile	missense	VUS	VUS	2	4	MISSING_FUNCTIONAL	MISSING_FUNCTIONAL	PM5:moderate		neighbour_evidence
2020-01-01	2026-08-04	NM_000059.4:c.7801_7803delinsATG	p.Tyr2601Met	missense	VUS	VUS	2	4	MISSING_FUNCTIONAL	MISSING_FUNCTIONAL	PM5:moderate		neighbour_evidence
2020-01-01	2026-08-04	NM_000059.4:c.7801_7802delinsAT	p.Tyr2601Ile	missense	VUS	VUS	2	4	MISSING_FUNCTIONAL	MISSING_FUNCTIONAL	PM5:moderate		neighbour_evidence
2020-01-01	2026-08-04	NM_000059.4:c.7801_7803delinsCAA	p.Tyr2601Gln	missense	VUS	VUS	2	4	MISSING_FUNCTIONAL	MISSING_FUNCTIONAL	PM5:moderate		neighbour_evidence
2020-01-01	2026-08-04	NM_000059.4:c.7801_7803delinsCAC	p.Tyr2601His	missense	VUS	VUS	2	4	MISSING_FUNCTIONAL	MISSING_FUNCTIONAL	PM5:moderate		neighbour_evidence
2020-01-01	2026-08-04	NM_000059.4:c.7801_7803delinsCAG	p.Tyr2601Gln	missense	VUS	VUS	2	4	MISSING_FUNCTIONAL	MISSING_FUNCTIONAL	PM5:moderate		neighbour_evidence
2020-01-01	2026-08-04	NM_000059.4:c.7801_7803delinsCCA	p.Tyr2601Pro	missense	VUS	VUS	2	4	MISSING_FUNCTIONAL	MISSING_FUNCTIONAL	PM5:moderate		neighbour_evidence
2020-01-01	2026-08-04	NM_000059.4:c.7801_7803delinsCCC	p.Tyr2601Pro	missense	VUS	VUS	2	4	MISSING_FUNCTIONAL	MISSING_FUNCTIONAL	PM5:moderate		neighbour_evidence
2020-01-01	2026-08-04	NM_000059.4:c.7801_7803delinsCCG	p.Tyr2601Pro	missense	VUS	VUS	2	4	MISSING_FUNCTIONAL	MISSING_FUNCTIONAL	PM5:moderate		neighbour_evidence
2020-01-01	2026-08-04	NM_000059.4:c.7801_7802delinsCC	p.Tyr2601Pro	missense	VUS	VUS	2	4	MISSING_FUNCTIONAL	MISSING_FUNCTIONAL	PM5:moderate		neighbour_evidence
2020-01-01	2026-08-04	NM_000059.4:c.7801_7803delinsCGA	p.Tyr2601Arg	missense	VUS	VUS	2	4	MISSING_FUNCTIONAL	MISSING_FUNCTIONAL	PM5:moderate		neighbour_evidence
2020-01-01	2026-08-04	NM_000059.4:c.7801_7803delinsCGC	p.Tyr2601Arg	missense	VUS	VUS	2	4	MISSING_FUNCTIONAL	MISSING_FUNCTIONAL	PM5:moderate		neighbour_evidence
2020-01-01	2026-08-04	NM_000059.4:c.7801_7803delinsCGG	p.Tyr2601Arg	missense	VUS	VUS	2	4	MISSING_FUNCTIONAL	MISSING_FUNCTIONAL	PM5:moderate		neighbour_evidence
2020-01-01	2026-08-04	NM_000059.4:c.7801_7802delinsCG	p.Tyr2601Arg	missense	VUS	VUS	2	4	MISSING_FUNCTIONAL	MISSING_FUNCTIONAL	PM5:moderate		neighbour_evidence
2020-01-01	2026-08-04	NM_000059.4:c.7801_7803delinsCTA	p.Tyr2601Leu	missense	VUS	VUS	2	4	MISSING_FUNCTIONAL	MISSING_FUNCTIONAL	PM5:moderate		neighbour_evidence
2020-01-01	2026-08-04	NM_000059.4:c.7801_7803delinsCTC	p.Tyr2601Leu	missense	VUS	VUS	2	4	MISSING_FUNCTIONAL	MISSING_FUNCTIONAL	PM5:moderate		neighbour_evidence
2020-01-01	2026-08-04	NM_000059.4:c.7801_7803delinsCTG	p.Tyr2601Leu	missense	VUS	VUS	2	4	MISSING_FUNCTIONAL	MISSING_FUNCTIONAL	PM5:moderate		neighbour_evidence
2020-01-01	2026-08-04	NM_000059.4:c.7801_7802delinsCT	p.Tyr2601Leu	missense	VUS	VUS	2	4	MISSING_FUNCTIONAL	MISSING_FUNCTIONAL	PM5:moderate		neighbour_evidence
2020-01-01	2026-08-04	NM_000059.4:c.7801_7803delinsGAA	p.Tyr2601Glu	missense	VUS	VUS	2	4	MISSING_FUNCTIONAL	MISSING_FUNCTIONAL	PM5:moderate		neighbour_evidence
2020-01-01	2026-08-04	NM_000059.4:c.7801_7803delinsGAC	p.Tyr2601Asp	missense	VUS	VUS	2	4	MISSING_FUNCTIONAL	MISSING_FUNCTIONAL	PM5:moderate		neighbour_evidence
2020-01-01	2026-08-04	NM_000059.4:c.7801_7803delinsGAG	p.Tyr2601Glu	missense	VUS	VUS	2	4	MISSING_FUNCTIONAL	MISSING_FUNCTIONAL	PM5:moderate		neighbour_evidence
2020-01-01	2026-08-04	NM_000059.4:c.7801_7803delinsGCA	p.Tyr2601Ala	missense	VUS	VUS	2	4	MISSING_FUNCTIONAL	MISSING_FUNCTIONAL	PM5:moderate		neighbour_evidence
2020-01-01	2026-08-04	NM_000059.4:c.7801_7803delinsGCC	p.Tyr2601Ala	missense	VUS	VUS	2	4	MISSING_FUNCTIONAL	MISSING_FUNCTIONAL	PM5:moderate		neighbour_evidence
2020-01-01	2026-08-04	NM_000059.4:c.7801_7803delinsGCG	p.Tyr2601Ala	missense	VUS	VUS	2	4	MISSING_FUNCTIONAL	MISSING_FUNCTIONAL	PM5:moderate		neighbour_evidence
2020-01-01	2026-08-04	NM_000059.4:c.7801_7802delinsGC	p.Tyr2601Ala	missense	VUS	VUS	2	4	MISSING_FUNCTIONAL	MISSING_FUNCTIONAL	PM5:moderate		neighbour_evidence
2020-01-01	2026-08-04	NM_000059.4:c.7801_7803delinsGGA	p.Tyr2601Gly	missense	VUS	VUS	2	4	MISSING_FUNCTIONAL	MISSING_FUNCTIONAL	PM5:moderate		neighbour_evidence
2020-01-01	2026-08-04	NM_000059.4:c.7801_7803delinsGGC	p.Tyr2601Gly	missense	VUS	VUS	2	4	MISSING_FUNCTIONAL	MISSING_FUNCTIONAL	PM5:moderate		neighbour_evidence
2020-01-01	2026-08-04	NM_000059.4:c.7801_7803delinsGGG	p.Tyr2601Gly	missense	VUS	VUS	2	4	MISSING_FUNCTIONAL	MISSING_FUNCTIONAL	PM5:moderate		neighbour_evidence
2020-01-01	2026-08-04	NM_000059.4:c.7801_7802delinsGG	p.Tyr2601Gly	missense	VUS	VUS	2	4	MISSING_FUNCTIONAL	MISSING_FUNCTIONAL	PM5:moderate		neighbour_evidence
2020-01-01	2026-08-04	NM_000059.4:c.7801_7803delinsGTA	p.Tyr2601Val	missense	VUS	VUS	2	4	MISSING_FUNCTIONAL	MISSING_FUNCTIONAL	PM5:moderate		neighbour_evidence
2020-01-01	2026-08-04	NM_000059.4:c.7801_7803delinsGTC	p.Tyr2601Val	missense	VUS	VUS	2	4	MISSING_FUNCTIONAL	MISSING_FUNCTIONAL	PM5:moderate		neighbour_evidence
2020-01-01	2026-08-04	NM_000059.4:c.7801_7803delinsGTG	p.Tyr2601Val	missense	VUS	VUS	2	4	MISSING_FUNCTIONAL	MISSING_FUNCTIONAL	PM5:moderate		neighbour_evidence
2020-01-01	2026-08-04	NM_000059.4:c.7801_7802delinsGT	p.Tyr2601Val	missense	VUS	VUS	2	4	MISSING_FUNCTIONAL	MISSING_FUNCTIONAL	PM5:moderate		neighbour_evidence
2020-01-01	2026-08-04	NM_000059.4:c.7802_7803delinsCA	p.Tyr2601Ser	missense	VUS	VUS	2	4	MISSING_FUNCTIONAL	MISSING_FUNCTIONAL	PM5:moderate		neighbour_evidence
2020-01-01	2026-08-04	NM_000059.4:c.7802_7803delinsCC	p.Tyr2601Ser	missense	VUS	VUS	2	4	MISSING_FUNCTIONAL	MISSING_FUNCTIONAL	PM5:moderate		neighbour_evidence
2020-01-01	2026-08-04	NM_000059.4:c.7802_7803delinsCG	p.Tyr2601Ser	missense	VUS	VUS	2	4	MISSING_FUNCTIONAL	MISSING_FUNCTIONAL	PM5:moderate		neighbour_evidence
2020-01-01	2026-08-04	NM_000059.4:c.7802_7803delinsGC	p.Tyr2601Cys	missense	VUS	LP	2	6	MISSING_FUNCTIONAL	RESOLVED_NOT_BLOCKED	PS1:strong		neighbour_evidence
2020-01-01	2026-08-04	NM_000059.4:c.7802_7803delinsGG	p.Tyr2601Trp	missense	VUS	VUS	2	4	MISSING_FUNCTIONAL	MISSING_FUNCTIONAL	PM5:moderate		neighbour_evidence
2020-01-01	2026-08-04	NM_000059.4:c.7802_7803delinsTA	p.Tyr2601Leu	missense	VUS	VUS	2	4	MISSING_FUNCTIONAL	MISSING_FUNCTIONAL	PM5:moderate		neighbour_evidence
2020-01-01	2026-08-04	NM_000059.4:c.7802_7803delinsTC	p.Tyr2601Phe	missense	VUS	VUS	2	4	MISSING_FUNCTIONAL	MISSING_FUNCTIONAL	PM5:moderate		neighbour_evidence
2020-01-01	2026-08-04	NM_000059.4:c.7802_7803delinsTG	p.Tyr2601Leu	missense	VUS	VUS	2	4	MISSING_FUNCTIONAL	MISSING_FUNCTIONAL	PM5:moderate		neighbour_evidence
2020-01-01	2026-08-04	NM_000059.4:c.7805_7806delinsAA	p.Arg2602Lys	missense	VUS	VUS	2	4	MISSING_FUNCTIONAL	MISSING_FUNCTIONAL	PM5:moderate		neighbour_evidence
2020-01-01	2026-08-04	NM_000059.4:c.7805_7806delinsAC	p.Arg2602Asn	missense	VUS	VUS	2	4	MISSING_FUNCTIONAL	MISSING_FUNCTIONAL	PM5:moderate		neighbour_evidence
2020-01-01	2026-08-04	NM_000059.4:c.7805_7806delinsAT	p.Arg2602Asn	missense	VUS	VUS	2	4	MISSING_FUNCTIONAL	MISSING_FUNCTIONAL	PM5:moderate		neighbour_evidence
2020-01-01	2026-08-04	NM_000059.4:c.7805_7806delinsCA	p.Arg2602Thr	missense	VUS	LP	2	6	MISSING_FUNCTIONAL	RESOLVED_NOT_BLOCKED	PS1:strong		neighbour_evidence
2020-01-01	2026-08-04	NM_000059.4:c.7805_7806delinsCC	p.Arg2602Thr	missense	VUS	LP	2	6	MISSING_FUNCTIONAL	RESOLVED_NOT_BLOCKED	PS1:strong		neighbour_evidence
2020-01-01	2026-08-04	NM_000059.4:c.7805_7806delinsCT	p.Arg2602Thr	missense	VUS	LP	2	6	MISSING_FUNCTIONAL	RESOLVED_NOT_BLOCKED	PS1:strong		neighbour_evidence
2020-01-01	2026-08-04	NM_000059.4:c.7805_7806delinsTA	p.Arg2602Ile	missense	VUS	VUS	2	4	MISSING_FUNCTIONAL	MISSING_FUNCTIONAL	PM5:moderate		neighbour_evidence
2020-01-01	2026-08-04	NM_000059.4:c.7805_7806delinsTC	p.Arg2602Ile	missense	VUS	VUS	2	4	MISSING_FUNCTIONAL	MISSING_FUNCTIONAL	PM5:moderate		neighbour_evidence
2020-01-01	2026-08-04	NM_000059.4:c.7805_7806delinsTT	p.Arg2602Ile	missense	VUS	VUS	2	4	MISSING_FUNCTIONAL	MISSING_FUNCTIONAL	PM5:moderate		neighbour_evidence
2020-01-01	2026-08-04	NM_000059.4:c.7804_7806delinsCAA	p.Arg2602Gln	missense	VUS	VUS	2	4	MISSING_FUNCTIONAL	MISSING_FUNCTIONAL	PM5:moderate		neighbour_evidence
2020-01-01	2026-08-04	NM_000059.4:c.7804_7806delinsCAC	p.Arg2602His	missense	VUS	VUS	2	4	MISSING_FUNCTIONAL	MISSING_FUNCTIONAL	PM5:moderate		neighbour_evidence
2020-01-01	2026-08-04	NM_000059.4:c.7804_7805delinsCA	p.Arg2602Gln	missense	VUS	VUS	2	4	MISSING_FUNCTIONAL	MISSING_FUNCTIONAL	PM5:moderate		neighbour_evidence
2020-01-01	2026-08-04	NM_000059.4:c.7804_7806delinsCAT	p.Arg2602His	missense	VUS	VUS	2	4	MISSING_FUNCTIONAL	MISSING_FUNCTIONAL	PM5:moderate		neighbour_evidence
2020-01-01	2026-08-04	NM_000059.4:c.7804_7806delinsCCA	p.Arg2602Pro	missense	VUS	VUS	2	4	MISSING_FUNCTIONAL	MISSING_FUNCTIONAL	PM5:moderate		neighbour_evidence
2020-01-01	2026-08-04	NM_000059.4:c.7804_7806delinsCCC	p.Arg2602Pro	missense	VUS	VUS	2	4	MISSING_FUNCTIONAL	MISSING_FUNCTIONAL	PM5:moderate		neighbour_evidence
2020-01-01	2026-08-04	NM_000059.4:c.7804_7805delinsCC	p.Arg2602Pro	missense	VUS	VUS	2	4	MISSING_FUNCTIONAL	MISSING_FUNCTIONAL	PM5:moderate		neighbour_evidence
2020-01-01	2026-08-04	NM_000059.4:c.7804_7806delinsCCT	p.Arg2602Pro	missense	VUS	VUS	2	4	MISSING_FUNCTIONAL	MISSING_FUNCTIONAL	PM5:moderate		neighbour_evidence
2020-01-01	2026-08-04	NM_000059.4:c.7804_7806delinsCTA	p.Arg2602Leu	missense	VUS	VUS	2	4	MISSING_FUNCTIONAL	MISSING_FUNCTIONAL	PM5:moderate		neighbour_evidence
2020-01-01	2026-08-04	NM_000059.4:c.7804_7806delinsCTC	p.Arg2602Leu	missense	VUS	VUS	2	4	MISSING_FUNCTIONAL	MISSING_FUNCTIONAL	PM5:moderate		neighbour_evidence
2020-01-01	2026-08-04	NM_000059.4:c.7804_7805delinsCT	p.Arg2602Leu	missense	VUS	VUS	2	4	MISSING_FUNCTIONAL	MISSING_FUNCTIONAL	PM5:moderate		neighbour_evidence
2020-01-01	2026-08-04	NM_000059.4:c.7804_7806delinsCTT	p.Arg2602Leu	missense	VUS	VUS	2	4	MISSING_FUNCTIONAL	MISSING_FUNCTIONAL	PM5:moderate		neighbour_evidence
2020-01-01	2026-08-04	NM_000059.4:c.7804_7806delinsGAA	p.Arg2602Glu	missense	VUS	VUS	2	4	MISSING_FUNCTIONAL	MISSING_FUNCTIONAL	PM5:moderate		neighbour_evidence
2020-01-01	2026-08-04	NM_000059.4:c.7804_7806delinsGAC	p.Arg2602Asp	missense	VUS	VUS	2	4	MISSING_FUNCTIONAL	MISSING_FUNCTIONAL	PM5:moderate		neighbour_evidence
2020-01-01	2026-08-04	NM_000059.4:c.7804_7805delinsGA	p.Arg2602Glu	missense	VUS	VUS	2	4	MISSING_FUNCTIONAL	MISSING_FUNCTIONAL	PM5:moderate		neighbour_evidence
2020-01-01	2026-08-04	NM_000059.4:c.7804_7806delinsGAT	p.Arg2602Asp	missense	VUS	VUS	2	4	MISSING_FUNCTIONAL	MISSING_FUNCTIONAL	PM5:moderate		neighbour_evidence
2020-01-01	2026-08-04	NM_000059.4:c.7804_7806delinsGCA	p.Arg2602Ala	missense	VUS	VUS	2	4	MISSING_FUNCTIONAL	MISSING_FUNCTIONAL	PM5:moderate		neighbour_evidence
2020-01-01	2026-08-04	NM_000059.4:c.7804_7806delinsGCC	p.Arg2602Ala	missense	VUS	VUS	2	4	MISSING_FUNCTIONAL	MISSING_FUNCTIONAL	PM5:moderate		neighbour_evidence
2020-01-01	2026-08-04	NM_000059.4:c.7804_7805delinsGC	p.Arg2602Ala	missense	VUS	VUS	2	4	MISSING_FUNCTIONAL	MISSING_FUNCTIONAL	PM5:moderate		neighbour_evidence
2020-01-01	2026-08-04	NM_000059.4:c.7804_7806delinsGCT	p.Arg2602Ala	missense	VUS	VUS	2	4	MISSING_FUNCTIONAL	MISSING_FUNCTIONAL	PM5:moderate		neighbour_evidence
2020-01-01	2026-08-04	NM_000059.4:c.7804_7806delinsGGA	p.Arg2602Gly	missense	VUS	VUS	2	4	MISSING_FUNCTIONAL	MISSING_FUNCTIONAL	PM5:moderate		neighbour_evidence
2020-01-01	2026-08-04	NM_000059.4:c.7804_7806delinsGGC	p.Arg2602Gly	missense	VUS	VUS	2	4	MISSING_FUNCTIONAL	MISSING_FUNCTIONAL	PM5:moderate		neighbour_evidence
2020-01-01	2026-08-04	NM_000059.4:c.7804_7806delinsGGT	p.Arg2602Gly	missense	VUS	VUS	2	4	MISSING_FUNCTIONAL	MISSING_FUNCTIONAL	PM5:moderate		neighbour_evidence
2020-01-01	2026-08-04	NM_000059.4:c.7804_7806delinsGTA	p.Arg2602Val	missense	VUS	VUS	2	4	MISSING_FUNCTIONAL	MISSING_FUNCTIONAL	PM5:moderate		neighbour_evidence
2020-01-01	2026-08-04	NM_000059.4:c.7804_7806delinsGTC	p.Arg2602Val	missense	VUS	VUS	2	4	MISSING_FUNCTIONAL	MISSING_FUNCTIONAL	PM5:moderate		neighbour_evidence
2020-01-01	2026-08-04	NM_000059.4:c.7804_7805delinsGT	p.Arg2602Val	missense	VUS	VUS	2	4	MISSING_FUNCTIONAL	MISSING_FUNCTIONAL	PM5:moderate		neighbour_evidence
2020-01-01	2026-08-04	NM_000059.4:c.7804_7806delinsGTT	p.Arg2602Val	missense	VUS	VUS	2	4	MISSING_FUNCTIONAL	MISSING_FUNCTIONAL	PM5:moderate		neighbour_evidence
2020-01-01	2026-08-04	NM_000059.4:c.7804_7806delinsTAC	p.Arg2602Tyr	missense	VUS	VUS	2	4	MISSING_FUNCTIONAL	MISSING_FUNCTIONAL	PM5:moderate		neighbour_evidence
2020-01-01	2026-08-04	NM_000059.4:c.7804_7806delinsTAT	p.Arg2602Tyr	missense	VUS	VUS	2	4	MISSING_FUNCTIONAL	MISSING_FUNCTIONAL	PM5:moderate		neighbour_evidence
2020-01-01	2026-08-04	NM_000059.4:c.7804_7806delinsTCA	p.Arg2602Ser	missense	VUS	VUS	2	4	MISSING_FUNCTIONAL	MISSING_FUNCTIONAL	PM5:moderate		neighbour_evidence
2020-01-01	2026-08-04	NM_000059.4:c.7804_7806delinsTCC	p.Arg2602Ser	missense	VUS	VUS	2	4	MISSING_FUNCTIONAL	MISSING_FUNCTIONAL	PM5:moderate		neighbour_evidence
2020-01-01	2026-08-04	NM_000059.4:c.7804_7805delinsTC	p.Arg2602Ser	missense	VUS	VUS	2	4	MISSING_FUNCTIONAL	MISSING_FUNCTIONAL	PM5:moderate		neighbour_evidence
2020-01-01	2026-08-04	NM_000059.4:c.7804_7806delinsTCT	p.Arg2602Ser	missense	VUS	VUS	2	4	MISSING_FUNCTIONAL	MISSING_FUNCTIONAL	PM5:moderate		neighbour_evidence
2020-01-01	2026-08-04	NM_000059.4:c.7804_7806delinsTGC	p.Arg2602Cys	missense	VUS	VUS	2	4	MISSING_FUNCTIONAL	MISSING_FUNCTIONAL	PM5:moderate		neighbour_evidence
2020-01-01	2026-08-04	NM_000059.4:c.7804_7806delinsTGT	p.Arg2602Cys	missense	VUS	VUS	2	4	MISSING_FUNCTIONAL	MISSING_FUNCTIONAL	PM5:moderate		neighbour_evidence
2020-01-01	2026-08-04	NM_000059.4:c.7804_7806delinsTTA	p.Arg2602Leu	missense	VUS	VUS	2	4	MISSING_FUNCTIONAL	MISSING_FUNCTIONAL	PM5:moderate		neighbour_evidence
2020-01-01	2026-08-04	NM_000059.4:c.7804_7806delinsTTC	p.Arg2602Phe	missense	VUS	VUS	2	4	MISSING_FUNCTIONAL	MISSING_FUNCTIONAL	PM5:moderate		neighbour_evidence
2020-01-01	2026-08-04	NM_000059.4:c.7804_7805delinsTT	p.Arg2602Leu	missense	VUS	VUS	2	4	MISSING_FUNCTIONAL	MISSING_FUNCTIONAL	PM5:moderate		neighbour_evidence
2020-01-01	2026-08-04	NM_000059.4:c.7804_7806delinsTTT	p.Arg2602Phe	missense	VUS	VUS	2	4	MISSING_FUNCTIONAL	MISSING_FUNCTIONAL	PM5:moderate		neighbour_evidence
2020-01-01	2026-08-04	NM_000059.4:c.7807_7809delinsAAA	p.Ala2603Lys	missense	VUS	VUS	2	4	MISSING_FUNCTIONAL	MISSING_FUNCTIONAL	PM5:moderate		neighbour_evidence
2020-01-01	2026-08-04	NM_000059.4:c.7807_7809delinsAAC	p.Ala2603Asn	missense	VUS	VUS	2	4	MISSING_FUNCTIONAL	MISSING_FUNCTIONAL	PM5:moderate		neighbour_evidence
2020-01-01	2026-08-04	NM_000059.4:c.7807_7809delinsAAG	p.Ala2603Lys	missense	VUS	VUS	2	4	MISSING_FUNCTIONAL	MISSING_FUNCTIONAL	PM5:moderate		neighbour_evidence
2020-01-01	2026-08-04	NM_000059.4:c.7807_7808delinsAA	p.Ala2603Asn	missense	VUS	VUS	2	4	MISSING_FUNCTIONAL	MISSING_FUNCTIONAL	PM5:moderate		neighbour_evidence
2020-01-01	2026-08-04	NM_000059.4:c.7807_7809delinsACA	p.Ala2603Thr	missense	VUS	VUS	2	4	MISSING_FUNCTIONAL	MISSING_FUNCTIONAL	PM5:moderate		neighbour_evidence
2020-01-01	2026-08-04	NM_000059.4:c.7807_7809delinsACC	p.Ala2603Thr	missense	VUS	VUS	2	4	MISSING_FUNCTIONAL	MISSING_FUNCTIONAL	PM5:moderate		neighbour_evidence
2020-01-01	2026-08-04	NM_000059.4:c.7807_7809delinsACG	p.Ala2603Thr	missense	VUS	VUS	2	4	MISSING_FUNCTIONAL	MISSING_FUNCTIONAL	PM5:moderate		neighbour_evidence
2020-01-01	2026-08-04	NM_000059.4:c.7807_7809delinsAGA	p.Ala2603Arg	missense	VUS	VUS	2	4	MISSING_FUNCTIONAL	MISSING_FUNCTIONAL	PM5:moderate		neighbour_evidence
2020-01-01	2026-08-04	NM_000059.4:c.7807_7809delinsAGC	p.Ala2603Ser	missense	VUS	VUS	2	4	MISSING_FUNCTIONAL	MISSING_FUNCTIONAL	PM5:moderate		neighbour_evidence
2020-01-01	2026-08-04	NM_000059.4:c.7807_7809delinsAGG	p.Ala2603Arg	missense	VUS	VUS	2	4	MISSING_FUNCTIONAL	MISSING_FUNCTIONAL	PM5:moderate		neighbour_evidence
2020-01-01	2026-08-04	NM_000059.4:c.7807_7808delinsAG	p.Ala2603Ser	missense	VUS	VUS	2	4	MISSING_FUNCTIONAL	MISSING_FUNCTIONAL	PM5:moderate		neighbour_evidence
2020-01-01	2026-08-04	NM_000059.4:c.7807_7809delinsATA	p.Ala2603Ile	missense	VUS	VUS	2	4	MISSING_FUNCTIONAL	MISSING_FUNCTIONAL	PM5:moderate		neighbour_evidence
2020-01-01	2026-08-04	NM_000059.4:c.7807_7809delinsATC	p.Ala2603Ile	missense	VUS	VUS	2	4	MISSING_FUNCTIONAL	MISSING_FUNCTIONAL	PM5:moderate		neighbour_evidence
2020-01-01	2026-08-04	NM_000059.4:c.7807_7809delinsATG	p.Ala2603Met	missense	VUS	VUS	2	4	MISSING_FUNCTIONAL	MISSING_FUNCTIONAL	PM5:moderate		neighbour_evidence
2020-01-01	2026-08-04	NM_000059.4:c.7807_7808delinsAT	p.Ala2603Ile	missense	VUS	VUS	2	4	MISSING_FUNCTIONAL	MISSING_FUNCTIONAL	PM5:moderate		neighbour_evidence
2020-01-01	2026-08-04	NM_000059.4:c.7807_7809delinsCAA	p.Ala2603Gln	missense	VUS	VUS	2	4	MISSING_FUNCTIONAL	MISSING_FUNCTIONAL	PM5:moderate		neighbour_evidence
2020-01-01	2026-08-04	NM_000059.4:c.7807_7809delinsCAC	p.Ala2603His	missense	VUS	VUS	2	4	MISSING_FUNCTIONAL	MISSING_FUNCTIONAL	PM5:moderate		neighbour_evidence
2020-01-01	2026-08-04	NM_000059.4:c.7807_7809delinsCAG	p.Ala2603Gln	missense	VUS	VUS	2	4	MISSING_FUNCTIONAL	MISSING_FUNCTIONAL	PM5:moderate		neighbour_evidence
2020-01-01	2026-08-04	NM_000059.4:c.7807_7808delinsCA	p.Ala2603His	missense	VUS	VUS	2	4	MISSING_FUNCTIONAL	MISSING_FUNCTIONAL	PM5:moderate		neighbour_evidence
2020-01-01	2026-08-04	NM_000059.4:c.7807_7809delinsCCA	p.Ala2603Pro	missense	VUS	LP	2	6	MISSING_FUNCTIONAL	RESOLVED_NOT_BLOCKED	PS1:strong		neighbour_evidence
2020-01-01	2026-08-04	NM_000059.4:c.7807_7809delinsCCC	p.Ala2603Pro	missense	VUS	LP	2	6	MISSING_FUNCTIONAL	RESOLVED_NOT_BLOCKED	PS1:strong		neighbour_evidence
2020-01-01	2026-08-04	NM_000059.4:c.7807_7809delinsCCG	p.Ala2603Pro	missense	VUS	LP	2	6	MISSING_FUNCTIONAL	RESOLVED_NOT_BLOCKED	PS1:strong		neighbour_evidence
2020-01-01	2026-08-04	NM_000059.4:c.7807_7809delinsCGA	p.Ala2603Arg	missense	VUS	VUS	2	4	MISSING_FUNCTIONAL	MISSING_FUNCTIONAL	PM5:moderate		neighbour_evidence
2020-01-01	2026-08-04	NM_000059.4:c.7807_7809delinsCGC	p.Ala2603Arg	missense	VUS	VUS	2	4	MISSING_FUNCTIONAL	MISSING_FUNCTIONAL	PM5:moderate		neighbour_evidence
2020-01-01	2026-08-04	NM_000059.4:c.7807_7809delinsCGG	p.Ala2603Arg	missense	VUS	VUS	2	4	MISSING_FUNCTIONAL	MISSING_FUNCTIONAL	PM5:moderate		neighbour_evidence
2020-01-01	2026-08-04	NM_000059.4:c.7807_7808delinsCG	p.Ala2603Arg	missense	VUS	VUS	2	4	MISSING_FUNCTIONAL	MISSING_FUNCTIONAL	PM5:moderate		neighbour_evidence
2020-01-01	2026-08-04	NM_000059.4:c.7807_7809delinsCTA	p.Ala2603Leu	missense	VUS	VUS	2	4	MISSING_FUNCTIONAL	MISSING_FUNCTIONAL	PM5:moderate		neighbour_evidence
2020-01-01	2026-08-04	NM_000059.4:c.7807_7809delinsCTC	p.Ala2603Leu	missense	VUS	VUS	2	4	MISSING_FUNCTIONAL	MISSING_FUNCTIONAL	PM5:moderate		neighbour_evidence
2020-01-01	2026-08-04	NM_000059.4:c.7807_7809delinsCTG	p.Ala2603Leu	missense	VUS	VUS	2	4	MISSING_FUNCTIONAL	MISSING_FUNCTIONAL	PM5:moderate		neighbour_evidence
2020-01-01	2026-08-04	NM_000059.4:c.7807_7808delinsCT	p.Ala2603Leu	missense	VUS	VUS	2	4	MISSING_FUNCTIONAL	MISSING_FUNCTIONAL	PM5:moderate		neighbour_evidence
2020-01-01	2026-08-04	NM_000059.4:c.7808_7809delinsAA	p.Ala2603Glu	missense	VUS	VUS	2	4	MISSING_FUNCTIONAL	MISSING_FUNCTIONAL	PM5:moderate		neighbour_evidence
2020-01-01	2026-08-04	NM_000059.4:c.7808_7809delinsAC	p.Ala2603Asp	missense	VUS	VUS	2	4	MISSING_FUNCTIONAL	MISSING_FUNCTIONAL	PM5:moderate		neighbour_evidence
2020-01-01	2026-08-04	NM_000059.4:c.7808_7809delinsAG	p.Ala2603Glu	missense	VUS	VUS	2	4	MISSING_FUNCTIONAL	MISSING_FUNCTIONAL	PM5:moderate		neighbour_evidence
2020-01-01	2026-08-04	NM_000059.4:c.7808_7809delinsGA	p.Ala2603Gly	missense	VUS	VUS	2	4	MISSING_FUNCTIONAL	MISSING_FUNCTIONAL	PM5:moderate		neighbour_evidence
2020-01-01	2026-08-04	NM_000059.4:c.7808_7809delinsGC	p.Ala2603Gly	missense	VUS	VUS	2	4	MISSING_FUNCTIONAL	MISSING_FUNCTIONAL	PM5:moderate		neighbour_evidence
2020-01-01	2026-08-04	NM_000059.4:c.7808_7809delinsGG	p.Ala2603Gly	missense	VUS	VUS	2	4	MISSING_FUNCTIONAL	MISSING_FUNCTIONAL	PM5:moderate		neighbour_evidence
2020-01-01	2026-08-04	NM_000059.4:c.7808_7809delinsTA	p.Ala2603Val	missense	VUS	VUS	2	4	MISSING_FUNCTIONAL	MISSING_FUNCTIONAL	PM5:moderate		neighbour_evidence
2020-01-01	2026-08-04	NM_000059.4:c.7808_7809delinsTC	p.Ala2603Val	missense	VUS	VUS	2	4	MISSING_FUNCTIONAL	MISSING_FUNCTIONAL	PM5:moderate		neighbour_evidence
2020-01-01	2026-08-04	NM_000059.4:c.7808_7809delinsTG	p.Ala2603Val	missense	VUS	VUS	2	4	MISSING_FUNCTIONAL	MISSING_FUNCTIONAL	PM5:moderate		neighbour_evidence
2020-01-01	2026-08-04	NM_000059.4:c.7807_7809delinsTAC	p.Ala2603Tyr	missense	VUS	VUS	2	4	MISSING_FUNCTIONAL	MISSING_FUNCTIONAL	PM5:moderate		neighbour_evidence
2020-01-01	2026-08-04	NM_000059.4:c.7807_7808delinsTA	p.Ala2603Tyr	missense	VUS	VUS	2	4	MISSING_FUNCTIONAL	MISSING_FUNCTIONAL	PM5:moderate		neighbour_evidence
2020-01-01	2026-08-04	NM_000059.4:c.7807_7809delinsTCA	p.Ala2603Ser	missense	VUS	VUS	2	4	MISSING_FUNCTIONAL	MISSING_FUNCTIONAL	PM5:moderate		neighbour_evidence
2020-01-01	2026-08-04	NM_000059.4:c.7807_7809delinsTCC	p.Ala2603Ser	missense	VUS	VUS	2	4	MISSING_FUNCTIONAL	MISSING_FUNCTIONAL	PM5:moderate		neighbour_evidence
2020-01-01	2026-08-04	NM_000059.4:c.7807_7809delinsTCG	p.Ala2603Ser	missense	VUS	VUS	2	4	MISSING_FUNCTIONAL	MISSING_FUNCTIONAL	PM5:moderate		neighbour_evidence
2020-01-01	2026-08-04	NM_000059.4:c.7807_7809delinsTGC	p.Ala2603Cys	missense	VUS	VUS	2	4	MISSING_FUNCTIONAL	MISSING_FUNCTIONAL	PM5:moderate		neighbour_evidence
2020-01-01	2026-08-04	NM_000059.4:c.7807_7809delinsTGG	p.Ala2603Trp	missense	VUS	VUS	2	4	MISSING_FUNCTIONAL	MISSING_FUNCTIONAL	PM5:moderate		neighbour_evidence
2020-01-01	2026-08-04	NM_000059.4:c.7807_7808delinsTG	p.Ala2603Cys	missense	VUS	VUS	2	4	MISSING_FUNCTIONAL	MISSING_FUNCTIONAL	PM5:moderate		neighbour_evidence
2020-01-01	2026-08-04	NM_000059.4:c.7807_7809delinsTTA	p.Ala2603Leu	missense	VUS	VUS	2	4	MISSING_FUNCTIONAL	MISSING_FUNCTIONAL	PM5:moderate		neighbour_evidence
2020-01-01	2026-08-04	NM_000059.4:c.7807_7809delinsTTC	p.Ala2603Phe	missense	VUS	VUS	2	4	MISSING_FUNCTIONAL	MISSING_FUNCTIONAL	PM5:moderate		neighbour_evidence
2020-01-01	2026-08-04	NM_000059.4:c.7807_7809delinsTTG	p.Ala2603Leu	missense	VUS	VUS	2	4	MISSING_FUNCTIONAL	MISSING_FUNCTIONAL	PM5:moderate		neighbour_evidence
2020-01-01	2026-08-04	NM_000059.4:c.7807_7808delinsTT	p.Ala2603Phe	missense	VUS	VUS	2	4	MISSING_FUNCTIONAL	MISSING_FUNCTIONAL	PM5:moderate		neighbour_evidence
2020-01-01	2026-08-04	NM_000059.4:c.7810_7812delinsAAA	p.Leu2604Lys	missense	VUS	VUS	2	4	MISSING_FUNCTIONAL	MISSING_FUNCTIONAL	PM5:moderate		neighbour_evidence
2020-01-01	2026-08-04	NM_000059.4:c.7810_7812delinsAAC	p.Leu2604Asn	missense	VUS	VUS	2	4	MISSING_FUNCTIONAL	MISSING_FUNCTIONAL	PM5:moderate		neighbour_evidence
2020-01-01	2026-08-04	NM_000059.4:c.7810_7811delinsAA	p.Leu2604Lys	missense	VUS	VUS	2	4	MISSING_FUNCTIONAL	MISSING_FUNCTIONAL	PM5:moderate		neighbour_evidence
2020-01-01	2026-08-04	NM_000059.4:c.7810_7812delinsAAT	p.Leu2604Asn	missense	VUS	VUS	2	4	MISSING_FUNCTIONAL	MISSING_FUNCTIONAL	PM5:moderate		neighbour_evidence
2020-01-01	2026-08-04	NM_000059.4:c.7810_7812delinsACA	p.Leu2604Thr	missense	VUS	VUS	2	4	MISSING_FUNCTIONAL	MISSING_FUNCTIONAL	PM5:moderate		neighbour_evidence
2020-01-01	2026-08-04	NM_000059.4:c.7810_7812delinsACC	p.Leu2604Thr	missense	VUS	VUS	2	4	MISSING_FUNCTIONAL	MISSING_FUNCTIONAL	PM5:moderate		neighbour_evidence
2020-01-01	2026-08-04	NM_000059.4:c.7810_7811delinsAC	p.Leu2604Thr	missense	VUS	VUS	2	4	MISSING_FUNCTIONAL	MISSING_FUNCTIONAL	PM5:moderate		neighbour_evidence
2020-01-01	2026-08-04	NM_000059.4:c.7810_7812delinsACT	p.Leu2604Thr	missense	VUS	VUS	2	4	MISSING_FUNCTIONAL	MISSING_FUNCTIONAL	PM5:moderate		neighbour_evidence
2020-01-01	2026-08-04	NM_000059.4:c.7810_7812delinsAGA	p.Leu2604Arg	missense	VUS	VUS	2	4	MISSING_FUNCTIONAL	MISSING_FUNCTIONAL	PM5:moderate		neighbour_evidence
2020-01-01	2026-08-04	NM_000059.4:c.7810_7812delinsAGC	p.Leu2604Ser	missense	VUS	VUS	2	4	MISSING_FUNCTIONAL	MISSING_FUNCTIONAL	PM5:moderate		neighbour_evidence
2020-01-01	2026-08-04	NM_000059.4:c.7810_7811delinsAG	p.Leu2604Arg	missense	VUS	VUS	2	4	MISSING_FUNCTIONAL	MISSING_FUNCTIONAL	PM5:moderate		neighbour_evidence
2020-01-01	2026-08-04	NM_000059.4:c.7810_7812delinsAGT	p.Leu2604Ser	missense	VUS	VUS	2	4	MISSING_FUNCTIONAL	MISSING_FUNCTIONAL	PM5:moderate		neighbour_evidence
2020-01-01	2026-08-04	NM_000059.4:c.7810_7812delinsATA	p.Leu2604Ile	missense	VUS	VUS	2	4	MISSING_FUNCTIONAL	MISSING_FUNCTIONAL	PM5:moderate		neighbour_evidence
2020-01-01	2026-08-04	NM_000059.4:c.7810_7812delinsATC	p.Leu2604Ile	missense	VUS	VUS	2	4	MISSING_FUNCTIONAL	MISSING_FUNCTIONAL	PM5:moderate		neighbour_evidence
2020-01-01	2026-08-04	NM_000059.4:c.7810_7812delinsATT	p.Leu2604Ile	missense	VUS	VUS	2	4	MISSING_FUNCTIONAL	MISSING_FUNCTIONAL	PM5:moderate		neighbour_evidence
2020-01-01	2026-08-04	NM_000059.4:c.7811_7812delinsAA	p.Leu2604Gln	missense	VUS	VUS	2	4	MISSING_FUNCTIONAL	MISSING_FUNCTIONAL	PM5:moderate		neighbour_evidence
2020-01-01	2026-08-04	NM_000059.4:c.7811_7812delinsAC	p.Leu2604His	missense	VUS	VUS	2	4	MISSING_FUNCTIONAL	MISSING_FUNCTIONAL	PM5:moderate		neighbour_evidence
2020-01-01	2026-08-04	NM_000059.4:c.7811_7812delinsAT	p.Leu2604His	missense	VUS	VUS	2	4	MISSING_FUNCTIONAL	MISSING_FUNCTIONAL	PM5:moderate		neighbour_evidence
2020-01-01	2026-08-04	NM_000059.4:c.7811_7812delinsCA	p.Leu2604Pro	missense	VUS	LP	2	6	MISSING_FUNCTIONAL	RESOLVED_NOT_BLOCKED	PS1:strong		neighbour_evidence
2020-01-01	2026-08-04	NM_000059.4:c.7811_7812delinsCC	p.Leu2604Pro	missense	VUS	LP	2	6	MISSING_FUNCTIONAL	RESOLVED_NOT_BLOCKED	PS1:strong		neighbour_evidence
2020-01-01	2026-08-04	NM_000059.4:c.7811_7812delinsCT	p.Leu2604Pro	missense	VUS	LP	2	6	MISSING_FUNCTIONAL	RESOLVED_NOT_BLOCKED	PS1:strong		neighbour_evidence
2020-01-01	2026-08-04	NM_000059.4:c.7811_7812delinsGA	p.Leu2604Arg	missense	VUS	VUS	2	4	MISSING_FUNCTIONAL	MISSING_FUNCTIONAL	PM5:moderate		neighbour_evidence
2020-01-01	2026-08-04	NM_000059.4:c.7811_7812delinsGC	p.Leu2604Arg	missense	VUS	VUS	2	4	MISSING_FUNCTIONAL	MISSING_FUNCTIONAL	PM5:moderate		neighbour_evidence
2020-01-01	2026-08-04	NM_000059.4:c.7811_7812delinsGT	p.Leu2604Arg	missense	VUS	VUS	2	4	MISSING_FUNCTIONAL	MISSING_FUNCTIONAL	PM5:moderate		neighbour_evidence
2020-01-01	2026-08-04	NM_000059.4:c.7810_7812delinsGAA	p.Leu2604Glu	missense	VUS	VUS	2	4	MISSING_FUNCTIONAL	MISSING_FUNCTIONAL	PM5:moderate		neighbour_evidence
2020-01-01	2026-08-04	NM_000059.4:c.7810_7812delinsGAC	p.Leu2604Asp	missense	VUS	VUS	2	4	MISSING_FUNCTIONAL	MISSING_FUNCTIONAL	PM5:moderate		neighbour_evidence
2020-01-01	2026-08-04	NM_000059.4:c.7810_7811delinsGA	p.Leu2604Glu	missense	VUS	VUS	2	4	MISSING_FUNCTIONAL	MISSING_FUNCTIONAL	PM5:moderate		neighbour_evidence
2020-01-01	2026-08-04	NM_000059.4:c.7810_7812delinsGAT	p.Leu2604Asp	missense	VUS	VUS	2	4	MISSING_FUNCTIONAL	MISSING_FUNCTIONAL	PM5:moderate		neighbour_evidence
2020-01-01	2026-08-04	NM_000059.4:c.7810_7812delinsGCA	p.Leu2604Ala	missense	VUS	VUS	2	4	MISSING_FUNCTIONAL	MISSING_FUNCTIONAL	PM5:moderate		neighbour_evidence
2020-01-01	2026-08-04	NM_000059.4:c.7810_7812delinsGCC	p.Leu2604Ala	missense	VUS	VUS	2	4	MISSING_FUNCTIONAL	MISSING_FUNCTIONAL	PM5:moderate		neighbour_evidence
2020-01-01	2026-08-04	NM_000059.4:c.7810_7811delinsGC	p.Leu2604Ala	missense	VUS	VUS	2	4	MISSING_FUNCTIONAL	MISSING_FUNCTIONAL	PM5:moderate		neighbour_evidence
2020-01-01	2026-08-04	NM_000059.4:c.7810_7812delinsGCT	p.Leu2604Ala	missense	VUS	VUS	2	4	MISSING_FUNCTIONAL	MISSING_FUNCTIONAL	PM5:moderate		neighbour_evidence
2020-01-01	2026-08-04	NM_000059.4:c.7810_7812delinsGGA	p.Leu2604Gly	missense	VUS	VUS	2	4	MISSING_FUNCTIONAL	MISSING_FUNCTIONAL	PM5:moderate		neighbour_evidence
2020-01-01	2026-08-04	NM_000059.4:c.7810_7812delinsGGC	p.Leu2604Gly	missense	VUS	VUS	2	4	MISSING_FUNCTIONAL	MISSING_FUNCTIONAL	PM5:moderate		neighbour_evidence
2020-01-01	2026-08-04	NM_000059.4:c.7810_7811delinsGG	p.Leu2604Gly	missense	VUS	VUS	2	4	MISSING_FUNCTIONAL	MISSING_FUNCTIONAL	PM5:moderate		neighbour_evidence
2020-01-01	2026-08-04	NM_000059.4:c.7810_7812delinsGGT	p.Leu2604Gly	missense	VUS	VUS	2	4	MISSING_FUNCTIONAL	MISSING_FUNCTIONAL	PM5:moderate		neighbour_evidence
2020-01-01	2026-08-04	NM_000059.4:c.7810_7812delinsGTA	p.Leu2604Val	missense	VUS	VUS	2	4	MISSING_FUNCTIONAL	MISSING_FUNCTIONAL	PM5:moderate		neighbour_evidence
2020-01-01	2026-08-04	NM_000059.4:c.7810_7812delinsGTC	p.Leu2604Val	missense	VUS	VUS	2	4	MISSING_FUNCTIONAL	MISSING_FUNCTIONAL	PM5:moderate		neighbour_evidence
2020-01-01	2026-08-04	NM_000059.4:c.7810_7812delinsGTT	p.Leu2604Val	missense	VUS	VUS	2	4	MISSING_FUNCTIONAL	MISSING_FUNCTIONAL	PM5:moderate		neighbour_evidence
2020-01-01	2026-08-04	NM_000059.4:c.7810_7812delinsTAC	p.Leu2604Tyr	missense	VUS	VUS	2	4	MISSING_FUNCTIONAL	MISSING_FUNCTIONAL	PM5:moderate		neighbour_evidence
2020-01-01	2026-08-04	NM_000059.4:c.7810_7812delinsTAT	p.Leu2604Tyr	missense	VUS	VUS	2	4	MISSING_FUNCTIONAL	MISSING_FUNCTIONAL	PM5:moderate		neighbour_evidence
2020-01-01	2026-08-04	NM_000059.4:c.7810_7812delinsTCA	p.Leu2604Ser	missense	VUS	VUS	2	4	MISSING_FUNCTIONAL	MISSING_FUNCTIONAL	PM5:moderate		neighbour_evidence
2020-01-01	2026-08-04	NM_000059.4:c.7810_7812delinsTCC	p.Leu2604Ser	missense	VUS	VUS	2	4	MISSING_FUNCTIONAL	MISSING_FUNCTIONAL	PM5:moderate		neighbour_evidence
2020-01-01	2026-08-04	NM_000059.4:c.7810_7811delinsTC	p.Leu2604Ser	missense	VUS	VUS	2	4	MISSING_FUNCTIONAL	MISSING_FUNCTIONAL	PM5:moderate		neighbour_evidence
2020-01-01	2026-08-04	NM_000059.4:c.7810_7812delinsTCT	p.Leu2604Ser	missense	VUS	VUS	2	4	MISSING_FUNCTIONAL	MISSING_FUNCTIONAL	PM5:moderate		neighbour_evidence
2020-01-01	2026-08-04	NM_000059.4:c.7810_7812delinsTGC	p.Leu2604Cys	missense	VUS	VUS	2	4	MISSING_FUNCTIONAL	MISSING_FUNCTIONAL	PM5:moderate		neighbour_evidence
2020-01-01	2026-08-04	NM_000059.4:c.7810_7811delinsTG	p.Leu2604Trp	missense	VUS	VUS	2	4	MISSING_FUNCTIONAL	MISSING_FUNCTIONAL	PM5:moderate		neighbour_evidence
2020-01-01	2026-08-04	NM_000059.4:c.7810_7812delinsTGT	p.Leu2604Cys	missense	VUS	VUS	2	4	MISSING_FUNCTIONAL	MISSING_FUNCTIONAL	PM5:moderate		neighbour_evidence
2020-01-01	2026-08-04	NM_000059.4:c.7810_7812delinsTTC	p.Leu2604Phe	missense	VUS	VUS	2	4	MISSING_FUNCTIONAL	MISSING_FUNCTIONAL	PM5:moderate		neighbour_evidence
2020-01-01	2026-08-04	NM_000059.4:c.7810_7812delinsTTT	p.Leu2604Phe	missense	VUS	VUS	2	4	MISSING_FUNCTIONAL	MISSING_FUNCTIONAL	PM5:moderate		neighbour_evidence
2020-01-01	2026-08-04	NM_000059.4:c.7820_7821delinsAA	p.Thr2607Lys	missense	VUS	VUS	2	4	MISSING_FUNCTIONAL	MISSING_FUNCTIONAL	PM5:moderate		neighbour_evidence
2020-01-01	2026-08-04	NM_000059.4:c.7820_7821delinsAC	p.Thr2607Asn	missense	VUS	VUS	2	4	MISSING_FUNCTIONAL	MISSING_FUNCTIONAL	PM5:moderate		neighbour_evidence
2020-01-01	2026-08-04	NM_000059.4:c.7820_7821delinsAG	p.Thr2607Lys	missense	VUS	VUS	2	4	MISSING_FUNCTIONAL	MISSING_FUNCTIONAL	PM5:moderate		neighbour_evidence
2020-01-01	2026-08-04	NM_000059.4:c.7820_7821delinsGA	p.Thr2607Arg	missense	VUS	VUS	2	4	MISSING_FUNCTIONAL	MISSING_FUNCTIONAL	PM5:moderate		neighbour_evidence
2020-01-01	2026-08-04	NM_000059.4:c.7820_7821delinsGC	p.Thr2607Ser	missense	VUS	VUS	2	4	MISSING_FUNCTIONAL	MISSING_FUNCTIONAL	PM5:moderate		neighbour_evidence
2020-01-01	2026-08-04	NM_000059.4:c.7820_7821delinsGG	p.Thr2607Arg	missense	VUS	VUS	2	4	MISSING_FUNCTIONAL	MISSING_FUNCTIONAL	PM5:moderate		neighbour_evidence
2020-01-01	2026-08-04	NM_000059.4:c.7820_7821delinsTA	p.Thr2607Ile	missense	VUS	VUS	2	4	MISSING_FUNCTIONAL	MISSING_FUNCTIONAL	PM5:moderate		neighbour_evidence
2020-01-01	2026-08-04	NM_000059.4:c.7820_7821delinsTC	p.Thr2607Ile	missense	VUS	VUS	2	4	MISSING_FUNCTIONAL	MISSING_FUNCTIONAL	PM5:moderate		neighbour_evidence
2020-01-01	2026-08-04	NM_000059.4:c.7820_7821delinsTG	p.Thr2607Met	missense	VUS	VUS	2	4	MISSING_FUNCTIONAL	MISSING_FUNCTIONAL	PM5:moderate		neighbour_evidence
2020-01-01	2026-08-04	NM_000059.4:c.7819_7821delinsCAA	p.Thr2607Gln	missense	VUS	VUS	2	4	MISSING_FUNCTIONAL	MISSING_FUNCTIONAL	PM5:moderate		neighbour_evidence
2020-01-01	2026-08-04	NM_000059.4:c.7819_7821delinsCAC	p.Thr2607His	missense	VUS	VUS	2	4	MISSING_FUNCTIONAL	MISSING_FUNCTIONAL	PM5:moderate		neighbour_evidence
2020-01-01	2026-08-04	NM_000059.4:c.7819_7821delinsCAG	p.Thr2607Gln	missense	VUS	VUS	2	4	MISSING_FUNCTIONAL	MISSING_FUNCTIONAL	PM5:moderate		neighbour_evidence
2020-01-01	2026-08-04	NM_000059.4:c.7819_7820delinsCA	p.Thr2607His	missense	VUS	VUS	2	4	MISSING_FUNCTIONAL	MISSING_FUNCTIONAL	PM5:moderate		neighbour_evidence
2020-01-01	2026-08-04	NM_000059.4:c.7819_7821delinsCCA	p.Thr2607Pro	missense	VUS	LP	2	6	MISSING_FUNCTIONAL	RESOLVED_NOT_BLOCKED	PS1:strong		neighbour_evidence
2020-01-01	2026-08-04	NM_000059.4:c.7819_7821delinsCCC	p.Thr2607Pro	missense	VUS	LP	2	6	MISSING_FUNCTIONAL	RESOLVED_NOT_BLOCKED	PS1:strong		neighbour_evidence
2020-01-01	2026-08-04	NM_000059.4:c.7819_7821delinsCCG	p.Thr2607Pro	missense	VUS	LP	2	6	MISSING_FUNCTIONAL	RESOLVED_NOT_BLOCKED	PS1:strong		neighbour_evidence
2020-01-01	2026-08-04	NM_000059.4:c.7819_7821delinsCGA	p.Thr2607Arg	missense	VUS	VUS	2	4	MISSING_FUNCTIONAL	MISSING_FUNCTIONAL	PM5:moderate		neighbour_evidence
2020-01-01	2026-08-04	NM_000059.4:c.7819_7821delinsCGC	p.Thr2607Arg	missense	VUS	VUS	2	4	MISSING_FUNCTIONAL	MISSING_FUNCTIONAL	PM5:moderate		neighbour_evidence
2020-01-01	2026-08-04	NM_000059.4:c.7819_7821delinsCGG	p.Thr2607Arg	missense	VUS	VUS	2	4	MISSING_FUNCTIONAL	MISSING_FUNCTIONAL	PM5:moderate		neighbour_evidence
2020-01-01	2026-08-04	NM_000059.4:c.7819_7820delinsCG	p.Thr2607Arg	missense	VUS	VUS	2	4	MISSING_FUNCTIONAL	MISSING_FUNCTIONAL	PM5:moderate		neighbour_evidence
2020-01-01	2026-08-04	NM_000059.4:c.7819_7821delinsCTA	p.Thr2607Leu	missense	VUS	VUS	2	4	MISSING_FUNCTIONAL	MISSING_FUNCTIONAL	PM5:moderate		neighbour_evidence
2020-01-01	2026-08-04	NM_000059.4:c.7819_7821delinsCTC	p.Thr2607Leu	missense	VUS	VUS	2	4	MISSING_FUNCTIONAL	MISSING_FUNCTIONAL	PM5:moderate		neighbour_evidence
2020-01-01	2026-08-04	NM_000059.4:c.7819_7821delinsCTG	p.Thr2607Leu	missense	VUS	VUS	2	4	MISSING_FUNCTIONAL	MISSING_FUNCTIONAL	PM5:moderate		neighbour_evidence
2020-01-01	2026-08-04	NM_000059.4:c.7819_7820delinsCT	p.Thr2607Leu	missense	VUS	VUS	2	4	MISSING_FUNCTIONAL	MISSING_FUNCTIONAL	PM5:moderate		neighbour_evidence
2020-01-01	2026-08-04	NM_000059.4:c.7819_7821delinsGAA	p.Thr2607Glu	missense	VUS	VUS	2	4	MISSING_FUNCTIONAL	MISSING_FUNCTIONAL	PM5:moderate		neighbour_evidence
2020-01-01	2026-08-04	NM_000059.4:c.7819_7821delinsGAC	p.Thr2607Asp	missense	VUS	VUS	2	4	MISSING_FUNCTIONAL	MISSING_FUNCTIONAL	PM5:moderate		neighbour_evidence
2020-01-01	2026-08-04	NM_000059.4:c.7819_7821delinsGAG	p.Thr2607Glu	missense	VUS	VUS	2	4	MISSING_FUNCTIONAL	MISSING_FUNCTIONAL	PM5:moderate		neighbour_evidence
2020-01-01	2026-08-04	NM_000059.4:c.7819_7820delinsGA	p.Thr2607Asp	missense	VUS	VUS	2	4	MISSING_FUNCTIONAL	MISSING_FUNCTIONAL	PM5:moderate		neighbour_evidence
2020-01-01	2026-08-04	NM_000059.4:c.7819_7821delinsGCA	p.Thr2607Ala	missense	VUS	VUS	2	4	MISSING_FUNCTIONAL	MISSING_FUNCTIONAL	PM5:moderate		neighbour_evidence
2020-01-01	2026-08-04	NM_000059.4:c.7819_7821delinsGCC	p.Thr2607Ala	missense	VUS	VUS	2	4	MISSING_FUNCTIONAL	MISSING_FUNCTIONAL	PM5:moderate		neighbour_evidence
2020-01-01	2026-08-04	NM_000059.4:c.7819_7821delinsGCG	p.Thr2607Ala	missense	VUS	VUS	2	4	MISSING_FUNCTIONAL	MISSING_FUNCTIONAL	PM5:moderate		neighbour_evidence
2020-01-01	2026-08-04	NM_000059.4:c.7819_7821delinsGGA	p.Thr2607Gly	missense	VUS	VUS	2	4	MISSING_FUNCTIONAL	MISSING_FUNCTIONAL	PM5:moderate		neighbour_evidence
2020-01-01	2026-08-04	NM_000059.4:c.7819_7821delinsGGC	p.Thr2607Gly	missense	VUS	VUS	2	4	MISSING_FUNCTIONAL	MISSING_FUNCTIONAL	PM5:moderate		neighbour_evidence
2020-01-01	2026-08-04	NM_000059.4:c.7819_7821delinsGGG	p.Thr2607Gly	missense	VUS	VUS	2	4	MISSING_FUNCTIONAL	MISSING_FUNCTIONAL	PM5:moderate		neighbour_evidence
2020-01-01	2026-08-04	NM_000059.4:c.7819_7820delinsGG	p.Thr2607Gly	missense	VUS	VUS	2	4	MISSING_FUNCTIONAL	MISSING_FUNCTIONAL	PM5:moderate		neighbour_evidence
2020-01-01	2026-08-04	NM_000059.4:c.7819_7821delinsGTA	p.Thr2607Val	missense	VUS	VUS	2	4	MISSING_FUNCTIONAL	MISSING_FUNCTIONAL	PM5:moderate		neighbour_evidence
2020-01-01	2026-08-04	NM_000059.4:c.7819_7821delinsGTC	p.Thr2607Val	missense	VUS	VUS	2	4	MISSING_FUNCTIONAL	MISSING_FUNCTIONAL	PM5:moderate		neighbour_evidence
2020-01-01	2026-08-04	NM_000059.4:c.7819_7821delinsGTG	p.Thr2607Val	missense	VUS	VUS	2	4	MISSING_FUNCTIONAL	MISSING_FUNCTIONAL	PM5:moderate		neighbour_evidence
2020-01-01	2026-08-04	NM_000059.4:c.7819_7820delinsGT	p.Thr2607Val	missense	VUS	VUS	2	4	MISSING_FUNCTIONAL	MISSING_FUNCTIONAL	PM5:moderate		neighbour_evidence
2020-01-01	2026-08-04	NM_000059.4:c.7819_7821delinsTAC	p.Thr2607Tyr	missense	VUS	VUS	2	4	MISSING_FUNCTIONAL	MISSING_FUNCTIONAL	PM5:moderate		neighbour_evidence
2020-01-01	2026-08-04	NM_000059.4:c.7819_7820delinsTA	p.Thr2607Tyr	missense	VUS	VUS	2	4	MISSING_FUNCTIONAL	MISSING_FUNCTIONAL	PM5:moderate		neighbour_evidence
2020-01-01	2026-08-04	NM_000059.4:c.7819_7821delinsTCA	p.Thr2607Ser	missense	VUS	VUS	2	4	MISSING_FUNCTIONAL	MISSING_FUNCTIONAL	PM5:moderate		neighbour_evidence
2020-01-01	2026-08-04	NM_000059.4:c.7819_7821delinsTCC	p.Thr2607Ser	missense	VUS	VUS	2	4	MISSING_FUNCTIONAL	MISSING_FUNCTIONAL	PM5:moderate		neighbour_evidence
2020-01-01	2026-08-04	NM_000059.4:c.7819_7821delinsTCG	p.Thr2607Ser	missense	VUS	VUS	2	4	MISSING_FUNCTIONAL	MISSING_FUNCTIONAL	PM5:moderate		neighbour_evidence
2020-01-01	2026-08-04	NM_000059.4:c.7819_7821delinsTGC	p.Thr2607Cys	missense	VUS	VUS	2	4	MISSING_FUNCTIONAL	MISSING_FUNCTIONAL	PM5:moderate		neighbour_evidence
2020-01-01	2026-08-04	NM_000059.4:c.7819_7821delinsTGG	p.Thr2607Trp	missense	VUS	VUS	2	4	MISSING_FUNCTIONAL	MISSING_FUNCTIONAL	PM5:moderate		neighbour_evidence
2020-01-01	2026-08-04	NM_000059.4:c.7819_7820delinsTG	p.Thr2607Cys	missense	VUS	VUS	2	4	MISSING_FUNCTIONAL	MISSING_FUNCTIONAL	PM5:moderate		neighbour_evidence
2020-01-01	2026-08-04	NM_000059.4:c.7819_7821delinsTTA	p.Thr2607Leu	missense	VUS	VUS	2	4	MISSING_FUNCTIONAL	MISSING_FUNCTIONAL	PM5:moderate		neighbour_evidence
2020-01-01	2026-08-04	NM_000059.4:c.7819_7821delinsTTC	p.Thr2607Phe	missense	VUS	VUS	2	4	MISSING_FUNCTIONAL	MISSING_FUNCTIONAL	PM5:moderate		neighbour_evidence
2020-01-01	2026-08-04	NM_000059.4:c.7819_7821delinsTTG	p.Thr2607Leu	missense	VUS	VUS	2	4	MISSING_FUNCTIONAL	MISSING_FUNCTIONAL	PM5:moderate		neighbour_evidence
2020-01-01	2026-08-04	NM_000059.4:c.7819_7820delinsTT	p.Thr2607Phe	missense	VUS	VUS	2	4	MISSING_FUNCTIONAL	MISSING_FUNCTIONAL	PM5:moderate		neighbour_evidence
2020-01-01	2026-08-04	NM_000059.4:c.7825_7827delinsAAA	p.Gly2609Lys	missense	VUS	VUS	2	4	MISSING_FUNCTIONAL	MISSING_FUNCTIONAL	PM5:moderate		neighbour_evidence
2020-01-01	2026-08-04	NM_000059.4:c.7825_7827delinsAAC	p.Gly2609Asn	missense	VUS	VUS	2	4	MISSING_FUNCTIONAL	MISSING_FUNCTIONAL	PM5:moderate		neighbour_evidence
2020-01-01	2026-08-04	NM_000059.4:c.7825_7827delinsAAG	p.Gly2609Lys	missense	VUS	VUS	2	4	MISSING_FUNCTIONAL	MISSING_FUNCTIONAL	PM5:moderate		neighbour_evidence
2020-01-01	2026-08-04	NM_000059.4:c.7825_7826delinsAA	p.Gly2609Asn	missense	VUS	VUS	2	4	MISSING_FUNCTIONAL	MISSING_FUNCTIONAL	PM5:moderate		neighbour_evidence
2020-01-01	2026-08-04	NM_000059.4:c.7825_7827delinsACA	p.Gly2609Thr	missense	VUS	VUS	2	4	MISSING_FUNCTIONAL	MISSING_FUNCTIONAL	PM5:moderate		neighbour_evidence
2020-01-01	2026-08-04	NM_000059.4:c.7825_7827delinsACC	p.Gly2609Thr	missense	VUS	VUS	2	4	MISSING_FUNCTIONAL	MISSING_FUNCTIONAL	PM5:moderate		neighbour_evidence
2020-01-01	2026-08-04	NM_000059.4:c.7825_7827delinsACG	p.Gly2609Thr	missense	VUS	VUS	2	4	MISSING_FUNCTIONAL	MISSING_FUNCTIONAL	PM5:moderate		neighbour_evidence
2020-01-01	2026-08-04	NM_000059.4:c.7825_7826delinsAC	p.Gly2609Thr	missense	VUS	VUS	2	4	MISSING_FUNCTIONAL	MISSING_FUNCTIONAL	PM5:moderate		neighbour_evidence
2020-01-01	2026-08-04	NM_000059.4:c.7825_7827delinsAGA	p.Gly2609Arg	missense	VUS	VUS	2	4	MISSING_FUNCTIONAL	MISSING_FUNCTIONAL	PM5:moderate		neighbour_evidence
2020-01-01	2026-08-04	NM_000059.4:c.7825_7827delinsAGC	p.Gly2609Ser	missense	VUS	VUS	2	4	MISSING_FUNCTIONAL	MISSING_FUNCTIONAL	PM5:moderate		neighbour_evidence
2020-01-01	2026-08-04	NM_000059.4:c.7825_7827delinsAGG	p.Gly2609Arg	missense	VUS	VUS	2	4	MISSING_FUNCTIONAL	MISSING_FUNCTIONAL	PM5:moderate		neighbour_evidence
2020-01-01	2026-08-04	NM_000059.4:c.7825_7827delinsATA	p.Gly2609Ile	missense	VUS	VUS	2	4	MISSING_FUNCTIONAL	MISSING_FUNCTIONAL	PM5:moderate		neighbour_evidence
2020-01-01	2026-08-04	NM_000059.4:c.7825_7827delinsATC	p.Gly2609Ile	missense	VUS	VUS	2	4	MISSING_FUNCTIONAL	MISSING_FUNCTIONAL	PM5:moderate		neighbour_evidence
2020-01-01	2026-08-04	NM_000059.4:c.7825_7827delinsATG	p.Gly2609Met	missense	VUS	VUS	2	4	MISSING_FUNCTIONAL	MISSING_FUNCTIONAL	PM5:moderate		neighbour_evidence
2020-01-01	2026-08-04	NM_000059.4:c.7825_7826delinsAT	p.Gly2609Ile	missense	VUS	VUS	2	4	MISSING_FUNCTIONAL	MISSING_FUNCTIONAL	PM5:moderate		neighbour_evidence
2020-01-01	2026-08-04	NM_000059.4:c.7825_7827delinsCAA	p.Gly2609Gln	missense	VUS	VUS	2	4	MISSING_FUNCTIONAL	MISSING_FUNCTIONAL	PM5:moderate		neighbour_evidence
2020-01-01	2026-08-04	NM_000059.4:c.7825_7827delinsCAC	p.Gly2609His	missense	VUS	VUS	2	4	MISSING_FUNCTIONAL	MISSING_FUNCTIONAL	PM5:moderate		neighbour_evidence
2020-01-01	2026-08-04	NM_000059.4:c.7825_7827delinsCAG	p.Gly2609Gln	missense	VUS	VUS	2	4	MISSING_FUNCTIONAL	MISSING_FUNCTIONAL	PM5:moderate		neighbour_evidence
2020-01-01	2026-08-04	NM_000059.4:c.7825_7826delinsCA	p.Gly2609His	missense	VUS	VUS	2	4	MISSING_FUNCTIONAL	MISSING_FUNCTIONAL	PM5:moderate		neighbour_evidence
2020-01-01	2026-08-04	NM_000059.4:c.7825_7827delinsCCA	p.Gly2609Pro	missense	VUS	VUS	2	4	MISSING_FUNCTIONAL	MISSING_FUNCTIONAL	PM5:moderate		neighbour_evidence
2020-01-01	2026-08-04	NM_000059.4:c.7825_7827delinsCCC	p.Gly2609Pro	missense	VUS	VUS	2	4	MISSING_FUNCTIONAL	MISSING_FUNCTIONAL	PM5:moderate		neighbour_evidence
2020-01-01	2026-08-04	NM_000059.4:c.7825_7827delinsCCG	p.Gly2609Pro	missense	VUS	VUS	2	4	MISSING_FUNCTIONAL	MISSING_FUNCTIONAL	PM5:moderate		neighbour_evidence
2020-01-01	2026-08-04	NM_000059.4:c.7825_7826delinsCC	p.Gly2609Pro	missense	VUS	VUS	2	4	MISSING_FUNCTIONAL	MISSING_FUNCTIONAL	PM5:moderate		neighbour_evidence
2020-01-01	2026-08-04	NM_000059.4:c.7825_7827delinsCGA	p.Gly2609Arg	missense	VUS	VUS	2	4	MISSING_FUNCTIONAL	MISSING_FUNCTIONAL	PM5:moderate		neighbour_evidence
2020-01-01	2026-08-04	NM_000059.4:c.7825_7827delinsCGC	p.Gly2609Arg	missense	VUS	VUS	2	4	MISSING_FUNCTIONAL	MISSING_FUNCTIONAL	PM5:moderate		neighbour_evidence
2020-01-01	2026-08-04	NM_000059.4:c.7825_7827delinsCGG	p.Gly2609Arg	missense	VUS	VUS	2	4	MISSING_FUNCTIONAL	MISSING_FUNCTIONAL	PM5:moderate		neighbour_evidence
2020-01-01	2026-08-04	NM_000059.4:c.7825_7827delinsCTA	p.Gly2609Leu	missense	VUS	VUS	2	4	MISSING_FUNCTIONAL	MISSING_FUNCTIONAL	PM5:moderate		neighbour_evidence
2020-01-01	2026-08-04	NM_000059.4:c.7825_7827delinsCTC	p.Gly2609Leu	missense	VUS	VUS	2	4	MISSING_FUNCTIONAL	MISSING_FUNCTIONAL	PM5:moderate		neighbour_evidence
2020-01-01	2026-08-04	NM_000059.4:c.7825_7827delinsCTG	p.Gly2609Leu	missense	VUS	VUS	2	4	MISSING_FUNCTIONAL	MISSING_FUNCTIONAL	PM5:moderate		neighbour_evidence
2020-01-01	2026-08-04	NM_000059.4:c.7825_7826delinsCT	p.Gly2609Leu	missense	VUS	VUS	2	4	MISSING_FUNCTIONAL	MISSING_FUNCTIONAL	PM5:moderate		neighbour_evidence
2020-01-01	2026-08-04	NM_000059.4:c.7826_7827delinsAA	p.Gly2609Glu	missense	VUS	VUS	2	4	MISSING_FUNCTIONAL	MISSING_FUNCTIONAL	PM5:moderate		neighbour_evidence
2020-01-01	2026-08-04	NM_000059.4:c.7826_7827delinsAC	p.Gly2609Asp	missense	VUS	LP	2	8	MISSING_FUNCTIONAL	RESOLVED_NOT_BLOCKED	PM5:moderate;PS1:strong		neighbour_evidence
2020-01-01	2026-08-04	NM_000059.4:c.7826_7827delinsAG	p.Gly2609Glu	missense	VUS	VUS	2	4	MISSING_FUNCTIONAL	MISSING_FUNCTIONAL	PM5:moderate		neighbour_evidence
2020-01-01	2026-08-04	NM_000059.4:c.7826_7827delinsCA	p.Gly2609Ala	missense	VUS	VUS	2	4	MISSING_FUNCTIONAL	MISSING_FUNCTIONAL	PM5:moderate		neighbour_evidence
2020-01-01	2026-08-04	NM_000059.4:c.7826_7827delinsCC	p.Gly2609Ala	missense	VUS	VUS	2	4	MISSING_FUNCTIONAL	MISSING_FUNCTIONAL	PM5:moderate		neighbour_evidence
2020-01-01	2026-08-04	NM_000059.4:c.7826_7827delinsCG	p.Gly2609Ala	missense	VUS	VUS	2	4	MISSING_FUNCTIONAL	MISSING_FUNCTIONAL	PM5:moderate		neighbour_evidence
2020-01-01	2026-08-04	NM_000059.4:c.7826_7827delinsTA	p.Gly2609Val	missense	VUS	LP	2	8	MISSING_FUNCTIONAL	RESOLVED_NOT_BLOCKED	PM5:moderate;PS1:strong		neighbour_evidence
2020-01-01	2026-08-04	NM_000059.4:c.7826_7827delinsTC	p.Gly2609Val	missense	VUS	LP	2	8	MISSING_FUNCTIONAL	RESOLVED_NOT_BLOCKED	PM5:moderate;PS1:strong		neighbour_evidence
2020-01-01	2026-08-04	NM_000059.4:c.7826_7827delinsTG	p.Gly2609Val	missense	VUS	LP	2	8	MISSING_FUNCTIONAL	RESOLVED_NOT_BLOCKED	PM5:moderate;PS1:strong		neighbour_evidence
2020-01-01	2026-08-04	NM_000059.4:c.7825_7827delinsTAC	p.Gly2609Tyr	missense	VUS	VUS	2	4	MISSING_FUNCTIONAL	MISSING_FUNCTIONAL	PM5:moderate		neighbour_evidence
2020-01-01	2026-08-04	NM_000059.4:c.7825_7826delinsTA	p.Gly2609Tyr	missense	VUS	VUS	2	4	MISSING_FUNCTIONAL	MISSING_FUNCTIONAL	PM5:moderate		neighbour_evidence
2020-01-01	2026-08-04	NM_000059.4:c.7825_7827delinsTCA	p.Gly2609Ser	missense	VUS	VUS	2	4	MISSING_FUNCTIONAL	MISSING_FUNCTIONAL	PM5:moderate		neighbour_evidence
2020-01-01	2026-08-04	NM_000059.4:c.7825_7827delinsTCC	p.Gly2609Ser	missense	VUS	VUS	2	4	MISSING_FUNCTIONAL	MISSING_FUNCTIONAL	PM5:moderate		neighbour_evidence
2020-01-01	2026-08-04	NM_000059.4:c.7825_7827delinsTCG	p.Gly2609Ser	missense	VUS	VUS	2	4	MISSING_FUNCTIONAL	MISSING_FUNCTIONAL	PM5:moderate		neighbour_evidence
2020-01-01	2026-08-04	NM_000059.4:c.7825_7826delinsTC	p.Gly2609Ser	missense	VUS	VUS	2	4	MISSING_FUNCTIONAL	MISSING_FUNCTIONAL	PM5:moderate		neighbour_evidence
2020-01-01	2026-08-04	NM_000059.4:c.7825_7827delinsTGC	p.Gly2609Cys	missense	VUS	VUS	2	4	MISSING_FUNCTIONAL	MISSING_FUNCTIONAL	PM5:moderate		neighbour_evidence
2020-01-01	2026-08-04	NM_000059.4:c.7825_7827delinsTGG	p.Gly2609Trp	missense	VUS	VUS	2	4	MISSING_FUNCTIONAL	MISSING_FUNCTIONAL	PM5:moderate		neighbour_evidence
2020-01-01	2026-08-04	NM_000059.4:c.7825_7827delinsTTA	p.Gly2609Leu	missense	VUS	VUS	2	4	MISSING_FUNCTIONAL	MISSING_FUNCTIONAL	PM5:moderate		neighbour_evidence
2020-01-01	2026-08-04	NM_000059.4:c.7825_7827delinsTTC	p.Gly2609Phe	missense	VUS	VUS	2	4	MISSING_FUNCTIONAL	MISSING_FUNCTIONAL	PM5:moderate		neighbour_evidence
2020-01-01	2026-08-04	NM_000059.4:c.7825_7827delinsTTG	p.Gly2609Leu	missense	VUS	VUS	2	4	MISSING_FUNCTIONAL	MISSING_FUNCTIONAL	PM5:moderate		neighbour_evidence
2020-01-01	2026-08-04	NM_000059.4:c.7825_7826delinsTT	p.Gly2609Phe	missense	VUS	VUS	2	4	MISSING_FUNCTIONAL	MISSING_FUNCTIONAL	PM5:moderate		neighbour_evidence
2020-01-01	2026-08-04	NM_000059.4:c.7846_7848delinsAAA	p.Ser2616Lys	missense	VUS	VUS	2	4	MISSING_FUNCTIONAL	MISSING_FUNCTIONAL	PM5:moderate		neighbour_evidence
2020-01-01	2026-08-04	NM_000059.4:c.7846_7848delinsAAC	p.Ser2616Asn	missense	VUS	VUS	2	4	MISSING_FUNCTIONAL	MISSING_FUNCTIONAL	PM5:moderate		neighbour_evidence
2020-01-01	2026-08-04	NM_000059.4:c.7846_7848delinsAAG	p.Ser2616Lys	missense	VUS	VUS	2	4	MISSING_FUNCTIONAL	MISSING_FUNCTIONAL	PM5:moderate		neighbour_evidence
2020-01-01	2026-08-04	NM_000059.4:c.7846_7847delinsAA	p.Ser2616Asn	missense	VUS	VUS	2	4	MISSING_FUNCTIONAL	MISSING_FUNCTIONAL	PM5:moderate		neighbour_evidence
2020-01-01	2026-08-04	NM_000059.4:c.7846_7848delinsACA	p.Ser2616Thr	missense	VUS	VUS	2	4	MISSING_FUNCTIONAL	MISSING_FUNCTIONAL	PM5:moderate		neighbour_evidence
2020-01-01	2026-08-04	NM_000059.4:c.7846_7848delinsACC	p.Ser2616Thr	missense	VUS	VUS	2	4	MISSING_FUNCTIONAL	MISSING_FUNCTIONAL	PM5:moderate		neighbour_evidence
2020-01-01	2026-08-04	NM_000059.4:c.7846_7848delinsACG	p.Ser2616Thr	missense	VUS	VUS	2	4	MISSING_FUNCTIONAL	MISSING_FUNCTIONAL	PM5:moderate		neighbour_evidence
2020-01-01	2026-08-04	NM_000059.4:c.7846_7848delinsAGA	p.Ser2616Arg	missense	VUS	VUS	2	4	MISSING_FUNCTIONAL	MISSING_FUNCTIONAL	PM5:moderate		neighbour_evidence
2020-01-01	2026-08-04	NM_000059.4:c.7846_7848delinsAGG	p.Ser2616Arg	missense	VUS	VUS	2	4	MISSING_FUNCTIONAL	MISSING_FUNCTIONAL	PM5:moderate		neighbour_evidence
2020-01-01	2026-08-04	NM_000059.4:c.7846_7848delinsATA	p.Ser2616Ile	missense	VUS	VUS	2	4	MISSING_FUNCTIONAL	MISSING_FUNCTIONAL	PM5:moderate		neighbour_evidence
2020-01-01	2026-08-04	NM_000059.4:c.7846_7848delinsATC	p.Ser2616Ile	missense	VUS	VUS	2	4	MISSING_FUNCTIONAL	MISSING_FUNCTIONAL	PM5:moderate		neighbour_evidence
2020-01-01	2026-08-04	NM_000059.4:c.7846_7848delinsATG	p.Ser2616Met	missense	VUS	VUS	2	4	MISSING_FUNCTIONAL	MISSING_FUNCTIONAL	PM5:moderate		neighbour_evidence
2020-01-01	2026-08-04	NM_000059.4:c.7846_7847delinsAT	p.Ser2616Ile	missense	VUS	VUS	2	4	MISSING_FUNCTIONAL	MISSING_FUNCTIONAL	PM5:moderate		neighbour_evidence
2020-01-01	2026-08-04	NM_000059.4:c.7846_7848delinsCAA	p.Ser2616Gln	missense	VUS	VUS	2	4	MISSING_FUNCTIONAL	MISSING_FUNCTIONAL	PM5:moderate		neighbour_evidence
2020-01-01	2026-08-04	NM_000059.4:c.7846_7848delinsCAC	p.Ser2616His	missense	VUS	VUS	2	4	MISSING_FUNCTIONAL	MISSING_FUNCTIONAL	PM5:moderate		neighbour_evidence
2020-01-01	2026-08-04	NM_000059.4:c.7846_7848delinsCAG	p.Ser2616Gln	missense	VUS	VUS	2	4	MISSING_FUNCTIONAL	MISSING_FUNCTIONAL	PM5:moderate		neighbour_evidence
2020-01-01	2026-08-04	NM_000059.4:c.7846_7847delinsCA	p.Ser2616His	missense	VUS	VUS	2	4	MISSING_FUNCTIONAL	MISSING_FUNCTIONAL	PM5:moderate		neighbour_evidence
2020-01-01	2026-08-04	NM_000059.4:c.7846_7848delinsCCA	p.Ser2616Pro	missense	VUS	VUS	2	4	MISSING_FUNCTIONAL	MISSING_FUNCTIONAL	PM5:moderate		neighbour_evidence
2020-01-01	2026-08-04	NM_000059.4:c.7846_7848delinsCCC	p.Ser2616Pro	missense	VUS	VUS	2	4	MISSING_FUNCTIONAL	MISSING_FUNCTIONAL	PM5:moderate		neighbour_evidence
2020-01-01	2026-08-04	NM_000059.4:c.7846_7848delinsCCG	p.Ser2616Pro	missense	VUS	VUS	2	4	MISSING_FUNCTIONAL	MISSING_FUNCTIONAL	PM5:moderate		neighbour_evidence
2020-01-01	2026-08-04	NM_000059.4:c.7846_7848delinsCGA	p.Ser2616Arg	missense	VUS	VUS	2	4	MISSING_FUNCTIONAL	MISSING_FUNCTIONAL	PM5:moderate		neighbour_evidence
2020-01-01	2026-08-04	NM_000059.4:c.7846_7848delinsCGC	p.Ser2616Arg	missense	VUS	VUS	2	4	MISSING_FUNCTIONAL	MISSING_FUNCTIONAL	PM5:moderate		neighbour_evidence
2020-01-01	2026-08-04	NM_000059.4:c.7846_7848delinsCGG	p.Ser2616Arg	missense	VUS	VUS	2	4	MISSING_FUNCTIONAL	MISSING_FUNCTIONAL	PM5:moderate		neighbour_evidence
2020-01-01	2026-08-04	NM_000059.4:c.7846_7847delinsCG	p.Ser2616Arg	missense	VUS	VUS	2	4	MISSING_FUNCTIONAL	MISSING_FUNCTIONAL	PM5:moderate		neighbour_evidence
2020-01-01	2026-08-04	NM_000059.4:c.7846_7848delinsCTA	p.Ser2616Leu	missense	VUS	VUS	2	4	MISSING_FUNCTIONAL	MISSING_FUNCTIONAL	PM5:moderate		neighbour_evidence
2020-01-01	2026-08-04	NM_000059.4:c.7846_7848delinsCTC	p.Ser2616Leu	missense	VUS	VUS	2	4	MISSING_FUNCTIONAL	MISSING_FUNCTIONAL	PM5:moderate		neighbour_evidence
2020-01-01	2026-08-04	NM_000059.4:c.7846_7848delinsCTG	p.Ser2616Leu	missense	VUS	VUS	2	4	MISSING_FUNCTIONAL	MISSING_FUNCTIONAL	PM5:moderate		neighbour_evidence
2020-01-01	2026-08-04	NM_000059.4:c.7846_7847delinsCT	p.Ser2616Leu	missense	VUS	VUS	2	4	MISSING_FUNCTIONAL	MISSING_FUNCTIONAL	PM5:moderate		neighbour_evidence
2020-01-01	2026-08-04	NM_000059.4:c.7846_7848delinsGAA	p.Ser2616Glu	missense	VUS	VUS	2	4	MISSING_FUNCTIONAL	MISSING_FUNCTIONAL	PM5:moderate		neighbour_evidence
2020-01-01	2026-08-04	NM_000059.4:c.7846_7848delinsGAC	p.Ser2616Asp	missense	VUS	VUS	2	4	MISSING_FUNCTIONAL	MISSING_FUNCTIONAL	PM5:moderate		neighbour_evidence
2020-01-01	2026-08-04	NM_000059.4:c.7846_7848delinsGAG	p.Ser2616Glu	missense	VUS	VUS	2	4	MISSING_FUNCTIONAL	MISSING_FUNCTIONAL	PM5:moderate		neighbour_evidence
2020-01-01	2026-08-04	NM_000059.4:c.7846_7847delinsGA	p.Ser2616Asp	missense	VUS	VUS	2	4	MISSING_FUNCTIONAL	MISSING_FUNCTIONAL	PM5:moderate		neighbour_evidence
2020-01-01	2026-08-04	NM_000059.4:c.7846_7848delinsGCA	p.Ser2616Ala	missense	VUS	VUS	2	4	MISSING_FUNCTIONAL	MISSING_FUNCTIONAL	PM5:moderate		neighbour_evidence
2020-01-01	2026-08-04	NM_000059.4:c.7846_7848delinsGCC	p.Ser2616Ala	missense	VUS	VUS	2	4	MISSING_FUNCTIONAL	MISSING_FUNCTIONAL	PM5:moderate		neighbour_evidence
2020-01-01	2026-08-04	NM_000059.4:c.7846_7848delinsGCG	p.Ser2616Ala	missense	VUS	VUS	2	4	MISSING_FUNCTIONAL	MISSING_FUNCTIONAL	PM5:moderate		neighbour_evidence
2020-01-01	2026-08-04	NM_000059.4:c.7846_7848delinsGGA	p.Ser2616Gly	missense	VUS	VUS	2	4	MISSING_FUNCTIONAL	MISSING_FUNCTIONAL	PM5:moderate		neighbour_evidence
2020-01-01	2026-08-04	NM_000059.4:c.7846_7848delinsGGC	p.Ser2616Gly	missense	VUS	VUS	2	4	MISSING_FUNCTIONAL	MISSING_FUNCTIONAL	PM5:moderate		neighbour_evidence
2020-01-01	2026-08-04	NM_000059.4:c.7846_7848delinsGGG	p.Ser2616Gly	missense	VUS	VUS	2	4	MISSING_FUNCTIONAL	MISSING_FUNCTIONAL	PM5:moderate		neighbour_evidence
2020-01-01	2026-08-04	NM_000059.4:c.7846_7847delinsGG	p.Ser2616Gly	missense	VUS	VUS	2	4	MISSING_FUNCTIONAL	MISSING_FUNCTIONAL	PM5:moderate		neighbour_evidence
2020-01-01	2026-08-04	NM_000059.4:c.7846_7848delinsGTA	p.Ser2616Val	missense	VUS	VUS	2	4	MISSING_FUNCTIONAL	MISSING_FUNCTIONAL	PM5:moderate		neighbour_evidence
2020-01-01	2026-08-04	NM_000059.4:c.7846_7848delinsGTC	p.Ser2616Val	missense	VUS	VUS	2	4	MISSING_FUNCTIONAL	MISSING_FUNCTIONAL	PM5:moderate		neighbour_evidence
2020-01-01	2026-08-04	NM_000059.4:c.7846_7848delinsGTG	p.Ser2616Val	missense	VUS	VUS	2	4	MISSING_FUNCTIONAL	MISSING_FUNCTIONAL	PM5:moderate		neighbour_evidence
2020-01-01	2026-08-04	NM_000059.4:c.7846_7847delinsGT	p.Ser2616Val	missense	VUS	VUS	2	4	MISSING_FUNCTIONAL	MISSING_FUNCTIONAL	PM5:moderate		neighbour_evidence
2020-01-01	2026-08-04	NM_000059.4:c.7847_7848delinsAC	p.Ser2616Tyr	missense	VUS	VUS	2	4	MISSING_FUNCTIONAL	MISSING_FUNCTIONAL	PM5:moderate		neighbour_evidence
2020-01-01	2026-08-04	NM_000059.4:c.7847_7848delinsGC	p.Ser2616Cys	missense	VUS	VUS	2	4	MISSING_FUNCTIONAL	MISSING_FUNCTIONAL	PM5:moderate		neighbour_evidence
2020-01-01	2026-08-04	NM_000059.4:c.7847_7848delinsGG	p.Ser2616Trp	missense	VUS	VUS	2	4	MISSING_FUNCTIONAL	MISSING_FUNCTIONAL	PM5:moderate		neighbour_evidence
2020-01-01	2026-08-04	NM_000059.4:c.7847_7848delinsTA	p.Ser2616Leu	missense	VUS	VUS	2	4	MISSING_FUNCTIONAL	MISSING_FUNCTIONAL	PM5:moderate		neighbour_evidence
2020-01-01	2026-08-04	NM_000059.4:c.7847_7848delinsTC	p.Ser2616Phe	missense	VUS	LP	2	6	MISSING_FUNCTIONAL	RESOLVED_NOT_BLOCKED	PS1:strong		neighbour_evidence
2020-01-01	2026-08-04	NM_000059.4:c.7847_7848delinsTG	p.Ser2616Leu	missense	VUS	VUS	2	4	MISSING_FUNCTIONAL	MISSING_FUNCTIONAL	PM5:moderate		neighbour_evidence
2020-01-01	2026-08-04	NM_000059.4:c.7855_7857delinsAAA	p.Trp2619Lys	missense	VUS	VUS	2	4	MISSING_FUNCTIONAL	MISSING_FUNCTIONAL	PM5:moderate		neighbour_evidence
2020-01-01	2026-08-04	NM_000059.4:c.7855_7857delinsAAC	p.Trp2619Asn	missense	VUS	VUS	2	4	MISSING_FUNCTIONAL	MISSING_FUNCTIONAL	PM5:moderate		neighbour_evidence
2020-01-01	2026-08-04	NM_000059.4:c.7855_7856delinsAA	p.Trp2619Lys	missense	VUS	VUS	2	4	MISSING_FUNCTIONAL	MISSING_FUNCTIONAL	PM5:moderate		neighbour_evidence
2020-01-01	2026-08-04	NM_000059.4:c.7855_7857delinsAAT	p.Trp2619Asn	missense	VUS	VUS	2	4	MISSING_FUNCTIONAL	MISSING_FUNCTIONAL	PM5:moderate		neighbour_evidence
2020-01-01	2026-08-04	NM_000059.4:c.7855_7857delinsACA	p.Trp2619Thr	missense	VUS	VUS	2	4	MISSING_FUNCTIONAL	MISSING_FUNCTIONAL	PM5:moderate		neighbour_evidence
2020-01-01	2026-08-04	NM_000059.4:c.7855_7857delinsACC	p.Trp2619Thr	missense	VUS	VUS	2	4	MISSING_FUNCTIONAL	MISSING_FUNCTIONAL	PM5:moderate		neighbour_evidence
2020-01-01	2026-08-04	NM_000059.4:c.7855_7856delinsAC	p.Trp2619Thr	missense	VUS	VUS	2	4	MISSING_FUNCTIONAL	MISSING_FUNCTIONAL	PM5:moderate		neighbour_evidence
2020-01-01	2026-08-04	NM_000059.4:c.7855_7857delinsACT	p.Trp2619Thr	missense	VUS	VUS	2	4	MISSING_FUNCTIONAL	MISSING_FUNCTIONAL	PM5:moderate		neighbour_evidence
2020-01-01	2026-08-04	NM_000059.4:c.7855_7857delinsAGA	p.Trp2619Arg	missense	VUS	LP	2	8	MISSING_FUNCTIONAL	RESOLVED_NOT_BLOCKED	PM5:moderate;PS1:strong		neighbour_evidence
2020-01-01	2026-08-04	NM_000059.4:c.7855_7857delinsAGC	p.Trp2619Ser	missense	VUS	VUS	2	4	MISSING_FUNCTIONAL	MISSING_FUNCTIONAL	PM5:moderate		neighbour_evidence
2020-01-01	2026-08-04	NM_000059.4:c.7855_7857delinsAGT	p.Trp2619Ser	missense	VUS	VUS	2	4	MISSING_FUNCTIONAL	MISSING_FUNCTIONAL	PM5:moderate		neighbour_evidence
2020-01-01	2026-08-04	NM_000059.4:c.7855_7857delinsATA	p.Trp2619Ile	missense	VUS	VUS	2	4	MISSING_FUNCTIONAL	MISSING_FUNCTIONAL	PM5:moderate		neighbour_evidence
2020-01-01	2026-08-04	NM_000059.4:c.7855_7857delinsATC	p.Trp2619Ile	missense	VUS	VUS	2	4	MISSING_FUNCTIONAL	MISSING_FUNCTIONAL	PM5:moderate		neighbour_evidence
2020-01-01	2026-08-04	NM_000059.4:c.7855_7856delinsAT	p.Trp2619Met	missense	VUS	VUS	2	4	MISSING_FUNCTIONAL	MISSING_FUNCTIONAL	PM5:moderate		neighbour_evidence
2020-01-01	2026-08-04	NM_000059.4:c.7855_7857delinsATT	p.Trp2619Ile	missense	VUS	VUS	2	4	MISSING_FUNCTIONAL	MISSING_FUNCTIONAL	PM5:moderate		neighbour_evidence
2020-01-01	2026-08-04	NM_000059.4:c.7855_7857delinsCAA	p.Trp2619Gln	missense	VUS	VUS	2	4	MISSING_FUNCTIONAL	MISSING_FUNCTIONAL	PM5:moderate		neighbour_evidence
2020-01-01	2026-08-04	NM_000059.4:c.7855_7857delinsCAC	p.Trp2619His	missense	VUS	VUS	2	4	MISSING_FUNCTIONAL	MISSING_FUNCTIONAL	PM5:moderate		neighbour_evidence
2020-01-01	2026-08-04	NM_000059.4:c.7855_7856delinsCA	p.Trp2619Gln	missense	VUS	VUS	2	4	MISSING_FUNCTIONAL	MISSING_FUNCTIONAL	PM5:moderate		neighbour_evidence
2020-01-01	2026-08-04	NM_000059.4:c.7855_7857delinsCAT	p.Trp2619His	missense	VUS	VUS	2	4	MISSING_FUNCTIONAL	MISSING_FUNCTIONAL	PM5:moderate		neighbour_evidence
2020-01-01	2026-08-04	NM_000059.4:c.7855_7857delinsCCA	p.Trp2619Pro	missense	VUS	VUS	2	4	MISSING_FUNCTIONAL	MISSING_FUNCTIONAL	PM5:moderate		neighbour_evidence
2020-01-01	2026-08-04	NM_000059.4:c.7855_7857delinsCCC	p.Trp2619Pro	missense	VUS	VUS	2	4	MISSING_FUNCTIONAL	MISSING_FUNCTIONAL	PM5:moderate		neighbour_evidence
2020-01-01	2026-08-04	NM_000059.4:c.7855_7856delinsCC	p.Trp2619Pro	missense	VUS	VUS	2	4	MISSING_FUNCTIONAL	MISSING_FUNCTIONAL	PM5:moderate		neighbour_evidence
2020-01-01	2026-08-04	NM_000059.4:c.7855_7857delinsCCT	p.Trp2619Pro	missense	VUS	VUS	2	4	MISSING_FUNCTIONAL	MISSING_FUNCTIONAL	PM5:moderate		neighbour_evidence
2020-01-01	2026-08-04	NM_000059.4:c.7855_7857delinsCGA	p.Trp2619Arg	missense	VUS	LP	2	8	MISSING_FUNCTIONAL	RESOLVED_NOT_BLOCKED	PM5:moderate;PS1:strong		neighbour_evidence
2020-01-01	2026-08-04	NM_000059.4:c.7855_7857delinsCGC	p.Trp2619Arg	missense	VUS	LP	2	8	MISSING_FUNCTIONAL	RESOLVED_NOT_BLOCKED	PM5:moderate;PS1:strong		neighbour_evidence
2020-01-01	2026-08-04	NM_000059.4:c.7855_7857delinsCGT	p.Trp2619Arg	missense	VUS	LP	2	8	MISSING_FUNCTIONAL	RESOLVED_NOT_BLOCKED	PM5:moderate;PS1:strong		neighbour_evidence
2020-01-01	2026-08-04	NM_000059.4:c.7855_7857delinsCTA	p.Trp2619Leu	missense	VUS	VUS	2	4	MISSING_FUNCTIONAL	MISSING_FUNCTIONAL	PM5:moderate		neighbour_evidence
2020-01-01	2026-08-04	NM_000059.4:c.7855_7857delinsCTC	p.Trp2619Leu	missense	VUS	VUS	2	4	MISSING_FUNCTIONAL	MISSING_FUNCTIONAL	PM5:moderate		neighbour_evidence
2020-01-01	2026-08-04	NM_000059.4:c.7855_7856delinsCT	p.Trp2619Leu	missense	VUS	VUS	2	4	MISSING_FUNCTIONAL	MISSING_FUNCTIONAL	PM5:moderate		neighbour_evidence
2020-01-01	2026-08-04	NM_000059.4:c.7855_7857delinsCTT	p.Trp2619Leu	missense	VUS	VUS	2	4	MISSING_FUNCTIONAL	MISSING_FUNCTIONAL	PM5:moderate		neighbour_evidence
2020-01-01	2026-08-04	NM_000059.4:c.7855_7857delinsGAA	p.Trp2619Glu	missense	VUS	VUS	2	4	MISSING_FUNCTIONAL	MISSING_FUNCTIONAL	PM5:moderate		neighbour_evidence
2020-01-01	2026-08-04	NM_000059.4:c.7855_7857delinsGAC	p.Trp2619Asp	missense	VUS	VUS	2	4	MISSING_FUNCTIONAL	MISSING_FUNCTIONAL	PM5:moderate		neighbour_evidence
2020-01-01	2026-08-04	NM_000059.4:c.7855_7856delinsGA	p.Trp2619Glu	missense	VUS	VUS	2	4	MISSING_FUNCTIONAL	MISSING_FUNCTIONAL	PM5:moderate		neighbour_evidence
2020-01-01	2026-08-04	NM_000059.4:c.7855_7857delinsGAT	p.Trp2619Asp	missense	VUS	VUS	2	4	MISSING_FUNCTIONAL	MISSING_FUNCTIONAL	PM5:moderate		neighbour_evidence
2020-01-01	2026-08-04	NM_000059.4:c.7855_7857delinsGCA	p.Trp2619Ala	missense	VUS	VUS	2	4	MISSING_FUNCTIONAL	MISSING_FUNCTIONAL	PM5:moderate		neighbour_evidence
2020-01-01	2026-08-04	NM_000059.4:c.7855_7857delinsGCC	p.Trp2619Ala	missense	VUS	VUS	2	4	MISSING_FUNCTIONAL	MISSING_FUNCTIONAL	PM5:moderate		neighbour_evidence
2020-01-01	2026-08-04	NM_000059.4:c.7855_7856delinsGC	p.Trp2619Ala	missense	VUS	VUS	2	4	MISSING_FUNCTIONAL	MISSING_FUNCTIONAL	PM5:moderate		neighbour_evidence
2020-01-01	2026-08-04	NM_000059.4:c.7855_7857delinsGCT	p.Trp2619Ala	missense	VUS	VUS	2	4	MISSING_FUNCTIONAL	MISSING_FUNCTIONAL	PM5:moderate		neighbour_evidence
2020-01-01	2026-08-04	NM_000059.4:c.7855_7857delinsGGA	p.Trp2619Gly	missense	VUS	LP	2	8	MISSING_FUNCTIONAL	RESOLVED_NOT_BLOCKED	PM5:moderate;PS1:strong		neighbour_evidence
2020-01-01	2026-08-04	NM_000059.4:c.7855_7857delinsGGC	p.Trp2619Gly	missense	VUS	LP	2	8	MISSING_FUNCTIONAL	RESOLVED_NOT_BLOCKED	PM5:moderate;PS1:strong		neighbour_evidence
2020-01-01	2026-08-04	NM_000059.4:c.7855_7857delinsGGT	p.Trp2619Gly	missense	VUS	LP	2	8	MISSING_FUNCTIONAL	RESOLVED_NOT_BLOCKED	PM5:moderate;PS1:strong		neighbour_evidence
2020-01-01	2026-08-04	NM_000059.4:c.7855_7857delinsGTA	p.Trp2619Val	missense	VUS	VUS	2	4	MISSING_FUNCTIONAL	MISSING_FUNCTIONAL	PM5:moderate		neighbour_evidence
2020-01-01	2026-08-04	NM_000059.4:c.7855_7857delinsGTC	p.Trp2619Val	missense	VUS	VUS	2	4	MISSING_FUNCTIONAL	MISSING_FUNCTIONAL	PM5:moderate		neighbour_evidence
2020-01-01	2026-08-04	NM_000059.4:c.7855_7856delinsGT	p.Trp2619Val	missense	VUS	VUS	2	4	MISSING_FUNCTIONAL	MISSING_FUNCTIONAL	PM5:moderate		neighbour_evidence
2020-01-01	2026-08-04	NM_000059.4:c.7855_7857delinsGTT	p.Trp2619Val	missense	VUS	VUS	2	4	MISSING_FUNCTIONAL	MISSING_FUNCTIONAL	PM5:moderate		neighbour_evidence
2020-01-01	2026-08-04	NM_000059.4:c.7856_7857delinsAC	p.Trp2619Tyr	missense	VUS	VUS	2	4	MISSING_FUNCTIONAL	MISSING_FUNCTIONAL	PM5:moderate		neighbour_evidence
2020-01-01	2026-08-04	NM_000059.4:c.7856_7857delinsAT	p.Trp2619Tyr	missense	VUS	VUS	2	4	MISSING_FUNCTIONAL	MISSING_FUNCTIONAL	PM5:moderate		neighbour_evidence
2020-01-01	2026-08-04	NM_000059.4:c.7856_7857delinsCA	p.Trp2619Ser	missense	VUS	VUS	2	4	MISSING_FUNCTIONAL	MISSING_FUNCTIONAL	PM5:moderate		neighbour_evidence
2020-01-01	2026-08-04	NM_000059.4:c.7856_7857delinsCC	p.Trp2619Ser	missense	VUS	VUS	2	4	MISSING_FUNCTIONAL	MISSING_FUNCTIONAL	PM5:moderate		neighbour_evidence
2020-01-01	2026-08-04	NM_000059.4:c.7856_7857delinsCT	p.Trp2619Ser	missense	VUS	VUS	2	4	MISSING_FUNCTIONAL	MISSING_FUNCTIONAL	PM5:moderate		neighbour_evidence
2020-01-01	2026-08-04	NM_000059.4:c.7856_7857delinsTA	p.Trp2619Leu	missense	VUS	VUS	2	4	MISSING_FUNCTIONAL	MISSING_FUNCTIONAL	PM5:moderate		neighbour_evidence
2020-01-01	2026-08-04	NM_000059.4:c.7856_7857delinsTC	p.Trp2619Phe	missense	VUS	VUS	2	4	MISSING_FUNCTIONAL	MISSING_FUNCTIONAL	PM5:moderate		neighbour_evidence
2020-01-01	2026-08-04	NM_000059.4:c.7856_7857delinsTT	p.Trp2619Phe	missense	VUS	VUS	2	4	MISSING_FUNCTIONAL	MISSING_FUNCTIONAL	PM5:moderate		neighbour_evidence
2020-01-01	2026-08-04	NM_000059.4:c.7867_7869delinsAAA	p.His2623Lys	missense	VUS	VUS	2	4	MISSING_FUNCTIONAL	MISSING_FUNCTIONAL	PM5:moderate		neighbour_evidence
2020-01-01	2026-08-04	NM_000059.4:c.7867_7869delinsAAG	p.His2623Lys	missense	VUS	VUS	2	4	MISSING_FUNCTIONAL	MISSING_FUNCTIONAL	PM5:moderate		neighbour_evidence
2020-01-01	2026-08-04	NM_000059.4:c.7867_7869delinsAAT	p.His2623Asn	missense	VUS	VUS	2	4	MISSING_FUNCTIONAL	MISSING_FUNCTIONAL	PM5:moderate		neighbour_evidence
2020-01-01	2026-08-04	NM_000059.4:c.7867_7869delinsACA	p.His2623Thr	missense	VUS	VUS	2	4	MISSING_FUNCTIONAL	MISSING_FUNCTIONAL	PM5:moderate		neighbour_evidence
2020-01-01	2026-08-04	NM_000059.4:c.7867_7868delinsAC	p.His2623Thr	missense	VUS	VUS	2	4	MISSING_FUNCTIONAL	MISSING_FUNCTIONAL	PM5:moderate		neighbour_evidence
2020-01-01	2026-08-04	NM_000059.4:c.7867_7869delinsACG	p.His2623Thr	missense	VUS	VUS	2	4	MISSING_FUNCTIONAL	MISSING_FUNCTIONAL	PM5:moderate		neighbour_evidence
2020-01-01	2026-08-04	NM_000059.4:c.7867_7869delinsACT	p.His2623Thr	missense	VUS	VUS	2	4	MISSING_FUNCTIONAL	MISSING_FUNCTIONAL	PM5:moderate		neighbour_evidence
2020-01-01	2026-08-04	NM_000059.4:c.7867_7869delinsAGA	p.His2623Arg	missense	VUS	LP	2	8	MISSING_FUNCTIONAL	RESOLVED_NOT_BLOCKED	PM5:moderate;PS1:strong		neighbour_evidence
2020-01-01	2026-08-04	NM_000059.4:c.7867_7868delinsAG	p.His2623Ser	missense	VUS	VUS	2	4	MISSING_FUNCTIONAL	MISSING_FUNCTIONAL	PM5:moderate		neighbour_evidence
2020-01-01	2026-08-04	NM_000059.4:c.7867_7869delinsAGG	p.His2623Arg	missense	VUS	LP	2	8	MISSING_FUNCTIONAL	RESOLVED_NOT_BLOCKED	PM5:moderate;PS1:strong		neighbour_evidence
2020-01-01	2026-08-04	NM_000059.4:c.7867_7869delinsAGT	p.His2623Ser	missense	VUS	VUS	2	4	MISSING_FUNCTIONAL	MISSING_FUNCTIONAL	PM5:moderate		neighbour_evidence
2020-01-01	2026-08-04	NM_000059.4:c.7867_7869delinsATA	p.His2623Ile	missense	VUS	VUS	2	4	MISSING_FUNCTIONAL	MISSING_FUNCTIONAL	PM5:moderate		neighbour_evidence
2020-01-01	2026-08-04	NM_000059.4:c.7867_7868delinsAT	p.His2623Ile	missense	VUS	VUS	2	4	MISSING_FUNCTIONAL	MISSING_FUNCTIONAL	PM5:moderate		neighbour_evidence
2020-01-01	2026-08-04	NM_000059.4:c.7867_7869delinsATG	p.His2623Met	missense	VUS	VUS	2	4	MISSING_FUNCTIONAL	MISSING_FUNCTIONAL	PM5:moderate		neighbour_evidence
2020-01-01	2026-08-04	NM_000059.4:c.7867_7869delinsATT	p.His2623Ile	missense	VUS	VUS	2	4	MISSING_FUNCTIONAL	MISSING_FUNCTIONAL	PM5:moderate		neighbour_evidence
2020-01-01	2026-08-04	NM_000059.4:c.7868_7869delinsCA	p.His2623Pro	missense	VUS	LP	2	8	MISSING_FUNCTIONAL	RESOLVED_NOT_BLOCKED	PM5:moderate;PS1:strong		neighbour_evidence
2020-01-01	2026-08-04	NM_000059.4:c.7868_7869delinsCG	p.His2623Pro	missense	VUS	LP	2	8	MISSING_FUNCTIONAL	RESOLVED_NOT_BLOCKED	PM5:moderate;PS1:strong		neighbour_evidence
2020-01-01	2026-08-04	NM_000059.4:c.7868_7869delinsCT	p.His2623Pro	missense	VUS	LP	2	8	MISSING_FUNCTIONAL	RESOLVED_NOT_BLOCKED	PM5:moderate;PS1:strong		neighbour_evidence
2020-01-01	2026-08-04	NM_000059.4:c.7868_7869delinsGA	p.His2623Arg	missense	VUS	LP	2	8	MISSING_FUNCTIONAL	RESOLVED_NOT_BLOCKED	PM5:moderate;PS1:strong		neighbour_evidence
2020-01-01	2026-08-04	NM_000059.4:c.7868_7869delinsGG	p.His2623Arg	missense	VUS	LP	2	8	MISSING_FUNCTIONAL	RESOLVED_NOT_BLOCKED	PM5:moderate;PS1:strong		neighbour_evidence
2020-01-01	2026-08-04	NM_000059.4:c.7868_7869delinsGT	p.His2623Arg	missense	VUS	LP	2	8	MISSING_FUNCTIONAL	RESOLVED_NOT_BLOCKED	PM5:moderate;PS1:strong		neighbour_evidence
2020-01-01	2026-08-04	NM_000059.4:c.7868_7869delinsTA	p.His2623Leu	missense	VUS	LP	2	8	MISSING_FUNCTIONAL	RESOLVED_NOT_BLOCKED	PM5:moderate;PS1:strong		neighbour_evidence
2020-01-01	2026-08-04	NM_000059.4:c.7868_7869delinsTG	p.His2623Leu	missense	VUS	LP	2	8	MISSING_FUNCTIONAL	RESOLVED_NOT_BLOCKED	PM5:moderate;PS1:strong		neighbour_evidence
2020-01-01	2026-08-04	NM_000059.4:c.7868_7869delinsTT	p.His2623Leu	missense	VUS	LP	2	8	MISSING_FUNCTIONAL	RESOLVED_NOT_BLOCKED	PM5:moderate;PS1:strong		neighbour_evidence
2020-01-01	2026-08-04	NM_000059.4:c.7867_7869delinsGAA	p.His2623Glu	missense	VUS	VUS	2	4	MISSING_FUNCTIONAL	MISSING_FUNCTIONAL	PM5:moderate		neighbour_evidence
2020-01-01	2026-08-04	NM_000059.4:c.7867_7869delinsGAG	p.His2623Glu	missense	VUS	VUS	2	4	MISSING_FUNCTIONAL	MISSING_FUNCTIONAL	PM5:moderate		neighbour_evidence
2020-01-01	2026-08-04	NM_000059.4:c.7867_7869delinsGAT	p.His2623Asp	missense	VUS	VUS	2	4	MISSING_FUNCTIONAL	MISSING_FUNCTIONAL	PM5:moderate		neighbour_evidence
2020-01-01	2026-08-04	NM_000059.4:c.7867_7869delinsGCA	p.His2623Ala	missense	VUS	VUS	2	4	MISSING_FUNCTIONAL	MISSING_FUNCTIONAL	PM5:moderate		neighbour_evidence
2020-01-01	2026-08-04	NM_000059.4:c.7867_7868delinsGC	p.His2623Ala	missense	VUS	VUS	2	4	MISSING_FUNCTIONAL	MISSING_FUNCTIONAL	PM5:moderate		neighbour_evidence
2020-01-01	2026-08-04	NM_000059.4:c.7867_7869delinsGCG	p.His2623Ala	missense	VUS	VUS	2	4	MISSING_FUNCTIONAL	MISSING_FUNCTIONAL	PM5:moderate		neighbour_evidence
2020-01-01	2026-08-04	NM_000059.4:c.7867_7869delinsGCT	p.His2623Ala	missense	VUS	VUS	2	4	MISSING_FUNCTIONAL	MISSING_FUNCTIONAL	PM5:moderate		neighbour_evidence
2020-01-01	2026-08-04	NM_000059.4:c.7867_7869delinsGGA	p.His2623Gly	missense	VUS	VUS	2	4	MISSING_FUNCTIONAL	MISSING_FUNCTIONAL	PM5:moderate		neighbour_evidence
2020-01-01	2026-08-04	NM_000059.4:c.7867_7868delinsGG	p.His2623Gly	missense	VUS	VUS	2	4	MISSING_FUNCTIONAL	MISSING_FUNCTIONAL	PM5:moderate		neighbour_evidence
2020-01-01	2026-08-04	NM_000059.4:c.7867_7869delinsGGG	p.His2623Gly	missense	VUS	VUS	2	4	MISSING_FUNCTIONAL	MISSING_FUNCTIONAL	PM5:moderate		neighbour_evidence
2020-01-01	2026-08-04	NM_000059.4:c.7867_7869delinsGGT	p.His2623Gly	missense	VUS	VUS	2	4	MISSING_FUNCTIONAL	MISSING_FUNCTIONAL	PM5:moderate		neighbour_evidence
2020-01-01	2026-08-04	NM_000059.4:c.7867_7869delinsGTA	p.His2623Val	missense	VUS	VUS	2	4	MISSING_FUNCTIONAL	MISSING_FUNCTIONAL	PM5:moderate		neighbour_evidence
2020-01-01	2026-08-04	NM_000059.4:c.7867_7868delinsGT	p.His2623Val	missense	VUS	VUS	2	4	MISSING_FUNCTIONAL	MISSING_FUNCTIONAL	PM5:moderate		neighbour_evidence
2020-01-01	2026-08-04	NM_000059.4:c.7867_7869delinsGTG	p.His2623Val	missense	VUS	VUS	2	4	MISSING_FUNCTIONAL	MISSING_FUNCTIONAL	PM5:moderate		neighbour_evidence
2020-01-01	2026-08-04	NM_000059.4:c.7867_7869delinsGTT	p.His2623Val	missense	VUS	VUS	2	4	MISSING_FUNCTIONAL	MISSING_FUNCTIONAL	PM5:moderate		neighbour_evidence
2020-01-01	2026-08-04	NM_000059.4:c.7867_7869delinsTAT	p.His2623Tyr	missense	VUS	LP	2	8	MISSING_FUNCTIONAL	RESOLVED_NOT_BLOCKED	PM5:moderate;PS1:strong		neighbour_evidence
2020-01-01	2026-08-04	NM_000059.4:c.7867_7869delinsTCA	p.His2623Ser	missense	VUS	VUS	2	4	MISSING_FUNCTIONAL	MISSING_FUNCTIONAL	PM5:moderate		neighbour_evidence
2020-01-01	2026-08-04	NM_000059.4:c.7867_7868delinsTC	p.His2623Ser	missense	VUS	VUS	2	4	MISSING_FUNCTIONAL	MISSING_FUNCTIONAL	PM5:moderate		neighbour_evidence
2020-01-01	2026-08-04	NM_000059.4:c.7867_7869delinsTCG	p.His2623Ser	missense	VUS	VUS	2	4	MISSING_FUNCTIONAL	MISSING_FUNCTIONAL	PM5:moderate		neighbour_evidence
2020-01-01	2026-08-04	NM_000059.4:c.7867_7869delinsTCT	p.His2623Ser	missense	VUS	VUS	2	4	MISSING_FUNCTIONAL	MISSING_FUNCTIONAL	PM5:moderate		neighbour_evidence
2020-01-01	2026-08-04	NM_000059.4:c.7867_7868delinsTG	p.His2623Cys	missense	VUS	VUS	2	4	MISSING_FUNCTIONAL	MISSING_FUNCTIONAL	PM5:moderate		neighbour_evidence
2020-01-01	2026-08-04	NM_000059.4:c.7867_7869delinsTGG	p.His2623Trp	missense	VUS	VUS	2	4	MISSING_FUNCTIONAL	MISSING_FUNCTIONAL	PM5:moderate		neighbour_evidence
2020-01-01	2026-08-04	NM_000059.4:c.7867_7869delinsTGT	p.His2623Cys	missense	VUS	VUS	2	4	MISSING_FUNCTIONAL	MISSING_FUNCTIONAL	PM5:moderate		neighbour_evidence
2020-01-01	2026-08-04	NM_000059.4:c.7867_7869delinsTTA	p.His2623Leu	missense	VUS	LP	2	8	MISSING_FUNCTIONAL	RESOLVED_NOT_BLOCKED	PM5:moderate;PS1:strong		neighbour_evidence
2020-01-01	2026-08-04	NM_000059.4:c.7867_7868delinsTT	p.His2623Phe	missense	VUS	VUS	2	4	MISSING_FUNCTIONAL	MISSING_FUNCTIONAL	PM5:moderate		neighbour_evidence
2020-01-01	2026-08-04	NM_000059.4:c.7867_7869delinsTTG	p.His2623Leu	missense	VUS	LP	2	8	MISSING_FUNCTIONAL	RESOLVED_NOT_BLOCKED	PM5:moderate;PS1:strong		neighbour_evidence
2020-01-01	2026-08-04	NM_000059.4:c.7867_7869delinsTTT	p.His2623Phe	missense	VUS	VUS	2	4	MISSING_FUNCTIONAL	MISSING_FUNCTIONAL	PM5:moderate		neighbour_evidence
2020-01-01	2026-08-04	NM_000059.4:c.7870_7872delinsAAA	p.Tyr2624Lys	missense	VUS	VUS	2	4	MISSING_FUNCTIONAL	MISSING_FUNCTIONAL	PM5:moderate		neighbour_evidence
2020-01-01	2026-08-04	NM_000059.4:c.7870_7872delinsAAC	p.Tyr2624Asn	missense	VUS	VUS	2	4	MISSING_FUNCTIONAL	MISSING_FUNCTIONAL	PM5:moderate		neighbour_evidence
2020-01-01	2026-08-04	NM_000059.4:c.7870_7872delinsAAG	p.Tyr2624Lys	missense	VUS	VUS	2	4	MISSING_FUNCTIONAL	MISSING_FUNCTIONAL	PM5:moderate		neighbour_evidence
2020-01-01	2026-08-04	NM_000059.4:c.7870_7872delinsACA	p.Tyr2624Thr	missense	VUS	VUS	2	4	MISSING_FUNCTIONAL	MISSING_FUNCTIONAL	PM5:moderate		neighbour_evidence
2020-01-01	2026-08-04	NM_000059.4:c.7870_7872delinsACC	p.Tyr2624Thr	missense	VUS	VUS	2	4	MISSING_FUNCTIONAL	MISSING_FUNCTIONAL	PM5:moderate		neighbour_evidence
2020-01-01	2026-08-04	NM_000059.4:c.7870_7872delinsACG	p.Tyr2624Thr	missense	VUS	VUS	2	4	MISSING_FUNCTIONAL	MISSING_FUNCTIONAL	PM5:moderate		neighbour_evidence
2020-01-01	2026-08-04	NM_000059.4:c.7870_7871delinsAC	p.Tyr2624Thr	missense	VUS	VUS	2	4	MISSING_FUNCTIONAL	MISSING_FUNCTIONAL	PM5:moderate		neighbour_evidence
2020-01-01	2026-08-04	NM_000059.4:c.7870_7872delinsAGA	p.Tyr2624Arg	missense	VUS	VUS	2	4	MISSING_FUNCTIONAL	MISSING_FUNCTIONAL	PM5:moderate		neighbour_evidence
2020-01-01	2026-08-04	NM_000059.4:c.7870_7872delinsAGC	p.Tyr2624Ser	missense	VUS	VUS	2	4	MISSING_FUNCTIONAL	MISSING_FUNCTIONAL	PM5:moderate		neighbour_evidence
2020-01-01	2026-08-04	NM_000059.4:c.7870_7872delinsAGG	p.Tyr2624Arg	missense	VUS	VUS	2	4	MISSING_FUNCTIONAL	MISSING_FUNCTIONAL	PM5:moderate		neighbour_evidence
2020-01-01	2026-08-04	NM_000059.4:c.7870_7871delinsAG	p.Tyr2624Ser	missense	VUS	VUS	2	4	MISSING_FUNCTIONAL	MISSING_FUNCTIONAL	PM5:moderate		neighbour_evidence
2020-01-01	2026-08-04	NM_000059.4:c.7870_7872delinsATA	p.Tyr2624Ile	missense	VUS	VUS	2	4	MISSING_FUNCTIONAL	MISSING_FUNCTIONAL	PM5:moderate		neighbour_evidence
2020-01-01	2026-08-04	NM_000059.4:c.7870_7872delinsATC	p.Tyr2624Ile	missense	VUS	VUS	2	4	MISSING_FUNCTIONAL	MISSING_FUNCTIONAL	PM5:moderate		neighbour_evidence
2020-01-01	2026-08-04	NM_000059.4:c.7870_7872delinsATG	p.Tyr2624Met	missense	VUS	VUS	2	4	MISSING_FUNCTIONAL	MISSING_FUNCTIONAL	PM5:moderate		neighbour_evidence
2020-01-01	2026-08-04	NM_000059.4:c.7870_7871delinsAT	p.Tyr2624Ile	missense	VUS	VUS	2	4	MISSING_FUNCTIONAL	MISSING_FUNCTIONAL	PM5:moderate		neighbour_evidence
2020-01-01	2026-08-04	NM_000059.4:c.7870_7872delinsCAA	p.Tyr2624Gln	missense	VUS	VUS	2	4	MISSING_FUNCTIONAL	MISSING_FUNCTIONAL	PM5:moderate		neighbour_evidence
2020-01-01	2026-08-04	NM_000059.4:c.7870_7872delinsCAC	p.Tyr2624His	missense	VUS	VUS	2	4	MISSING_FUNCTIONAL	MISSING_FUNCTIONAL	PM5:moderate		neighbour_evidence
2020-01-01	2026-08-04	NM_000059.4:c.7870_7872delinsCAG	p.Tyr2624Gln	missense	VUS	VUS	2	4	MISSING_FUNCTIONAL	MISSING_FUNCTIONAL	PM5:moderate		neighbour_evidence
2020-01-01	2026-08-04	NM_000059.4:c.7870_7872delinsCCA	p.Tyr2624Pro	missense	VUS	VUS	2	4	MISSING_FUNCTIONAL	MISSING_FUNCTIONAL	PM5:moderate		neighbour_evidence
2020-01-01	2026-08-04	NM_000059.4:c.7870_7872delinsCCC	p.Tyr2624Pro	missense	VUS	VUS	2	4	MISSING_FUNCTIONAL	MISSING_FUNCTIONAL	PM5:moderate		neighbour_evidence
2020-01-01	2026-08-04	NM_000059.4:c.7870_7872delinsCCG	p.Tyr2624Pro	missense	VUS	VUS	2	4	MISSING_FUNCTIONAL	MISSING_FUNCTIONAL	PM5:moderate		neighbour_evidence
2020-01-01	2026-08-04	NM_000059.4:c.7870_7871delinsCC	p.Tyr2624Pro	missense	VUS	VUS	2	4	MISSING_FUNCTIONAL	MISSING_FUNCTIONAL	PM5:moderate		neighbour_evidence
2020-01-01	2026-08-04	NM_000059.4:c.7870_7872delinsCGA	p.Tyr2624Arg	missense	VUS	VUS	2	4	MISSING_FUNCTIONAL	MISSING_FUNCTIONAL	PM5:moderate		neighbour_evidence
2020-01-01	2026-08-04	NM_000059.4:c.7870_7872delinsCGC	p.Tyr2624Arg	missense	VUS	VUS	2	4	MISSING_FUNCTIONAL	MISSING_FUNCTIONAL	PM5:moderate		neighbour_evidence
2020-01-01	2026-08-04	NM_000059.4:c.7870_7872delinsCGG	p.Tyr2624Arg	missense	VUS	VUS	2	4	MISSING_FUNCTIONAL	MISSING_FUNCTIONAL	PM5:moderate		neighbour_evidence
2020-01-01	2026-08-04	NM_000059.4:c.7870_7871delinsCG	p.Tyr2624Arg	missense	VUS	VUS	2	4	MISSING_FUNCTIONAL	MISSING_FUNCTIONAL	PM5:moderate		neighbour_evidence
2020-01-01	2026-08-04	NM_000059.4:c.7870_7872delinsCTA	p.Tyr2624Leu	missense	VUS	VUS	2	4	MISSING_FUNCTIONAL	MISSING_FUNCTIONAL	PM5:moderate		neighbour_evidence
2020-01-01	2026-08-04	NM_000059.4:c.7870_7872delinsCTC	p.Tyr2624Leu	missense	VUS	VUS	2	4	MISSING_FUNCTIONAL	MISSING_FUNCTIONAL	PM5:moderate		neighbour_evidence
2020-01-01	2026-08-04	NM_000059.4:c.7870_7872delinsCTG	p.Tyr2624Leu	missense	VUS	VUS	2	4	MISSING_FUNCTIONAL	MISSING_FUNCTIONAL	PM5:moderate		neighbour_evidence
2020-01-01	2026-08-04	NM_000059.4:c.7870_7871delinsCT	p.Tyr2624Leu	missense	VUS	VUS	2	4	MISSING_FUNCTIONAL	MISSING_FUNCTIONAL	PM5:moderate		neighbour_evidence
2020-01-01	2026-08-04	NM_000059.4:c.7870_7872delinsGAA	p.Tyr2624Glu	missense	VUS	VUS	2	4	MISSING_FUNCTIONAL	MISSING_FUNCTIONAL	PM5:moderate		neighbour_evidence
2020-01-01	2026-08-04	NM_000059.4:c.7870_7872delinsGAC	p.Tyr2624Asp	missense	VUS	LP	2	6	MISSING_FUNCTIONAL	RESOLVED_NOT_BLOCKED	PS1:strong		neighbour_evidence
2020-01-01	2026-08-04	NM_000059.4:c.7870_7872delinsGAG	p.Tyr2624Glu	missense	VUS	VUS	2	4	MISSING_FUNCTIONAL	MISSING_FUNCTIONAL	PM5:moderate		neighbour_evidence
2020-01-01	2026-08-04	NM_000059.4:c.7870_7872delinsGCA	p.Tyr2624Ala	missense	VUS	VUS	2	4	MISSING_FUNCTIONAL	MISSING_FUNCTIONAL	PM5:moderate		neighbour_evidence
2020-01-01	2026-08-04	NM_000059.4:c.7870_7872delinsGCC	p.Tyr2624Ala	missense	VUS	VUS	2	4	MISSING_FUNCTIONAL	MISSING_FUNCTIONAL	PM5:moderate		neighbour_evidence
2020-01-01	2026-08-04	NM_000059.4:c.7870_7872delinsGCG	p.Tyr2624Ala	missense	VUS	VUS	2	4	MISSING_FUNCTIONAL	MISSING_FUNCTIONAL	PM5:moderate		neighbour_evidence
2020-01-01	2026-08-04	NM_000059.4:c.7870_7871delinsGC	p.Tyr2624Ala	missense	VUS	VUS	2	4	MISSING_FUNCTIONAL	MISSING_FUNCTIONAL	PM5:moderate		neighbour_evidence
2020-01-01	2026-08-04	NM_000059.4:c.7870_7872delinsGGA	p.Tyr2624Gly	missense	VUS	VUS	2	4	MISSING_FUNCTIONAL	MISSING_FUNCTIONAL	PM5:moderate		neighbour_evidence
2020-01-01	2026-08-04	NM_000059.4:c.7870_7872delinsGGC	p.Tyr2624Gly	missense	VUS	VUS	2	4	MISSING_FUNCTIONAL	MISSING_FUNCTIONAL	PM5:moderate		neighbour_evidence
2020-01-01	2026-08-04	NM_000059.4:c.7870_7872delinsGGG	p.Tyr2624Gly	missense	VUS	VUS	2	4	MISSING_FUNCTIONAL	MISSING_FUNCTIONAL	PM5:moderate		neighbour_evidence
2020-01-01	2026-08-04	NM_000059.4:c.7870_7871delinsGG	p.Tyr2624Gly	missense	VUS	VUS	2	4	MISSING_FUNCTIONAL	MISSING_FUNCTIONAL	PM5:moderate		neighbour_evidence
2020-01-01	2026-08-04	NM_000059.4:c.7870_7872delinsGTA	p.Tyr2624Val	missense	VUS	VUS	2	4	MISSING_FUNCTIONAL	MISSING_FUNCTIONAL	PM5:moderate		neighbour_evidence
2020-01-01	2026-08-04	NM_000059.4:c.7870_7872delinsGTC	p.Tyr2624Val	missense	VUS	VUS	2	4	MISSING_FUNCTIONAL	MISSING_FUNCTIONAL	PM5:moderate		neighbour_evidence
2020-01-01	2026-08-04	NM_000059.4:c.7870_7872delinsGTG	p.Tyr2624Val	missense	VUS	VUS	2	4	MISSING_FUNCTIONAL	MISSING_FUNCTIONAL	PM5:moderate		neighbour_evidence
2020-01-01	2026-08-04	NM_000059.4:c.7870_7871delinsGT	p.Tyr2624Val	missense	VUS	VUS	2	4	MISSING_FUNCTIONAL	MISSING_FUNCTIONAL	PM5:moderate		neighbour_evidence
2020-01-01	2026-08-04	NM_000059.4:c.7871_7872delinsCA	p.Tyr2624Ser	missense	VUS	VUS	2	4	MISSING_FUNCTIONAL	MISSING_FUNCTIONAL	PM5:moderate		neighbour_evidence
2020-01-01	2026-08-04	NM_000059.4:c.7871_7872delinsCC	p.Tyr2624Ser	missense	VUS	VUS	2	4	MISSING_FUNCTIONAL	MISSING_FUNCTIONAL	PM5:moderate		neighbour_evidence
2020-01-01	2026-08-04	NM_000059.4:c.7871_7872delinsCG	p.Tyr2624Ser	missense	VUS	VUS	2	4	MISSING_FUNCTIONAL	MISSING_FUNCTIONAL	PM5:moderate		neighbour_evidence
2020-01-01	2026-08-04	NM_000059.4:c.7871_7872delinsGC	p.Tyr2624Cys	missense	VUS	VUS	2	4	MISSING_FUNCTIONAL	MISSING_FUNCTIONAL	PM5:moderate		neighbour_evidence
2020-01-01	2026-08-04	NM_000059.4:c.7871_7872delinsGG	p.Tyr2624Trp	missense	VUS	VUS	2	4	MISSING_FUNCTIONAL	MISSING_FUNCTIONAL	PM5:moderate		neighbour_evidence
2020-01-01	2026-08-04	NM_000059.4:c.7871_7872delinsTA	p.Tyr2624Leu	missense	VUS	VUS	2	4	MISSING_FUNCTIONAL	MISSING_FUNCTIONAL	PM5:moderate		neighbour_evidence
2020-01-01	2026-08-04	NM_000059.4:c.7871_7872delinsTC	p.Tyr2624Phe	missense	VUS	VUS	2	4	MISSING_FUNCTIONAL	MISSING_FUNCTIONAL	PM5:moderate		neighbour_evidence
2020-01-01	2026-08-04	NM_000059.4:c.7871_7872delinsTG	p.Tyr2624Leu	missense	VUS	VUS	2	4	MISSING_FUNCTIONAL	MISSING_FUNCTIONAL	PM5:moderate		neighbour_evidence
2020-01-01	2026-08-04	NM_000059.4:c.7874_7875delinsAC	p.Arg2625Asn	missense	VUS	VUS	2	4	MISSING_FUNCTIONAL	MISSING_FUNCTIONAL	PM5:moderate		neighbour_evidence
2020-01-01	2026-08-04	NM_000059.4:c.7874_7875delinsAG	p.Arg2625Lys	missense	VUS	VUS	2	4	MISSING_FUNCTIONAL	MISSING_FUNCTIONAL	PM5:moderate		neighbour_evidence
2020-01-01	2026-08-04	NM_000059.4:c.7874_7875delinsAT	p.Arg2625Asn	missense	VUS	VUS	2	4	MISSING_FUNCTIONAL	MISSING_FUNCTIONAL	PM5:moderate		neighbour_evidence
2020-01-01	2026-08-04	NM_000059.4:c.7874_7875delinsCC	p.Arg2625Thr	missense	VUS	VUS	2	4	MISSING_FUNCTIONAL	MISSING_FUNCTIONAL	PM5:moderate		neighbour_evidence
2020-01-01	2026-08-04	NM_000059.4:c.7874_7875delinsCG	p.Arg2625Thr	missense	VUS	VUS	2	4	MISSING_FUNCTIONAL	MISSING_FUNCTIONAL	PM5:moderate		neighbour_evidence
2020-01-01	2026-08-04	NM_000059.4:c.7874_7875delinsCT	p.Arg2625Thr	missense	VUS	VUS	2	4	MISSING_FUNCTIONAL	MISSING_FUNCTIONAL	PM5:moderate		neighbour_evidence
2020-01-01	2026-08-04	NM_000059.4:c.7874_7875delinsTC	p.Arg2625Ile	missense	VUS	LP	2	6	MISSING_FUNCTIONAL	RESOLVED_NOT_BLOCKED	PS1:strong		neighbour_evidence
2020-01-01	2026-08-04	NM_000059.4:c.7874_7875delinsTG	p.Arg2625Met	missense	VUS	VUS	2	4	MISSING_FUNCTIONAL	MISSING_FUNCTIONAL	PM5:moderate		neighbour_evidence
2020-01-01	2026-08-04	NM_000059.4:c.7874_7875delinsTT	p.Arg2625Ile	missense	VUS	LP	2	6	MISSING_FUNCTIONAL	RESOLVED_NOT_BLOCKED	PS1:strong		neighbour_evidence
2020-01-01	2026-08-04	NM_000059.4:c.7873_7874delinsCA	p.Arg2625Gln	missense	VUS	VUS	2	4	MISSING_FUNCTIONAL	MISSING_FUNCTIONAL	PM5:moderate		neighbour_evidence
2020-01-01	2026-08-04	NM_000059.4:c.7873_7875delinsCAC	p.Arg2625His	missense	VUS	VUS	2	4	MISSING_FUNCTIONAL	MISSING_FUNCTIONAL	PM5:moderate		neighbour_evidence
2020-01-01	2026-08-04	NM_000059.4:c.7873_7875delinsCAG	p.Arg2625Gln	missense	VUS	VUS	2	4	MISSING_FUNCTIONAL	MISSING_FUNCTIONAL	PM5:moderate		neighbour_evidence
2020-01-01	2026-08-04	NM_000059.4:c.7873_7875delinsCAT	p.Arg2625His	missense	VUS	VUS	2	4	MISSING_FUNCTIONAL	MISSING_FUNCTIONAL	PM5:moderate		neighbour_evidence
2020-01-01	2026-08-04	NM_000059.4:c.7873_7874delinsCC	p.Arg2625Pro	missense	VUS	VUS	2	4	MISSING_FUNCTIONAL	MISSING_FUNCTIONAL	PM5:moderate		neighbour_evidence
2020-01-01	2026-08-04	NM_000059.4:c.7873_7875delinsCCC	p.Arg2625Pro	missense	VUS	VUS	2	4	MISSING_FUNCTIONAL	MISSING_FUNCTIONAL	PM5:moderate		neighbour_evidence
2020-01-01	2026-08-04	NM_000059.4:c.7873_7875delinsCCG	p.Arg2625Pro	missense	VUS	VUS	2	4	MISSING_FUNCTIONAL	MISSING_FUNCTIONAL	PM5:moderate		neighbour_evidence
2020-01-01	2026-08-04	NM_000059.4:c.7873_7875delinsCCT	p.Arg2625Pro	missense	VUS	VUS	2	4	MISSING_FUNCTIONAL	MISSING_FUNCTIONAL	PM5:moderate		neighbour_evidence
2020-01-01	2026-08-04	NM_000059.4:c.7873_7874delinsCT	p.Arg2625Leu	missense	VUS	VUS	2	4	MISSING_FUNCTIONAL	MISSING_FUNCTIONAL	PM5:moderate		neighbour_evidence
2020-01-01	2026-08-04	NM_000059.4:c.7873_7875delinsCTC	p.Arg2625Leu	missense	VUS	VUS	2	4	MISSING_FUNCTIONAL	MISSING_FUNCTIONAL	PM5:moderate		neighbour_evidence
2020-01-01	2026-08-04	NM_000059.4:c.7873_7875delinsCTG	p.Arg2625Leu	missense	VUS	VUS	2	4	MISSING_FUNCTIONAL	MISSING_FUNCTIONAL	PM5:moderate		neighbour_evidence
2020-01-01	2026-08-04	NM_000059.4:c.7873_7875delinsCTT	p.Arg2625Leu	missense	VUS	VUS	2	4	MISSING_FUNCTIONAL	MISSING_FUNCTIONAL	PM5:moderate		neighbour_evidence
2020-01-01	2026-08-04	NM_000059.4:c.7873_7874delinsGA	p.Arg2625Glu	missense	VUS	VUS	2	4	MISSING_FUNCTIONAL	MISSING_FUNCTIONAL	PM5:moderate		neighbour_evidence
2020-01-01	2026-08-04	NM_000059.4:c.7873_7875delinsGAC	p.Arg2625Asp	missense	VUS	VUS	2	4	MISSING_FUNCTIONAL	MISSING_FUNCTIONAL	PM5:moderate		neighbour_evidence
2020-01-01	2026-08-04	NM_000059.4:c.7873_7875delinsGAG	p.Arg2625Glu	missense	VUS	VUS	2	4	MISSING_FUNCTIONAL	MISSING_FUNCTIONAL	PM5:moderate		neighbour_evidence
2020-01-01	2026-08-04	NM_000059.4:c.7873_7875delinsGAT	p.Arg2625Asp	missense	VUS	VUS	2	4	MISSING_FUNCTIONAL	MISSING_FUNCTIONAL	PM5:moderate		neighbour_evidence
2020-01-01	2026-08-04	NM_000059.4:c.7873_7874delinsGC	p.Arg2625Ala	missense	VUS	VUS	2	4	MISSING_FUNCTIONAL	MISSING_FUNCTIONAL	PM5:moderate		neighbour_evidence
2020-01-01	2026-08-04	NM_000059.4:c.7873_7875delinsGCC	p.Arg2625Ala	missense	VUS	VUS	2	4	MISSING_FUNCTIONAL	MISSING_FUNCTIONAL	PM5:moderate		neighbour_evidence
2020-01-01	2026-08-04	NM_000059.4:c.7873_7875delinsGCG	p.Arg2625Ala	missense	VUS	VUS	2	4	MISSING_FUNCTIONAL	MISSING_FUNCTIONAL	PM5:moderate		neighbour_evidence
2020-01-01	2026-08-04	NM_000059.4:c.7873_7875delinsGCT	p.Arg2625Ala	missense	VUS	VUS	2	4	MISSING_FUNCTIONAL	MISSING_FUNCTIONAL	PM5:moderate		neighbour_evidence
2020-01-01	2026-08-04	NM_000059.4:c.7873_7875delinsGGC	p.Arg2625Gly	missense	VUS	VUS	2	4	MISSING_FUNCTIONAL	MISSING_FUNCTIONAL	PM5:moderate		neighbour_evidence
2020-01-01	2026-08-04	NM_000059.4:c.7873_7875delinsGGG	p.Arg2625Gly	missense	VUS	VUS	2	4	MISSING_FUNCTIONAL	MISSING_FUNCTIONAL	PM5:moderate		neighbour_evidence
2020-01-01	2026-08-04	NM_000059.4:c.7873_7875delinsGGT	p.Arg2625Gly	missense	VUS	VUS	2	4	MISSING_FUNCTIONAL	MISSING_FUNCTIONAL	PM5:moderate		neighbour_evidence
2020-01-01	2026-08-04	NM_000059.4:c.7873_7874delinsGT	p.Arg2625Val	missense	VUS	VUS	2	4	MISSING_FUNCTIONAL	MISSING_FUNCTIONAL	PM5:moderate		neighbour_evidence
2020-01-01	2026-08-04	NM_000059.4:c.7873_7875delinsGTC	p.Arg2625Val	missense	VUS	VUS	2	4	MISSING_FUNCTIONAL	MISSING_FUNCTIONAL	PM5:moderate		neighbour_evidence
2020-01-01	2026-08-04	NM_000059.4:c.7873_7875delinsGTG	p.Arg2625Val	missense	VUS	VUS	2	4	MISSING_FUNCTIONAL	MISSING_FUNCTIONAL	PM5:moderate		neighbour_evidence
2020-01-01	2026-08-04	NM_000059.4:c.7873_7875delinsGTT	p.Arg2625Val	missense	VUS	VUS	2	4	MISSING_FUNCTIONAL	MISSING_FUNCTIONAL	PM5:moderate		neighbour_evidence
2020-01-01	2026-08-04	NM_000059.4:c.7873_7875delinsTAC	p.Arg2625Tyr	missense	VUS	VUS	2	4	MISSING_FUNCTIONAL	MISSING_FUNCTIONAL	PM5:moderate		neighbour_evidence
2020-01-01	2026-08-04	NM_000059.4:c.7873_7875delinsTAT	p.Arg2625Tyr	missense	VUS	VUS	2	4	MISSING_FUNCTIONAL	MISSING_FUNCTIONAL	PM5:moderate		neighbour_evidence
2020-01-01	2026-08-04	NM_000059.4:c.7873_7874delinsTC	p.Arg2625Ser	missense	VUS	VUS	2	4	MISSING_FUNCTIONAL	MISSING_FUNCTIONAL	PM5:moderate		neighbour_evidence
2020-01-01	2026-08-04	NM_000059.4:c.7873_7875delinsTCC	p.Arg2625Ser	missense	VUS	VUS	2	4	MISSING_FUNCTIONAL	MISSING_FUNCTIONAL	PM5:moderate		neighbour_evidence
2020-01-01	2026-08-04	NM_000059.4:c.7873_7875delinsTCG	p.Arg2625Ser	missense	VUS	VUS	2	4	MISSING_FUNCTIONAL	MISSING_FUNCTIONAL	PM5:moderate		neighbour_evidence
2020-01-01	2026-08-04	NM_000059.4:c.7873_7875delinsTCT	p.Arg2625Ser	missense	VUS	VUS	2	4	MISSING_FUNCTIONAL	MISSING_FUNCTIONAL	PM5:moderate		neighbour_evidence
2020-01-01	2026-08-04	NM_000059.4:c.7873_7875delinsTGC	p.Arg2625Cys	missense	VUS	VUS	2	4	MISSING_FUNCTIONAL	MISSING_FUNCTIONAL	PM5:moderate		neighbour_evidence
2020-01-01	2026-08-04	NM_000059.4:c.7873_7875delinsTGG	p.Arg2625Trp	missense	VUS	VUS	2	4	MISSING_FUNCTIONAL	MISSING_FUNCTIONAL	PM5:moderate		neighbour_evidence
2020-01-01	2026-08-04	NM_000059.4:c.7873_7875delinsTGT	p.Arg2625Cys	missense	VUS	VUS	2	4	MISSING_FUNCTIONAL	MISSING_FUNCTIONAL	PM5:moderate		neighbour_evidence
2020-01-01	2026-08-04	NM_000059.4:c.7873_7874delinsTT	p.Arg2625Leu	missense	VUS	VUS	2	4	MISSING_FUNCTIONAL	MISSING_FUNCTIONAL	PM5:moderate		neighbour_evidence
2020-01-01	2026-08-04	NM_000059.4:c.7873_7875delinsTTC	p.Arg2625Phe	missense	VUS	VUS	2	4	MISSING_FUNCTIONAL	MISSING_FUNCTIONAL	PM5:moderate		neighbour_evidence
2020-01-01	2026-08-04	NM_000059.4:c.7873_7875delinsTTG	p.Arg2625Leu	missense	VUS	VUS	2	4	MISSING_FUNCTIONAL	MISSING_FUNCTIONAL	PM5:moderate		neighbour_evidence
2020-01-01	2026-08-04	NM_000059.4:c.7873_7875delinsTTT	p.Arg2625Phe	missense	VUS	VUS	2	4	MISSING_FUNCTIONAL	MISSING_FUNCTIONAL	PM5:moderate		neighbour_evidence
2020-01-01	2026-08-04	NM_000059.4:c.7876_7878delinsAAA	p.Trp2626Lys	missense	VUS	VUS	2	4	MISSING_FUNCTIONAL	MISSING_FUNCTIONAL	PM5:moderate		neighbour_evidence
2020-01-01	2026-08-04	NM_000059.4:c.7876_7878delinsAAC	p.Trp2626Asn	missense	VUS	VUS	2	4	MISSING_FUNCTIONAL	MISSING_FUNCTIONAL	PM5:moderate		neighbour_evidence
2020-01-01	2026-08-04	NM_000059.4:c.7876_7877delinsAA	p.Trp2626Lys	missense	VUS	VUS	2	4	MISSING_FUNCTIONAL	MISSING_FUNCTIONAL	PM5:moderate		neighbour_evidence
2020-01-01	2026-08-04	NM_000059.4:c.7876_7878delinsAAT	p.Trp2626Asn	missense	VUS	VUS	2	4	MISSING_FUNCTIONAL	MISSING_FUNCTIONAL	PM5:moderate		neighbour_evidence
2020-01-01	2026-08-04	NM_000059.4:c.7876_7878delinsACA	p.Trp2626Thr	missense	VUS	VUS	2	4	MISSING_FUNCTIONAL	MISSING_FUNCTIONAL	PM5:moderate		neighbour_evidence
2020-01-01	2026-08-04	NM_000059.4:c.7876_7878delinsACC	p.Trp2626Thr	missense	VUS	VUS	2	4	MISSING_FUNCTIONAL	MISSING_FUNCTIONAL	PM5:moderate		neighbour_evidence
2020-01-01	2026-08-04	NM_000059.4:c.7876_7877delinsAC	p.Trp2626Thr	missense	VUS	VUS	2	4	MISSING_FUNCTIONAL	MISSING_FUNCTIONAL	PM5:moderate		neighbour_evidence
2020-01-01	2026-08-04	NM_000059.4:c.7876_7878delinsACT	p.Trp2626Thr	missense	VUS	VUS	2	4	MISSING_FUNCTIONAL	MISSING_FUNCTIONAL	PM5:moderate		neighbour_evidence
2020-01-01	2026-08-04	NM_000059.4:c.7876_7878delinsAGA	p.Trp2626Arg	missense	VUS	LP	2	8	MISSING_FUNCTIONAL	RESOLVED_NOT_BLOCKED	PM5:moderate;PS1:strong		neighbour_evidence
2020-01-01	2026-08-04	NM_000059.4:c.7876_7878delinsAGC	p.Trp2626Ser	missense	VUS	VUS	2	4	MISSING_FUNCTIONAL	MISSING_FUNCTIONAL	PM5:moderate		neighbour_evidence
2020-01-01	2026-08-04	NM_000059.4:c.7876_7878delinsAGT	p.Trp2626Ser	missense	VUS	VUS	2	4	MISSING_FUNCTIONAL	MISSING_FUNCTIONAL	PM5:moderate		neighbour_evidence
2020-01-01	2026-08-04	NM_000059.4:c.7876_7878delinsATA	p.Trp2626Ile	missense	VUS	VUS	2	4	MISSING_FUNCTIONAL	MISSING_FUNCTIONAL	PM5:moderate		neighbour_evidence
2020-01-01	2026-08-04	NM_000059.4:c.7876_7878delinsATC	p.Trp2626Ile	missense	VUS	VUS	2	4	MISSING_FUNCTIONAL	MISSING_FUNCTIONAL	PM5:moderate		neighbour_evidence
2020-01-01	2026-08-04	NM_000059.4:c.7876_7877delinsAT	p.Trp2626Met	missense	VUS	VUS	2	4	MISSING_FUNCTIONAL	MISSING_FUNCTIONAL	PM5:moderate		neighbour_evidence
2020-01-01	2026-08-04	NM_000059.4:c.7876_7878delinsATT	p.Trp2626Ile	missense	VUS	VUS	2	4	MISSING_FUNCTIONAL	MISSING_FUNCTIONAL	PM5:moderate		neighbour_evidence
2020-01-01	2026-08-04	NM_000059.4:c.7876_7878delinsCAA	p.Trp2626Gln	missense	VUS	VUS	2	4	MISSING_FUNCTIONAL	MISSING_FUNCTIONAL	PM5:moderate		neighbour_evidence
2020-01-01	2026-08-04	NM_000059.4:c.7876_7878delinsCAC	p.Trp2626His	missense	VUS	VUS	2	4	MISSING_FUNCTIONAL	MISSING_FUNCTIONAL	PM5:moderate		neighbour_evidence
2020-01-01	2026-08-04	NM_000059.4:c.7876_7877delinsCA	p.Trp2626Gln	missense	VUS	VUS	2	4	MISSING_FUNCTIONAL	MISSING_FUNCTIONAL	PM5:moderate		neighbour_evidence
2020-01-01	2026-08-04	NM_000059.4:c.7876_7878delinsCAT	p.Trp2626His	missense	VUS	VUS	2	4	MISSING_FUNCTIONAL	MISSING_FUNCTIONAL	PM5:moderate		neighbour_evidence
2020-01-01	2026-08-04	NM_000059.4:c.7876_7878delinsCCA	p.Trp2626Pro	missense	VUS	VUS	2	4	MISSING_FUNCTIONAL	MISSING_FUNCTIONAL	PM5:moderate		neighbour_evidence
2020-01-01	2026-08-04	NM_000059.4:c.7876_7878delinsCCC	p.Trp2626Pro	missense	VUS	VUS	2	4	MISSING_FUNCTIONAL	MISSING_FUNCTIONAL	PM5:moderate		neighbour_evidence
2020-01-01	2026-08-04	NM_000059.4:c.7876_7877delinsCC	p.Trp2626Pro	missense	VUS	VUS	2	4	MISSING_FUNCTIONAL	MISSING_FUNCTIONAL	PM5:moderate		neighbour_evidence
2020-01-01	2026-08-04	NM_000059.4:c.7876_7878delinsCCT	p.Trp2626Pro	missense	VUS	VUS	2	4	MISSING_FUNCTIONAL	MISSING_FUNCTIONAL	PM5:moderate		neighbour_evidence
2020-01-01	2026-08-04	NM_000059.4:c.7876_7878delinsCGA	p.Trp2626Arg	missense	VUS	LP	2	8	MISSING_FUNCTIONAL	RESOLVED_NOT_BLOCKED	PM5:moderate;PS1:strong		neighbour_evidence
2020-01-01	2026-08-04	NM_000059.4:c.7876_7878delinsCGC	p.Trp2626Arg	missense	VUS	LP	2	8	MISSING_FUNCTIONAL	RESOLVED_NOT_BLOCKED	PM5:moderate;PS1:strong		neighbour_evidence
2020-01-01	2026-08-04	NM_000059.4:c.7876_7878delinsCGT	p.Trp2626Arg	missense	VUS	LP	2	8	MISSING_FUNCTIONAL	RESOLVED_NOT_BLOCKED	PM5:moderate;PS1:strong		neighbour_evidence
2020-01-01	2026-08-04	NM_000059.4:c.7876_7878delinsCTA	p.Trp2626Leu	missense	VUS	VUS	2	4	MISSING_FUNCTIONAL	MISSING_FUNCTIONAL	PM5:moderate		neighbour_evidence
2020-01-01	2026-08-04	NM_000059.4:c.7876_7878delinsCTC	p.Trp2626Leu	missense	VUS	VUS	2	4	MISSING_FUNCTIONAL	MISSING_FUNCTIONAL	PM5:moderate		neighbour_evidence
2020-01-01	2026-08-04	NM_000059.4:c.7876_7877delinsCT	p.Trp2626Leu	missense	VUS	VUS	2	4	MISSING_FUNCTIONAL	MISSING_FUNCTIONAL	PM5:moderate		neighbour_evidence
2020-01-01	2026-08-04	NM_000059.4:c.7876_7878delinsCTT	p.Trp2626Leu	missense	VUS	VUS	2	4	MISSING_FUNCTIONAL	MISSING_FUNCTIONAL	PM5:moderate		neighbour_evidence
2020-01-01	2026-08-04	NM_000059.4:c.7876_7878delinsGAA	p.Trp2626Glu	missense	VUS	VUS	2	4	MISSING_FUNCTIONAL	MISSING_FUNCTIONAL	PM5:moderate		neighbour_evidence
2020-01-01	2026-08-04	NM_000059.4:c.7876_7878delinsGAC	p.Trp2626Asp	missense	VUS	VUS	2	4	MISSING_FUNCTIONAL	MISSING_FUNCTIONAL	PM5:moderate		neighbour_evidence
2020-01-01	2026-08-04	NM_000059.4:c.7876_7877delinsGA	p.Trp2626Glu	missense	VUS	VUS	2	4	MISSING_FUNCTIONAL	MISSING_FUNCTIONAL	PM5:moderate		neighbour_evidence
2020-01-01	2026-08-04	NM_000059.4:c.7876_7878delinsGAT	p.Trp2626Asp	missense	VUS	VUS	2	4	MISSING_FUNCTIONAL	MISSING_FUNCTIONAL	PM5:moderate		neighbour_evidence
2020-01-01	2026-08-04	NM_000059.4:c.7876_7878delinsGCA	p.Trp2626Ala	missense	VUS	VUS	2	4	MISSING_FUNCTIONAL	MISSING_FUNCTIONAL	PM5:moderate		neighbour_evidence
2020-01-01	2026-08-04	NM_000059.4:c.7876_7878delinsGCC	p.Trp2626Ala	missense	VUS	VUS	2	4	MISSING_FUNCTIONAL	MISSING_FUNCTIONAL	PM5:moderate		neighbour_evidence
2020-01-01	2026-08-04	NM_000059.4:c.7876_7877delinsGC	p.Trp2626Ala	missense	VUS	VUS	2	4	MISSING_FUNCTIONAL	MISSING_FUNCTIONAL	PM5:moderate		neighbour_evidence
2020-01-01	2026-08-04	NM_000059.4:c.7876_7878delinsGCT	p.Trp2626Ala	missense	VUS	VUS	2	4	MISSING_FUNCTIONAL	MISSING_FUNCTIONAL	PM5:moderate		neighbour_evidence
2020-01-01	2026-08-04	NM_000059.4:c.7876_7878delinsGGA	p.Trp2626Gly	missense	VUS	VUS	2	4	MISSING_FUNCTIONAL	MISSING_FUNCTIONAL	PM5:moderate		neighbour_evidence
2020-01-01	2026-08-04	NM_000059.4:c.7876_7878delinsGGC	p.Trp2626Gly	missense	VUS	VUS	2	4	MISSING_FUNCTIONAL	MISSING_FUNCTIONAL	PM5:moderate		neighbour_evidence
2020-01-01	2026-08-04	NM_000059.4:c.7876_7878delinsGGT	p.Trp2626Gly	missense	VUS	VUS	2	4	MISSING_FUNCTIONAL	MISSING_FUNCTIONAL	PM5:moderate		neighbour_evidence
2020-01-01	2026-08-04	NM_000059.4:c.7876_7878delinsGTA	p.Trp2626Val	missense	VUS	VUS	2	4	MISSING_FUNCTIONAL	MISSING_FUNCTIONAL	PM5:moderate		neighbour_evidence
2020-01-01	2026-08-04	NM_000059.4:c.7876_7878delinsGTC	p.Trp2626Val	missense	VUS	VUS	2	4	MISSING_FUNCTIONAL	MISSING_FUNCTIONAL	PM5:moderate		neighbour_evidence
2020-01-01	2026-08-04	NM_000059.4:c.7876_7877delinsGT	p.Trp2626Val	missense	VUS	VUS	2	4	MISSING_FUNCTIONAL	MISSING_FUNCTIONAL	PM5:moderate		neighbour_evidence
2020-01-01	2026-08-04	NM_000059.4:c.7876_7878delinsGTT	p.Trp2626Val	missense	VUS	VUS	2	4	MISSING_FUNCTIONAL	MISSING_FUNCTIONAL	PM5:moderate		neighbour_evidence
2020-01-01	2026-08-04	NM_000059.4:c.7877_7878delinsAC	p.Trp2626Tyr	missense	VUS	VUS	2	4	MISSING_FUNCTIONAL	MISSING_FUNCTIONAL	PM5:moderate		neighbour_evidence
2020-01-01	2026-08-04	NM_000059.4:c.7877_7878delinsAT	p.Trp2626Tyr	missense	VUS	VUS	2	4	MISSING_FUNCTIONAL	MISSING_FUNCTIONAL	PM5:moderate		neighbour_evidence
2020-01-01	2026-08-04	NM_000059.4:c.7877_7878delinsCA	p.Trp2626Ser	missense	VUS	VUS	2	4	MISSING_FUNCTIONAL	MISSING_FUNCTIONAL	PM5:moderate		neighbour_evidence
2020-01-01	2026-08-04	NM_000059.4:c.7877_7878delinsCC	p.Trp2626Ser	missense	VUS	VUS	2	4	MISSING_FUNCTIONAL	MISSING_FUNCTIONAL	PM5:moderate		neighbour_evidence
2020-01-01	2026-08-04	NM_000059.4:c.7877_7878delinsCT	p.Trp2626Ser	missense	VUS	VUS	2	4	MISSING_FUNCTIONAL	MISSING_FUNCTIONAL	PM5:moderate		neighbour_evidence
2020-01-01	2026-08-04	NM_000059.4:c.7877_7878delinsTA	p.Trp2626Leu	missense	VUS	VUS	2	4	MISSING_FUNCTIONAL	MISSING_FUNCTIONAL	PM5:moderate		neighbour_evidence
2020-01-01	2026-08-04	NM_000059.4:c.7877_7878delinsTC	p.Trp2626Phe	missense	VUS	VUS	2	4	MISSING_FUNCTIONAL	MISSING_FUNCTIONAL	PM5:moderate		neighbour_evidence
2020-01-01	2026-08-04	NM_000059.4:c.7877_7878delinsTT	p.Trp2626Phe	missense	VUS	VUS	2	4	MISSING_FUNCTIONAL	MISSING_FUNCTIONAL	PM5:moderate		neighbour_evidence
2020-01-01	2026-08-04	NM_000059.4:c.7880_7881delinsAA	p.Ile2627Lys	missense	VUS	VUS	2	4	MISSING_FUNCTIONAL	MISSING_FUNCTIONAL	PM5:moderate		neighbour_evidence
2020-01-01	2026-08-04	NM_000059.4:c.7880_7881delinsAG	p.Ile2627Lys	missense	VUS	VUS	2	4	MISSING_FUNCTIONAL	MISSING_FUNCTIONAL	PM5:moderate		neighbour_evidence
2020-01-01	2026-08-04	NM_000059.4:c.7880_7881delinsAT	p.Ile2627Asn	missense	VUS	LP	2	8	MISSING_FUNCTIONAL	RESOLVED_NOT_BLOCKED	PM5:moderate;PS1:strong		neighbour_evidence
2020-01-01	2026-08-04	NM_000059.4:c.7880_7881delinsCA	p.Ile2627Thr	missense	VUS	VUS	2	4	MISSING_FUNCTIONAL	MISSING_FUNCTIONAL	PM5:moderate		neighbour_evidence
2020-01-01	2026-08-04	NM_000059.4:c.7880_7881delinsCG	p.Ile2627Thr	missense	VUS	VUS	2	4	MISSING_FUNCTIONAL	MISSING_FUNCTIONAL	PM5:moderate		neighbour_evidence
2020-01-01	2026-08-04	NM_000059.4:c.7880_7881delinsCT	p.Ile2627Thr	missense	VUS	VUS	2	4	MISSING_FUNCTIONAL	MISSING_FUNCTIONAL	PM5:moderate		neighbour_evidence
2020-01-01	2026-08-04	NM_000059.4:c.7880_7881delinsGA	p.Ile2627Arg	missense	VUS	VUS	2	4	MISSING_FUNCTIONAL	MISSING_FUNCTIONAL	PM5:moderate		neighbour_evidence
2020-01-01	2026-08-04	NM_000059.4:c.7880_7881delinsGG	p.Ile2627Arg	missense	VUS	VUS	2	4	MISSING_FUNCTIONAL	MISSING_FUNCTIONAL	PM5:moderate		neighbour_evidence
2020-01-01	2026-08-04	NM_000059.4:c.7880_7881delinsGT	p.Ile2627Ser	missense	VUS	VUS	2	4	MISSING_FUNCTIONAL	MISSING_FUNCTIONAL	PM5:moderate		neighbour_evidence
2020-01-01	2026-08-04	NM_000059.4:c.7879_7881delinsCAA	p.Ile2627Gln	missense	VUS	VUS	2	4	MISSING_FUNCTIONAL	MISSING_FUNCTIONAL	PM5:moderate		neighbour_evidence
2020-01-01	2026-08-04	NM_000059.4:c.7879_7880delinsCA	p.Ile2627His	missense	VUS	VUS	2	4	MISSING_FUNCTIONAL	MISSING_FUNCTIONAL	PM5:moderate		neighbour_evidence
2020-01-01	2026-08-04	NM_000059.4:c.7879_7881delinsCAG	p.Ile2627Gln	missense	VUS	VUS	2	4	MISSING_FUNCTIONAL	MISSING_FUNCTIONAL	PM5:moderate		neighbour_evidence
2020-01-01	2026-08-04	NM_000059.4:c.7879_7881delinsCAT	p.Ile2627His	missense	VUS	VUS	2	4	MISSING_FUNCTIONAL	MISSING_FUNCTIONAL	PM5:moderate		neighbour_evidence
2020-01-01	2026-08-04	NM_000059.4:c.7879_7881delinsCCA	p.Ile2627Pro	missense	VUS	VUS	2	4	MISSING_FUNCTIONAL	MISSING_FUNCTIONAL	PM5:moderate		neighbour_evidence
2020-01-01	2026-08-04	NM_000059.4:c.7879_7880delinsCC	p.Ile2627Pro	missense	VUS	VUS	2	4	MISSING_FUNCTIONAL	MISSING_FUNCTIONAL	PM5:moderate		neighbour_evidence
2020-01-01	2026-08-04	NM_000059.4:c.7879_7881delinsCCG	p.Ile2627Pro	missense	VUS	VUS	2	4	MISSING_FUNCTIONAL	MISSING_FUNCTIONAL	PM5:moderate		neighbour_evidence
2020-01-01	2026-08-04	NM_000059.4:c.7879_7881delinsCCT	p.Ile2627Pro	missense	VUS	VUS	2	4	MISSING_FUNCTIONAL	MISSING_FUNCTIONAL	PM5:moderate		neighbour_evidence
2020-01-01	2026-08-04	NM_000059.4:c.7879_7881delinsCGA	p.Ile2627Arg	missense	VUS	VUS	2	4	MISSING_FUNCTIONAL	MISSING_FUNCTIONAL	PM5:moderate		neighbour_evidence
2020-01-01	2026-08-04	NM_000059.4:c.7879_7880delinsCG	p.Ile2627Arg	missense	VUS	VUS	2	4	MISSING_FUNCTIONAL	MISSING_FUNCTIONAL	PM5:moderate		neighbour_evidence
2020-01-01	2026-08-04	NM_000059.4:c.7879_7881delinsCGG	p.Ile2627Arg	missense	VUS	VUS	2	4	MISSING_FUNCTIONAL	MISSING_FUNCTIONAL	PM5:moderate		neighbour_evidence
2020-01-01	2026-08-04	NM_000059.4:c.7879_7881delinsCGT	p.Ile2627Arg	missense	VUS	VUS	2	4	MISSING_FUNCTIONAL	MISSING_FUNCTIONAL	PM5:moderate		neighbour_evidence
2020-01-01	2026-08-04	NM_000059.4:c.7879_7881delinsCTA	p.Ile2627Leu	missense	VUS	VUS	2	4	MISSING_FUNCTIONAL	MISSING_FUNCTIONAL	PM5:moderate		neighbour_evidence
2020-01-01	2026-08-04	NM_000059.4:c.7879_7881delinsCTG	p.Ile2627Leu	missense	VUS	VUS	2	4	MISSING_FUNCTIONAL	MISSING_FUNCTIONAL	PM5:moderate		neighbour_evidence
2020-01-01	2026-08-04	NM_000059.4:c.7879_7881delinsCTT	p.Ile2627Leu	missense	VUS	VUS	2	4	MISSING_FUNCTIONAL	MISSING_FUNCTIONAL	PM5:moderate		neighbour_evidence
2020-01-01	2026-08-04	NM_000059.4:c.7879_7881delinsGAA	p.Ile2627Glu	missense	VUS	VUS	2	4	MISSING_FUNCTIONAL	MISSING_FUNCTIONAL	PM5:moderate		neighbour_evidence
2020-01-01	2026-08-04	NM_000059.4:c.7879_7880delinsGA	p.Ile2627Asp	missense	VUS	VUS	2	4	MISSING_FUNCTIONAL	MISSING_FUNCTIONAL	PM5:moderate		neighbour_evidence
2020-01-01	2026-08-04	NM_000059.4:c.7879_7881delinsGAG	p.Ile2627Glu	missense	VUS	VUS	2	4	MISSING_FUNCTIONAL	MISSING_FUNCTIONAL	PM5:moderate		neighbour_evidence
2020-01-01	2026-08-04	NM_000059.4:c.7879_7881delinsGAT	p.Ile2627Asp	missense	VUS	VUS	2	4	MISSING_FUNCTIONAL	MISSING_FUNCTIONAL	PM5:moderate		neighbour_evidence
2020-01-01	2026-08-04	NM_000059.4:c.7879_7881delinsGCA	p.Ile2627Ala	missense	VUS	VUS	2	4	MISSING_FUNCTIONAL	MISSING_FUNCTIONAL	PM5:moderate		neighbour_evidence
2020-01-01	2026-08-04	NM_000059.4:c.7879_7880delinsGC	p.Ile2627Ala	missense	VUS	VUS	2	4	MISSING_FUNCTIONAL	MISSING_FUNCTIONAL	PM5:moderate		neighbour_evidence
2020-01-01	2026-08-04	NM_000059.4:c.7879_7881delinsGCG	p.Ile2627Ala	missense	VUS	VUS	2	4	MISSING_FUNCTIONAL	MISSING_FUNCTIONAL	PM5:moderate		neighbour_evidence
2020-01-01	2026-08-04	NM_000059.4:c.7879_7881delinsGCT	p.Ile2627Ala	missense	VUS	VUS	2	4	MISSING_FUNCTIONAL	MISSING_FUNCTIONAL	PM5:moderate		neighbour_evidence
2020-01-01	2026-08-04	NM_000059.4:c.7879_7881delinsGGA	p.Ile2627Gly	missense	VUS	VUS	2	4	MISSING_FUNCTIONAL	MISSING_FUNCTIONAL	PM5:moderate		neighbour_evidence
2020-01-01	2026-08-04	NM_000059.4:c.7879_7880delinsGG	p.Ile2627Gly	missense	VUS	VUS	2	4	MISSING_FUNCTIONAL	MISSING_FUNCTIONAL	PM5:moderate		neighbour_evidence
2020-01-01	2026-08-04	NM_000059.4:c.7879_7881delinsGGG	p.Ile2627Gly	missense	VUS	VUS	2	4	MISSING_FUNCTIONAL	MISSING_FUNCTIONAL	PM5:moderate		neighbour_evidence
2020-01-01	2026-08-04	NM_000059.4:c.7879_7881delinsGGT	p.Ile2627Gly	missense	VUS	VUS	2	4	MISSING_FUNCTIONAL	MISSING_FUNCTIONAL	PM5:moderate		neighbour_evidence
2020-01-01	2026-08-04	NM_000059.4:c.7879_7881delinsGTA	p.Ile2627Val	missense	VUS	VUS	2	4	MISSING_FUNCTIONAL	MISSING_FUNCTIONAL	PM5:moderate		neighbour_evidence
2020-01-01	2026-08-04	NM_000059.4:c.7879_7881delinsGTG	p.Ile2627Val	missense	VUS	VUS	2	4	MISSING_FUNCTIONAL	MISSING_FUNCTIONAL	PM5:moderate		neighbour_evidence
2020-01-01	2026-08-04	NM_000059.4:c.7879_7881delinsGTT	p.Ile2627Val	missense	VUS	VUS	2	4	MISSING_FUNCTIONAL	MISSING_FUNCTIONAL	PM5:moderate		neighbour_evidence
2020-01-01	2026-08-04	NM_000059.4:c.7879_7880delinsTA	p.Ile2627Tyr	missense	VUS	VUS	2	4	MISSING_FUNCTIONAL	MISSING_FUNCTIONAL	PM5:moderate		neighbour_evidence
2020-01-01	2026-08-04	NM_000059.4:c.7879_7881delinsTAT	p.Ile2627Tyr	missense	VUS	VUS	2	4	MISSING_FUNCTIONAL	MISSING_FUNCTIONAL	PM5:moderate		neighbour_evidence
2020-01-01	2026-08-04	NM_000059.4:c.7879_7881delinsTCA	p.Ile2627Ser	missense	VUS	VUS	2	4	MISSING_FUNCTIONAL	MISSING_FUNCTIONAL	PM5:moderate		neighbour_evidence
2020-01-01	2026-08-04	NM_000059.4:c.7879_7880delinsTC	p.Ile2627Ser	missense	VUS	VUS	2	4	MISSING_FUNCTIONAL	MISSING_FUNCTIONAL	PM5:moderate		neighbour_evidence
2020-01-01	2026-08-04	NM_000059.4:c.7879_7881delinsTCG	p.Ile2627Ser	missense	VUS	VUS	2	4	MISSING_FUNCTIONAL	MISSING_FUNCTIONAL	PM5:moderate		neighbour_evidence
2020-01-01	2026-08-04	NM_000059.4:c.7879_7881delinsTCT	p.Ile2627Ser	missense	VUS	VUS	2	4	MISSING_FUNCTIONAL	MISSING_FUNCTIONAL	PM5:moderate		neighbour_evidence
2020-01-01	2026-08-04	NM_000059.4:c.7879_7880delinsTG	p.Ile2627Cys	missense	VUS	VUS	2	4	MISSING_FUNCTIONAL	MISSING_FUNCTIONAL	PM5:moderate		neighbour_evidence
2020-01-01	2026-08-04	NM_000059.4:c.7879_7881delinsTGG	p.Ile2627Trp	missense	VUS	VUS	2	4	MISSING_FUNCTIONAL	MISSING_FUNCTIONAL	PM5:moderate		neighbour_evidence
2020-01-01	2026-08-04	NM_000059.4:c.7879_7881delinsTGT	p.Ile2627Cys	missense	VUS	VUS	2	4	MISSING_FUNCTIONAL	MISSING_FUNCTIONAL	PM5:moderate		neighbour_evidence
2020-01-01	2026-08-04	NM_000059.4:c.7879_7881delinsTTA	p.Ile2627Leu	missense	VUS	VUS	2	4	MISSING_FUNCTIONAL	MISSING_FUNCTIONAL	PM5:moderate		neighbour_evidence
2020-01-01	2026-08-04	NM_000059.4:c.7879_7881delinsTTG	p.Ile2627Leu	missense	VUS	VUS	2	4	MISSING_FUNCTIONAL	MISSING_FUNCTIONAL	PM5:moderate		neighbour_evidence
2020-01-01	2026-08-04	NM_000059.4:c.7879_7881delinsTTT	p.Ile2627Phe	missense	VUS	LP	2	8	MISSING_FUNCTIONAL	RESOLVED_NOT_BLOCKED	PM5:moderate;PS1:strong		neighbour_evidence
2020-01-01	2026-08-04	NM_000059.4:c.7889_7890delinsCC	p.Lys2630Thr	missense	VUS	VUS	2	4	MISSING_FUNCTIONAL	MISSING_FUNCTIONAL	PM5:moderate		neighbour_evidence
2020-01-01	2026-08-04	NM_000059.4:c.7889_7890delinsCG	p.Lys2630Thr	missense	VUS	VUS	2	4	MISSING_FUNCTIONAL	MISSING_FUNCTIONAL	PM5:moderate		neighbour_evidence
2020-01-01	2026-08-04	NM_000059.4:c.7889_7890delinsCT	p.Lys2630Thr	missense	VUS	VUS	2	4	MISSING_FUNCTIONAL	MISSING_FUNCTIONAL	PM5:moderate		neighbour_evidence
2020-01-01	2026-08-04	NM_000059.4:c.7889_7890delinsGC	p.Lys2630Ser	missense	VUS	VUS	2	4	MISSING_FUNCTIONAL	MISSING_FUNCTIONAL	PM5:moderate		neighbour_evidence
2020-01-01	2026-08-04	NM_000059.4:c.7889_7890delinsGG	p.Lys2630Arg	missense	VUS	VUS	2	4	MISSING_FUNCTIONAL	MISSING_FUNCTIONAL	PM5:moderate		neighbour_evidence
2020-01-01	2026-08-04	NM_000059.4:c.7889_7890delinsGT	p.Lys2630Ser	missense	VUS	VUS	2	4	MISSING_FUNCTIONAL	MISSING_FUNCTIONAL	PM5:moderate		neighbour_evidence
2020-01-01	2026-08-04	NM_000059.4:c.7889_7890delinsTC	p.Lys2630Ile	missense	VUS	VUS	2	4	MISSING_FUNCTIONAL	MISSING_FUNCTIONAL	PM5:moderate		neighbour_evidence
2020-01-01	2026-08-04	NM_000059.4:c.7889_7890delinsTG	p.Lys2630Met	missense	VUS	VUS	2	4	MISSING_FUNCTIONAL	MISSING_FUNCTIONAL	PM5:moderate		neighbour_evidence
2020-01-01	2026-08-04	NM_000059.4:c.7889_7890delinsTT	p.Lys2630Ile	missense	VUS	VUS	2	4	MISSING_FUNCTIONAL	MISSING_FUNCTIONAL	PM5:moderate		neighbour_evidence
2020-01-01	2026-08-04	NM_000059.4:c.7888_7890delinsCAC	p.Lys2630His	missense	VUS	VUS	2	4	MISSING_FUNCTIONAL	MISSING_FUNCTIONAL	PM5:moderate		neighbour_evidence
2020-01-01	2026-08-04	NM_000059.4:c.7888_7890delinsCAG	p.Lys2630Gln	missense	VUS	LP	2	6	MISSING_FUNCTIONAL	RESOLVED_NOT_BLOCKED	PS1:strong		neighbour_evidence
2020-01-01	2026-08-04	NM_000059.4:c.7888_7890delinsCAT	p.Lys2630His	missense	VUS	VUS	2	4	MISSING_FUNCTIONAL	MISSING_FUNCTIONAL	PM5:moderate		neighbour_evidence
2020-01-01	2026-08-04	NM_000059.4:c.7888_7889delinsCC	p.Lys2630Pro	missense	VUS	VUS	2	4	MISSING_FUNCTIONAL	MISSING_FUNCTIONAL	PM5:moderate		neighbour_evidence
2020-01-01	2026-08-04	NM_000059.4:c.7888_7890delinsCCC	p.Lys2630Pro	missense	VUS	VUS	2	4	MISSING_FUNCTIONAL	MISSING_FUNCTIONAL	PM5:moderate		neighbour_evidence
2020-01-01	2026-08-04	NM_000059.4:c.7888_7890delinsCCG	p.Lys2630Pro	missense	VUS	VUS	2	4	MISSING_FUNCTIONAL	MISSING_FUNCTIONAL	PM5:moderate		neighbour_evidence
2020-01-01	2026-08-04	NM_000059.4:c.7888_7890delinsCCT	p.Lys2630Pro	missense	VUS	VUS	2	4	MISSING_FUNCTIONAL	MISSING_FUNCTIONAL	PM5:moderate		neighbour_evidence
2020-01-01	2026-08-04	NM_000059.4:c.7888_7889delinsCG	p.Lys2630Arg	missense	VUS	VUS	2	4	MISSING_FUNCTIONAL	MISSING_FUNCTIONAL	PM5:moderate		neighbour_evidence
2020-01-01	2026-08-04	NM_000059.4:c.7888_7890delinsCGC	p.Lys2630Arg	missense	VUS	VUS	2	4	MISSING_FUNCTIONAL	MISSING_FUNCTIONAL	PM5:moderate		neighbour_evidence
2020-01-01	2026-08-04	NM_000059.4:c.7888_7890delinsCGG	p.Lys2630Arg	missense	VUS	VUS	2	4	MISSING_FUNCTIONAL	MISSING_FUNCTIONAL	PM5:moderate		neighbour_evidence
2020-01-01	2026-08-04	NM_000059.4:c.7888_7890delinsCGT	p.Lys2630Arg	missense	VUS	VUS	2	4	MISSING_FUNCTIONAL	MISSING_FUNCTIONAL	PM5:moderate		neighbour_evidence
2020-01-01	2026-08-04	NM_000059.4:c.7888_7889delinsCT	p.Lys2630Leu	missense	VUS	VUS	2	4	MISSING_FUNCTIONAL	MISSING_FUNCTIONAL	PM5:moderate		neighbour_evidence
2020-01-01	2026-08-04	NM_000059.4:c.7888_7890delinsCTC	p.Lys2630Leu	missense	VUS	VUS	2	4	MISSING_FUNCTIONAL	MISSING_FUNCTIONAL	PM5:moderate		neighbour_evidence
2020-01-01	2026-08-04	NM_000059.4:c.7888_7890delinsCTG	p.Lys2630Leu	missense	VUS	VUS	2	4	MISSING_FUNCTIONAL	MISSING_FUNCTIONAL	PM5:moderate		neighbour_evidence
2020-01-01	2026-08-04	NM_000059.4:c.7888_7890delinsCTT	p.Lys2630Leu	missense	VUS	VUS	2	4	MISSING_FUNCTIONAL	MISSING_FUNCTIONAL	PM5:moderate		neighbour_evidence
2020-01-01	2026-08-04	NM_000059.4:c.7888_7890delinsGAC	p.Lys2630Asp	missense	VUS	VUS	2	4	MISSING_FUNCTIONAL	MISSING_FUNCTIONAL	PM5:moderate		neighbour_evidence
2020-01-01	2026-08-04	NM_000059.4:c.7888_7890delinsGAG	p.Lys2630Glu	missense	VUS	VUS	2	4	MISSING_FUNCTIONAL	MISSING_FUNCTIONAL	PM5:moderate		neighbour_evidence
2020-01-01	2026-08-04	NM_000059.4:c.7888_7890delinsGAT	p.Lys2630Asp	missense	VUS	VUS	2	4	MISSING_FUNCTIONAL	MISSING_FUNCTIONAL	PM5:moderate		neighbour_evidence
2020-01-01	2026-08-04	NM_000059.4:c.7888_7889delinsGC	p.Lys2630Ala	missense	VUS	VUS	2	4	MISSING_FUNCTIONAL	MISSING_FUNCTIONAL	PM5:moderate		neighbour_evidence
2020-01-01	2026-08-04	NM_000059.4:c.7888_7890delinsGCC	p.Lys2630Ala	missense	VUS	VUS	2	4	MISSING_FUNCTIONAL	MISSING_FUNCTIONAL	PM5:moderate		neighbour_evidence
2020-01-01	2026-08-04	NM_000059.4:c.7888_7890delinsGCG	p.Lys2630Ala	missense	VUS	VUS	2	4	MISSING_FUNCTIONAL	MISSING_FUNCTIONAL	PM5:moderate		neighbour_evidence
2020-01-01	2026-08-04	NM_000059.4:c.7888_7890delinsGCT	p.Lys2630Ala	missense	VUS	VUS	2	4	MISSING_FUNCTIONAL	MISSING_FUNCTIONAL	PM5:moderate		neighbour_evidence
2020-01-01	2026-08-04	NM_000059.4:c.7888_7889delinsGG	p.Lys2630Gly	missense	VUS	VUS	2	4	MISSING_FUNCTIONAL	MISSING_FUNCTIONAL	PM5:moderate		neighbour_evidence
2020-01-01	2026-08-04	NM_000059.4:c.7888_7890delinsGGC	p.Lys2630Gly	missense	VUS	VUS	2	4	MISSING_FUNCTIONAL	MISSING_FUNCTIONAL	PM5:moderate		neighbour_evidence
2020-01-01	2026-08-04	NM_000059.4:c.7888_7890delinsGGG	p.Lys2630Gly	missense	VUS	VUS	2	4	MISSING_FUNCTIONAL	MISSING_FUNCTIONAL	PM5:moderate		neighbour_evidence
2020-01-01	2026-08-04	NM_000059.4:c.7888_7890delinsGGT	p.Lys2630Gly	missense	VUS	VUS	2	4	MISSING_FUNCTIONAL	MISSING_FUNCTIONAL	PM5:moderate		neighbour_evidence
2020-01-01	2026-08-04	NM_000059.4:c.7888_7889delinsGT	p.Lys2630Val	missense	VUS	VUS	2	4	MISSING_FUNCTIONAL	MISSING_FUNCTIONAL	PM5:moderate		neighbour_evidence
2020-01-01	2026-08-04	NM_000059.4:c.7888_7890delinsGTC	p.Lys2630Val	missense	VUS	VUS	2	4	MISSING_FUNCTIONAL	MISSING_FUNCTIONAL	PM5:moderate		neighbour_evidence
2020-01-01	2026-08-04	NM_000059.4:c.7888_7890delinsGTG	p.Lys2630Val	missense	VUS	VUS	2	4	MISSING_FUNCTIONAL	MISSING_FUNCTIONAL	PM5:moderate		neighbour_evidence
2020-01-01	2026-08-04	NM_000059.4:c.7888_7890delinsGTT	p.Lys2630Val	missense	VUS	VUS	2	4	MISSING_FUNCTIONAL	MISSING_FUNCTIONAL	PM5:moderate		neighbour_evidence
2020-01-01	2026-08-04	NM_000059.4:c.7888_7890delinsTAC	p.Lys2630Tyr	missense	VUS	VUS	2	4	MISSING_FUNCTIONAL	MISSING_FUNCTIONAL	PM5:moderate		neighbour_evidence
2020-01-01	2026-08-04	NM_000059.4:c.7888_7890delinsTAT	p.Lys2630Tyr	missense	VUS	VUS	2	4	MISSING_FUNCTIONAL	MISSING_FUNCTIONAL	PM5:moderate		neighbour_evidence
2020-01-01	2026-08-04	NM_000059.4:c.7888_7889delinsTC	p.Lys2630Ser	missense	VUS	VUS	2	4	MISSING_FUNCTIONAL	MISSING_FUNCTIONAL	PM5:moderate		neighbour_evidence
2020-01-01	2026-08-04	NM_000059.4:c.7888_7890delinsTCC	p.Lys2630Ser	missense	VUS	VUS	2	4	MISSING_FUNCTIONAL	MISSING_FUNCTIONAL	PM5:moderate		neighbour_evidence
2020-01-01	2026-08-04	NM_000059.4:c.7888_7890delinsTCG	p.Lys2630Ser	missense	VUS	VUS	2	4	MISSING_FUNCTIONAL	MISSING_FUNCTIONAL	PM5:moderate		neighbour_evidence
2020-01-01	2026-08-04	NM_000059.4:c.7888_7890delinsTCT	p.Lys2630Ser	missense	VUS	VUS	2	4	MISSING_FUNCTIONAL	MISSING_FUNCTIONAL	PM5:moderate		neighbour_evidence
2020-01-01	2026-08-04	NM_000059.4:c.7888_7890delinsTGC	p.Lys2630Cys	missense	VUS	VUS	2	4	MISSING_FUNCTIONAL	MISSING_FUNCTIONAL	PM5:moderate		neighbour_evidence
2020-01-01	2026-08-04	NM_000059.4:c.7888_7890delinsTGG	p.Lys2630Trp	missense	VUS	VUS	2	4	MISSING_FUNCTIONAL	MISSING_FUNCTIONAL	PM5:moderate		neighbour_evidence
2020-01-01	2026-08-04	NM_000059.4:c.7888_7890delinsTGT	p.Lys2630Cys	missense	VUS	VUS	2	4	MISSING_FUNCTIONAL	MISSING_FUNCTIONAL	PM5:moderate		neighbour_evidence
2020-01-01	2026-08-04	NM_000059.4:c.7888_7889delinsTT	p.Lys2630Leu	missense	VUS	VUS	2	4	MISSING_FUNCTIONAL	MISSING_FUNCTIONAL	PM5:moderate		neighbour_evidence
2020-01-01	2026-08-04	NM_000059.4:c.7888_7890delinsTTC	p.Lys2630Phe	missense	VUS	VUS	2	4	MISSING_FUNCTIONAL	MISSING_FUNCTIONAL	PM5:moderate		neighbour_evidence
2020-01-01	2026-08-04	NM_000059.4:c.7888_7890delinsTTG	p.Lys2630Leu	missense	VUS	VUS	2	4	MISSING_FUNCTIONAL	MISSING_FUNCTIONAL	PM5:moderate		neighbour_evidence
2020-01-01	2026-08-04	NM_000059.4:c.7888_7890delinsTTT	p.Lys2630Phe	missense	VUS	VUS	2	4	MISSING_FUNCTIONAL	MISSING_FUNCTIONAL	PM5:moderate		neighbour_evidence
2020-01-01	2026-08-04	NM_000059.4:c.7939_7940delinsAA	p.Leu2647Lys	missense	VUS	VUS	2	4	MISSING_FUNCTIONAL	MISSING_FUNCTIONAL	PM5:moderate		neighbour_evidence
2020-01-01	2026-08-04	NM_000059.4:c.7939_7941delinsAAC	p.Leu2647Asn	missense	VUS	VUS	2	4	MISSING_FUNCTIONAL	MISSING_FUNCTIONAL	PM5:moderate		neighbour_evidence
2020-01-01	2026-08-04	NM_000059.4:c.7939_7941delinsAAG	p.Leu2647Lys	missense	VUS	VUS	2	4	MISSING_FUNCTIONAL	MISSING_FUNCTIONAL	PM5:moderate		neighbour_evidence
2020-01-01	2026-08-04	NM_000059.4:c.7939_7941delinsAAT	p.Leu2647Asn	missense	VUS	VUS	2	4	MISSING_FUNCTIONAL	MISSING_FUNCTIONAL	PM5:moderate		neighbour_evidence
2020-01-01	2026-08-04	NM_000059.4:c.7939_7940delinsAC	p.Leu2647Thr	missense	VUS	VUS	2	4	MISSING_FUNCTIONAL	MISSING_FUNCTIONAL	PM5:moderate		neighbour_evidence
2020-01-01	2026-08-04	NM_000059.4:c.7939_7941delinsACC	p.Leu2647Thr	missense	VUS	VUS	2	4	MISSING_FUNCTIONAL	MISSING_FUNCTIONAL	PM5:moderate		neighbour_evidence
2020-01-01	2026-08-04	NM_000059.4:c.7939_7941delinsACG	p.Leu2647Thr	missense	VUS	VUS	2	4	MISSING_FUNCTIONAL	MISSING_FUNCTIONAL	PM5:moderate		neighbour_evidence
2020-01-01	2026-08-04	NM_000059.4:c.7939_7941delinsACT	p.Leu2647Thr	missense	VUS	VUS	2	4	MISSING_FUNCTIONAL	MISSING_FUNCTIONAL	PM5:moderate		neighbour_evidence
2020-01-01	2026-08-04	NM_000059.4:c.7939_7940delinsAG	p.Leu2647Arg	missense	VUS	VUS	2	4	MISSING_FUNCTIONAL	MISSING_FUNCTIONAL	PM5:moderate		neighbour_evidence
2020-01-01	2026-08-04	NM_000059.4:c.7939_7941delinsAGC	p.Leu2647Ser	missense	VUS	VUS	2	4	MISSING_FUNCTIONAL	MISSING_FUNCTIONAL	PM5:moderate		neighbour_evidence
2020-01-01	2026-08-04	NM_000059.4:c.7939_7941delinsAGG	p.Leu2647Arg	missense	VUS	VUS	2	4	MISSING_FUNCTIONAL	MISSING_FUNCTIONAL	PM5:moderate		neighbour_evidence
2020-01-01	2026-08-04	NM_000059.4:c.7939_7941delinsAGT	p.Leu2647Ser	missense	VUS	VUS	2	4	MISSING_FUNCTIONAL	MISSING_FUNCTIONAL	PM5:moderate		neighbour_evidence
2020-01-01	2026-08-04	NM_000059.4:c.7939_7941delinsATC	p.Leu2647Ile	missense	VUS	VUS	2	4	MISSING_FUNCTIONAL	MISSING_FUNCTIONAL	PM5:moderate		neighbour_evidence
2020-01-01	2026-08-04	NM_000059.4:c.7939_7941delinsATG	p.Leu2647Met	missense	VUS	VUS	2	4	MISSING_FUNCTIONAL	MISSING_FUNCTIONAL	PM5:moderate		neighbour_evidence
2020-01-01	2026-08-04	NM_000059.4:c.7939_7941delinsATT	p.Leu2647Ile	missense	VUS	VUS	2	4	MISSING_FUNCTIONAL	MISSING_FUNCTIONAL	PM5:moderate		neighbour_evidence
2020-01-01	2026-08-04	NM_000059.4:c.7940_7941delinsAC	p.Leu2647His	missense	VUS	VUS	2	4	MISSING_FUNCTIONAL	MISSING_FUNCTIONAL	PM5:moderate		neighbour_evidence
2020-01-01	2026-08-04	NM_000059.4:c.7940_7941delinsAG	p.Leu2647Gln	missense	VUS	VUS	2	4	MISSING_FUNCTIONAL	MISSING_FUNCTIONAL	PM5:moderate		neighbour_evidence
2020-01-01	2026-08-04	NM_000059.4:c.7940_7941delinsAT	p.Leu2647His	missense	VUS	VUS	2	4	MISSING_FUNCTIONAL	MISSING_FUNCTIONAL	PM5:moderate		neighbour_evidence
2020-01-01	2026-08-04	NM_000059.4:c.7940_7941delinsCC	p.Leu2647Pro	missense	VUS	LP	2	6	MISSING_FUNCTIONAL	RESOLVED_NOT_BLOCKED	PS1:strong		neighbour_evidence
2020-01-01	2026-08-04	NM_000059.4:c.7940_7941delinsCG	p.Leu2647Pro	missense	VUS	LP	2	6	MISSING_FUNCTIONAL	RESOLVED_NOT_BLOCKED	PS1:strong		neighbour_evidence
2020-01-01	2026-08-04	NM_000059.4:c.7940_7941delinsCT	p.Leu2647Pro	missense	VUS	LP	2	6	MISSING_FUNCTIONAL	RESOLVED_NOT_BLOCKED	PS1:strong		neighbour_evidence
2020-01-01	2026-08-04	NM_000059.4:c.7940_7941delinsGC	p.Leu2647Arg	missense	VUS	VUS	2	4	MISSING_FUNCTIONAL	MISSING_FUNCTIONAL	PM5:moderate		neighbour_evidence
2020-01-01	2026-08-04	NM_000059.4:c.7940_7941delinsGG	p.Leu2647Arg	missense	VUS	VUS	2	4	MISSING_FUNCTIONAL	MISSING_FUNCTIONAL	PM5:moderate		neighbour_evidence
2020-01-01	2026-08-04	NM_000059.4:c.7940_7941delinsGT	p.Leu2647Arg	missense	VUS	VUS	2	4	MISSING_FUNCTIONAL	MISSING_FUNCTIONAL	PM5:moderate		neighbour_evidence
2020-01-01	2026-08-04	NM_000059.4:c.7939_7940delinsGA	p.Leu2647Glu	missense	VUS	VUS	2	4	MISSING_FUNCTIONAL	MISSING_FUNCTIONAL	PM5:moderate		neighbour_evidence
2020-01-01	2026-08-04	NM_000059.4:c.7939_7941delinsGAC	p.Leu2647Asp	missense	VUS	VUS	2	4	MISSING_FUNCTIONAL	MISSING_FUNCTIONAL	PM5:moderate		neighbour_evidence
2020-01-01	2026-08-04	NM_000059.4:c.7939_7941delinsGAG	p.Leu2647Glu	missense	VUS	VUS	2	4	MISSING_FUNCTIONAL	MISSING_FUNCTIONAL	PM5:moderate		neighbour_evidence
2020-01-01	2026-08-04	NM_000059.4:c.7939_7941delinsGAT	p.Leu2647Asp	missense	VUS	VUS	2	4	MISSING_FUNCTIONAL	MISSING_FUNCTIONAL	PM5:moderate		neighbour_evidence
2020-01-01	2026-08-04	NM_000059.4:c.7939_7940delinsGC	p.Leu2647Ala	missense	VUS	VUS	2	4	MISSING_FUNCTIONAL	MISSING_FUNCTIONAL	PM5:moderate		neighbour_evidence
2020-01-01	2026-08-04	NM_000059.4:c.7939_7941delinsGCC	p.Leu2647Ala	missense	VUS	VUS	2	4	MISSING_FUNCTIONAL	MISSING_FUNCTIONAL	PM5:moderate		neighbour_evidence
2020-01-01	2026-08-04	NM_000059.4:c.7939_7941delinsGCG	p.Leu2647Ala	missense	VUS	VUS	2	4	MISSING_FUNCTIONAL	MISSING_FUNCTIONAL	PM5:moderate		neighbour_evidence
2020-01-01	2026-08-04	NM_000059.4:c.7939_7941delinsGCT	p.Leu2647Ala	missense	VUS	VUS	2	4	MISSING_FUNCTIONAL	MISSING_FUNCTIONAL	PM5:moderate		neighbour_evidence
2020-01-01	2026-08-04	NM_000059.4:c.7939_7940delinsGG	p.Leu2647Gly	missense	VUS	VUS	2	4	MISSING_FUNCTIONAL	MISSING_FUNCTIONAL	PM5:moderate		neighbour_evidence
2020-01-01	2026-08-04	NM_000059.4:c.7939_7941delinsGGC	p.Leu2647Gly	missense	VUS	VUS	2	4	MISSING_FUNCTIONAL	MISSING_FUNCTIONAL	PM5:moderate		neighbour_evidence
2020-01-01	2026-08-04	NM_000059.4:c.7939_7941delinsGGG	p.Leu2647Gly	missense	VUS	VUS	2	4	MISSING_FUNCTIONAL	MISSING_FUNCTIONAL	PM5:moderate		neighbour_evidence
2020-01-01	2026-08-04	NM_000059.4:c.7939_7941delinsGGT	p.Leu2647Gly	missense	VUS	VUS	2	4	MISSING_FUNCTIONAL	MISSING_FUNCTIONAL	PM5:moderate		neighbour_evidence
2020-01-01	2026-08-04	NM_000059.4:c.7939_7941delinsGTC	p.Leu2647Val	missense	VUS	VUS	2	4	MISSING_FUNCTIONAL	MISSING_FUNCTIONAL	PM5:moderate		neighbour_evidence
2020-01-01	2026-08-04	NM_000059.4:c.7939_7941delinsGTG	p.Leu2647Val	missense	VUS	VUS	2	4	MISSING_FUNCTIONAL	MISSING_FUNCTIONAL	PM5:moderate		neighbour_evidence
2020-01-01	2026-08-04	NM_000059.4:c.7939_7941delinsGTT	p.Leu2647Val	missense	VUS	VUS	2	4	MISSING_FUNCTIONAL	MISSING_FUNCTIONAL	PM5:moderate		neighbour_evidence
2020-01-01	2026-08-04	NM_000059.4:c.7939_7941delinsTAC	p.Leu2647Tyr	missense	VUS	VUS	2	4	MISSING_FUNCTIONAL	MISSING_FUNCTIONAL	PM5:moderate		neighbour_evidence
2020-01-01	2026-08-04	NM_000059.4:c.7939_7941delinsTAT	p.Leu2647Tyr	missense	VUS	VUS	2	4	MISSING_FUNCTIONAL	MISSING_FUNCTIONAL	PM5:moderate		neighbour_evidence
2020-01-01	2026-08-04	NM_000059.4:c.7939_7940delinsTC	p.Leu2647Ser	missense	VUS	VUS	2	4	MISSING_FUNCTIONAL	MISSING_FUNCTIONAL	PM5:moderate		neighbour_evidence
2020-01-01	2026-08-04	NM_000059.4:c.7939_7941delinsTCC	p.Leu2647Ser	missense	VUS	VUS	2	4	MISSING_FUNCTIONAL	MISSING_FUNCTIONAL	PM5:moderate		neighbour_evidence
2020-01-01	2026-08-04	NM_000059.4:c.7939_7941delinsTCG	p.Leu2647Ser	missense	VUS	VUS	2	4	MISSING_FUNCTIONAL	MISSING_FUNCTIONAL	PM5:moderate		neighbour_evidence
2020-01-01	2026-08-04	NM_000059.4:c.7939_7941delinsTCT	p.Leu2647Ser	missense	VUS	VUS	2	4	MISSING_FUNCTIONAL	MISSING_FUNCTIONAL	PM5:moderate		neighbour_evidence
2020-01-01	2026-08-04	NM_000059.4:c.7939_7941delinsTGC	p.Leu2647Cys	missense	VUS	VUS	2	4	MISSING_FUNCTIONAL	MISSING_FUNCTIONAL	PM5:moderate		neighbour_evidence
2020-01-01	2026-08-04	NM_000059.4:c.7939_7941delinsTGG	p.Leu2647Trp	missense	VUS	VUS	2	4	MISSING_FUNCTIONAL	MISSING_FUNCTIONAL	PM5:moderate		neighbour_evidence
2020-01-01	2026-08-04	NM_000059.4:c.7939_7941delinsTGT	p.Leu2647Cys	missense	VUS	VUS	2	4	MISSING_FUNCTIONAL	MISSING_FUNCTIONAL	PM5:moderate		neighbour_evidence
2020-01-01	2026-08-04	NM_000059.4:c.7939_7941delinsTTC	p.Leu2647Phe	missense	VUS	VUS	2	4	MISSING_FUNCTIONAL	MISSING_FUNCTIONAL	PM5:moderate		neighbour_evidence
2020-01-01	2026-08-04	NM_000059.4:c.7939_7941delinsTTT	p.Leu2647Phe	missense	VUS	VUS	2	4	MISSING_FUNCTIONAL	MISSING_FUNCTIONAL	PM5:moderate		neighbour_evidence
2020-01-01	2026-08-04	NM_000059.4:c.7954_7956delinsAAA	p.Val2652Lys	missense	VUS	VUS	2	4	MISSING_FUNCTIONAL	MISSING_FUNCTIONAL	PM5:moderate		neighbour_evidence
2020-01-01	2026-08-04	NM_000059.4:c.7954_7956delinsAAC	p.Val2652Asn	missense	VUS	VUS	2	4	MISSING_FUNCTIONAL	MISSING_FUNCTIONAL	PM5:moderate		neighbour_evidence
2020-01-01	2026-08-04	NM_000059.4:c.7954_7955delinsAA	p.Val2652Lys	missense	VUS	VUS	2	4	MISSING_FUNCTIONAL	MISSING_FUNCTIONAL	PM5:moderate		neighbour_evidence
2020-01-01	2026-08-04	NM_000059.4:c.7954_7956delinsAAT	p.Val2652Asn	missense	VUS	VUS	2	4	MISSING_FUNCTIONAL	MISSING_FUNCTIONAL	PM5:moderate		neighbour_evidence
2020-01-01	2026-08-04	NM_000059.4:c.7954_7956delinsACA	p.Val2652Thr	missense	VUS	VUS	2	4	MISSING_FUNCTIONAL	MISSING_FUNCTIONAL	PM5:moderate		neighbour_evidence
2020-01-01	2026-08-04	NM_000059.4:c.7954_7956delinsACC	p.Val2652Thr	missense	VUS	VUS	2	4	MISSING_FUNCTIONAL	MISSING_FUNCTIONAL	PM5:moderate		neighbour_evidence
2020-01-01	2026-08-04	NM_000059.4:c.7954_7955delinsAC	p.Val2652Thr	missense	VUS	VUS	2	4	MISSING_FUNCTIONAL	MISSING_FUNCTIONAL	PM5:moderate		neighbour_evidence
2020-01-01	2026-08-04	NM_000059.4:c.7954_7956delinsACT	p.Val2652Thr	missense	VUS	VUS	2	4	MISSING_FUNCTIONAL	MISSING_FUNCTIONAL	PM5:moderate		neighbour_evidence
2020-01-01	2026-08-04	NM_000059.4:c.7954_7956delinsAGA	p.Val2652Arg	missense	VUS	VUS	2	4	MISSING_FUNCTIONAL	MISSING_FUNCTIONAL	PM5:moderate		neighbour_evidence
2020-01-01	2026-08-04	NM_000059.4:c.7954_7956delinsAGC	p.Val2652Ser	missense	VUS	VUS	2	4	MISSING_FUNCTIONAL	MISSING_FUNCTIONAL	PM5:moderate		neighbour_evidence
2020-01-01	2026-08-04	NM_000059.4:c.7954_7955delinsAG	p.Val2652Arg	missense	VUS	VUS	2	4	MISSING_FUNCTIONAL	MISSING_FUNCTIONAL	PM5:moderate		neighbour_evidence
2020-01-01	2026-08-04	NM_000059.4:c.7954_7956delinsAGT	p.Val2652Ser	missense	VUS	VUS	2	4	MISSING_FUNCTIONAL	MISSING_FUNCTIONAL	PM5:moderate		neighbour_evidence
2020-01-01	2026-08-04	NM_000059.4:c.7954_7956delinsATA	p.Val2652Ile	missense	VUS	VUS	2	4	MISSING_FUNCTIONAL	MISSING_FUNCTIONAL	PM5:moderate		neighbour_evidence
2020-01-01	2026-08-04	NM_000059.4:c.7954_7956delinsATC	p.Val2652Ile	missense	VUS	VUS	2	4	MISSING_FUNCTIONAL	MISSING_FUNCTIONAL	PM5:moderate		neighbour_evidence
2020-01-01	2026-08-04	NM_000059.4:c.7954_7956delinsATT	p.Val2652Ile	missense	VUS	VUS	2	4	MISSING_FUNCTIONAL	MISSING_FUNCTIONAL	PM5:moderate		neighbour_evidence
2020-01-01	2026-08-04	NM_000059.4:c.7954_7956delinsCAA	p.Val2652Gln	missense	VUS	VUS	2	4	MISSING_FUNCTIONAL	MISSING_FUNCTIONAL	PM5:moderate		neighbour_evidence
2020-01-01	2026-08-04	NM_000059.4:c.7954_7956delinsCAC	p.Val2652His	missense	VUS	VUS	2	4	MISSING_FUNCTIONAL	MISSING_FUNCTIONAL	PM5:moderate		neighbour_evidence
2020-01-01	2026-08-04	NM_000059.4:c.7954_7955delinsCA	p.Val2652Gln	missense	VUS	VUS	2	4	MISSING_FUNCTIONAL	MISSING_FUNCTIONAL	PM5:moderate		neighbour_evidence
2020-01-01	2026-08-04	NM_000059.4:c.7954_7956delinsCAT	p.Val2652His	missense	VUS	VUS	2	4	MISSING_FUNCTIONAL	MISSING_FUNCTIONAL	PM5:moderate		neighbour_evidence
2020-01-01	2026-08-04	NM_000059.4:c.7954_7956delinsCCA	p.Val2652Pro	missense	VUS	VUS	2	4	MISSING_FUNCTIONAL	MISSING_FUNCTIONAL	PM5:moderate		neighbour_evidence
2020-01-01	2026-08-04	NM_000059.4:c.7954_7956delinsCCC	p.Val2652Pro	missense	VUS	VUS	2	4	MISSING_FUNCTIONAL	MISSING_FUNCTIONAL	PM5:moderate		neighbour_evidence
2020-01-01	2026-08-04	NM_000059.4:c.7954_7955delinsCC	p.Val2652Pro	missense	VUS	VUS	2	4	MISSING_FUNCTIONAL	MISSING_FUNCTIONAL	PM5:moderate		neighbour_evidence
2020-01-01	2026-08-04	NM_000059.4:c.7954_7956delinsCCT	p.Val2652Pro	missense	VUS	VUS	2	4	MISSING_FUNCTIONAL	MISSING_FUNCTIONAL	PM5:moderate		neighbour_evidence
2020-01-01	2026-08-04	NM_000059.4:c.7954_7956delinsCGA	p.Val2652Arg	missense	VUS	VUS	2	4	MISSING_FUNCTIONAL	MISSING_FUNCTIONAL	PM5:moderate		neighbour_evidence
2020-01-01	2026-08-04	NM_000059.4:c.7954_7956delinsCGC	p.Val2652Arg	missense	VUS	VUS	2	4	MISSING_FUNCTIONAL	MISSING_FUNCTIONAL	PM5:moderate		neighbour_evidence
2020-01-01	2026-08-04	NM_000059.4:c.7954_7955delinsCG	p.Val2652Arg	missense	VUS	VUS	2	4	MISSING_FUNCTIONAL	MISSING_FUNCTIONAL	PM5:moderate		neighbour_evidence
2020-01-01	2026-08-04	NM_000059.4:c.7954_7956delinsCGT	p.Val2652Arg	missense	VUS	VUS	2	4	MISSING_FUNCTIONAL	MISSING_FUNCTIONAL	PM5:moderate		neighbour_evidence
2020-01-01	2026-08-04	NM_000059.4:c.7954_7956delinsCTA	p.Val2652Leu	missense	VUS	VUS	2	4	MISSING_FUNCTIONAL	MISSING_FUNCTIONAL	PM5:moderate		neighbour_evidence
2020-01-01	2026-08-04	NM_000059.4:c.7954_7956delinsCTC	p.Val2652Leu	missense	VUS	VUS	2	4	MISSING_FUNCTIONAL	MISSING_FUNCTIONAL	PM5:moderate		neighbour_evidence
2020-01-01	2026-08-04	NM_000059.4:c.7954_7956delinsCTT	p.Val2652Leu	missense	VUS	VUS	2	4	MISSING_FUNCTIONAL	MISSING_FUNCTIONAL	PM5:moderate		neighbour_evidence
2020-01-01	2026-08-04	NM_000059.4:c.7955_7956delinsAA	p.Val2652Glu	missense	VUS	VUS	2	4	MISSING_FUNCTIONAL	MISSING_FUNCTIONAL	PM5:moderate		neighbour_evidence
2020-01-01	2026-08-04	NM_000059.4:c.7955_7956delinsAC	p.Val2652Asp	missense	VUS	VUS	2	4	MISSING_FUNCTIONAL	MISSING_FUNCTIONAL	PM5:moderate		neighbour_evidence
2020-01-01	2026-08-04	NM_000059.4:c.7955_7956delinsAT	p.Val2652Asp	missense	VUS	VUS	2	4	MISSING_FUNCTIONAL	MISSING_FUNCTIONAL	PM5:moderate		neighbour_evidence
2020-01-01	2026-08-04	NM_000059.4:c.7955_7956delinsCA	p.Val2652Ala	missense	VUS	VUS	2	4	MISSING_FUNCTIONAL	MISSING_FUNCTIONAL	PM5:moderate		neighbour_evidence
2020-01-01	2026-08-04	NM_000059.4:c.7955_7956delinsCC	p.Val2652Ala	missense	VUS	VUS	2	4	MISSING_FUNCTIONAL	MISSING_FUNCTIONAL	PM5:moderate		neighbour_evidence
2020-01-01	2026-08-04	NM_000059.4:c.7955_7956delinsCT	p.Val2652Ala	missense	VUS	VUS	2	4	MISSING_FUNCTIONAL	MISSING_FUNCTIONAL	PM5:moderate		neighbour_evidence
2020-01-01	2026-08-04	NM_000059.4:c.7955_7956delinsGA	p.Val2652Gly	missense	VUS	LP	2	6	MISSING_FUNCTIONAL	RESOLVED_NOT_BLOCKED	PS1:strong		neighbour_evidence
2020-01-01	2026-08-04	NM_000059.4:c.7955_7956delinsGC	p.Val2652Gly	missense	VUS	LP	2	6	MISSING_FUNCTIONAL	RESOLVED_NOT_BLOCKED	PS1:strong		neighbour_evidence
2020-01-01	2026-08-04	NM_000059.4:c.7955_7956delinsGT	p.Val2652Gly	missense	VUS	LP	2	6	MISSING_FUNCTIONAL	RESOLVED_NOT_BLOCKED	PS1:strong		neighbour_evidence
2020-01-01	2026-08-04	NM_000059.4:c.7954_7956delinsTAC	p.Val2652Tyr	missense	VUS	VUS	2	4	MISSING_FUNCTIONAL	MISSING_FUNCTIONAL	PM5:moderate		neighbour_evidence
2020-01-01	2026-08-04	NM_000059.4:c.7954_7956delinsTAT	p.Val2652Tyr	missense	VUS	VUS	2	4	MISSING_FUNCTIONAL	MISSING_FUNCTIONAL	PM5:moderate		neighbour_evidence
2020-01-01	2026-08-04	NM_000059.4:c.7954_7956delinsTCA	p.Val2652Ser	missense	VUS	VUS	2	4	MISSING_FUNCTIONAL	MISSING_FUNCTIONAL	PM5:moderate		neighbour_evidence
2020-01-01	2026-08-04	NM_000059.4:c.7954_7956delinsTCC	p.Val2652Ser	missense	VUS	VUS	2	4	MISSING_FUNCTIONAL	MISSING_FUNCTIONAL	PM5:moderate		neighbour_evidence
2020-01-01	2026-08-04	NM_000059.4:c.7954_7955delinsTC	p.Val2652Ser	missense	VUS	VUS	2	4	MISSING_FUNCTIONAL	MISSING_FUNCTIONAL	PM5:moderate		neighbour_evidence
2020-01-01	2026-08-04	NM_000059.4:c.7954_7956delinsTCT	p.Val2652Ser	missense	VUS	VUS	2	4	MISSING_FUNCTIONAL	MISSING_FUNCTIONAL	PM5:moderate		neighbour_evidence
2020-01-01	2026-08-04	NM_000059.4:c.7954_7956delinsTGC	p.Val2652Cys	missense	VUS	VUS	2	4	MISSING_FUNCTIONAL	MISSING_FUNCTIONAL	PM5:moderate		neighbour_evidence
2020-01-01	2026-08-04	NM_000059.4:c.7954_7955delinsTG	p.Val2652Trp	missense	VUS	VUS	2	4	MISSING_FUNCTIONAL	MISSING_FUNCTIONAL	PM5:moderate		neighbour_evidence
2020-01-01	2026-08-04	NM_000059.4:c.7954_7956delinsTGT	p.Val2652Cys	missense	VUS	VUS	2	4	MISSING_FUNCTIONAL	MISSING_FUNCTIONAL	PM5:moderate		neighbour_evidence
2020-01-01	2026-08-04	NM_000059.4:c.7954_7956delinsTTA	p.Val2652Leu	missense	VUS	VUS	2	4	MISSING_FUNCTIONAL	MISSING_FUNCTIONAL	PM5:moderate		neighbour_evidence
2020-01-01	2026-08-04	NM_000059.4:c.7954_7956delinsTTC	p.Val2652Phe	missense	VUS	VUS	2	4	MISSING_FUNCTIONAL	MISSING_FUNCTIONAL	PM5:moderate		neighbour_evidence
2020-01-01	2026-08-04	NM_000059.4:c.7954_7956delinsTTT	p.Val2652Phe	missense	VUS	VUS	2	4	MISSING_FUNCTIONAL	MISSING_FUNCTIONAL	PM5:moderate		neighbour_evidence
2020-01-01	2026-08-04	NM_000059.4:c.7957_7959delinsAAA	p.Leu2653Lys	missense	VUS	VUS	2	4	MISSING_FUNCTIONAL	MISSING_FUNCTIONAL	PM5:moderate		neighbour_evidence
2020-01-01	2026-08-04	NM_000059.4:c.7957_7959delinsAAC	p.Leu2653Asn	missense	VUS	VUS	2	4	MISSING_FUNCTIONAL	MISSING_FUNCTIONAL	PM5:moderate		neighbour_evidence
2020-01-01	2026-08-04	NM_000059.4:c.7957_7959delinsAAG	p.Leu2653Lys	missense	VUS	VUS	2	4	MISSING_FUNCTIONAL	MISSING_FUNCTIONAL	PM5:moderate		neighbour_evidence
2020-01-01	2026-08-04	NM_000059.4:c.7957_7958delinsAA	p.Leu2653Asn	missense	VUS	VUS	2	4	MISSING_FUNCTIONAL	MISSING_FUNCTIONAL	PM5:moderate		neighbour_evidence
2020-01-01	2026-08-04	NM_000059.4:c.7957_7959delinsACA	p.Leu2653Thr	missense	VUS	VUS	2	4	MISSING_FUNCTIONAL	MISSING_FUNCTIONAL	PM5:moderate		neighbour_evidence
2020-01-01	2026-08-04	NM_000059.4:c.7957_7959delinsACC	p.Leu2653Thr	missense	VUS	VUS	2	4	MISSING_FUNCTIONAL	MISSING_FUNCTIONAL	PM5:moderate		neighbour_evidence
2020-01-01	2026-08-04	NM_000059.4:c.7957_7959delinsACG	p.Leu2653Thr	missense	VUS	VUS	2	4	MISSING_FUNCTIONAL	MISSING_FUNCTIONAL	PM5:moderate		neighbour_evidence
2020-01-01	2026-08-04	NM_000059.4:c.7957_7958delinsAC	p.Leu2653Thr	missense	VUS	VUS	2	4	MISSING_FUNCTIONAL	MISSING_FUNCTIONAL	PM5:moderate		neighbour_evidence
2020-01-01	2026-08-04	NM_000059.4:c.7957_7959delinsAGA	p.Leu2653Arg	missense	VUS	VUS	2	4	MISSING_FUNCTIONAL	MISSING_FUNCTIONAL	PM5:moderate		neighbour_evidence
2020-01-01	2026-08-04	NM_000059.4:c.7957_7959delinsAGC	p.Leu2653Ser	missense	VUS	VUS	2	4	MISSING_FUNCTIONAL	MISSING_FUNCTIONAL	PM5:moderate		neighbour_evidence
2020-01-01	2026-08-04	NM_000059.4:c.7957_7959delinsAGG	p.Leu2653Arg	missense	VUS	VUS	2	4	MISSING_FUNCTIONAL	MISSING_FUNCTIONAL	PM5:moderate		neighbour_evidence
2020-01-01	2026-08-04	NM_000059.4:c.7957_7958delinsAG	p.Leu2653Ser	missense	VUS	VUS	2	4	MISSING_FUNCTIONAL	MISSING_FUNCTIONAL	PM5:moderate		neighbour_evidence
2020-01-01	2026-08-04	NM_000059.4:c.7957_7959delinsATA	p.Leu2653Ile	missense	VUS	VUS	2	4	MISSING_FUNCTIONAL	MISSING_FUNCTIONAL	PM5:moderate		neighbour_evidence
2020-01-01	2026-08-04	NM_000059.4:c.7957_7959delinsATC	p.Leu2653Ile	missense	VUS	VUS	2	4	MISSING_FUNCTIONAL	MISSING_FUNCTIONAL	PM5:moderate		neighbour_evidence
2020-01-01	2026-08-04	NM_000059.4:c.7957_7959delinsATG	p.Leu2653Met	missense	VUS	VUS	2	4	MISSING_FUNCTIONAL	MISSING_FUNCTIONAL	PM5:moderate		neighbour_evidence
2020-01-01	2026-08-04	NM_000059.4:c.7958_7959delinsAA	p.Leu2653Gln	missense	VUS	VUS	2	4	MISSING_FUNCTIONAL	MISSING_FUNCTIONAL	PM5:moderate		neighbour_evidence
2020-01-01	2026-08-04	NM_000059.4:c.7958_7959delinsAC	p.Leu2653His	missense	VUS	VUS	2	4	MISSING_FUNCTIONAL	MISSING_FUNCTIONAL	PM5:moderate		neighbour_evidence
2020-01-01	2026-08-04	NM_000059.4:c.7958_7959delinsAG	p.Leu2653Gln	missense	VUS	VUS	2	4	MISSING_FUNCTIONAL	MISSING_FUNCTIONAL	PM5:moderate		neighbour_evidence
2020-01-01	2026-08-04	NM_000059.4:c.7958_7959delinsCA	p.Leu2653Pro	missense	VUS	LP	2	6	MISSING_FUNCTIONAL	RESOLVED_NOT_BLOCKED	PS1:strong		neighbour_evidence
2020-01-01	2026-08-04	NM_000059.4:c.7958_7959delinsCC	p.Leu2653Pro	missense	VUS	LP	2	6	MISSING_FUNCTIONAL	RESOLVED_NOT_BLOCKED	PS1:strong		neighbour_evidence
2020-01-01	2026-08-04	NM_000059.4:c.7958_7959delinsCG	p.Leu2653Pro	missense	VUS	LP	2	6	MISSING_FUNCTIONAL	RESOLVED_NOT_BLOCKED	PS1:strong		neighbour_evidence
2020-01-01	2026-08-04	NM_000059.4:c.7958_7959delinsGA	p.Leu2653Arg	missense	VUS	VUS	2	4	MISSING_FUNCTIONAL	MISSING_FUNCTIONAL	PM5:moderate		neighbour_evidence
2020-01-01	2026-08-04	NM_000059.4:c.7958_7959delinsGC	p.Leu2653Arg	missense	VUS	VUS	2	4	MISSING_FUNCTIONAL	MISSING_FUNCTIONAL	PM5:moderate		neighbour_evidence
2020-01-01	2026-08-04	NM_000059.4:c.7958_7959delinsGG	p.Leu2653Arg	missense	VUS	VUS	2	4	MISSING_FUNCTIONAL	MISSING_FUNCTIONAL	PM5:moderate		neighbour_evidence
2020-01-01	2026-08-04	NM_000059.4:c.7957_7959delinsGAA	p.Leu2653Glu	missense	VUS	VUS	2	4	MISSING_FUNCTIONAL	MISSING_FUNCTIONAL	PM5:moderate		neighbour_evidence
2020-01-01	2026-08-04	NM_000059.4:c.7957_7959delinsGAC	p.Leu2653Asp	missense	VUS	VUS	2	4	MISSING_FUNCTIONAL	MISSING_FUNCTIONAL	PM5:moderate		neighbour_evidence
2020-01-01	2026-08-04	NM_000059.4:c.7957_7959delinsGAG	p.Leu2653Glu	missense	VUS	VUS	2	4	MISSING_FUNCTIONAL	MISSING_FUNCTIONAL	PM5:moderate		neighbour_evidence
2020-01-01	2026-08-04	NM_000059.4:c.7957_7958delinsGA	p.Leu2653Asp	missense	VUS	VUS	2	4	MISSING_FUNCTIONAL	MISSING_FUNCTIONAL	PM5:moderate		neighbour_evidence
2020-01-01	2026-08-04	NM_000059.4:c.7957_7959delinsGCA	p.Leu2653Ala	missense	VUS	VUS	2	4	MISSING_FUNCTIONAL	MISSING_FUNCTIONAL	PM5:moderate		neighbour_evidence
2020-01-01	2026-08-04	NM_000059.4:c.7957_7959delinsGCC	p.Leu2653Ala	missense	VUS	VUS	2	4	MISSING_FUNCTIONAL	MISSING_FUNCTIONAL	PM5:moderate		neighbour_evidence
2020-01-01	2026-08-04	NM_000059.4:c.7957_7959delinsGCG	p.Leu2653Ala	missense	VUS	VUS	2	4	MISSING_FUNCTIONAL	MISSING_FUNCTIONAL	PM5:moderate		neighbour_evidence
2020-01-01	2026-08-04	NM_000059.4:c.7957_7958delinsGC	p.Leu2653Ala	missense	VUS	VUS	2	4	MISSING_FUNCTIONAL	MISSING_FUNCTIONAL	PM5:moderate		neighbour_evidence
2020-01-01	2026-08-04	NM_000059.4:c.7957_7959delinsGGA	p.Leu2653Gly	missense	VUS	VUS	2	4	MISSING_FUNCTIONAL	MISSING_FUNCTIONAL	PM5:moderate		neighbour_evidence
2020-01-01	2026-08-04	NM_000059.4:c.7957_7959delinsGGC	p.Leu2653Gly	missense	VUS	VUS	2	4	MISSING_FUNCTIONAL	MISSING_FUNCTIONAL	PM5:moderate		neighbour_evidence
2020-01-01	2026-08-04	NM_000059.4:c.7957_7959delinsGGG	p.Leu2653Gly	missense	VUS	VUS	2	4	MISSING_FUNCTIONAL	MISSING_FUNCTIONAL	PM5:moderate		neighbour_evidence
2020-01-01	2026-08-04	NM_000059.4:c.7957_7958delinsGG	p.Leu2653Gly	missense	VUS	VUS	2	4	MISSING_FUNCTIONAL	MISSING_FUNCTIONAL	PM5:moderate		neighbour_evidence
2020-01-01	2026-08-04	NM_000059.4:c.7957_7959delinsGTA	p.Leu2653Val	missense	VUS	VUS	2	4	MISSING_FUNCTIONAL	MISSING_FUNCTIONAL	PM5:moderate		neighbour_evidence
2020-01-01	2026-08-04	NM_000059.4:c.7957_7959delinsGTC	p.Leu2653Val	missense	VUS	VUS	2	4	MISSING_FUNCTIONAL	MISSING_FUNCTIONAL	PM5:moderate		neighbour_evidence
2020-01-01	2026-08-04	NM_000059.4:c.7957_7959delinsGTG	p.Leu2653Val	missense	VUS	VUS	2	4	MISSING_FUNCTIONAL	MISSING_FUNCTIONAL	PM5:moderate		neighbour_evidence
2020-01-01	2026-08-04	NM_000059.4:c.7957_7959delinsTAC	p.Leu2653Tyr	missense	VUS	VUS	2	4	MISSING_FUNCTIONAL	MISSING_FUNCTIONAL	PM5:moderate		neighbour_evidence
2020-01-01	2026-08-04	NM_000059.4:c.7957_7958delinsTA	p.Leu2653Tyr	missense	VUS	VUS	2	4	MISSING_FUNCTIONAL	MISSING_FUNCTIONAL	PM5:moderate		neighbour_evidence
2020-01-01	2026-08-04	NM_000059.4:c.7957_7959delinsTCA	p.Leu2653Ser	missense	VUS	VUS	2	4	MISSING_FUNCTIONAL	MISSING_FUNCTIONAL	PM5:moderate		neighbour_evidence
2020-01-01	2026-08-04	NM_000059.4:c.7957_7959delinsTCC	p.Leu2653Ser	missense	VUS	VUS	2	4	MISSING_FUNCTIONAL	MISSING_FUNCTIONAL	PM5:moderate		neighbour_evidence
2020-01-01	2026-08-04	NM_000059.4:c.7957_7959delinsTCG	p.Leu2653Ser	missense	VUS	VUS	2	4	MISSING_FUNCTIONAL	MISSING_FUNCTIONAL	PM5:moderate		neighbour_evidence
2020-01-01	2026-08-04	NM_000059.4:c.7957_7958delinsTC	p.Leu2653Ser	missense	VUS	VUS	2	4	MISSING_FUNCTIONAL	MISSING_FUNCTIONAL	PM5:moderate		neighbour_evidence
2020-01-01	2026-08-04	NM_000059.4:c.7957_7959delinsTGC	p.Leu2653Cys	missense	VUS	VUS	2	4	MISSING_FUNCTIONAL	MISSING_FUNCTIONAL	PM5:moderate		neighbour_evidence
2020-01-01	2026-08-04	NM_000059.4:c.7957_7959delinsTGG	p.Leu2653Trp	missense	VUS	VUS	2	4	MISSING_FUNCTIONAL	MISSING_FUNCTIONAL	PM5:moderate		neighbour_evidence
2020-01-01	2026-08-04	NM_000059.4:c.7957_7958delinsTG	p.Leu2653Cys	missense	VUS	VUS	2	4	MISSING_FUNCTIONAL	MISSING_FUNCTIONAL	PM5:moderate		neighbour_evidence
2020-01-01	2026-08-04	NM_000059.4:c.7957_7959delinsTTC	p.Leu2653Phe	missense	VUS	VUS	2	4	MISSING_FUNCTIONAL	MISSING_FUNCTIONAL	PM5:moderate		neighbour_evidence
2020-01-01	2026-08-04	NM_000059.4:c.7963_7965delinsAAC	p.Gln2655Asn	missense	VUS	VUS	2	4	MISSING_FUNCTIONAL	MISSING_FUNCTIONAL	PM5:moderate		neighbour_evidence
2020-01-01	2026-08-04	NM_000059.4:c.7963_7965delinsAAG	p.Gln2655Lys	missense	VUS	VUS	2	4	MISSING_FUNCTIONAL	MISSING_FUNCTIONAL	PM5:moderate		neighbour_evidence
2020-01-01	2026-08-04	NM_000059.4:c.7963_7965delinsAAT	p.Gln2655Asn	missense	VUS	VUS	2	4	MISSING_FUNCTIONAL	MISSING_FUNCTIONAL	PM5:moderate		neighbour_evidence
2020-01-01	2026-08-04	NM_000059.4:c.7963_7964delinsAC	p.Gln2655Thr	missense	VUS	VUS	2	4	MISSING_FUNCTIONAL	MISSING_FUNCTIONAL	PM5:moderate		neighbour_evidence
2020-01-01	2026-08-04	NM_000059.4:c.7963_7965delinsACC	p.Gln2655Thr	missense	VUS	VUS	2	4	MISSING_FUNCTIONAL	MISSING_FUNCTIONAL	PM5:moderate		neighbour_evidence
2020-01-01	2026-08-04	NM_000059.4:c.7963_7965delinsACG	p.Gln2655Thr	missense	VUS	VUS	2	4	MISSING_FUNCTIONAL	MISSING_FUNCTIONAL	PM5:moderate		neighbour_evidence
2020-01-01	2026-08-04	NM_000059.4:c.7963_7965delinsACT	p.Gln2655Thr	missense	VUS	VUS	2	4	MISSING_FUNCTIONAL	MISSING_FUNCTIONAL	PM5:moderate		neighbour_evidence
2020-01-01	2026-08-04	NM_000059.4:c.7963_7964delinsAG	p.Gln2655Arg	missense	VUS	LP	2	6	MISSING_FUNCTIONAL	RESOLVED_NOT_BLOCKED	PS1:strong		neighbour_evidence
2020-01-01	2026-08-04	NM_000059.4:c.7963_7965delinsAGC	p.Gln2655Ser	missense	VUS	VUS	2	4	MISSING_FUNCTIONAL	MISSING_FUNCTIONAL	PM5:moderate		neighbour_evidence
2020-01-01	2026-08-04	NM_000059.4:c.7963_7965delinsAGG	p.Gln2655Arg	missense	VUS	LP	2	6	MISSING_FUNCTIONAL	RESOLVED_NOT_BLOCKED	PS1:strong		neighbour_evidence
2020-01-01	2026-08-04	NM_000059.4:c.7963_7965delinsAGT	p.Gln2655Ser	missense	VUS	VUS	2	4	MISSING_FUNCTIONAL	MISSING_FUNCTIONAL	PM5:moderate		neighbour_evidence
2020-01-01	2026-08-04	NM_000059.4:c.7963_7964delinsAT	p.Gln2655Ile	missense	VUS	VUS	2	4	MISSING_FUNCTIONAL	MISSING_FUNCTIONAL	PM5:moderate		neighbour_evidence
2020-01-01	2026-08-04	NM_000059.4:c.7963_7965delinsATC	p.Gln2655Ile	missense	VUS	VUS	2	4	MISSING_FUNCTIONAL	MISSING_FUNCTIONAL	PM5:moderate		neighbour_evidence
2020-01-01	2026-08-04	NM_000059.4:c.7963_7965delinsATG	p.Gln2655Met	missense	VUS	VUS	2	4	MISSING_FUNCTIONAL	MISSING_FUNCTIONAL	PM5:moderate		neighbour_evidence
2020-01-01	2026-08-04	NM_000059.4:c.7963_7965delinsATT	p.Gln2655Ile	missense	VUS	VUS	2	4	MISSING_FUNCTIONAL	MISSING_FUNCTIONAL	PM5:moderate		neighbour_evidence
2020-01-01	2026-08-04	NM_000059.4:c.7964_7965delinsCC	p.Gln2655Pro	missense	VUS	VUS	2	4	MISSING_FUNCTIONAL	MISSING_FUNCTIONAL	PM5:moderate		neighbour_evidence
2020-01-01	2026-08-04	NM_000059.4:c.7964_7965delinsCG	p.Gln2655Pro	missense	VUS	VUS	2	4	MISSING_FUNCTIONAL	MISSING_FUNCTIONAL	PM5:moderate		neighbour_evidence
2020-01-01	2026-08-04	NM_000059.4:c.7964_7965delinsCT	p.Gln2655Pro	missense	VUS	VUS	2	4	MISSING_FUNCTIONAL	MISSING_FUNCTIONAL	PM5:moderate		neighbour_evidence
2020-01-01	2026-08-04	NM_000059.4:c.7964_7965delinsGC	p.Gln2655Arg	missense	VUS	LP	2	6	MISSING_FUNCTIONAL	RESOLVED_NOT_BLOCKED	PS1:strong		neighbour_evidence
2020-01-01	2026-08-04	NM_000059.4:c.7964_7965delinsGG	p.Gln2655Arg	missense	VUS	LP	2	6	MISSING_FUNCTIONAL	RESOLVED_NOT_BLOCKED	PS1:strong		neighbour_evidence
2020-01-01	2026-08-04	NM_000059.4:c.7964_7965delinsGT	p.Gln2655Arg	missense	VUS	LP	2	6	MISSING_FUNCTIONAL	RESOLVED_NOT_BLOCKED	PS1:strong		neighbour_evidence
2020-01-01	2026-08-04	NM_000059.4:c.7964_7965delinsTC	p.Gln2655Leu	missense	VUS	VUS	2	4	MISSING_FUNCTIONAL	MISSING_FUNCTIONAL	PM5:moderate		neighbour_evidence
2020-01-01	2026-08-04	NM_000059.4:c.7964_7965delinsTG	p.Gln2655Leu	missense	VUS	VUS	2	4	MISSING_FUNCTIONAL	MISSING_FUNCTIONAL	PM5:moderate		neighbour_evidence
2020-01-01	2026-08-04	NM_000059.4:c.7964_7965delinsTT	p.Gln2655Leu	missense	VUS	VUS	2	4	MISSING_FUNCTIONAL	MISSING_FUNCTIONAL	PM5:moderate		neighbour_evidence
2020-01-01	2026-08-04	NM_000059.4:c.7963_7965delinsGAC	p.Gln2655Asp	missense	VUS	VUS	2	4	MISSING_FUNCTIONAL	MISSING_FUNCTIONAL	PM5:moderate		neighbour_evidence
2020-01-01	2026-08-04	NM_000059.4:c.7963_7965delinsGAG	p.Gln2655Glu	missense	VUS	VUS	2	4	MISSING_FUNCTIONAL	MISSING_FUNCTIONAL	PM5:moderate		neighbour_evidence
2020-01-01	2026-08-04	NM_000059.4:c.7963_7965delinsGAT	p.Gln2655Asp	missense	VUS	VUS	2	4	MISSING_FUNCTIONAL	MISSING_FUNCTIONAL	PM5:moderate		neighbour_evidence
2020-01-01	2026-08-04	NM_000059.4:c.7963_7964delinsGC	p.Gln2655Ala	missense	VUS	VUS	2	4	MISSING_FUNCTIONAL	MISSING_FUNCTIONAL	PM5:moderate		neighbour_evidence
2020-01-01	2026-08-04	NM_000059.4:c.7963_7965delinsGCC	p.Gln2655Ala	missense	VUS	VUS	2	4	MISSING_FUNCTIONAL	MISSING_FUNCTIONAL	PM5:moderate		neighbour_evidence
2020-01-01	2026-08-04	NM_000059.4:c.7963_7965delinsGCG	p.Gln2655Ala	missense	VUS	VUS	2	4	MISSING_FUNCTIONAL	MISSING_FUNCTIONAL	PM5:moderate		neighbour_evidence
2020-01-01	2026-08-04	NM_000059.4:c.7963_7965delinsGCT	p.Gln2655Ala	missense	VUS	VUS	2	4	MISSING_FUNCTIONAL	MISSING_FUNCTIONAL	PM5:moderate		neighbour_evidence
2020-01-01	2026-08-04	NM_000059.4:c.7963_7964delinsGG	p.Gln2655Gly	missense	VUS	VUS	2	4	MISSING_FUNCTIONAL	MISSING_FUNCTIONAL	PM5:moderate		neighbour_evidence
2020-01-01	2026-08-04	NM_000059.4:c.7963_7965delinsGGC	p.Gln2655Gly	missense	VUS	VUS	2	4	MISSING_FUNCTIONAL	MISSING_FUNCTIONAL	PM5:moderate		neighbour_evidence
2020-01-01	2026-08-04	NM_000059.4:c.7963_7965delinsGGG	p.Gln2655Gly	missense	VUS	VUS	2	4	MISSING_FUNCTIONAL	MISSING_FUNCTIONAL	PM5:moderate		neighbour_evidence
2020-01-01	2026-08-04	NM_000059.4:c.7963_7965delinsGGT	p.Gln2655Gly	missense	VUS	VUS	2	4	MISSING_FUNCTIONAL	MISSING_FUNCTIONAL	PM5:moderate		neighbour_evidence
2020-01-01	2026-08-04	NM_000059.4:c.7963_7964delinsGT	p.Gln2655Val	missense	VUS	VUS	2	4	MISSING_FUNCTIONAL	MISSING_FUNCTIONAL	PM5:moderate		neighbour_evidence
2020-01-01	2026-08-04	NM_000059.4:c.7963_7965delinsGTC	p.Gln2655Val	missense	VUS	VUS	2	4	MISSING_FUNCTIONAL	MISSING_FUNCTIONAL	PM5:moderate		neighbour_evidence
2020-01-01	2026-08-04	NM_000059.4:c.7963_7965delinsGTG	p.Gln2655Val	missense	VUS	VUS	2	4	MISSING_FUNCTIONAL	MISSING_FUNCTIONAL	PM5:moderate		neighbour_evidence
2020-01-01	2026-08-04	NM_000059.4:c.7963_7965delinsGTT	p.Gln2655Val	missense	VUS	VUS	2	4	MISSING_FUNCTIONAL	MISSING_FUNCTIONAL	PM5:moderate		neighbour_evidence
2020-01-01	2026-08-04	NM_000059.4:c.7963_7965delinsTAC	p.Gln2655Tyr	missense	VUS	VUS	2	4	MISSING_FUNCTIONAL	MISSING_FUNCTIONAL	PM5:moderate		neighbour_evidence
2020-01-01	2026-08-04	NM_000059.4:c.7963_7965delinsTAT	p.Gln2655Tyr	missense	VUS	VUS	2	4	MISSING_FUNCTIONAL	MISSING_FUNCTIONAL	PM5:moderate		neighbour_evidence
2020-01-01	2026-08-04	NM_000059.4:c.7963_7964delinsTC	p.Gln2655Ser	missense	VUS	VUS	2	4	MISSING_FUNCTIONAL	MISSING_FUNCTIONAL	PM5:moderate		neighbour_evidence
2020-01-01	2026-08-04	NM_000059.4:c.7963_7965delinsTCC	p.Gln2655Ser	missense	VUS	VUS	2	4	MISSING_FUNCTIONAL	MISSING_FUNCTIONAL	PM5:moderate		neighbour_evidence
2020-01-01	2026-08-04	NM_000059.4:c.7963_7965delinsTCG	p.Gln2655Ser	missense	VUS	VUS	2	4	MISSING_FUNCTIONAL	MISSING_FUNCTIONAL	PM5:moderate		neighbour_evidence
2020-01-01	2026-08-04	NM_000059.4:c.7963_7965delinsTCT	p.Gln2655Ser	missense	VUS	VUS	2	4	MISSING_FUNCTIONAL	MISSING_FUNCTIONAL	PM5:moderate		neighbour_evidence
2020-01-01	2026-08-04	NM_000059.4:c.7963_7965delinsTGC	p.Gln2655Cys	missense	VUS	VUS	2	4	MISSING_FUNCTIONAL	MISSING_FUNCTIONAL	PM5:moderate		neighbour_evidence
2020-01-01	2026-08-04	NM_000059.4:c.7963_7965delinsTGG	p.Gln2655Trp	missense	VUS	VUS	2	4	MISSING_FUNCTIONAL	MISSING_FUNCTIONAL	PM5:moderate		neighbour_evidence
2020-01-01	2026-08-04	NM_000059.4:c.7963_7965delinsTGT	p.Gln2655Cys	missense	VUS	VUS	2	4	MISSING_FUNCTIONAL	MISSING_FUNCTIONAL	PM5:moderate		neighbour_evidence
2020-01-01	2026-08-04	NM_000059.4:c.7963_7964delinsTT	p.Gln2655Leu	missense	VUS	VUS	2	4	MISSING_FUNCTIONAL	MISSING_FUNCTIONAL	PM5:moderate		neighbour_evidence
2020-01-01	2026-08-04	NM_000059.4:c.7963_7965delinsTTC	p.Gln2655Phe	missense	VUS	VUS	2	4	MISSING_FUNCTIONAL	MISSING_FUNCTIONAL	PM5:moderate		neighbour_evidence
2020-01-01	2026-08-04	NM_000059.4:c.7963_7965delinsTTG	p.Gln2655Leu	missense	VUS	VUS	2	4	MISSING_FUNCTIONAL	MISSING_FUNCTIONAL	PM5:moderate		neighbour_evidence
2020-01-01	2026-08-04	NM_000059.4:c.7963_7965delinsTTT	p.Gln2655Phe	missense	VUS	VUS	2	4	MISSING_FUNCTIONAL	MISSING_FUNCTIONAL	PM5:moderate		neighbour_evidence
2020-01-01	2026-08-04	NM_000059.4:c.7966_7967delinsAA	p.Leu2656Lys	missense	VUS	VUS	2	4	MISSING_FUNCTIONAL	MISSING_FUNCTIONAL	PM5:moderate		neighbour_evidence
2020-01-01	2026-08-04	NM_000059.4:c.7966_7968delinsAAC	p.Leu2656Asn	missense	VUS	VUS	2	4	MISSING_FUNCTIONAL	MISSING_FUNCTIONAL	PM5:moderate		neighbour_evidence
2020-01-01	2026-08-04	NM_000059.4:c.7966_7968delinsAAG	p.Leu2656Lys	missense	VUS	VUS	2	4	MISSING_FUNCTIONAL	MISSING_FUNCTIONAL	PM5:moderate		neighbour_evidence
2020-01-01	2026-08-04	NM_000059.4:c.7966_7968delinsAAT	p.Leu2656Asn	missense	VUS	VUS	2	4	MISSING_FUNCTIONAL	MISSING_FUNCTIONAL	PM5:moderate		neighbour_evidence
2020-01-01	2026-08-04	NM_000059.4:c.7966_7967delinsAC	p.Leu2656Thr	missense	VUS	VUS	2	4	MISSING_FUNCTIONAL	MISSING_FUNCTIONAL	PM5:moderate		neighbour_evidence
2020-01-01	2026-08-04	NM_000059.4:c.7966_7968delinsACC	p.Leu2656Thr	missense	VUS	VUS	2	4	MISSING_FUNCTIONAL	MISSING_FUNCTIONAL	PM5:moderate		neighbour_evidence
2020-01-01	2026-08-04	NM_000059.4:c.7966_7968delinsACG	p.Leu2656Thr	missense	VUS	VUS	2	4	MISSING_FUNCTIONAL	MISSING_FUNCTIONAL	PM5:moderate		neighbour_evidence
2020-01-01	2026-08-04	NM_000059.4:c.7966_7968delinsACT	p.Leu2656Thr	missense	VUS	VUS	2	4	MISSING_FUNCTIONAL	MISSING_FUNCTIONAL	PM5:moderate		neighbour_evidence
2020-01-01	2026-08-04	NM_000059.4:c.7966_7967delinsAG	p.Leu2656Arg	missense	VUS	VUS	2	4	MISSING_FUNCTIONAL	MISSING_FUNCTIONAL	PM5:moderate		neighbour_evidence
2020-01-01	2026-08-04	NM_000059.4:c.7966_7968delinsAGC	p.Leu2656Ser	missense	VUS	VUS	2	4	MISSING_FUNCTIONAL	MISSING_FUNCTIONAL	PM5:moderate		neighbour_evidence
2020-01-01	2026-08-04	NM_000059.4:c.7966_7968delinsAGG	p.Leu2656Arg	missense	VUS	VUS	2	4	MISSING_FUNCTIONAL	MISSING_FUNCTIONAL	PM5:moderate		neighbour_evidence
2020-01-01	2026-08-04	NM_000059.4:c.7966_7968delinsAGT	p.Leu2656Ser	missense	VUS	VUS	2	4	MISSING_FUNCTIONAL	MISSING_FUNCTIONAL	PM5:moderate		neighbour_evidence
2020-01-01	2026-08-04	NM_000059.4:c.7966_7968delinsATC	p.Leu2656Ile	missense	VUS	VUS	2	4	MISSING_FUNCTIONAL	MISSING_FUNCTIONAL	PM5:moderate		neighbour_evidence
2020-01-01	2026-08-04	NM_000059.4:c.7966_7968delinsATG	p.Leu2656Met	missense	VUS	VUS	2	4	MISSING_FUNCTIONAL	MISSING_FUNCTIONAL	PM5:moderate		neighbour_evidence
2020-01-01	2026-08-04	NM_000059.4:c.7966_7968delinsATT	p.Leu2656Ile	missense	VUS	VUS	2	4	MISSING_FUNCTIONAL	MISSING_FUNCTIONAL	PM5:moderate		neighbour_evidence
2020-01-01	2026-08-04	NM_000059.4:c.7967_7968delinsAC	p.Leu2656His	missense	VUS	VUS	2	4	MISSING_FUNCTIONAL	MISSING_FUNCTIONAL	PM5:moderate		neighbour_evidence
2020-01-01	2026-08-04	NM_000059.4:c.7967_7968delinsAG	p.Leu2656Gln	missense	VUS	LP	2	6	MISSING_FUNCTIONAL	RESOLVED_NOT_BLOCKED	PS1:strong		neighbour_evidence
2020-01-01	2026-08-04	NM_000059.4:c.7967_7968delinsAT	p.Leu2656His	missense	VUS	VUS	2	4	MISSING_FUNCTIONAL	MISSING_FUNCTIONAL	PM5:moderate		neighbour_evidence
2020-01-01	2026-08-04	NM_000059.4:c.7967_7968delinsCC	p.Leu2656Pro	missense	VUS	VUS	2	4	MISSING_FUNCTIONAL	MISSING_FUNCTIONAL	PM5:moderate		neighbour_evidence
2020-01-01	2026-08-04	NM_000059.4:c.7967_7968delinsCG	p.Leu2656Pro	missense	VUS	VUS	2	4	MISSING_FUNCTIONAL	MISSING_FUNCTIONAL	PM5:moderate		neighbour_evidence
2020-01-01	2026-08-04	NM_000059.4:c.7967_7968delinsCT	p.Leu2656Pro	missense	VUS	VUS	2	4	MISSING_FUNCTIONAL	MISSING_FUNCTIONAL	PM5:moderate		neighbour_evidence
2020-01-01	2026-08-04	NM_000059.4:c.7967_7968delinsGC	p.Leu2656Arg	missense	VUS	VUS	2	4	MISSING_FUNCTIONAL	MISSING_FUNCTIONAL	PM5:moderate		neighbour_evidence
2020-01-01	2026-08-04	NM_000059.4:c.7967_7968delinsGG	p.Leu2656Arg	missense	VUS	VUS	2	4	MISSING_FUNCTIONAL	MISSING_FUNCTIONAL	PM5:moderate		neighbour_evidence
2020-01-01	2026-08-04	NM_000059.4:c.7967_7968delinsGT	p.Leu2656Arg	missense	VUS	VUS	2	4	MISSING_FUNCTIONAL	MISSING_FUNCTIONAL	PM5:moderate		neighbour_evidence
2020-01-01	2026-08-04	NM_000059.4:c.7966_7967delinsGA	p.Leu2656Glu	missense	VUS	VUS	2	4	MISSING_FUNCTIONAL	MISSING_FUNCTIONAL	PM5:moderate		neighbour_evidence
2020-01-01	2026-08-04	NM_000059.4:c.7966_7968delinsGAC	p.Leu2656Asp	missense	VUS	VUS	2	4	MISSING_FUNCTIONAL	MISSING_FUNCTIONAL	PM5:moderate		neighbour_evidence
2020-01-01	2026-08-04	NM_000059.4:c.7966_7968delinsGAG	p.Leu2656Glu	missense	VUS	VUS	2	4	MISSING_FUNCTIONAL	MISSING_FUNCTIONAL	PM5:moderate		neighbour_evidence
2020-01-01	2026-08-04	NM_000059.4:c.7966_7968delinsGAT	p.Leu2656Asp	missense	VUS	VUS	2	4	MISSING_FUNCTIONAL	MISSING_FUNCTIONAL	PM5:moderate		neighbour_evidence
2020-01-01	2026-08-04	NM_000059.4:c.7966_7967delinsGC	p.Leu2656Ala	missense	VUS	VUS	2	4	MISSING_FUNCTIONAL	MISSING_FUNCTIONAL	PM5:moderate		neighbour_evidence
2020-01-01	2026-08-04	NM_000059.4:c.7966_7968delinsGCC	p.Leu2656Ala	missense	VUS	VUS	2	4	MISSING_FUNCTIONAL	MISSING_FUNCTIONAL	PM5:moderate		neighbour_evidence
2020-01-01	2026-08-04	NM_000059.4:c.7966_7968delinsGCG	p.Leu2656Ala	missense	VUS	VUS	2	4	MISSING_FUNCTIONAL	MISSING_FUNCTIONAL	PM5:moderate		neighbour_evidence
2020-01-01	2026-08-04	NM_000059.4:c.7966_7968delinsGCT	p.Leu2656Ala	missense	VUS	VUS	2	4	MISSING_FUNCTIONAL	MISSING_FUNCTIONAL	PM5:moderate		neighbour_evidence
2020-01-01	2026-08-04	NM_000059.4:c.7966_7967delinsGG	p.Leu2656Gly	missense	VUS	VUS	2	4	MISSING_FUNCTIONAL	MISSING_FUNCTIONAL	PM5:moderate		neighbour_evidence
2020-01-01	2026-08-04	NM_000059.4:c.7966_7968delinsGGC	p.Leu2656Gly	missense	VUS	VUS	2	4	MISSING_FUNCTIONAL	MISSING_FUNCTIONAL	PM5:moderate		neighbour_evidence
2020-01-01	2026-08-04	NM_000059.4:c.7966_7968delinsGGG	p.Leu2656Gly	missense	VUS	VUS	2	4	MISSING_FUNCTIONAL	MISSING_FUNCTIONAL	PM5:moderate		neighbour_evidence
2020-01-01	2026-08-04	NM_000059.4:c.7966_7968delinsGGT	p.Leu2656Gly	missense	VUS	VUS	2	4	MISSING_FUNCTIONAL	MISSING_FUNCTIONAL	PM5:moderate		neighbour_evidence
2020-01-01	2026-08-04	NM_000059.4:c.7966_7968delinsGTC	p.Leu2656Val	missense	VUS	VUS	2	4	MISSING_FUNCTIONAL	MISSING_FUNCTIONAL	PM5:moderate		neighbour_evidence
2020-01-01	2026-08-04	NM_000059.4:c.7966_7968delinsGTG	p.Leu2656Val	missense	VUS	VUS	2	4	MISSING_FUNCTIONAL	MISSING_FUNCTIONAL	PM5:moderate		neighbour_evidence
2020-01-01	2026-08-04	NM_000059.4:c.7966_7968delinsGTT	p.Leu2656Val	missense	VUS	VUS	2	4	MISSING_FUNCTIONAL	MISSING_FUNCTIONAL	PM5:moderate		neighbour_evidence
2020-01-01	2026-08-04	NM_000059.4:c.7966_7968delinsTAC	p.Leu2656Tyr	missense	VUS	VUS	2	4	MISSING_FUNCTIONAL	MISSING_FUNCTIONAL	PM5:moderate		neighbour_evidence
2020-01-01	2026-08-04	NM_000059.4:c.7966_7968delinsTAT	p.Leu2656Tyr	missense	VUS	VUS	2	4	MISSING_FUNCTIONAL	MISSING_FUNCTIONAL	PM5:moderate		neighbour_evidence
2020-01-01	2026-08-04	NM_000059.4:c.7966_7967delinsTC	p.Leu2656Ser	missense	VUS	VUS	2	4	MISSING_FUNCTIONAL	MISSING_FUNCTIONAL	PM5:moderate		neighbour_evidence
2020-01-01	2026-08-04	NM_000059.4:c.7966_7968delinsTCC	p.Leu2656Ser	missense	VUS	VUS	2	4	MISSING_FUNCTIONAL	MISSING_FUNCTIONAL	PM5:moderate		neighbour_evidence
2020-01-01	2026-08-04	NM_000059.4:c.7966_7968delinsTCG	p.Leu2656Ser	missense	VUS	VUS	2	4	MISSING_FUNCTIONAL	MISSING_FUNCTIONAL	PM5:moderate		neighbour_evidence
2020-01-01	2026-08-04	NM_000059.4:c.7966_7968delinsTCT	p.Leu2656Ser	missense	VUS	VUS	2	4	MISSING_FUNCTIONAL	MISSING_FUNCTIONAL	PM5:moderate		neighbour_evidence
2020-01-01	2026-08-04	NM_000059.4:c.7966_7968delinsTGC	p.Leu2656Cys	missense	VUS	VUS	2	4	MISSING_FUNCTIONAL	MISSING_FUNCTIONAL	PM5:moderate		neighbour_evidence
2020-01-01	2026-08-04	NM_000059.4:c.7966_7968delinsTGG	p.Leu2656Trp	missense	VUS	VUS	2	4	MISSING_FUNCTIONAL	MISSING_FUNCTIONAL	PM5:moderate		neighbour_evidence
2020-01-01	2026-08-04	NM_000059.4:c.7966_7968delinsTGT	p.Leu2656Cys	missense	VUS	VUS	2	4	MISSING_FUNCTIONAL	MISSING_FUNCTIONAL	PM5:moderate		neighbour_evidence
2020-01-01	2026-08-04	NM_000059.4:c.7966_7968delinsTTC	p.Leu2656Phe	missense	VUS	VUS	2	4	MISSING_FUNCTIONAL	MISSING_FUNCTIONAL	PM5:moderate		neighbour_evidence
2020-01-01	2026-08-04	NM_000059.4:c.7966_7968delinsTTT	p.Leu2656Phe	missense	VUS	VUS	2	4	MISSING_FUNCTIONAL	MISSING_FUNCTIONAL	PM5:moderate		neighbour_evidence
2020-01-01	2026-08-04	NM_000059.4:c.7976_7977delinsAC	p.Arg2659Asn	missense	VUS	VUS	2	4	MISSING_FUNCTIONAL	MISSING_FUNCTIONAL	PM5:moderate		neighbour_evidence
2020-01-01	2026-08-04	NM_000059.4:c.7976_7977delinsAG	p.Arg2659Lys	missense	VUS	LP	2	8	MISSING_FUNCTIONAL	RESOLVED_NOT_BLOCKED	PM5:moderate;PS1:strong		neighbour_evidence
2020-01-01	2026-08-04	NM_000059.4:c.7976_7977delinsAT	p.Arg2659Asn	missense	VUS	VUS	2	4	MISSING_FUNCTIONAL	MISSING_FUNCTIONAL	PM5:moderate		neighbour_evidence
2020-01-01	2026-08-04	NM_000059.4:c.7976_7977delinsCC	p.Arg2659Thr	missense	VUS	LP	2	8	MISSING_FUNCTIONAL	RESOLVED_NOT_BLOCKED	PM5:moderate;PS1:strong		neighbour_evidence
2020-01-01	2026-08-04	NM_000059.4:c.7976_7977delinsCG	p.Arg2659Thr	missense	VUS	LP	2	8	MISSING_FUNCTIONAL	RESOLVED_NOT_BLOCKED	PM5:moderate;PS1:strong		neighbour_evidence
2020-01-01	2026-08-04	NM_000059.4:c.7976_7977delinsCT	p.Arg2659Thr	missense	VUS	LP	2	8	MISSING_FUNCTIONAL	RESOLVED_NOT_BLOCKED	PM5:moderate;PS1:strong		neighbour_evidence
2020-01-01	2026-08-04	NM_000059.4:c.7976_7977delinsTC	p.Arg2659Ile	missense	VUS	VUS	2	4	MISSING_FUNCTIONAL	MISSING_FUNCTIONAL	PM5:moderate		neighbour_evidence
2020-01-01	2026-08-04	NM_000059.4:c.7976_7977delinsTG	p.Arg2659Met	missense	VUS	VUS	2	4	MISSING_FUNCTIONAL	MISSING_FUNCTIONAL	PM5:moderate		neighbour_evidence
2020-01-01	2026-08-04	NM_000059.4:c.7976_7977delinsTT	p.Arg2659Ile	missense	VUS	VUS	2	4	MISSING_FUNCTIONAL	MISSING_FUNCTIONAL	PM5:moderate		neighbour_evidence
2020-01-01	2026-08-04	NM_000059.4:c.7975_7976delinsCA	p.Arg2659Gln	missense	VUS	VUS	2	4	MISSING_FUNCTIONAL	MISSING_FUNCTIONAL	PM5:moderate		neighbour_evidence
2020-01-01	2026-08-04	NM_000059.4:c.7975_7977delinsCAC	p.Arg2659His	missense	VUS	VUS	2	4	MISSING_FUNCTIONAL	MISSING_FUNCTIONAL	PM5:moderate		neighbour_evidence
2020-01-01	2026-08-04	NM_000059.4:c.7975_7977delinsCAG	p.Arg2659Gln	missense	VUS	VUS	2	4	MISSING_FUNCTIONAL	MISSING_FUNCTIONAL	PM5:moderate		neighbour_evidence
2020-01-01	2026-08-04	NM_000059.4:c.7975_7977delinsCAT	p.Arg2659His	missense	VUS	VUS	2	4	MISSING_FUNCTIONAL	MISSING_FUNCTIONAL	PM5:moderate		neighbour_evidence
2020-01-01	2026-08-04	NM_000059.4:c.7975_7976delinsCC	p.Arg2659Pro	missense	VUS	VUS	2	4	MISSING_FUNCTIONAL	MISSING_FUNCTIONAL	PM5:moderate		neighbour_evidence
2020-01-01	2026-08-04	NM_000059.4:c.7975_7977delinsCCC	p.Arg2659Pro	missense	VUS	VUS	2	4	MISSING_FUNCTIONAL	MISSING_FUNCTIONAL	PM5:moderate		neighbour_evidence
2020-01-01	2026-08-04	NM_000059.4:c.7975_7977delinsCCG	p.Arg2659Pro	missense	VUS	VUS	2	4	MISSING_FUNCTIONAL	MISSING_FUNCTIONAL	PM5:moderate		neighbour_evidence
2020-01-01	2026-08-04	NM_000059.4:c.7975_7977delinsCCT	p.Arg2659Pro	missense	VUS	VUS	2	4	MISSING_FUNCTIONAL	MISSING_FUNCTIONAL	PM5:moderate		neighbour_evidence
2020-01-01	2026-08-04	NM_000059.4:c.7975_7976delinsCT	p.Arg2659Leu	missense	VUS	VUS	2	4	MISSING_FUNCTIONAL	MISSING_FUNCTIONAL	PM5:moderate		neighbour_evidence
2020-01-01	2026-08-04	NM_000059.4:c.7975_7977delinsCTC	p.Arg2659Leu	missense	VUS	VUS	2	4	MISSING_FUNCTIONAL	MISSING_FUNCTIONAL	PM5:moderate		neighbour_evidence
2020-01-01	2026-08-04	NM_000059.4:c.7975_7977delinsCTG	p.Arg2659Leu	missense	VUS	VUS	2	4	MISSING_FUNCTIONAL	MISSING_FUNCTIONAL	PM5:moderate		neighbour_evidence
2020-01-01	2026-08-04	NM_000059.4:c.7975_7977delinsCTT	p.Arg2659Leu	missense	VUS	VUS	2	4	MISSING_FUNCTIONAL	MISSING_FUNCTIONAL	PM5:moderate		neighbour_evidence
2020-01-01	2026-08-04	NM_000059.4:c.7975_7976delinsGA	p.Arg2659Glu	missense	VUS	VUS	2	4	MISSING_FUNCTIONAL	MISSING_FUNCTIONAL	PM5:moderate		neighbour_evidence
2020-01-01	2026-08-04	NM_000059.4:c.7975_7977delinsGAC	p.Arg2659Asp	missense	VUS	VUS	2	4	MISSING_FUNCTIONAL	MISSING_FUNCTIONAL	PM5:moderate		neighbour_evidence
2020-01-01	2026-08-04	NM_000059.4:c.7975_7977delinsGAG	p.Arg2659Glu	missense	VUS	VUS	2	4	MISSING_FUNCTIONAL	MISSING_FUNCTIONAL	PM5:moderate		neighbour_evidence
2020-01-01	2026-08-04	NM_000059.4:c.7975_7977delinsGAT	p.Arg2659Asp	missense	VUS	VUS	2	4	MISSING_FUNCTIONAL	MISSING_FUNCTIONAL	PM5:moderate		neighbour_evidence
2020-01-01	2026-08-04	NM_000059.4:c.7975_7976delinsGC	p.Arg2659Ala	missense	VUS	VUS	2	4	MISSING_FUNCTIONAL	MISSING_FUNCTIONAL	PM5:moderate		neighbour_evidence
2020-01-01	2026-08-04	NM_000059.4:c.7975_7977delinsGCC	p.Arg2659Ala	missense	VUS	VUS	2	4	MISSING_FUNCTIONAL	MISSING_FUNCTIONAL	PM5:moderate		neighbour_evidence
2020-01-01	2026-08-04	NM_000059.4:c.7975_7977delinsGCG	p.Arg2659Ala	missense	VUS	VUS	2	4	MISSING_FUNCTIONAL	MISSING_FUNCTIONAL	PM5:moderate		neighbour_evidence
2020-01-01	2026-08-04	NM_000059.4:c.7975_7977delinsGCT	p.Arg2659Ala	missense	VUS	VUS	2	4	MISSING_FUNCTIONAL	MISSING_FUNCTIONAL	PM5:moderate		neighbour_evidence
2020-01-01	2026-08-04	NM_000059.4:c.7975_7977delinsGGC	p.Arg2659Gly	missense	VUS	LP	2	8	MISSING_FUNCTIONAL	RESOLVED_NOT_BLOCKED	PM5:moderate;PS1:strong		neighbour_evidence
2020-01-01	2026-08-04	NM_000059.4:c.7975_7977delinsGGG	p.Arg2659Gly	missense	VUS	LP	2	8	MISSING_FUNCTIONAL	RESOLVED_NOT_BLOCKED	PM5:moderate;PS1:strong		neighbour_evidence
2020-01-01	2026-08-04	NM_000059.4:c.7975_7977delinsGGT	p.Arg2659Gly	missense	VUS	LP	2	8	MISSING_FUNCTIONAL	RESOLVED_NOT_BLOCKED	PM5:moderate;PS1:strong		neighbour_evidence
2020-01-01	2026-08-04	NM_000059.4:c.7975_7976delinsGT	p.Arg2659Val	missense	VUS	VUS	2	4	MISSING_FUNCTIONAL	MISSING_FUNCTIONAL	PM5:moderate		neighbour_evidence
2020-01-01	2026-08-04	NM_000059.4:c.7975_7977delinsGTC	p.Arg2659Val	missense	VUS	VUS	2	4	MISSING_FUNCTIONAL	MISSING_FUNCTIONAL	PM5:moderate		neighbour_evidence
2020-01-01	2026-08-04	NM_000059.4:c.7975_7977delinsGTG	p.Arg2659Val	missense	VUS	VUS	2	4	MISSING_FUNCTIONAL	MISSING_FUNCTIONAL	PM5:moderate		neighbour_evidence
2020-01-01	2026-08-04	NM_000059.4:c.7975_7977delinsGTT	p.Arg2659Val	missense	VUS	VUS	2	4	MISSING_FUNCTIONAL	MISSING_FUNCTIONAL	PM5:moderate		neighbour_evidence
2020-01-01	2026-08-04	NM_000059.4:c.7975_7977delinsTAC	p.Arg2659Tyr	missense	VUS	VUS	2	4	MISSING_FUNCTIONAL	MISSING_FUNCTIONAL	PM5:moderate		neighbour_evidence
2020-01-01	2026-08-04	NM_000059.4:c.7975_7977delinsTAT	p.Arg2659Tyr	missense	VUS	VUS	2	4	MISSING_FUNCTIONAL	MISSING_FUNCTIONAL	PM5:moderate		neighbour_evidence
2020-01-01	2026-08-04	NM_000059.4:c.7975_7976delinsTC	p.Arg2659Ser	missense	VUS	LP	2	8	MISSING_FUNCTIONAL	RESOLVED_NOT_BLOCKED	PM5:moderate;PS1:strong		neighbour_evidence
2020-01-01	2026-08-04	NM_000059.4:c.7975_7977delinsTCC	p.Arg2659Ser	missense	VUS	LP	2	8	MISSING_FUNCTIONAL	RESOLVED_NOT_BLOCKED	PM5:moderate;PS1:strong		neighbour_evidence
2020-01-01	2026-08-04	NM_000059.4:c.7975_7977delinsTCG	p.Arg2659Ser	missense	VUS	LP	2	8	MISSING_FUNCTIONAL	RESOLVED_NOT_BLOCKED	PM5:moderate;PS1:strong		neighbour_evidence
2020-01-01	2026-08-04	NM_000059.4:c.7975_7977delinsTCT	p.Arg2659Ser	missense	VUS	LP	2	8	MISSING_FUNCTIONAL	RESOLVED_NOT_BLOCKED	PM5:moderate;PS1:strong		neighbour_evidence
2020-01-01	2026-08-04	NM_000059.4:c.7975_7977delinsTGC	p.Arg2659Cys	missense	VUS	VUS	2	4	MISSING_FUNCTIONAL	MISSING_FUNCTIONAL	PM5:moderate		neighbour_evidence
2020-01-01	2026-08-04	NM_000059.4:c.7975_7977delinsTGG	p.Arg2659Trp	missense	VUS	VUS	2	4	MISSING_FUNCTIONAL	MISSING_FUNCTIONAL	PM5:moderate		neighbour_evidence
2020-01-01	2026-08-04	NM_000059.4:c.7975_7977delinsTGT	p.Arg2659Cys	missense	VUS	VUS	2	4	MISSING_FUNCTIONAL	MISSING_FUNCTIONAL	PM5:moderate		neighbour_evidence
2020-01-01	2026-08-04	NM_000059.4:c.7975_7976delinsTT	p.Arg2659Leu	missense	VUS	VUS	2	4	MISSING_FUNCTIONAL	MISSING_FUNCTIONAL	PM5:moderate		neighbour_evidence
2020-01-01	2026-08-04	NM_000059.4:c.7975_7977delinsTTC	p.Arg2659Phe	missense	VUS	VUS	2	4	MISSING_FUNCTIONAL	MISSING_FUNCTIONAL	PM5:moderate		neighbour_evidence
2020-01-01	2026-08-04	NM_000059.4:c.7975_7977delinsTTG	p.Arg2659Leu	missense	VUS	VUS	2	4	MISSING_FUNCTIONAL	MISSING_FUNCTIONAL	PM5:moderate		neighbour_evidence
2020-01-01	2026-08-04	NM_000059.4:c.7975_7977delinsTTT	p.Arg2659Phe	missense	VUS	VUS	2	4	MISSING_FUNCTIONAL	MISSING_FUNCTIONAL	PM5:moderate		neighbour_evidence
2020-01-01	2026-08-04	NM_000059.4:c.7978_7980delinsAAA	p.Tyr2660Lys	missense	VUS	VUS	2	4	MISSING_FUNCTIONAL	MISSING_FUNCTIONAL	PM5:moderate		neighbour_evidence
2020-01-01	2026-08-04	NM_000059.4:c.7978_7980delinsAAC	p.Tyr2660Asn	missense	VUS	VUS	2	4	MISSING_FUNCTIONAL	MISSING_FUNCTIONAL	PM5:moderate		neighbour_evidence
2020-01-01	2026-08-04	NM_000059.4:c.7978_7980delinsAAG	p.Tyr2660Lys	missense	VUS	VUS	2	4	MISSING_FUNCTIONAL	MISSING_FUNCTIONAL	PM5:moderate		neighbour_evidence
2020-01-01	2026-08-04	NM_000059.4:c.7978_7980delinsACA	p.Tyr2660Thr	missense	VUS	VUS	2	4	MISSING_FUNCTIONAL	MISSING_FUNCTIONAL	PM5:moderate		neighbour_evidence
2020-01-01	2026-08-04	NM_000059.4:c.7978_7980delinsACC	p.Tyr2660Thr	missense	VUS	VUS	2	4	MISSING_FUNCTIONAL	MISSING_FUNCTIONAL	PM5:moderate		neighbour_evidence
2020-01-01	2026-08-04	NM_000059.4:c.7978_7980delinsACG	p.Tyr2660Thr	missense	VUS	VUS	2	4	MISSING_FUNCTIONAL	MISSING_FUNCTIONAL	PM5:moderate		neighbour_evidence
2020-01-01	2026-08-04	NM_000059.4:c.7978_7979delinsAC	p.Tyr2660Thr	missense	VUS	VUS	2	4	MISSING_FUNCTIONAL	MISSING_FUNCTIONAL	PM5:moderate		neighbour_evidence
2020-01-01	2026-08-04	NM_000059.4:c.7978_7980delinsAGA	p.Tyr2660Arg	missense	VUS	VUS	2	4	MISSING_FUNCTIONAL	MISSING_FUNCTIONAL	PM5:moderate		neighbour_evidence
2020-01-01	2026-08-04	NM_000059.4:c.7978_7980delinsAGC	p.Tyr2660Ser	missense	VUS	VUS	2	4	MISSING_FUNCTIONAL	MISSING_FUNCTIONAL	PM5:moderate		neighbour_evidence
2020-01-01	2026-08-04	NM_000059.4:c.7978_7980delinsAGG	p.Tyr2660Arg	missense	VUS	VUS	2	4	MISSING_FUNCTIONAL	MISSING_FUNCTIONAL	PM5:moderate		neighbour_evidence
2020-01-01	2026-08-04	NM_000059.4:c.7978_7979delinsAG	p.Tyr2660Ser	missense	VUS	VUS	2	4	MISSING_FUNCTIONAL	MISSING_FUNCTIONAL	PM5:moderate		neighbour_evidence
2020-01-01	2026-08-04	NM_000059.4:c.7978_7980delinsATA	p.Tyr2660Ile	missense	VUS	VUS	2	4	MISSING_FUNCTIONAL	MISSING_FUNCTIONAL	PM5:moderate		neighbour_evidence
2020-01-01	2026-08-04	NM_000059.4:c.7978_7980delinsATC	p.Tyr2660Ile	missense	VUS	VUS	2	4	MISSING_FUNCTIONAL	MISSING_FUNCTIONAL	PM5:moderate		neighbour_evidence
2020-01-01	2026-08-04	NM_000059.4:c.7978_7980delinsATG	p.Tyr2660Met	missense	VUS	VUS	2	4	MISSING_FUNCTIONAL	MISSING_FUNCTIONAL	PM5:moderate		neighbour_evidence
2020-01-01	2026-08-04	NM_000059.4:c.7978_7979delinsAT	p.Tyr2660Ile	missense	VUS	VUS	2	4	MISSING_FUNCTIONAL	MISSING_FUNCTIONAL	PM5:moderate		neighbour_evidence
2020-01-01	2026-08-04	NM_000059.4:c.7978_7980delinsCAA	p.Tyr2660Gln	missense	VUS	VUS	2	4	MISSING_FUNCTIONAL	MISSING_FUNCTIONAL	PM5:moderate		neighbour_evidence
2020-01-01	2026-08-04	NM_000059.4:c.7978_7980delinsCAC	p.Tyr2660His	missense	VUS	VUS	2	4	MISSING_FUNCTIONAL	MISSING_FUNCTIONAL	PM5:moderate		neighbour_evidence
2020-01-01	2026-08-04	NM_000059.4:c.7978_7980delinsCAG	p.Tyr2660Gln	missense	VUS	VUS	2	4	MISSING_FUNCTIONAL	MISSING_FUNCTIONAL	PM5:moderate		neighbour_evidence
2020-01-01	2026-08-04	NM_000059.4:c.7978_7980delinsCCA	p.Tyr2660Pro	missense	VUS	VUS	2	4	MISSING_FUNCTIONAL	MISSING_FUNCTIONAL	PM5:moderate		neighbour_evidence
2020-01-01	2026-08-04	NM_000059.4:c.7978_7980delinsCCC	p.Tyr2660Pro	missense	VUS	VUS	2	4	MISSING_FUNCTIONAL	MISSING_FUNCTIONAL	PM5:moderate		neighbour_evidence
2020-01-01	2026-08-04	NM_000059.4:c.7978_7980delinsCCG	p.Tyr2660Pro	missense	VUS	VUS	2	4	MISSING_FUNCTIONAL	MISSING_FUNCTIONAL	PM5:moderate		neighbour_evidence
2020-01-01	2026-08-04	NM_000059.4:c.7978_7979delinsCC	p.Tyr2660Pro	missense	VUS	VUS	2	4	MISSING_FUNCTIONAL	MISSING_FUNCTIONAL	PM5:moderate		neighbour_evidence
2020-01-01	2026-08-04	NM_000059.4:c.7978_7980delinsCGA	p.Tyr2660Arg	missense	VUS	VUS	2	4	MISSING_FUNCTIONAL	MISSING_FUNCTIONAL	PM5:moderate		neighbour_evidence
2020-01-01	2026-08-04	NM_000059.4:c.7978_7980delinsCGC	p.Tyr2660Arg	missense	VUS	VUS	2	4	MISSING_FUNCTIONAL	MISSING_FUNCTIONAL	PM5:moderate		neighbour_evidence
2020-01-01	2026-08-04	NM_000059.4:c.7978_7980delinsCGG	p.Tyr2660Arg	missense	VUS	VUS	2	4	MISSING_FUNCTIONAL	MISSING_FUNCTIONAL	PM5:moderate		neighbour_evidence
2020-01-01	2026-08-04	NM_000059.4:c.7978_7979delinsCG	p.Tyr2660Arg	missense	VUS	VUS	2	4	MISSING_FUNCTIONAL	MISSING_FUNCTIONAL	PM5:moderate		neighbour_evidence
2020-01-01	2026-08-04	NM_000059.4:c.7978_7980delinsCTA	p.Tyr2660Leu	missense	VUS	VUS	2	4	MISSING_FUNCTIONAL	MISSING_FUNCTIONAL	PM5:moderate		neighbour_evidence
2020-01-01	2026-08-04	NM_000059.4:c.7978_7980delinsCTC	p.Tyr2660Leu	missense	VUS	VUS	2	4	MISSING_FUNCTIONAL	MISSING_FUNCTIONAL	PM5:moderate		neighbour_evidence
2020-01-01	2026-08-04	NM_000059.4:c.7978_7980delinsCTG	p.Tyr2660Leu	missense	VUS	VUS	2	4	MISSING_FUNCTIONAL	MISSING_FUNCTIONAL	PM5:moderate		neighbour_evidence
2020-01-01	2026-08-04	NM_000059.4:c.7978_7979delinsCT	p.Tyr2660Leu	missense	VUS	VUS	2	4	MISSING_FUNCTIONAL	MISSING_FUNCTIONAL	PM5:moderate		neighbour_evidence
2020-01-01	2026-08-04	NM_000059.4:c.7978_7980delinsGAA	p.Tyr2660Glu	missense	VUS	VUS	2	4	MISSING_FUNCTIONAL	MISSING_FUNCTIONAL	PM5:moderate		neighbour_evidence
2020-01-01	2026-08-04	NM_000059.4:c.7978_7980delinsGAC	p.Tyr2660Asp	missense	VUS	LP	2	6	MISSING_FUNCTIONAL	RESOLVED_NOT_BLOCKED	PS1:strong		neighbour_evidence
2020-01-01	2026-08-04	NM_000059.4:c.7978_7980delinsGAG	p.Tyr2660Glu	missense	VUS	VUS	2	4	MISSING_FUNCTIONAL	MISSING_FUNCTIONAL	PM5:moderate		neighbour_evidence
2020-01-01	2026-08-04	NM_000059.4:c.7978_7980delinsGCA	p.Tyr2660Ala	missense	VUS	VUS	2	4	MISSING_FUNCTIONAL	MISSING_FUNCTIONAL	PM5:moderate		neighbour_evidence
2020-01-01	2026-08-04	NM_000059.4:c.7978_7980delinsGCC	p.Tyr2660Ala	missense	VUS	VUS	2	4	MISSING_FUNCTIONAL	MISSING_FUNCTIONAL	PM5:moderate		neighbour_evidence
2020-01-01	2026-08-04	NM_000059.4:c.7978_7980delinsGCG	p.Tyr2660Ala	missense	VUS	VUS	2	4	MISSING_FUNCTIONAL	MISSING_FUNCTIONAL	PM5:moderate		neighbour_evidence
2020-01-01	2026-08-04	NM_000059.4:c.7978_7979delinsGC	p.Tyr2660Ala	missense	VUS	VUS	2	4	MISSING_FUNCTIONAL	MISSING_FUNCTIONAL	PM5:moderate		neighbour_evidence
2020-01-01	2026-08-04	NM_000059.4:c.7978_7980delinsGGA	p.Tyr2660Gly	missense	VUS	VUS	2	4	MISSING_FUNCTIONAL	MISSING_FUNCTIONAL	PM5:moderate		neighbour_evidence
2020-01-01	2026-08-04	NM_000059.4:c.7978_7980delinsGGC	p.Tyr2660Gly	missense	VUS	VUS	2	4	MISSING_FUNCTIONAL	MISSING_FUNCTIONAL	PM5:moderate		neighbour_evidence
2020-01-01	2026-08-04	NM_000059.4:c.7978_7980delinsGGG	p.Tyr2660Gly	missense	VUS	VUS	2	4	MISSING_FUNCTIONAL	MISSING_FUNCTIONAL	PM5:moderate		neighbour_evidence
2020-01-01	2026-08-04	NM_000059.4:c.7978_7979delinsGG	p.Tyr2660Gly	missense	VUS	VUS	2	4	MISSING_FUNCTIONAL	MISSING_FUNCTIONAL	PM5:moderate		neighbour_evidence
2020-01-01	2026-08-04	NM_000059.4:c.7978_7980delinsGTA	p.Tyr2660Val	missense	VUS	VUS	2	4	MISSING_FUNCTIONAL	MISSING_FUNCTIONAL	PM5:moderate		neighbour_evidence
2020-01-01	2026-08-04	NM_000059.4:c.7978_7980delinsGTC	p.Tyr2660Val	missense	VUS	VUS	2	4	MISSING_FUNCTIONAL	MISSING_FUNCTIONAL	PM5:moderate		neighbour_evidence
2020-01-01	2026-08-04	NM_000059.4:c.7978_7980delinsGTG	p.Tyr2660Val	missense	VUS	VUS	2	4	MISSING_FUNCTIONAL	MISSING_FUNCTIONAL	PM5:moderate		neighbour_evidence
2020-01-01	2026-08-04	NM_000059.4:c.7978_7979delinsGT	p.Tyr2660Val	missense	VUS	VUS	2	4	MISSING_FUNCTIONAL	MISSING_FUNCTIONAL	PM5:moderate		neighbour_evidence
2020-01-01	2026-08-04	NM_000059.4:c.7979_7980delinsCA	p.Tyr2660Ser	missense	VUS	VUS	2	4	MISSING_FUNCTIONAL	MISSING_FUNCTIONAL	PM5:moderate		neighbour_evidence
2020-01-01	2026-08-04	NM_000059.4:c.7979_7980delinsCC	p.Tyr2660Ser	missense	VUS	VUS	2	4	MISSING_FUNCTIONAL	MISSING_FUNCTIONAL	PM5:moderate		neighbour_evidence
2020-01-01	2026-08-04	NM_000059.4:c.7979_7980delinsCG	p.Tyr2660Ser	missense	VUS	VUS	2	4	MISSING_FUNCTIONAL	MISSING_FUNCTIONAL	PM5:moderate		neighbour_evidence
2020-01-01	2026-08-04	NM_000059.4:c.7979_7980delinsGC	p.Tyr2660Cys	missense	VUS	VUS	2	4	MISSING_FUNCTIONAL	MISSING_FUNCTIONAL	PM5:moderate		neighbour_evidence
2020-01-01	2026-08-04	NM_000059.4:c.7979_7980delinsGG	p.Tyr2660Trp	missense	VUS	VUS	2	4	MISSING_FUNCTIONAL	MISSING_FUNCTIONAL	PM5:moderate		neighbour_evidence
2020-01-01	2026-08-04	NM_000059.4:c.7979_7980delinsTA	p.Tyr2660Leu	missense	VUS	VUS	2	4	MISSING_FUNCTIONAL	MISSING_FUNCTIONAL	PM5:moderate		neighbour_evidence
2020-01-01	2026-08-04	NM_000059.4:c.7979_7980delinsTC	p.Tyr2660Phe	missense	VUS	VUS	2	4	MISSING_FUNCTIONAL	MISSING_FUNCTIONAL	PM5:moderate		neighbour_evidence
2020-01-01	2026-08-04	NM_000059.4:c.7979_7980delinsTG	p.Tyr2660Leu	missense	VUS	VUS	2	4	MISSING_FUNCTIONAL	MISSING_FUNCTIONAL	PM5:moderate		neighbour_evidence
2020-01-01	2026-08-04	NM_000059.4:c.7987_7989delinsAAC	p.Glu2663Asn	missense	VUS	VUS	2	4	MISSING_FUNCTIONAL	MISSING_FUNCTIONAL	PM5:moderate		neighbour_evidence
2020-01-01	2026-08-04	NM_000059.4:c.7987_7989delinsAAG	p.Glu2663Lys	missense	VUS	LP	2	8	MISSING_FUNCTIONAL	RESOLVED_NOT_BLOCKED	PM5:moderate;PS1:strong		neighbour_evidence
2020-01-01	2026-08-04	NM_000059.4:c.7987_7989delinsAAT	p.Glu2663Asn	missense	VUS	VUS	2	4	MISSING_FUNCTIONAL	MISSING_FUNCTIONAL	PM5:moderate		neighbour_evidence
2020-01-01	2026-08-04	NM_000059.4:c.7987_7988delinsAC	p.Glu2663Thr	missense	VUS	VUS	2	4	MISSING_FUNCTIONAL	MISSING_FUNCTIONAL	PM5:moderate		neighbour_evidence
2020-01-01	2026-08-04	NM_000059.4:c.7987_7989delinsACC	p.Glu2663Thr	missense	VUS	VUS	2	4	MISSING_FUNCTIONAL	MISSING_FUNCTIONAL	PM5:moderate		neighbour_evidence
2020-01-01	2026-08-04	NM_000059.4:c.7987_7989delinsACG	p.Glu2663Thr	missense	VUS	VUS	2	4	MISSING_FUNCTIONAL	MISSING_FUNCTIONAL	PM5:moderate		neighbour_evidence
2020-01-01	2026-08-04	NM_000059.4:c.7987_7989delinsACT	p.Glu2663Thr	missense	VUS	VUS	2	4	MISSING_FUNCTIONAL	MISSING_FUNCTIONAL	PM5:moderate		neighbour_evidence
2020-01-01	2026-08-04	NM_000059.4:c.7987_7988delinsAG	p.Glu2663Arg	missense	VUS	VUS	2	4	MISSING_FUNCTIONAL	MISSING_FUNCTIONAL	PM5:moderate		neighbour_evidence
2020-01-01	2026-08-04	NM_000059.4:c.7987_7989delinsAGC	p.Glu2663Ser	missense	VUS	VUS	2	4	MISSING_FUNCTIONAL	MISSING_FUNCTIONAL	PM5:moderate		neighbour_evidence
2020-01-01	2026-08-04	NM_000059.4:c.7987_7989delinsAGG	p.Glu2663Arg	missense	VUS	VUS	2	4	MISSING_FUNCTIONAL	MISSING_FUNCTIONAL	PM5:moderate		neighbour_evidence
2020-01-01	2026-08-04	NM_000059.4:c.7987_7989delinsAGT	p.Glu2663Ser	missense	VUS	VUS	2	4	MISSING_FUNCTIONAL	MISSING_FUNCTIONAL	PM5:moderate		neighbour_evidence
2020-01-01	2026-08-04	NM_000059.4:c.7987_7988delinsAT	p.Glu2663Ile	missense	VUS	VUS	2	4	MISSING_FUNCTIONAL	MISSING_FUNCTIONAL	PM5:moderate		neighbour_evidence
2020-01-01	2026-08-04	NM_000059.4:c.7987_7989delinsATC	p.Glu2663Ile	missense	VUS	VUS	2	4	MISSING_FUNCTIONAL	MISSING_FUNCTIONAL	PM5:moderate		neighbour_evidence
2020-01-01	2026-08-04	NM_000059.4:c.7987_7989delinsATG	p.Glu2663Met	missense	VUS	VUS	2	4	MISSING_FUNCTIONAL	MISSING_FUNCTIONAL	PM5:moderate		neighbour_evidence
2020-01-01	2026-08-04	NM_000059.4:c.7987_7989delinsATT	p.Glu2663Ile	missense	VUS	VUS	2	4	MISSING_FUNCTIONAL	MISSING_FUNCTIONAL	PM5:moderate		neighbour_evidence
2020-01-01	2026-08-04	NM_000059.4:c.7987_7989delinsCAC	p.Glu2663His	missense	VUS	VUS	2	4	MISSING_FUNCTIONAL	MISSING_FUNCTIONAL	PM5:moderate		neighbour_evidence
2020-01-01	2026-08-04	NM_000059.4:c.7987_7989delinsCAG	p.Glu2663Gln	missense	VUS	VUS	2	4	MISSING_FUNCTIONAL	MISSING_FUNCTIONAL	PM5:moderate		neighbour_evidence
2020-01-01	2026-08-04	NM_000059.4:c.7987_7989delinsCAT	p.Glu2663His	missense	VUS	VUS	2	4	MISSING_FUNCTIONAL	MISSING_FUNCTIONAL	PM5:moderate		neighbour_evidence
2020-01-01	2026-08-04	NM_000059.4:c.7987_7988delinsCC	p.Glu2663Pro	missense	VUS	VUS	2	4	MISSING_FUNCTIONAL	MISSING_FUNCTIONAL	PM5:moderate		neighbour_evidence
2020-01-01	2026-08-04	NM_000059.4:c.7987_7989delinsCCC	p.Glu2663Pro	missense	VUS	VUS	2	4	MISSING_FUNCTIONAL	MISSING_FUNCTIONAL	PM5:moderate		neighbour_evidence
2020-01-01	2026-08-04	NM_000059.4:c.7987_7989delinsCCG	p.Glu2663Pro	missense	VUS	VUS	2	4	MISSING_FUNCTIONAL	MISSING_FUNCTIONAL	PM5:moderate		neighbour_evidence
2020-01-01	2026-08-04	NM_000059.4:c.7987_7989delinsCCT	p.Glu2663Pro	missense	VUS	VUS	2	4	MISSING_FUNCTIONAL	MISSING_FUNCTIONAL	PM5:moderate		neighbour_evidence
2020-01-01	2026-08-04	NM_000059.4:c.7987_7988delinsCG	p.Glu2663Arg	missense	VUS	VUS	2	4	MISSING_FUNCTIONAL	MISSING_FUNCTIONAL	PM5:moderate		neighbour_evidence
2020-01-01	2026-08-04	NM_000059.4:c.7987_7989delinsCGC	p.Glu2663Arg	missense	VUS	VUS	2	4	MISSING_FUNCTIONAL	MISSING_FUNCTIONAL	PM5:moderate		neighbour_evidence
2020-01-01	2026-08-04	NM_000059.4:c.7987_7989delinsCGG	p.Glu2663Arg	missense	VUS	VUS	2	4	MISSING_FUNCTIONAL	MISSING_FUNCTIONAL	PM5:moderate		neighbour_evidence
2020-01-01	2026-08-04	NM_000059.4:c.7987_7989delinsCGT	p.Glu2663Arg	missense	VUS	VUS	2	4	MISSING_FUNCTIONAL	MISSING_FUNCTIONAL	PM5:moderate		neighbour_evidence
2020-01-01	2026-08-04	NM_000059.4:c.7987_7988delinsCT	p.Glu2663Leu	missense	VUS	VUS	2	4	MISSING_FUNCTIONAL	MISSING_FUNCTIONAL	PM5:moderate		neighbour_evidence
2020-01-01	2026-08-04	NM_000059.4:c.7987_7989delinsCTC	p.Glu2663Leu	missense	VUS	VUS	2	4	MISSING_FUNCTIONAL	MISSING_FUNCTIONAL	PM5:moderate		neighbour_evidence
2020-01-01	2026-08-04	NM_000059.4:c.7987_7989delinsCTG	p.Glu2663Leu	missense	VUS	VUS	2	4	MISSING_FUNCTIONAL	MISSING_FUNCTIONAL	PM5:moderate		neighbour_evidence
2020-01-01	2026-08-04	NM_000059.4:c.7987_7989delinsCTT	p.Glu2663Leu	missense	VUS	VUS	2	4	MISSING_FUNCTIONAL	MISSING_FUNCTIONAL	PM5:moderate		neighbour_evidence
2020-01-01	2026-08-04	NM_000059.4:c.7988_7989delinsCC	p.Glu2663Ala	missense	VUS	VUS	2	4	MISSING_FUNCTIONAL	MISSING_FUNCTIONAL	PM5:moderate		neighbour_evidence
2020-01-01	2026-08-04	NM_000059.4:c.7988_7989delinsCG	p.Glu2663Ala	missense	VUS	VUS	2	4	MISSING_FUNCTIONAL	MISSING_FUNCTIONAL	PM5:moderate		neighbour_evidence
2020-01-01	2026-08-04	NM_000059.4:c.7988_7989delinsCT	p.Glu2663Ala	missense	VUS	VUS	2	4	MISSING_FUNCTIONAL	MISSING_FUNCTIONAL	PM5:moderate		neighbour_evidence
2020-01-01	2026-08-04	NM_000059.4:c.7988_7989delinsGC	p.Glu2663Gly	missense	VUS	VUS	2	4	MISSING_FUNCTIONAL	MISSING_FUNCTIONAL	PM5:moderate		neighbour_evidence
2020-01-01	2026-08-04	NM_000059.4:c.7988_7989delinsGG	p.Glu2663Gly	missense	VUS	VUS	2	4	MISSING_FUNCTIONAL	MISSING_FUNCTIONAL	PM5:moderate		neighbour_evidence
2020-01-01	2026-08-04	NM_000059.4:c.7988_7989delinsGT	p.Glu2663Gly	missense	VUS	VUS	2	4	MISSING_FUNCTIONAL	MISSING_FUNCTIONAL	PM5:moderate		neighbour_evidence
2020-01-01	2026-08-04	NM_000059.4:c.7988_7989delinsTC	p.Glu2663Val	missense	VUS	LP	2	8	MISSING_FUNCTIONAL	RESOLVED_NOT_BLOCKED	PM5:moderate;PS1:strong		neighbour_evidence
2020-01-01	2026-08-04	NM_000059.4:c.7988_7989delinsTG	p.Glu2663Val	missense	VUS	LP	2	8	MISSING_FUNCTIONAL	RESOLVED_NOT_BLOCKED	PM5:moderate;PS1:strong		neighbour_evidence
2020-01-01	2026-08-04	NM_000059.4:c.7988_7989delinsTT	p.Glu2663Val	missense	VUS	LP	2	8	MISSING_FUNCTIONAL	RESOLVED_NOT_BLOCKED	PM5:moderate;PS1:strong		neighbour_evidence
2020-01-01	2026-08-04	NM_000059.4:c.7987_7989delinsTAC	p.Glu2663Tyr	missense	VUS	VUS	2	4	MISSING_FUNCTIONAL	MISSING_FUNCTIONAL	PM5:moderate		neighbour_evidence
2020-01-01	2026-08-04	NM_000059.4:c.7987_7989delinsTAT	p.Glu2663Tyr	missense	VUS	VUS	2	4	MISSING_FUNCTIONAL	MISSING_FUNCTIONAL	PM5:moderate		neighbour_evidence
2020-01-01	2026-08-04	NM_000059.4:c.7987_7988delinsTC	p.Glu2663Ser	missense	VUS	VUS	2	4	MISSING_FUNCTIONAL	MISSING_FUNCTIONAL	PM5:moderate		neighbour_evidence
2020-01-01	2026-08-04	NM_000059.4:c.7987_7989delinsTCC	p.Glu2663Ser	missense	VUS	VUS	2	4	MISSING_FUNCTIONAL	MISSING_FUNCTIONAL	PM5:moderate		neighbour_evidence
2020-01-01	2026-08-04	NM_000059.4:c.7987_7989delinsTCG	p.Glu2663Ser	missense	VUS	VUS	2	4	MISSING_FUNCTIONAL	MISSING_FUNCTIONAL	PM5:moderate		neighbour_evidence
2020-01-01	2026-08-04	NM_000059.4:c.7987_7989delinsTCT	p.Glu2663Ser	missense	VUS	VUS	2	4	MISSING_FUNCTIONAL	MISSING_FUNCTIONAL	PM5:moderate		neighbour_evidence
2020-01-01	2026-08-04	NM_000059.4:c.7987_7989delinsTGC	p.Glu2663Cys	missense	VUS	VUS	2	4	MISSING_FUNCTIONAL	MISSING_FUNCTIONAL	PM5:moderate		neighbour_evidence
2020-01-01	2026-08-04	NM_000059.4:c.7987_7989delinsTGG	p.Glu2663Trp	missense	VUS	VUS	2	4	MISSING_FUNCTIONAL	MISSING_FUNCTIONAL	PM5:moderate		neighbour_evidence
2020-01-01	2026-08-04	NM_000059.4:c.7987_7989delinsTGT	p.Glu2663Cys	missense	VUS	VUS	2	4	MISSING_FUNCTIONAL	MISSING_FUNCTIONAL	PM5:moderate		neighbour_evidence
2020-01-01	2026-08-04	NM_000059.4:c.7987_7988delinsTT	p.Glu2663Leu	missense	VUS	VUS	2	4	MISSING_FUNCTIONAL	MISSING_FUNCTIONAL	PM5:moderate		neighbour_evidence
2020-01-01	2026-08-04	NM_000059.4:c.7987_7989delinsTTC	p.Glu2663Phe	missense	VUS	VUS	2	4	MISSING_FUNCTIONAL	MISSING_FUNCTIONAL	PM5:moderate		neighbour_evidence
2020-01-01	2026-08-04	NM_000059.4:c.7987_7989delinsTTG	p.Glu2663Leu	missense	VUS	VUS	2	4	MISSING_FUNCTIONAL	MISSING_FUNCTIONAL	PM5:moderate		neighbour_evidence
2020-01-01	2026-08-04	NM_000059.4:c.7987_7989delinsTTT	p.Glu2663Phe	missense	VUS	VUS	2	4	MISSING_FUNCTIONAL	MISSING_FUNCTIONAL	PM5:moderate		neighbour_evidence
2020-01-01	2026-08-04	NM_000059.4:c.8008_8010delinsAAA	p.Ser2670Lys	missense	VUS	VUS	2	4	MISSING_FUNCTIONAL	MISSING_FUNCTIONAL	PM5:moderate		neighbour_evidence
2020-01-01	2026-08-04	NM_000059.4:c.8008_8010delinsAAC	p.Ser2670Asn	missense	VUS	VUS	2	4	MISSING_FUNCTIONAL	MISSING_FUNCTIONAL	PM5:moderate		neighbour_evidence
2020-01-01	2026-08-04	NM_000059.4:c.8008_8009delinsAA	p.Ser2670Lys	missense	VUS	VUS	2	4	MISSING_FUNCTIONAL	MISSING_FUNCTIONAL	PM5:moderate		neighbour_evidence
2020-01-01	2026-08-04	NM_000059.4:c.8008_8010delinsAAT	p.Ser2670Asn	missense	VUS	VUS	2	4	MISSING_FUNCTIONAL	MISSING_FUNCTIONAL	PM5:moderate		neighbour_evidence
2020-01-01	2026-08-04	NM_000059.4:c.8008_8010delinsACA	p.Ser2670Thr	missense	VUS	VUS	2	4	MISSING_FUNCTIONAL	MISSING_FUNCTIONAL	PM5:moderate		neighbour_evidence
2020-01-01	2026-08-04	NM_000059.4:c.8008_8010delinsACC	p.Ser2670Thr	missense	VUS	VUS	2	4	MISSING_FUNCTIONAL	MISSING_FUNCTIONAL	PM5:moderate		neighbour_evidence
2020-01-01	2026-08-04	NM_000059.4:c.8008_8010delinsACT	p.Ser2670Thr	missense	VUS	VUS	2	4	MISSING_FUNCTIONAL	MISSING_FUNCTIONAL	PM5:moderate		neighbour_evidence
2020-01-01	2026-08-04	NM_000059.4:c.8008_8010delinsAGA	p.Ser2670Arg	missense	VUS	VUS	2	4	MISSING_FUNCTIONAL	MISSING_FUNCTIONAL	PM5:moderate		neighbour_evidence
2020-01-01	2026-08-04	NM_000059.4:c.8008_8009delinsAG	p.Ser2670Arg	missense	VUS	VUS	2	4	MISSING_FUNCTIONAL	MISSING_FUNCTIONAL	PM5:moderate		neighbour_evidence
2020-01-01	2026-08-04	NM_000059.4:c.8008_8010delinsATA	p.Ser2670Ile	missense	VUS	VUS	2	4	MISSING_FUNCTIONAL	MISSING_FUNCTIONAL	PM5:moderate		neighbour_evidence
2020-01-01	2026-08-04	NM_000059.4:c.8008_8010delinsATC	p.Ser2670Ile	missense	VUS	VUS	2	4	MISSING_FUNCTIONAL	MISSING_FUNCTIONAL	PM5:moderate		neighbour_evidence
2020-01-01	2026-08-04	NM_000059.4:c.8008_8009delinsAT	p.Ser2670Met	missense	VUS	VUS	2	4	MISSING_FUNCTIONAL	MISSING_FUNCTIONAL	PM5:moderate		neighbour_evidence
2020-01-01	2026-08-04	NM_000059.4:c.8008_8010delinsATT	p.Ser2670Ile	missense	VUS	VUS	2	4	MISSING_FUNCTIONAL	MISSING_FUNCTIONAL	PM5:moderate		neighbour_evidence
2020-01-01	2026-08-04	NM_000059.4:c.8008_8010delinsCAA	p.Ser2670Gln	missense	VUS	VUS	2	4	MISSING_FUNCTIONAL	MISSING_FUNCTIONAL	PM5:moderate		neighbour_evidence
2020-01-01	2026-08-04	NM_000059.4:c.8008_8010delinsCAC	p.Ser2670His	missense	VUS	VUS	2	4	MISSING_FUNCTIONAL	MISSING_FUNCTIONAL	PM5:moderate		neighbour_evidence
2020-01-01	2026-08-04	NM_000059.4:c.8008_8009delinsCA	p.Ser2670Gln	missense	VUS	VUS	2	4	MISSING_FUNCTIONAL	MISSING_FUNCTIONAL	PM5:moderate		neighbour_evidence
2020-01-01	2026-08-04	NM_000059.4:c.8008_8010delinsCAT	p.Ser2670His	missense	VUS	VUS	2	4	MISSING_FUNCTIONAL	MISSING_FUNCTIONAL	PM5:moderate		neighbour_evidence
2020-01-01	2026-08-04	NM_000059.4:c.8008_8010delinsCCA	p.Ser2670Pro	missense	VUS	VUS	2	4	MISSING_FUNCTIONAL	MISSING_FUNCTIONAL	PM5:moderate		neighbour_evidence
2020-01-01	2026-08-04	NM_000059.4:c.8008_8010delinsCCC	p.Ser2670Pro	missense	VUS	VUS	2	4	MISSING_FUNCTIONAL	MISSING_FUNCTIONAL	PM5:moderate		neighbour_evidence
2020-01-01	2026-08-04	NM_000059.4:c.8008_8010delinsCCT	p.Ser2670Pro	missense	VUS	VUS	2	4	MISSING_FUNCTIONAL	MISSING_FUNCTIONAL	PM5:moderate		neighbour_evidence
2020-01-01	2026-08-04	NM_000059.4:c.8008_8010delinsCGA	p.Ser2670Arg	missense	VUS	VUS	2	4	MISSING_FUNCTIONAL	MISSING_FUNCTIONAL	PM5:moderate		neighbour_evidence
2020-01-01	2026-08-04	NM_000059.4:c.8008_8010delinsCGC	p.Ser2670Arg	missense	VUS	VUS	2	4	MISSING_FUNCTIONAL	MISSING_FUNCTIONAL	PM5:moderate		neighbour_evidence
2020-01-01	2026-08-04	NM_000059.4:c.8008_8009delinsCG	p.Ser2670Arg	missense	VUS	VUS	2	4	MISSING_FUNCTIONAL	MISSING_FUNCTIONAL	PM5:moderate		neighbour_evidence
2020-01-01	2026-08-04	NM_000059.4:c.8008_8010delinsCGT	p.Ser2670Arg	missense	VUS	VUS	2	4	MISSING_FUNCTIONAL	MISSING_FUNCTIONAL	PM5:moderate		neighbour_evidence
2020-01-01	2026-08-04	NM_000059.4:c.8008_8010delinsCTA	p.Ser2670Leu	missense	VUS	LP	2	8	MISSING_FUNCTIONAL	RESOLVED_NOT_BLOCKED	PM5:moderate;PS1:strong		neighbour_evidence
2020-01-01	2026-08-04	NM_000059.4:c.8008_8010delinsCTC	p.Ser2670Leu	missense	VUS	LP	2	8	MISSING_FUNCTIONAL	RESOLVED_NOT_BLOCKED	PM5:moderate;PS1:strong		neighbour_evidence
2020-01-01	2026-08-04	NM_000059.4:c.8008_8009delinsCT	p.Ser2670Leu	missense	VUS	LP	2	8	MISSING_FUNCTIONAL	RESOLVED_NOT_BLOCKED	PM5:moderate;PS1:strong		neighbour_evidence
2020-01-01	2026-08-04	NM_000059.4:c.8008_8010delinsCTT	p.Ser2670Leu	missense	VUS	LP	2	8	MISSING_FUNCTIONAL	RESOLVED_NOT_BLOCKED	PM5:moderate;PS1:strong		neighbour_evidence
2020-01-01	2026-08-04	NM_000059.4:c.8008_8010delinsGAA	p.Ser2670Glu	missense	VUS	VUS	2	4	MISSING_FUNCTIONAL	MISSING_FUNCTIONAL	PM5:moderate		neighbour_evidence
2020-01-01	2026-08-04	NM_000059.4:c.8008_8010delinsGAC	p.Ser2670Asp	missense	VUS	VUS	2	4	MISSING_FUNCTIONAL	MISSING_FUNCTIONAL	PM5:moderate		neighbour_evidence
2020-01-01	2026-08-04	NM_000059.4:c.8008_8009delinsGA	p.Ser2670Glu	missense	VUS	VUS	2	4	MISSING_FUNCTIONAL	MISSING_FUNCTIONAL	PM5:moderate		neighbour_evidence
2020-01-01	2026-08-04	NM_000059.4:c.8008_8010delinsGAT	p.Ser2670Asp	missense	VUS	VUS	2	4	MISSING_FUNCTIONAL	MISSING_FUNCTIONAL	PM5:moderate		neighbour_evidence
2020-01-01	2026-08-04	NM_000059.4:c.8008_8010delinsGCA	p.Ser2670Ala	missense	VUS	VUS	2	4	MISSING_FUNCTIONAL	MISSING_FUNCTIONAL	PM5:moderate		neighbour_evidence
2020-01-01	2026-08-04	NM_000059.4:c.8008_8010delinsGCC	p.Ser2670Ala	missense	VUS	VUS	2	4	MISSING_FUNCTIONAL	MISSING_FUNCTIONAL	PM5:moderate		neighbour_evidence
2020-01-01	2026-08-04	NM_000059.4:c.8008_8010delinsGCT	p.Ser2670Ala	missense	VUS	VUS	2	4	MISSING_FUNCTIONAL	MISSING_FUNCTIONAL	PM5:moderate		neighbour_evidence
2020-01-01	2026-08-04	NM_000059.4:c.8008_8010delinsGGA	p.Ser2670Gly	missense	VUS	VUS	2	4	MISSING_FUNCTIONAL	MISSING_FUNCTIONAL	PM5:moderate		neighbour_evidence
2020-01-01	2026-08-04	NM_000059.4:c.8008_8010delinsGGC	p.Ser2670Gly	missense	VUS	VUS	2	4	MISSING_FUNCTIONAL	MISSING_FUNCTIONAL	PM5:moderate		neighbour_evidence
2020-01-01	2026-08-04	NM_000059.4:c.8008_8009delinsGG	p.Ser2670Gly	missense	VUS	VUS	2	4	MISSING_FUNCTIONAL	MISSING_FUNCTIONAL	PM5:moderate		neighbour_evidence
2020-01-01	2026-08-04	NM_000059.4:c.8008_8010delinsGGT	p.Ser2670Gly	missense	VUS	VUS	2	4	MISSING_FUNCTIONAL	MISSING_FUNCTIONAL	PM5:moderate		neighbour_evidence
2020-01-01	2026-08-04	NM_000059.4:c.8008_8010delinsGTA	p.Ser2670Val	missense	VUS	VUS	2	4	MISSING_FUNCTIONAL	MISSING_FUNCTIONAL	PM5:moderate		neighbour_evidence
2020-01-01	2026-08-04	NM_000059.4:c.8008_8010delinsGTC	p.Ser2670Val	missense	VUS	VUS	2	4	MISSING_FUNCTIONAL	MISSING_FUNCTIONAL	PM5:moderate		neighbour_evidence
2020-01-01	2026-08-04	NM_000059.4:c.8008_8009delinsGT	p.Ser2670Val	missense	VUS	VUS	2	4	MISSING_FUNCTIONAL	MISSING_FUNCTIONAL	PM5:moderate		neighbour_evidence
2020-01-01	2026-08-04	NM_000059.4:c.8008_8010delinsGTT	p.Ser2670Val	missense	VUS	VUS	2	4	MISSING_FUNCTIONAL	MISSING_FUNCTIONAL	PM5:moderate		neighbour_evidence
2020-01-01	2026-08-04	NM_000059.4:c.8009_8010delinsAC	p.Ser2670Tyr	missense	VUS	VUS	2	4	MISSING_FUNCTIONAL	MISSING_FUNCTIONAL	PM5:moderate		neighbour_evidence
2020-01-01	2026-08-04	NM_000059.4:c.8009_8010delinsAT	p.Ser2670Tyr	missense	VUS	VUS	2	4	MISSING_FUNCTIONAL	MISSING_FUNCTIONAL	PM5:moderate		neighbour_evidence
2020-01-01	2026-08-04	NM_000059.4:c.8009_8010delinsGC	p.Ser2670Cys	missense	VUS	VUS	2	4	MISSING_FUNCTIONAL	MISSING_FUNCTIONAL	PM5:moderate		neighbour_evidence
2020-01-01	2026-08-04	NM_000059.4:c.8009_8010delinsGT	p.Ser2670Cys	missense	VUS	VUS	2	4	MISSING_FUNCTIONAL	MISSING_FUNCTIONAL	PM5:moderate		neighbour_evidence
2020-01-01	2026-08-04	NM_000059.4:c.8009_8010delinsTA	p.Ser2670Leu	missense	VUS	LP	2	8	MISSING_FUNCTIONAL	RESOLVED_NOT_BLOCKED	PM5:moderate;PS1:strong		neighbour_evidence
2020-01-01	2026-08-04	NM_000059.4:c.8009_8010delinsTC	p.Ser2670Phe	missense	VUS	VUS	2	4	MISSING_FUNCTIONAL	MISSING_FUNCTIONAL	PM5:moderate		neighbour_evidence
2020-01-01	2026-08-04	NM_000059.4:c.8009_8010delinsTT	p.Ser2670Phe	missense	VUS	VUS	2	4	MISSING_FUNCTIONAL	MISSING_FUNCTIONAL	PM5:moderate		neighbour_evidence
2020-01-01	2026-08-04	NM_000059.4:c.8024_8025delinsAC	p.Ile2675Asn	missense	VUS	VUS	2	4	MISSING_FUNCTIONAL	MISSING_FUNCTIONAL	PM5:moderate		neighbour_evidence
2020-01-01	2026-08-04	NM_000059.4:c.8024_8025delinsAG	p.Ile2675Lys	missense	VUS	VUS	2	4	MISSING_FUNCTIONAL	MISSING_FUNCTIONAL	PM5:moderate		neighbour_evidence
2020-01-01	2026-08-04	NM_000059.4:c.8024_8025delinsAT	p.Ile2675Asn	missense	VUS	VUS	2	4	MISSING_FUNCTIONAL	MISSING_FUNCTIONAL	PM5:moderate		neighbour_evidence
2020-01-01	2026-08-04	NM_000059.4:c.8024_8025delinsCC	p.Ile2675Thr	missense	VUS	VUS	2	4	MISSING_FUNCTIONAL	MISSING_FUNCTIONAL	PM5:moderate		neighbour_evidence
2020-01-01	2026-08-04	NM_000059.4:c.8024_8025delinsCG	p.Ile2675Thr	missense	VUS	VUS	2	4	MISSING_FUNCTIONAL	MISSING_FUNCTIONAL	PM5:moderate		neighbour_evidence
2020-01-01	2026-08-04	NM_000059.4:c.8024_8025delinsCT	p.Ile2675Thr	missense	VUS	VUS	2	4	MISSING_FUNCTIONAL	MISSING_FUNCTIONAL	PM5:moderate		neighbour_evidence
2020-01-01	2026-08-04	NM_000059.4:c.8024_8025delinsGC	p.Ile2675Ser	missense	VUS	VUS	2	4	MISSING_FUNCTIONAL	MISSING_FUNCTIONAL	PM5:moderate		neighbour_evidence
2020-01-01	2026-08-04	NM_000059.4:c.8024_8025delinsGG	p.Ile2675Arg	missense	VUS	VUS	2	4	MISSING_FUNCTIONAL	MISSING_FUNCTIONAL	PM5:moderate		neighbour_evidence
2020-01-01	2026-08-04	NM_000059.4:c.8024_8025delinsGT	p.Ile2675Ser	missense	VUS	VUS	2	4	MISSING_FUNCTIONAL	MISSING_FUNCTIONAL	PM5:moderate		neighbour_evidence
2020-01-01	2026-08-04	NM_000059.4:c.8023_8024delinsCA	p.Ile2675Gln	missense	VUS	VUS	2	4	MISSING_FUNCTIONAL	MISSING_FUNCTIONAL	PM5:moderate		neighbour_evidence
2020-01-01	2026-08-04	NM_000059.4:c.8023_8025delinsCAC	p.Ile2675His	missense	VUS	VUS	2	4	MISSING_FUNCTIONAL	MISSING_FUNCTIONAL	PM5:moderate		neighbour_evidence
2020-01-01	2026-08-04	NM_000059.4:c.8023_8025delinsCAG	p.Ile2675Gln	missense	VUS	VUS	2	4	MISSING_FUNCTIONAL	MISSING_FUNCTIONAL	PM5:moderate		neighbour_evidence
2020-01-01	2026-08-04	NM_000059.4:c.8023_8025delinsCAT	p.Ile2675His	missense	VUS	VUS	2	4	MISSING_FUNCTIONAL	MISSING_FUNCTIONAL	PM5:moderate		neighbour_evidence
2020-01-01	2026-08-04	NM_000059.4:c.8023_8024delinsCC	p.Ile2675Pro	missense	VUS	VUS	2	4	MISSING_FUNCTIONAL	MISSING_FUNCTIONAL	PM5:moderate		neighbour_evidence
2020-01-01	2026-08-04	NM_000059.4:c.8023_8025delinsCCC	p.Ile2675Pro	missense	VUS	VUS	2	4	MISSING_FUNCTIONAL	MISSING_FUNCTIONAL	PM5:moderate		neighbour_evidence
2020-01-01	2026-08-04	NM_000059.4:c.8023_8025delinsCCG	p.Ile2675Pro	missense	VUS	VUS	2	4	MISSING_FUNCTIONAL	MISSING_FUNCTIONAL	PM5:moderate		neighbour_evidence
2020-01-01	2026-08-04	NM_000059.4:c.8023_8025delinsCCT	p.Ile2675Pro	missense	VUS	VUS	2	4	MISSING_FUNCTIONAL	MISSING_FUNCTIONAL	PM5:moderate		neighbour_evidence
2020-01-01	2026-08-04	NM_000059.4:c.8023_8024delinsCG	p.Ile2675Arg	missense	VUS	VUS	2	4	MISSING_FUNCTIONAL	MISSING_FUNCTIONAL	PM5:moderate		neighbour_evidence
2020-01-01	2026-08-04	NM_000059.4:c.8023_8025delinsCGC	p.Ile2675Arg	missense	VUS	VUS	2	4	MISSING_FUNCTIONAL	MISSING_FUNCTIONAL	PM5:moderate		neighbour_evidence
2020-01-01	2026-08-04	NM_000059.4:c.8023_8025delinsCGG	p.Ile2675Arg	missense	VUS	VUS	2	4	MISSING_FUNCTIONAL	MISSING_FUNCTIONAL	PM5:moderate		neighbour_evidence
2020-01-01	2026-08-04	NM_000059.4:c.8023_8025delinsCGT	p.Ile2675Arg	missense	VUS	VUS	2	4	MISSING_FUNCTIONAL	MISSING_FUNCTIONAL	PM5:moderate		neighbour_evidence
2020-01-01	2026-08-04	NM_000059.4:c.8023_8025delinsCTC	p.Ile2675Leu	missense	VUS	VUS	2	4	MISSING_FUNCTIONAL	MISSING_FUNCTIONAL	PM5:moderate		neighbour_evidence
2020-01-01	2026-08-04	NM_000059.4:c.8023_8025delinsCTG	p.Ile2675Leu	missense	VUS	VUS	2	4	MISSING_FUNCTIONAL	MISSING_FUNCTIONAL	PM5:moderate		neighbour_evidence
2020-01-01	2026-08-04	NM_000059.4:c.8023_8025delinsCTT	p.Ile2675Leu	missense	VUS	VUS	2	4	MISSING_FUNCTIONAL	MISSING_FUNCTIONAL	PM5:moderate		neighbour_evidence
2020-01-01	2026-08-04	NM_000059.4:c.8023_8024delinsGA	p.Ile2675Glu	missense	VUS	VUS	2	4	MISSING_FUNCTIONAL	MISSING_FUNCTIONAL	PM5:moderate		neighbour_evidence
2020-01-01	2026-08-04	NM_000059.4:c.8023_8025delinsGAC	p.Ile2675Asp	missense	VUS	VUS	2	4	MISSING_FUNCTIONAL	MISSING_FUNCTIONAL	PM5:moderate		neighbour_evidence
2020-01-01	2026-08-04	NM_000059.4:c.8023_8025delinsGAG	p.Ile2675Glu	missense	VUS	VUS	2	4	MISSING_FUNCTIONAL	MISSING_FUNCTIONAL	PM5:moderate		neighbour_evidence
2020-01-01	2026-08-04	NM_000059.4:c.8023_8025delinsGAT	p.Ile2675Asp	missense	VUS	VUS	2	4	MISSING_FUNCTIONAL	MISSING_FUNCTIONAL	PM5:moderate		neighbour_evidence
2020-01-01	2026-08-04	NM_000059.4:c.8023_8024delinsGC	p.Ile2675Ala	missense	VUS	VUS	2	4	MISSING_FUNCTIONAL	MISSING_FUNCTIONAL	PM5:moderate		neighbour_evidence
2020-01-01	2026-08-04	NM_000059.4:c.8023_8025delinsGCC	p.Ile2675Ala	missense	VUS	VUS	2	4	MISSING_FUNCTIONAL	MISSING_FUNCTIONAL	PM5:moderate		neighbour_evidence
2020-01-01	2026-08-04	NM_000059.4:c.8023_8025delinsGCG	p.Ile2675Ala	missense	VUS	VUS	2	4	MISSING_FUNCTIONAL	MISSING_FUNCTIONAL	PM5:moderate		neighbour_evidence
2020-01-01	2026-08-04	NM_000059.4:c.8023_8025delinsGCT	p.Ile2675Ala	missense	VUS	VUS	2	4	MISSING_FUNCTIONAL	MISSING_FUNCTIONAL	PM5:moderate		neighbour_evidence
2020-01-01	2026-08-04	NM_000059.4:c.8023_8024delinsGG	p.Ile2675Gly	missense	VUS	VUS	2	4	MISSING_FUNCTIONAL	MISSING_FUNCTIONAL	PM5:moderate		neighbour_evidence
2020-01-01	2026-08-04	NM_000059.4:c.8023_8025delinsGGC	p.Ile2675Gly	missense	VUS	VUS	2	4	MISSING_FUNCTIONAL	MISSING_FUNCTIONAL	PM5:moderate		neighbour_evidence
2020-01-01	2026-08-04	NM_000059.4:c.8023_8025delinsGGG	p.Ile2675Gly	missense	VUS	VUS	2	4	MISSING_FUNCTIONAL	MISSING_FUNCTIONAL	PM5:moderate		neighbour_evidence
2020-01-01	2026-08-04	NM_000059.4:c.8023_8025delinsGGT	p.Ile2675Gly	missense	VUS	VUS	2	4	MISSING_FUNCTIONAL	MISSING_FUNCTIONAL	PM5:moderate		neighbour_evidence
2020-01-01	2026-08-04	NM_000059.4:c.8023_8025delinsGTC	p.Ile2675Val	missense	VUS	LP	2	6	MISSING_FUNCTIONAL	RESOLVED_NOT_BLOCKED	PS1:strong		neighbour_evidence
2020-01-01	2026-08-04	NM_000059.4:c.8023_8025delinsGTG	p.Ile2675Val	missense	VUS	LP	2	6	MISSING_FUNCTIONAL	RESOLVED_NOT_BLOCKED	PS1:strong		neighbour_evidence
2020-01-01	2026-08-04	NM_000059.4:c.8023_8025delinsGTT	p.Ile2675Val	missense	VUS	LP	2	6	MISSING_FUNCTIONAL	RESOLVED_NOT_BLOCKED	PS1:strong		neighbour_evidence
2020-01-01	2026-08-04	NM_000059.4:c.8023_8025delinsTAC	p.Ile2675Tyr	missense	VUS	VUS	2	4	MISSING_FUNCTIONAL	MISSING_FUNCTIONAL	PM5:moderate		neighbour_evidence
2020-01-01	2026-08-04	NM_000059.4:c.8023_8025delinsTAT	p.Ile2675Tyr	missense	VUS	VUS	2	4	MISSING_FUNCTIONAL	MISSING_FUNCTIONAL	PM5:moderate		neighbour_evidence
2020-01-01	2026-08-04	NM_000059.4:c.8023_8024delinsTC	p.Ile2675Ser	missense	VUS	VUS	2	4	MISSING_FUNCTIONAL	MISSING_FUNCTIONAL	PM5:moderate		neighbour_evidence
2020-01-01	2026-08-04	NM_000059.4:c.8023_8025delinsTCC	p.Ile2675Ser	missense	VUS	VUS	2	4	MISSING_FUNCTIONAL	MISSING_FUNCTIONAL	PM5:moderate		neighbour_evidence
2020-01-01	2026-08-04	NM_000059.4:c.8023_8025delinsTCG	p.Ile2675Ser	missense	VUS	VUS	2	4	MISSING_FUNCTIONAL	MISSING_FUNCTIONAL	PM5:moderate		neighbour_evidence
2020-01-01	2026-08-04	NM_000059.4:c.8023_8025delinsTCT	p.Ile2675Ser	missense	VUS	VUS	2	4	MISSING_FUNCTIONAL	MISSING_FUNCTIONAL	PM5:moderate		neighbour_evidence
2020-01-01	2026-08-04	NM_000059.4:c.8023_8025delinsTGC	p.Ile2675Cys	missense	VUS	VUS	2	4	MISSING_FUNCTIONAL	MISSING_FUNCTIONAL	PM5:moderate		neighbour_evidence
2020-01-01	2026-08-04	NM_000059.4:c.8023_8025delinsTGG	p.Ile2675Trp	missense	VUS	VUS	2	4	MISSING_FUNCTIONAL	MISSING_FUNCTIONAL	PM5:moderate		neighbour_evidence
2020-01-01	2026-08-04	NM_000059.4:c.8023_8025delinsTGT	p.Ile2675Cys	missense	VUS	VUS	2	4	MISSING_FUNCTIONAL	MISSING_FUNCTIONAL	PM5:moderate		neighbour_evidence
2020-01-01	2026-08-04	NM_000059.4:c.8023_8025delinsTTC	p.Ile2675Phe	missense	VUS	VUS	2	4	MISSING_FUNCTIONAL	MISSING_FUNCTIONAL	PM5:moderate		neighbour_evidence
2020-01-01	2026-08-04	NM_000059.4:c.8023_8025delinsTTG	p.Ile2675Leu	missense	VUS	VUS	2	4	MISSING_FUNCTIONAL	MISSING_FUNCTIONAL	PM5:moderate		neighbour_evidence
2020-01-01	2026-08-04	NM_000059.4:c.8023_8025delinsTTT	p.Ile2675Phe	missense	VUS	VUS	2	4	MISSING_FUNCTIONAL	MISSING_FUNCTIONAL	PM5:moderate		neighbour_evidence
2020-01-01	2026-08-04	NM_000059.4:c.8056_8058delinsAAA	p.Leu2686Lys	missense	VUS	VUS	2	4	MISSING_FUNCTIONAL	MISSING_FUNCTIONAL	PM5:moderate		neighbour_evidence
2020-01-01	2026-08-04	NM_000059.4:c.8056_8058delinsAAC	p.Leu2686Asn	missense	VUS	VUS	2	4	MISSING_FUNCTIONAL	MISSING_FUNCTIONAL	PM5:moderate		neighbour_evidence
2020-01-01	2026-08-04	NM_000059.4:c.8056_8058delinsAAG	p.Leu2686Lys	missense	VUS	VUS	2	4	MISSING_FUNCTIONAL	MISSING_FUNCTIONAL	PM5:moderate		neighbour_evidence
2020-01-01	2026-08-04	NM_000059.4:c.8056_8057delinsAA	p.Leu2686Asn	missense	VUS	VUS	2	4	MISSING_FUNCTIONAL	MISSING_FUNCTIONAL	PM5:moderate		neighbour_evidence
2020-01-01	2026-08-04	NM_000059.4:c.8056_8058delinsACA	p.Leu2686Thr	missense	VUS	VUS	2	4	MISSING_FUNCTIONAL	MISSING_FUNCTIONAL	PM5:moderate		neighbour_evidence
2020-01-01	2026-08-04	NM_000059.4:c.8056_8058delinsACC	p.Leu2686Thr	missense	VUS	VUS	2	4	MISSING_FUNCTIONAL	MISSING_FUNCTIONAL	PM5:moderate		neighbour_evidence
2020-01-01	2026-08-04	NM_000059.4:c.8056_8058delinsACG	p.Leu2686Thr	missense	VUS	VUS	2	4	MISSING_FUNCTIONAL	MISSING_FUNCTIONAL	PM5:moderate		neighbour_evidence
2020-01-01	2026-08-04	NM_000059.4:c.8056_8057delinsAC	p.Leu2686Thr	missense	VUS	VUS	2	4	MISSING_FUNCTIONAL	MISSING_FUNCTIONAL	PM5:moderate		neighbour_evidence
2020-01-01	2026-08-04	NM_000059.4:c.8056_8058delinsAGA	p.Leu2686Arg	missense	VUS	VUS	2	4	MISSING_FUNCTIONAL	MISSING_FUNCTIONAL	PM5:moderate		neighbour_evidence
2020-01-01	2026-08-04	NM_000059.4:c.8056_8058delinsAGC	p.Leu2686Ser	missense	VUS	VUS	2	4	MISSING_FUNCTIONAL	MISSING_FUNCTIONAL	PM5:moderate		neighbour_evidence
2020-01-01	2026-08-04	NM_000059.4:c.8056_8058delinsAGG	p.Leu2686Arg	missense	VUS	VUS	2	4	MISSING_FUNCTIONAL	MISSING_FUNCTIONAL	PM5:moderate		neighbour_evidence
2020-01-01	2026-08-04	NM_000059.4:c.8056_8057delinsAG	p.Leu2686Ser	missense	VUS	VUS	2	4	MISSING_FUNCTIONAL	MISSING_FUNCTIONAL	PM5:moderate		neighbour_evidence
2020-01-01	2026-08-04	NM_000059.4:c.8056_8058delinsATA	p.Leu2686Ile	missense	VUS	VUS	2	4	MISSING_FUNCTIONAL	MISSING_FUNCTIONAL	PM5:moderate		neighbour_evidence
2020-01-01	2026-08-04	NM_000059.4:c.8056_8058delinsATC	p.Leu2686Ile	missense	VUS	VUS	2	4	MISSING_FUNCTIONAL	MISSING_FUNCTIONAL	PM5:moderate		neighbour_evidence
2020-01-01	2026-08-04	NM_000059.4:c.8056_8058delinsATG	p.Leu2686Met	missense	VUS	VUS	2	4	MISSING_FUNCTIONAL	MISSING_FUNCTIONAL	PM5:moderate		neighbour_evidence
2020-01-01	2026-08-04	NM_000059.4:c.8057_8058delinsAA	p.Leu2686Gln	missense	VUS	VUS	2	4	MISSING_FUNCTIONAL	MISSING_FUNCTIONAL	PM5:moderate		neighbour_evidence
2020-01-01	2026-08-04	NM_000059.4:c.8057_8058delinsAC	p.Leu2686His	missense	VUS	VUS	2	4	MISSING_FUNCTIONAL	MISSING_FUNCTIONAL	PM5:moderate		neighbour_evidence
2020-01-01	2026-08-04	NM_000059.4:c.8057_8058delinsAG	p.Leu2686Gln	missense	VUS	VUS	2	4	MISSING_FUNCTIONAL	MISSING_FUNCTIONAL	PM5:moderate		neighbour_evidence
2020-01-01	2026-08-04	NM_000059.4:c.8057_8058delinsCA	p.Leu2686Pro	missense	VUS	LP	2	6	MISSING_FUNCTIONAL	RESOLVED_NOT_BLOCKED	PS1:strong		neighbour_evidence
2020-01-01	2026-08-04	NM_000059.4:c.8057_8058delinsCC	p.Leu2686Pro	missense	VUS	LP	2	6	MISSING_FUNCTIONAL	RESOLVED_NOT_BLOCKED	PS1:strong		neighbour_evidence
2020-01-01	2026-08-04	NM_000059.4:c.8057_8058delinsCG	p.Leu2686Pro	missense	VUS	LP	2	6	MISSING_FUNCTIONAL	RESOLVED_NOT_BLOCKED	PS1:strong		neighbour_evidence
2020-01-01	2026-08-04	NM_000059.4:c.8057_8058delinsGA	p.Leu2686Arg	missense	VUS	VUS	2	4	MISSING_FUNCTIONAL	MISSING_FUNCTIONAL	PM5:moderate		neighbour_evidence
2020-01-01	2026-08-04	NM_000059.4:c.8057_8058delinsGC	p.Leu2686Arg	missense	VUS	VUS	2	4	MISSING_FUNCTIONAL	MISSING_FUNCTIONAL	PM5:moderate		neighbour_evidence
2020-01-01	2026-08-04	NM_000059.4:c.8057_8058delinsGG	p.Leu2686Arg	missense	VUS	VUS	2	4	MISSING_FUNCTIONAL	MISSING_FUNCTIONAL	PM5:moderate		neighbour_evidence
2020-01-01	2026-08-04	NM_000059.4:c.8056_8058delinsGAA	p.Leu2686Glu	missense	VUS	VUS	2	4	MISSING_FUNCTIONAL	MISSING_FUNCTIONAL	PM5:moderate		neighbour_evidence
2020-01-01	2026-08-04	NM_000059.4:c.8056_8058delinsGAC	p.Leu2686Asp	missense	VUS	VUS	2	4	MISSING_FUNCTIONAL	MISSING_FUNCTIONAL	PM5:moderate		neighbour_evidence
2020-01-01	2026-08-04	NM_000059.4:c.8056_8058delinsGAG	p.Leu2686Glu	missense	VUS	VUS	2	4	MISSING_FUNCTIONAL	MISSING_FUNCTIONAL	PM5:moderate		neighbour_evidence
2020-01-01	2026-08-04	NM_000059.4:c.8056_8057delinsGA	p.Leu2686Asp	missense	VUS	VUS	2	4	MISSING_FUNCTIONAL	MISSING_FUNCTIONAL	PM5:moderate		neighbour_evidence
2020-01-01	2026-08-04	NM_000059.4:c.8056_8058delinsGCA	p.Leu2686Ala	missense	VUS	VUS	2	4	MISSING_FUNCTIONAL	MISSING_FUNCTIONAL	PM5:moderate		neighbour_evidence
2020-01-01	2026-08-04	NM_000059.4:c.8056_8058delinsGCC	p.Leu2686Ala	missense	VUS	VUS	2	4	MISSING_FUNCTIONAL	MISSING_FUNCTIONAL	PM5:moderate		neighbour_evidence
2020-01-01	2026-08-04	NM_000059.4:c.8056_8058delinsGCG	p.Leu2686Ala	missense	VUS	VUS	2	4	MISSING_FUNCTIONAL	MISSING_FUNCTIONAL	PM5:moderate		neighbour_evidence
2020-01-01	2026-08-04	NM_000059.4:c.8056_8057delinsGC	p.Leu2686Ala	missense	VUS	VUS	2	4	MISSING_FUNCTIONAL	MISSING_FUNCTIONAL	PM5:moderate		neighbour_evidence
2020-01-01	2026-08-04	NM_000059.4:c.8056_8058delinsGGA	p.Leu2686Gly	missense	VUS	VUS	2	4	MISSING_FUNCTIONAL	MISSING_FUNCTIONAL	PM5:moderate		neighbour_evidence
2020-01-01	2026-08-04	NM_000059.4:c.8056_8058delinsGGC	p.Leu2686Gly	missense	VUS	VUS	2	4	MISSING_FUNCTIONAL	MISSING_FUNCTIONAL	PM5:moderate		neighbour_evidence
2020-01-01	2026-08-04	NM_000059.4:c.8056_8058delinsGGG	p.Leu2686Gly	missense	VUS	VUS	2	4	MISSING_FUNCTIONAL	MISSING_FUNCTIONAL	PM5:moderate		neighbour_evidence
2020-01-01	2026-08-04	NM_000059.4:c.8056_8057delinsGG	p.Leu2686Gly	missense	VUS	VUS	2	4	MISSING_FUNCTIONAL	MISSING_FUNCTIONAL	PM5:moderate		neighbour_evidence
2020-01-01	2026-08-04	NM_000059.4:c.8056_8058delinsGTA	p.Leu2686Val	missense	VUS	VUS	2	4	MISSING_FUNCTIONAL	MISSING_FUNCTIONAL	PM5:moderate		neighbour_evidence
2020-01-01	2026-08-04	NM_000059.4:c.8056_8058delinsGTC	p.Leu2686Val	missense	VUS	VUS	2	4	MISSING_FUNCTIONAL	MISSING_FUNCTIONAL	PM5:moderate		neighbour_evidence
2020-01-01	2026-08-04	NM_000059.4:c.8056_8058delinsGTG	p.Leu2686Val	missense	VUS	VUS	2	4	MISSING_FUNCTIONAL	MISSING_FUNCTIONAL	PM5:moderate		neighbour_evidence
2020-01-01	2026-08-04	NM_000059.4:c.8056_8058delinsTAC	p.Leu2686Tyr	missense	VUS	VUS	2	4	MISSING_FUNCTIONAL	MISSING_FUNCTIONAL	PM5:moderate		neighbour_evidence
2020-01-01	2026-08-04	NM_000059.4:c.8056_8057delinsTA	p.Leu2686Tyr	missense	VUS	VUS	2	4	MISSING_FUNCTIONAL	MISSING_FUNCTIONAL	PM5:moderate		neighbour_evidence
2020-01-01	2026-08-04	NM_000059.4:c.8056_8058delinsTCA	p.Leu2686Ser	missense	VUS	VUS	2	4	MISSING_FUNCTIONAL	MISSING_FUNCTIONAL	PM5:moderate		neighbour_evidence
2020-01-01	2026-08-04	NM_000059.4:c.8056_8058delinsTCC	p.Leu2686Ser	missense	VUS	VUS	2	4	MISSING_FUNCTIONAL	MISSING_FUNCTIONAL	PM5:moderate		neighbour_evidence
2020-01-01	2026-08-04	NM_000059.4:c.8056_8058delinsTCG	p.Leu2686Ser	missense	VUS	VUS	2	4	MISSING_FUNCTIONAL	MISSING_FUNCTIONAL	PM5:moderate		neighbour_evidence
2020-01-01	2026-08-04	NM_000059.4:c.8056_8057delinsTC	p.Leu2686Ser	missense	VUS	VUS	2	4	MISSING_FUNCTIONAL	MISSING_FUNCTIONAL	PM5:moderate		neighbour_evidence
2020-01-01	2026-08-04	NM_000059.4:c.8056_8058delinsTGC	p.Leu2686Cys	missense	VUS	VUS	2	4	MISSING_FUNCTIONAL	MISSING_FUNCTIONAL	PM5:moderate		neighbour_evidence
2020-01-01	2026-08-04	NM_000059.4:c.8056_8058delinsTGG	p.Leu2686Trp	missense	VUS	VUS	2	4	MISSING_FUNCTIONAL	MISSING_FUNCTIONAL	PM5:moderate		neighbour_evidence
2020-01-01	2026-08-04	NM_000059.4:c.8056_8057delinsTG	p.Leu2686Cys	missense	VUS	VUS	2	4	MISSING_FUNCTIONAL	MISSING_FUNCTIONAL	PM5:moderate		neighbour_evidence
2020-01-01	2026-08-04	NM_000059.4:c.8056_8058delinsTTC	p.Leu2686Phe	missense	VUS	VUS	2	4	MISSING_FUNCTIONAL	MISSING_FUNCTIONAL	PM5:moderate		neighbour_evidence
2020-01-01	2026-08-04	NM_000059.4:c.8062_8064delinsAAA	p.Leu2688Lys	missense	VUS	VUS	2	4	MISSING_FUNCTIONAL	MISSING_FUNCTIONAL	PM5:moderate		neighbour_evidence
2020-01-01	2026-08-04	NM_000059.4:c.8062_8063delinsAA	p.Leu2688Asn	missense	VUS	VUS	2	4	MISSING_FUNCTIONAL	MISSING_FUNCTIONAL	PM5:moderate		neighbour_evidence
2020-01-01	2026-08-04	NM_000059.4:c.8062_8064delinsAAG	p.Leu2688Lys	missense	VUS	VUS	2	4	MISSING_FUNCTIONAL	MISSING_FUNCTIONAL	PM5:moderate		neighbour_evidence
2020-01-01	2026-08-04	NM_000059.4:c.8062_8064delinsAAT	p.Leu2688Asn	missense	VUS	VUS	2	4	MISSING_FUNCTIONAL	MISSING_FUNCTIONAL	PM5:moderate		neighbour_evidence
2020-01-01	2026-08-04	NM_000059.4:c.8062_8064delinsACA	p.Leu2688Thr	missense	VUS	VUS	2	4	MISSING_FUNCTIONAL	MISSING_FUNCTIONAL	PM5:moderate		neighbour_evidence
2020-01-01	2026-08-04	NM_000059.4:c.8062_8063delinsAC	p.Leu2688Thr	missense	VUS	VUS	2	4	MISSING_FUNCTIONAL	MISSING_FUNCTIONAL	PM5:moderate		neighbour_evidence
2020-01-01	2026-08-04	NM_000059.4:c.8062_8064delinsACG	p.Leu2688Thr	missense	VUS	VUS	2	4	MISSING_FUNCTIONAL	MISSING_FUNCTIONAL	PM5:moderate		neighbour_evidence
2020-01-01	2026-08-04	NM_000059.4:c.8062_8064delinsACT	p.Leu2688Thr	missense	VUS	VUS	2	4	MISSING_FUNCTIONAL	MISSING_FUNCTIONAL	PM5:moderate		neighbour_evidence
2020-01-01	2026-08-04	NM_000059.4:c.8062_8064delinsAGA	p.Leu2688Arg	missense	VUS	VUS	2	4	MISSING_FUNCTIONAL	MISSING_FUNCTIONAL	PM5:moderate		neighbour_evidence
2020-01-01	2026-08-04	NM_000059.4:c.8062_8063delinsAG	p.Leu2688Ser	missense	VUS	VUS	2	4	MISSING_FUNCTIONAL	MISSING_FUNCTIONAL	PM5:moderate		neighbour_evidence
2020-01-01	2026-08-04	NM_000059.4:c.8062_8064delinsAGG	p.Leu2688Arg	missense	VUS	VUS	2	4	MISSING_FUNCTIONAL	MISSING_FUNCTIONAL	PM5:moderate		neighbour_evidence
2020-01-01	2026-08-04	NM_000059.4:c.8062_8064delinsAGT	p.Leu2688Ser	missense	VUS	VUS	2	4	MISSING_FUNCTIONAL	MISSING_FUNCTIONAL	PM5:moderate		neighbour_evidence
2020-01-01	2026-08-04	NM_000059.4:c.8062_8064delinsATA	p.Leu2688Ile	missense	VUS	VUS	2	4	MISSING_FUNCTIONAL	MISSING_FUNCTIONAL	PM5:moderate		neighbour_evidence
2020-01-01	2026-08-04	NM_000059.4:c.8062_8064delinsATG	p.Leu2688Met	missense	VUS	VUS	2	4	MISSING_FUNCTIONAL	MISSING_FUNCTIONAL	PM5:moderate		neighbour_evidence
2020-01-01	2026-08-04	NM_000059.4:c.8062_8064delinsATT	p.Leu2688Ile	missense	VUS	VUS	2	4	MISSING_FUNCTIONAL	MISSING_FUNCTIONAL	PM5:moderate		neighbour_evidence
2020-01-01	2026-08-04	NM_000059.4:c.8063_8064delinsAA	p.Leu2688Gln	missense	VUS	VUS	2	4	MISSING_FUNCTIONAL	MISSING_FUNCTIONAL	PM5:moderate		neighbour_evidence
2020-01-01	2026-08-04	NM_000059.4:c.8063_8064delinsAG	p.Leu2688Gln	missense	VUS	VUS	2	4	MISSING_FUNCTIONAL	MISSING_FUNCTIONAL	PM5:moderate		neighbour_evidence
2020-01-01	2026-08-04	NM_000059.4:c.8063_8064delinsAT	p.Leu2688His	missense	VUS	LP	2	8	MISSING_FUNCTIONAL	RESOLVED_NOT_BLOCKED	PM5:moderate;PS1:strong		neighbour_evidence
2020-01-01	2026-08-04	NM_000059.4:c.8063_8064delinsCA	p.Leu2688Pro	missense	VUS	LP	2	8	MISSING_FUNCTIONAL	RESOLVED_NOT_BLOCKED	PM5:moderate;PS1:strong		neighbour_evidence
2020-01-01	2026-08-04	NM_000059.4:c.8063_8064delinsCG	p.Leu2688Pro	missense	VUS	LP	2	8	MISSING_FUNCTIONAL	RESOLVED_NOT_BLOCKED	PM5:moderate;PS1:strong		neighbour_evidence
2020-01-01	2026-08-04	NM_000059.4:c.8063_8064delinsCT	p.Leu2688Pro	missense	VUS	LP	2	8	MISSING_FUNCTIONAL	RESOLVED_NOT_BLOCKED	PM5:moderate;PS1:strong		neighbour_evidence
2020-01-01	2026-08-04	NM_000059.4:c.8063_8064delinsGA	p.Leu2688Arg	missense	VUS	VUS	2	4	MISSING_FUNCTIONAL	MISSING_FUNCTIONAL	PM5:moderate		neighbour_evidence
2020-01-01	2026-08-04	NM_000059.4:c.8063_8064delinsGG	p.Leu2688Arg	missense	VUS	VUS	2	4	MISSING_FUNCTIONAL	MISSING_FUNCTIONAL	PM5:moderate		neighbour_evidence
2020-01-01	2026-08-04	NM_000059.4:c.8063_8064delinsGT	p.Leu2688Arg	missense	VUS	VUS	2	4	MISSING_FUNCTIONAL	MISSING_FUNCTIONAL	PM5:moderate		neighbour_evidence
2020-01-01	2026-08-04	NM_000059.4:c.8062_8064delinsGAA	p.Leu2688Glu	missense	VUS	VUS	2	4	MISSING_FUNCTIONAL	MISSING_FUNCTIONAL	PM5:moderate		neighbour_evidence
2020-01-01	2026-08-04	NM_000059.4:c.8062_8063delinsGA	p.Leu2688Asp	missense	VUS	VUS	2	4	MISSING_FUNCTIONAL	MISSING_FUNCTIONAL	PM5:moderate		neighbour_evidence
2020-01-01	2026-08-04	NM_000059.4:c.8062_8064delinsGAG	p.Leu2688Glu	missense	VUS	VUS	2	4	MISSING_FUNCTIONAL	MISSING_FUNCTIONAL	PM5:moderate		neighbour_evidence
2020-01-01	2026-08-04	NM_000059.4:c.8062_8064delinsGAT	p.Leu2688Asp	missense	VUS	VUS	2	4	MISSING_FUNCTIONAL	MISSING_FUNCTIONAL	PM5:moderate		neighbour_evidence
2020-01-01	2026-08-04	NM_000059.4:c.8062_8064delinsGCA	p.Leu2688Ala	missense	VUS	VUS	2	4	MISSING_FUNCTIONAL	MISSING_FUNCTIONAL	PM5:moderate		neighbour_evidence
2020-01-01	2026-08-04	NM_000059.4:c.8062_8063delinsGC	p.Leu2688Ala	missense	VUS	VUS	2	4	MISSING_FUNCTIONAL	MISSING_FUNCTIONAL	PM5:moderate		neighbour_evidence
2020-01-01	2026-08-04	NM_000059.4:c.8062_8064delinsGCG	p.Leu2688Ala	missense	VUS	VUS	2	4	MISSING_FUNCTIONAL	MISSING_FUNCTIONAL	PM5:moderate		neighbour_evidence
2020-01-01	2026-08-04	NM_000059.4:c.8062_8064delinsGCT	p.Leu2688Ala	missense	VUS	VUS	2	4	MISSING_FUNCTIONAL	MISSING_FUNCTIONAL	PM5:moderate		neighbour_evidence
2020-01-01	2026-08-04	NM_000059.4:c.8062_8064delinsGGA	p.Leu2688Gly	missense	VUS	VUS	2	4	MISSING_FUNCTIONAL	MISSING_FUNCTIONAL	PM5:moderate		neighbour_evidence
2020-01-01	2026-08-04	NM_000059.4:c.8062_8063delinsGG	p.Leu2688Gly	missense	VUS	VUS	2	4	MISSING_FUNCTIONAL	MISSING_FUNCTIONAL	PM5:moderate		neighbour_evidence
2020-01-01	2026-08-04	NM_000059.4:c.8062_8064delinsGGG	p.Leu2688Gly	missense	VUS	VUS	2	4	MISSING_FUNCTIONAL	MISSING_FUNCTIONAL	PM5:moderate		neighbour_evidence
2020-01-01	2026-08-04	NM_000059.4:c.8062_8064delinsGGT	p.Leu2688Gly	missense	VUS	VUS	2	4	MISSING_FUNCTIONAL	MISSING_FUNCTIONAL	PM5:moderate		neighbour_evidence
2020-01-01	2026-08-04	NM_000059.4:c.8062_8064delinsGTA	p.Leu2688Val	missense	VUS	VUS	2	4	MISSING_FUNCTIONAL	MISSING_FUNCTIONAL	PM5:moderate		neighbour_evidence
2020-01-01	2026-08-04	NM_000059.4:c.8062_8064delinsGTG	p.Leu2688Val	missense	VUS	VUS	2	4	MISSING_FUNCTIONAL	MISSING_FUNCTIONAL	PM5:moderate		neighbour_evidence
2020-01-01	2026-08-04	NM_000059.4:c.8062_8064delinsGTT	p.Leu2688Val	missense	VUS	VUS	2	4	MISSING_FUNCTIONAL	MISSING_FUNCTIONAL	PM5:moderate		neighbour_evidence
2020-01-01	2026-08-04	NM_000059.4:c.8062_8063delinsTA	p.Leu2688Tyr	missense	VUS	VUS	2	4	MISSING_FUNCTIONAL	MISSING_FUNCTIONAL	PM5:moderate		neighbour_evidence
2020-01-01	2026-08-04	NM_000059.4:c.8062_8064delinsTAT	p.Leu2688Tyr	missense	VUS	VUS	2	4	MISSING_FUNCTIONAL	MISSING_FUNCTIONAL	PM5:moderate		neighbour_evidence
2020-01-01	2026-08-04	NM_000059.4:c.8062_8064delinsTCA	p.Leu2688Ser	missense	VUS	VUS	2	4	MISSING_FUNCTIONAL	MISSING_FUNCTIONAL	PM5:moderate		neighbour_evidence
2020-01-01	2026-08-04	NM_000059.4:c.8062_8063delinsTC	p.Leu2688Ser	missense	VUS	VUS	2	4	MISSING_FUNCTIONAL	MISSING_FUNCTIONAL	PM5:moderate		neighbour_evidence
2020-01-01	2026-08-04	NM_000059.4:c.8062_8064delinsTCG	p.Leu2688Ser	missense	VUS	VUS	2	4	MISSING_FUNCTIONAL	MISSING_FUNCTIONAL	PM5:moderate		neighbour_evidence
2020-01-01	2026-08-04	NM_000059.4:c.8062_8064delinsTCT	p.Leu2688Ser	missense	VUS	VUS	2	4	MISSING_FUNCTIONAL	MISSING_FUNCTIONAL	PM5:moderate		neighbour_evidence
2020-01-01	2026-08-04	NM_000059.4:c.8062_8063delinsTG	p.Leu2688Cys	missense	VUS	VUS	2	4	MISSING_FUNCTIONAL	MISSING_FUNCTIONAL	PM5:moderate		neighbour_evidence
2020-01-01	2026-08-04	NM_000059.4:c.8062_8064delinsTGG	p.Leu2688Trp	missense	VUS	VUS	2	4	MISSING_FUNCTIONAL	MISSING_FUNCTIONAL	PM5:moderate		neighbour_evidence
2020-01-01	2026-08-04	NM_000059.4:c.8062_8064delinsTGT	p.Leu2688Cys	missense	VUS	VUS	2	4	MISSING_FUNCTIONAL	MISSING_FUNCTIONAL	PM5:moderate		neighbour_evidence
2020-01-01	2026-08-04	NM_000059.4:c.8062_8064delinsTTT	p.Leu2688Phe	missense	VUS	VUS	2	4	MISSING_FUNCTIONAL	MISSING_FUNCTIONAL	PM5:moderate		neighbour_evidence
2020-01-01	2026-08-04	NM_000059.4:c.8161_8163delinsAAA	p.Leu2721Lys	missense	VUS	VUS	2	4	MISSING_FUNCTIONAL	MISSING_FUNCTIONAL	PM5:moderate		neighbour_evidence
2020-01-01	2026-08-04	NM_000059.4:c.8161_8163delinsAAC	p.Leu2721Asn	missense	VUS	VUS	2	4	MISSING_FUNCTIONAL	MISSING_FUNCTIONAL	PM5:moderate		neighbour_evidence
2020-01-01	2026-08-04	NM_000059.4:c.8161_8163delinsAAG	p.Leu2721Lys	missense	VUS	VUS	2	4	MISSING_FUNCTIONAL	MISSING_FUNCTIONAL	PM5:moderate		neighbour_evidence
2020-01-01	2026-08-04	NM_000059.4:c.8161_8162delinsAA	p.Leu2721Asn	missense	VUS	VUS	2	4	MISSING_FUNCTIONAL	MISSING_FUNCTIONAL	PM5:moderate		neighbour_evidence
2020-01-01	2026-08-04	NM_000059.4:c.8161_8163delinsACA	p.Leu2721Thr	missense	VUS	VUS	2	4	MISSING_FUNCTIONAL	MISSING_FUNCTIONAL	PM5:moderate		neighbour_evidence
2020-01-01	2026-08-04	NM_000059.4:c.8161_8163delinsACC	p.Leu2721Thr	missense	VUS	VUS	2	4	MISSING_FUNCTIONAL	MISSING_FUNCTIONAL	PM5:moderate		neighbour_evidence
2020-01-01	2026-08-04	NM_000059.4:c.8161_8163delinsACG	p.Leu2721Thr	missense	VUS	VUS	2	4	MISSING_FUNCTIONAL	MISSING_FUNCTIONAL	PM5:moderate		neighbour_evidence
2020-01-01	2026-08-04	NM_000059.4:c.8161_8162delinsAC	p.Leu2721Thr	missense	VUS	VUS	2	4	MISSING_FUNCTIONAL	MISSING_FUNCTIONAL	PM5:moderate		neighbour_evidence
2020-01-01	2026-08-04	NM_000059.4:c.8161_8163delinsAGA	p.Leu2721Arg	missense	VUS	VUS	2	4	MISSING_FUNCTIONAL	MISSING_FUNCTIONAL	PM5:moderate		neighbour_evidence
2020-01-01	2026-08-04	NM_000059.4:c.8161_8163delinsAGC	p.Leu2721Ser	missense	VUS	VUS	2	4	MISSING_FUNCTIONAL	MISSING_FUNCTIONAL	PM5:moderate		neighbour_evidence
2020-01-01	2026-08-04	NM_000059.4:c.8161_8163delinsAGG	p.Leu2721Arg	missense	VUS	VUS	2	4	MISSING_FUNCTIONAL	MISSING_FUNCTIONAL	PM5:moderate		neighbour_evidence
2020-01-01	2026-08-04	NM_000059.4:c.8161_8162delinsAG	p.Leu2721Ser	missense	VUS	VUS	2	4	MISSING_FUNCTIONAL	MISSING_FUNCTIONAL	PM5:moderate		neighbour_evidence
2020-01-01	2026-08-04	NM_000059.4:c.8161_8163delinsATA	p.Leu2721Ile	missense	VUS	VUS	2	4	MISSING_FUNCTIONAL	MISSING_FUNCTIONAL	PM5:moderate		neighbour_evidence
2020-01-01	2026-08-04	NM_000059.4:c.8161_8163delinsATC	p.Leu2721Ile	missense	VUS	VUS	2	4	MISSING_FUNCTIONAL	MISSING_FUNCTIONAL	PM5:moderate		neighbour_evidence
2020-01-01	2026-08-04	NM_000059.4:c.8161_8163delinsATG	p.Leu2721Met	missense	VUS	VUS	2	4	MISSING_FUNCTIONAL	MISSING_FUNCTIONAL	PM5:moderate		neighbour_evidence
2020-01-01	2026-08-04	NM_000059.4:c.8162_8163delinsAA	p.Leu2721Gln	missense	VUS	VUS	2	4	MISSING_FUNCTIONAL	MISSING_FUNCTIONAL	PM5:moderate		neighbour_evidence
2020-01-01	2026-08-04	NM_000059.4:c.8162_8163delinsAC	p.Leu2721His	missense	VUS	LP	2	6	MISSING_FUNCTIONAL	RESOLVED_NOT_BLOCKED	PS1:strong		neighbour_evidence
2020-01-01	2026-08-04	NM_000059.4:c.8162_8163delinsAG	p.Leu2721Gln	missense	VUS	VUS	2	4	MISSING_FUNCTIONAL	MISSING_FUNCTIONAL	PM5:moderate		neighbour_evidence
2020-01-01	2026-08-04	NM_000059.4:c.8162_8163delinsCA	p.Leu2721Pro	missense	VUS	VUS	2	4	MISSING_FUNCTIONAL	MISSING_FUNCTIONAL	PM5:moderate		neighbour_evidence
2020-01-01	2026-08-04	NM_000059.4:c.8162_8163delinsCC	p.Leu2721Pro	missense	VUS	VUS	2	4	MISSING_FUNCTIONAL	MISSING_FUNCTIONAL	PM5:moderate		neighbour_evidence
2020-01-01	2026-08-04	NM_000059.4:c.8162_8163delinsCG	p.Leu2721Pro	missense	VUS	VUS	2	4	MISSING_FUNCTIONAL	MISSING_FUNCTIONAL	PM5:moderate		neighbour_evidence
2020-01-01	2026-08-04	NM_000059.4:c.8162_8163delinsGA	p.Leu2721Arg	missense	VUS	VUS	2	4	MISSING_FUNCTIONAL	MISSING_FUNCTIONAL	PM5:moderate		neighbour_evidence
2020-01-01	2026-08-04	NM_000059.4:c.8162_8163delinsGC	p.Leu2721Arg	missense	VUS	VUS	2	4	MISSING_FUNCTIONAL	MISSING_FUNCTIONAL	PM5:moderate		neighbour_evidence
2020-01-01	2026-08-04	NM_000059.4:c.8162_8163delinsGG	p.Leu2721Arg	missense	VUS	VUS	2	4	MISSING_FUNCTIONAL	MISSING_FUNCTIONAL	PM5:moderate		neighbour_evidence
2020-01-01	2026-08-04	NM_000059.4:c.8161_8163delinsGAA	p.Leu2721Glu	missense	VUS	VUS	2	4	MISSING_FUNCTIONAL	MISSING_FUNCTIONAL	PM5:moderate		neighbour_evidence
2020-01-01	2026-08-04	NM_000059.4:c.8161_8163delinsGAC	p.Leu2721Asp	missense	VUS	VUS	2	4	MISSING_FUNCTIONAL	MISSING_FUNCTIONAL	PM5:moderate		neighbour_evidence
2020-01-01	2026-08-04	NM_000059.4:c.8161_8163delinsGAG	p.Leu2721Glu	missense	VUS	VUS	2	4	MISSING_FUNCTIONAL	MISSING_FUNCTIONAL	PM5:moderate		neighbour_evidence
2020-01-01	2026-08-04	NM_000059.4:c.8161_8162delinsGA	p.Leu2721Asp	missense	VUS	VUS	2	4	MISSING_FUNCTIONAL	MISSING_FUNCTIONAL	PM5:moderate		neighbour_evidence
2020-01-01	2026-08-04	NM_000059.4:c.8161_8163delinsGCA	p.Leu2721Ala	missense	VUS	VUS	2	4	MISSING_FUNCTIONAL	MISSING_FUNCTIONAL	PM5:moderate		neighbour_evidence
2020-01-01	2026-08-04	NM_000059.4:c.8161_8163delinsGCC	p.Leu2721Ala	missense	VUS	VUS	2	4	MISSING_FUNCTIONAL	MISSING_FUNCTIONAL	PM5:moderate		neighbour_evidence
2020-01-01	2026-08-04	NM_000059.4:c.8161_8163delinsGCG	p.Leu2721Ala	missense	VUS	VUS	2	4	MISSING_FUNCTIONAL	MISSING_FUNCTIONAL	PM5:moderate		neighbour_evidence
2020-01-01	2026-08-04	NM_000059.4:c.8161_8162delinsGC	p.Leu2721Ala	missense	VUS	VUS	2	4	MISSING_FUNCTIONAL	MISSING_FUNCTIONAL	PM5:moderate		neighbour_evidence
2020-01-01	2026-08-04	NM_000059.4:c.8161_8163delinsGGA	p.Leu2721Gly	missense	VUS	VUS	2	4	MISSING_FUNCTIONAL	MISSING_FUNCTIONAL	PM5:moderate		neighbour_evidence
2020-01-01	2026-08-04	NM_000059.4:c.8161_8163delinsGGC	p.Leu2721Gly	missense	VUS	VUS	2	4	MISSING_FUNCTIONAL	MISSING_FUNCTIONAL	PM5:moderate		neighbour_evidence
2020-01-01	2026-08-04	NM_000059.4:c.8161_8163delinsGGG	p.Leu2721Gly	missense	VUS	VUS	2	4	MISSING_FUNCTIONAL	MISSING_FUNCTIONAL	PM5:moderate		neighbour_evidence
2020-01-01	2026-08-04	NM_000059.4:c.8161_8162delinsGG	p.Leu2721Gly	missense	VUS	VUS	2	4	MISSING_FUNCTIONAL	MISSING_FUNCTIONAL	PM5:moderate		neighbour_evidence
2020-01-01	2026-08-04	NM_000059.4:c.8161_8163delinsGTA	p.Leu2721Val	missense	VUS	VUS	2	4	MISSING_FUNCTIONAL	MISSING_FUNCTIONAL	PM5:moderate		neighbour_evidence
2020-01-01	2026-08-04	NM_000059.4:c.8161_8163delinsGTC	p.Leu2721Val	missense	VUS	VUS	2	4	MISSING_FUNCTIONAL	MISSING_FUNCTIONAL	PM5:moderate		neighbour_evidence
2020-01-01	2026-08-04	NM_000059.4:c.8161_8163delinsGTG	p.Leu2721Val	missense	VUS	VUS	2	4	MISSING_FUNCTIONAL	MISSING_FUNCTIONAL	PM5:moderate		neighbour_evidence
2020-01-01	2026-08-04	NM_000059.4:c.8161_8163delinsTAC	p.Leu2721Tyr	missense	VUS	VUS	2	4	MISSING_FUNCTIONAL	MISSING_FUNCTIONAL	PM5:moderate		neighbour_evidence
2020-01-01	2026-08-04	NM_000059.4:c.8161_8162delinsTA	p.Leu2721Tyr	missense	VUS	VUS	2	4	MISSING_FUNCTIONAL	MISSING_FUNCTIONAL	PM5:moderate		neighbour_evidence
2020-01-01	2026-08-04	NM_000059.4:c.8161_8163delinsTCA	p.Leu2721Ser	missense	VUS	VUS	2	4	MISSING_FUNCTIONAL	MISSING_FUNCTIONAL	PM5:moderate		neighbour_evidence
2020-01-01	2026-08-04	NM_000059.4:c.8161_8163delinsTCC	p.Leu2721Ser	missense	VUS	VUS	2	4	MISSING_FUNCTIONAL	MISSING_FUNCTIONAL	PM5:moderate		neighbour_evidence
2020-01-01	2026-08-04	NM_000059.4:c.8161_8163delinsTCG	p.Leu2721Ser	missense	VUS	VUS	2	4	MISSING_FUNCTIONAL	MISSING_FUNCTIONAL	PM5:moderate		neighbour_evidence
2020-01-01	2026-08-04	NM_000059.4:c.8161_8162delinsTC	p.Leu2721Ser	missense	VUS	VUS	2	4	MISSING_FUNCTIONAL	MISSING_FUNCTIONAL	PM5:moderate		neighbour_evidence
2020-01-01	2026-08-04	NM_000059.4:c.8161_8163delinsTGC	p.Leu2721Cys	missense	VUS	VUS	2	4	MISSING_FUNCTIONAL	MISSING_FUNCTIONAL	PM5:moderate		neighbour_evidence
2020-01-01	2026-08-04	NM_000059.4:c.8161_8163delinsTGG	p.Leu2721Trp	missense	VUS	VUS	2	4	MISSING_FUNCTIONAL	MISSING_FUNCTIONAL	PM5:moderate		neighbour_evidence
2020-01-01	2026-08-04	NM_000059.4:c.8161_8162delinsTG	p.Leu2721Cys	missense	VUS	VUS	2	4	MISSING_FUNCTIONAL	MISSING_FUNCTIONAL	PM5:moderate		neighbour_evidence
2020-01-01	2026-08-04	NM_000059.4:c.8161_8163delinsTTC	p.Leu2721Phe	missense	VUS	VUS	2	4	MISSING_FUNCTIONAL	MISSING_FUNCTIONAL	PM5:moderate		neighbour_evidence
2020-01-01	2026-08-04	NM_000059.4:c.8165_8166delinsAC	p.Thr2722Asn	missense	VUS	VUS	2	4	MISSING_FUNCTIONAL	MISSING_FUNCTIONAL	PM5:moderate		neighbour_evidence
2020-01-01	2026-08-04	NM_000059.4:c.8165_8166delinsAG	p.Thr2722Lys	missense	VUS	LP	2	8	MISSING_FUNCTIONAL	RESOLVED_NOT_BLOCKED	PM5:moderate;PS1:strong		neighbour_evidence
2020-01-01	2026-08-04	NM_000059.4:c.8165_8166delinsAT	p.Thr2722Asn	missense	VUS	VUS	2	4	MISSING_FUNCTIONAL	MISSING_FUNCTIONAL	PM5:moderate		neighbour_evidence
2020-01-01	2026-08-04	NM_000059.4:c.8165_8166delinsGC	p.Thr2722Ser	missense	VUS	VUS	2	4	MISSING_FUNCTIONAL	MISSING_FUNCTIONAL	PM5:moderate		neighbour_evidence
2020-01-01	2026-08-04	NM_000059.4:c.8165_8166delinsGG	p.Thr2722Arg	missense	VUS	LP	2	8	MISSING_FUNCTIONAL	RESOLVED_NOT_BLOCKED	PM5:moderate;PS1:strong		neighbour_evidence
2020-01-01	2026-08-04	NM_000059.4:c.8165_8166delinsGT	p.Thr2722Ser	missense	VUS	VUS	2	4	MISSING_FUNCTIONAL	MISSING_FUNCTIONAL	PM5:moderate		neighbour_evidence
2020-01-01	2026-08-04	NM_000059.4:c.8165_8166delinsTC	p.Thr2722Ile	missense	VUS	LP	2	8	MISSING_FUNCTIONAL	RESOLVED_NOT_BLOCKED	PM5:moderate;PS1:strong		neighbour_evidence
2020-01-01	2026-08-04	NM_000059.4:c.8165_8166delinsTG	p.Thr2722Met	missense	VUS	VUS	2	4	MISSING_FUNCTIONAL	MISSING_FUNCTIONAL	PM5:moderate		neighbour_evidence
2020-01-01	2026-08-04	NM_000059.4:c.8165_8166delinsTT	p.Thr2722Ile	missense	VUS	LP	2	8	MISSING_FUNCTIONAL	RESOLVED_NOT_BLOCKED	PM5:moderate;PS1:strong		neighbour_evidence
2020-01-01	2026-08-04	NM_000059.4:c.8164_8165delinsCA	p.Thr2722Gln	missense	VUS	VUS	2	4	MISSING_FUNCTIONAL	MISSING_FUNCTIONAL	PM5:moderate		neighbour_evidence
2020-01-01	2026-08-04	NM_000059.4:c.8164_8166delinsCAC	p.Thr2722His	missense	VUS	VUS	2	4	MISSING_FUNCTIONAL	MISSING_FUNCTIONAL	PM5:moderate		neighbour_evidence
2020-01-01	2026-08-04	NM_000059.4:c.8164_8166delinsCAG	p.Thr2722Gln	missense	VUS	VUS	2	4	MISSING_FUNCTIONAL	MISSING_FUNCTIONAL	PM5:moderate		neighbour_evidence
2020-01-01	2026-08-04	NM_000059.4:c.8164_8166delinsCAT	p.Thr2722His	missense	VUS	VUS	2	4	MISSING_FUNCTIONAL	MISSING_FUNCTIONAL	PM5:moderate		neighbour_evidence
2020-01-01	2026-08-04	NM_000059.4:c.8164_8166delinsCCC	p.Thr2722Pro	missense	VUS	VUS	2	4	MISSING_FUNCTIONAL	MISSING_FUNCTIONAL	PM5:moderate		neighbour_evidence
2020-01-01	2026-08-04	NM_000059.4:c.8164_8166delinsCCG	p.Thr2722Pro	missense	VUS	VUS	2	4	MISSING_FUNCTIONAL	MISSING_FUNCTIONAL	PM5:moderate		neighbour_evidence
2020-01-01	2026-08-04	NM_000059.4:c.8164_8166delinsCCT	p.Thr2722Pro	missense	VUS	VUS	2	4	MISSING_FUNCTIONAL	MISSING_FUNCTIONAL	PM5:moderate		neighbour_evidence
2020-01-01	2026-08-04	NM_000059.4:c.8164_8165delinsCG	p.Thr2722Arg	missense	VUS	LP	2	8	MISSING_FUNCTIONAL	RESOLVED_NOT_BLOCKED	PM5:moderate;PS1:strong		neighbour_evidence
2020-01-01	2026-08-04	NM_000059.4:c.8164_8166delinsCGC	p.Thr2722Arg	missense	VUS	LP	2	8	MISSING_FUNCTIONAL	RESOLVED_NOT_BLOCKED	PM5:moderate;PS1:strong		neighbour_evidence
2020-01-01	2026-08-04	NM_000059.4:c.8164_8166delinsCGG	p.Thr2722Arg	missense	VUS	LP	2	8	MISSING_FUNCTIONAL	RESOLVED_NOT_BLOCKED	PM5:moderate;PS1:strong		neighbour_evidence
2020-01-01	2026-08-04	NM_000059.4:c.8164_8166delinsCGT	p.Thr2722Arg	missense	VUS	LP	2	8	MISSING_FUNCTIONAL	RESOLVED_NOT_BLOCKED	PM5:moderate;PS1:strong		neighbour_evidence
2020-01-01	2026-08-04	NM_000059.4:c.8164_8165delinsCT	p.Thr2722Leu	missense	VUS	VUS	2	4	MISSING_FUNCTIONAL	MISSING_FUNCTIONAL	PM5:moderate		neighbour_evidence
2020-01-01	2026-08-04	NM_000059.4:c.8164_8166delinsCTC	p.Thr2722Leu	missense	VUS	VUS	2	4	MISSING_FUNCTIONAL	MISSING_FUNCTIONAL	PM5:moderate		neighbour_evidence
2020-01-01	2026-08-04	NM_000059.4:c.8164_8166delinsCTG	p.Thr2722Leu	missense	VUS	VUS	2	4	MISSING_FUNCTIONAL	MISSING_FUNCTIONAL	PM5:moderate		neighbour_evidence
2020-01-01	2026-08-04	NM_000059.4:c.8164_8166delinsCTT	p.Thr2722Leu	missense	VUS	VUS	2	4	MISSING_FUNCTIONAL	MISSING_FUNCTIONAL	PM5:moderate		neighbour_evidence
2020-01-01	2026-08-04	NM_000059.4:c.8164_8165delinsGA	p.Thr2722Glu	missense	VUS	VUS	2	4	MISSING_FUNCTIONAL	MISSING_FUNCTIONAL	PM5:moderate		neighbour_evidence
2020-01-01	2026-08-04	NM_000059.4:c.8164_8166delinsGAC	p.Thr2722Asp	missense	VUS	VUS	2	4	MISSING_FUNCTIONAL	MISSING_FUNCTIONAL	PM5:moderate		neighbour_evidence
2020-01-01	2026-08-04	NM_000059.4:c.8164_8166delinsGAG	p.Thr2722Glu	missense	VUS	VUS	2	4	MISSING_FUNCTIONAL	MISSING_FUNCTIONAL	PM5:moderate		neighbour_evidence
2020-01-01	2026-08-04	NM_000059.4:c.8164_8166delinsGAT	p.Thr2722Asp	missense	VUS	VUS	2	4	MISSING_FUNCTIONAL	MISSING_FUNCTIONAL	PM5:moderate		neighbour_evidence
2020-01-01	2026-08-04	NM_000059.4:c.8164_8166delinsGCC	p.Thr2722Ala	missense	VUS	LP	2	8	MISSING_FUNCTIONAL	RESOLVED_NOT_BLOCKED	PM5:moderate;PS1:strong		neighbour_evidence
2020-01-01	2026-08-04	NM_000059.4:c.8164_8166delinsGCG	p.Thr2722Ala	missense	VUS	LP	2	8	MISSING_FUNCTIONAL	RESOLVED_NOT_BLOCKED	PM5:moderate;PS1:strong		neighbour_evidence
2020-01-01	2026-08-04	NM_000059.4:c.8164_8166delinsGCT	p.Thr2722Ala	missense	VUS	LP	2	8	MISSING_FUNCTIONAL	RESOLVED_NOT_BLOCKED	PM5:moderate;PS1:strong		neighbour_evidence
2020-01-01	2026-08-04	NM_000059.4:c.8164_8165delinsGG	p.Thr2722Gly	missense	VUS	VUS	2	4	MISSING_FUNCTIONAL	MISSING_FUNCTIONAL	PM5:moderate		neighbour_evidence
2020-01-01	2026-08-04	NM_000059.4:c.8164_8166delinsGGC	p.Thr2722Gly	missense	VUS	VUS	2	4	MISSING_FUNCTIONAL	MISSING_FUNCTIONAL	PM5:moderate		neighbour_evidence
2020-01-01	2026-08-04	NM_000059.4:c.8164_8166delinsGGG	p.Thr2722Gly	missense	VUS	VUS	2	4	MISSING_FUNCTIONAL	MISSING_FUNCTIONAL	PM5:moderate		neighbour_evidence
2020-01-01	2026-08-04	NM_000059.4:c.8164_8166delinsGGT	p.Thr2722Gly	missense	VUS	VUS	2	4	MISSING_FUNCTIONAL	MISSING_FUNCTIONAL	PM5:moderate		neighbour_evidence
2020-01-01	2026-08-04	NM_000059.4:c.8164_8165delinsGT	p.Thr2722Val	missense	VUS	VUS	2	4	MISSING_FUNCTIONAL	MISSING_FUNCTIONAL	PM5:moderate		neighbour_evidence
2020-01-01	2026-08-04	NM_000059.4:c.8164_8166delinsGTC	p.Thr2722Val	missense	VUS	VUS	2	4	MISSING_FUNCTIONAL	MISSING_FUNCTIONAL	PM5:moderate		neighbour_evidence
2020-01-01	2026-08-04	NM_000059.4:c.8164_8166delinsGTG	p.Thr2722Val	missense	VUS	VUS	2	4	MISSING_FUNCTIONAL	MISSING_FUNCTIONAL	PM5:moderate		neighbour_evidence
2020-01-01	2026-08-04	NM_000059.4:c.8164_8166delinsGTT	p.Thr2722Val	missense	VUS	VUS	2	4	MISSING_FUNCTIONAL	MISSING_FUNCTIONAL	PM5:moderate		neighbour_evidence
2020-01-01	2026-08-04	NM_000059.4:c.8164_8166delinsTAC	p.Thr2722Tyr	missense	VUS	VUS	2	4	MISSING_FUNCTIONAL	MISSING_FUNCTIONAL	PM5:moderate		neighbour_evidence
2020-01-01	2026-08-04	NM_000059.4:c.8164_8166delinsTAT	p.Thr2722Tyr	missense	VUS	VUS	2	4	MISSING_FUNCTIONAL	MISSING_FUNCTIONAL	PM5:moderate		neighbour_evidence
2020-01-01	2026-08-04	NM_000059.4:c.8164_8166delinsTCC	p.Thr2722Ser	missense	VUS	VUS	2	4	MISSING_FUNCTIONAL	MISSING_FUNCTIONAL	PM5:moderate		neighbour_evidence
2020-01-01	2026-08-04	NM_000059.4:c.8164_8166delinsTCG	p.Thr2722Ser	missense	VUS	VUS	2	4	MISSING_FUNCTIONAL	MISSING_FUNCTIONAL	PM5:moderate		neighbour_evidence
2020-01-01	2026-08-04	NM_000059.4:c.8164_8166delinsTCT	p.Thr2722Ser	missense	VUS	VUS	2	4	MISSING_FUNCTIONAL	MISSING_FUNCTIONAL	PM5:moderate		neighbour_evidence
2020-01-01	2026-08-04	NM_000059.4:c.8164_8166delinsTGC	p.Thr2722Cys	missense	VUS	VUS	2	4	MISSING_FUNCTIONAL	MISSING_FUNCTIONAL	PM5:moderate		neighbour_evidence
2020-01-01	2026-08-04	NM_000059.4:c.8164_8166delinsTGG	p.Thr2722Trp	missense	VUS	VUS	2	4	MISSING_FUNCTIONAL	MISSING_FUNCTIONAL	PM5:moderate		neighbour_evidence
2020-01-01	2026-08-04	NM_000059.4:c.8164_8166delinsTGT	p.Thr2722Cys	missense	VUS	VUS	2	4	MISSING_FUNCTIONAL	MISSING_FUNCTIONAL	PM5:moderate		neighbour_evidence
2020-01-01	2026-08-04	NM_000059.4:c.8164_8165delinsTT	p.Thr2722Leu	missense	VUS	VUS	2	4	MISSING_FUNCTIONAL	MISSING_FUNCTIONAL	PM5:moderate		neighbour_evidence
2020-01-01	2026-08-04	NM_000059.4:c.8164_8166delinsTTC	p.Thr2722Phe	missense	VUS	VUS	2	4	MISSING_FUNCTIONAL	MISSING_FUNCTIONAL	PM5:moderate		neighbour_evidence
2020-01-01	2026-08-04	NM_000059.4:c.8164_8166delinsTTG	p.Thr2722Leu	missense	VUS	VUS	2	4	MISSING_FUNCTIONAL	MISSING_FUNCTIONAL	PM5:moderate		neighbour_evidence
2020-01-01	2026-08-04	NM_000059.4:c.8164_8166delinsTTT	p.Thr2722Phe	missense	VUS	VUS	2	4	MISSING_FUNCTIONAL	MISSING_FUNCTIONAL	PM5:moderate		neighbour_evidence
2020-01-01	2026-08-04	NM_000059.4:c.8167_8169delinsAAA	p.Asp2723Lys	missense	VUS	VUS	2	4	MISSING_FUNCTIONAL	MISSING_FUNCTIONAL	PM5:moderate		neighbour_evidence
2020-01-01	2026-08-04	NM_000059.4:c.8167_8169delinsAAC	p.Asp2723Asn	missense	VUS	VUS	2	4	MISSING_FUNCTIONAL	MISSING_FUNCTIONAL	PM5:moderate		neighbour_evidence
2020-01-01	2026-08-04	NM_000059.4:c.8167_8169delinsAAG	p.Asp2723Lys	missense	VUS	VUS	2	4	MISSING_FUNCTIONAL	MISSING_FUNCTIONAL	PM5:moderate		neighbour_evidence
2020-01-01	2026-08-04	NM_000059.4:c.8167_8169delinsACA	p.Asp2723Thr	missense	VUS	VUS	2	4	MISSING_FUNCTIONAL	MISSING_FUNCTIONAL	PM5:moderate		neighbour_evidence
2020-01-01	2026-08-04	NM_000059.4:c.8167_8169delinsACC	p.Asp2723Thr	missense	VUS	VUS	2	4	MISSING_FUNCTIONAL	MISSING_FUNCTIONAL	PM5:moderate		neighbour_evidence
2020-01-01	2026-08-04	NM_000059.4:c.8167_8169delinsACG	p.Asp2723Thr	missense	VUS	VUS	2	4	MISSING_FUNCTIONAL	MISSING_FUNCTIONAL	PM5:moderate		neighbour_evidence
2020-01-01	2026-08-04	NM_000059.4:c.8167_8168delinsAC	p.Asp2723Thr	missense	VUS	VUS	2	4	MISSING_FUNCTIONAL	MISSING_FUNCTIONAL	PM5:moderate		neighbour_evidence
2020-01-01	2026-08-04	NM_000059.4:c.8167_8169delinsAGA	p.Asp2723Arg	missense	VUS	VUS	2	4	MISSING_FUNCTIONAL	MISSING_FUNCTIONAL	PM5:moderate		neighbour_evidence
2020-01-01	2026-08-04	NM_000059.4:c.8167_8169delinsAGC	p.Asp2723Ser	missense	VUS	VUS	2	4	MISSING_FUNCTIONAL	MISSING_FUNCTIONAL	PM5:moderate		neighbour_evidence
2020-01-01	2026-08-04	NM_000059.4:c.8167_8169delinsAGG	p.Asp2723Arg	missense	VUS	VUS	2	4	MISSING_FUNCTIONAL	MISSING_FUNCTIONAL	PM5:moderate		neighbour_evidence
2020-01-01	2026-08-04	NM_000059.4:c.8167_8168delinsAG	p.Asp2723Ser	missense	VUS	VUS	2	4	MISSING_FUNCTIONAL	MISSING_FUNCTIONAL	PM5:moderate		neighbour_evidence
2020-01-01	2026-08-04	NM_000059.4:c.8167_8169delinsATA	p.Asp2723Ile	missense	VUS	VUS	2	4	MISSING_FUNCTIONAL	MISSING_FUNCTIONAL	PM5:moderate		neighbour_evidence
2020-01-01	2026-08-04	NM_000059.4:c.8167_8169delinsATC	p.Asp2723Ile	missense	VUS	VUS	2	4	MISSING_FUNCTIONAL	MISSING_FUNCTIONAL	PM5:moderate		neighbour_evidence
2020-01-01	2026-08-04	NM_000059.4:c.8167_8169delinsATG	p.Asp2723Met	missense	VUS	VUS	2	4	MISSING_FUNCTIONAL	MISSING_FUNCTIONAL	PM5:moderate		neighbour_evidence
2020-01-01	2026-08-04	NM_000059.4:c.8167_8168delinsAT	p.Asp2723Ile	missense	VUS	VUS	2	4	MISSING_FUNCTIONAL	MISSING_FUNCTIONAL	PM5:moderate		neighbour_evidence
2020-01-01	2026-08-04	NM_000059.4:c.8167_8169delinsCAA	p.Asp2723Gln	missense	VUS	VUS	2	4	MISSING_FUNCTIONAL	MISSING_FUNCTIONAL	PM5:moderate		neighbour_evidence
2020-01-01	2026-08-04	NM_000059.4:c.8167_8169delinsCAC	p.Asp2723His	missense	VUS	LP	2	8	MISSING_FUNCTIONAL	RESOLVED_NOT_BLOCKED	PM5:moderate;PS1:strong		neighbour_evidence
2020-01-01	2026-08-04	NM_000059.4:c.8167_8169delinsCAG	p.Asp2723Gln	missense	VUS	VUS	2	4	MISSING_FUNCTIONAL	MISSING_FUNCTIONAL	PM5:moderate		neighbour_evidence
2020-01-01	2026-08-04	NM_000059.4:c.8167_8169delinsCCA	p.Asp2723Pro	missense	VUS	VUS	2	4	MISSING_FUNCTIONAL	MISSING_FUNCTIONAL	PM5:moderate		neighbour_evidence
2020-01-01	2026-08-04	NM_000059.4:c.8167_8169delinsCCC	p.Asp2723Pro	missense	VUS	VUS	2	4	MISSING_FUNCTIONAL	MISSING_FUNCTIONAL	PM5:moderate		neighbour_evidence
2020-01-01	2026-08-04	NM_000059.4:c.8167_8169delinsCCG	p.Asp2723Pro	missense	VUS	VUS	2	4	MISSING_FUNCTIONAL	MISSING_FUNCTIONAL	PM5:moderate		neighbour_evidence
2020-01-01	2026-08-04	NM_000059.4:c.8167_8168delinsCC	p.Asp2723Pro	missense	VUS	VUS	2	4	MISSING_FUNCTIONAL	MISSING_FUNCTIONAL	PM5:moderate		neighbour_evidence
2020-01-01	2026-08-04	NM_000059.4:c.8167_8169delinsCGA	p.Asp2723Arg	missense	VUS	VUS	2	4	MISSING_FUNCTIONAL	MISSING_FUNCTIONAL	PM5:moderate		neighbour_evidence
2020-01-01	2026-08-04	NM_000059.4:c.8167_8169delinsCGC	p.Asp2723Arg	missense	VUS	VUS	2	4	MISSING_FUNCTIONAL	MISSING_FUNCTIONAL	PM5:moderate		neighbour_evidence
2020-01-01	2026-08-04	NM_000059.4:c.8167_8169delinsCGG	p.Asp2723Arg	missense	VUS	VUS	2	4	MISSING_FUNCTIONAL	MISSING_FUNCTIONAL	PM5:moderate		neighbour_evidence
2020-01-01	2026-08-04	NM_000059.4:c.8167_8168delinsCG	p.Asp2723Arg	missense	VUS	VUS	2	4	MISSING_FUNCTIONAL	MISSING_FUNCTIONAL	PM5:moderate		neighbour_evidence
2020-01-01	2026-08-04	NM_000059.4:c.8167_8169delinsCTA	p.Asp2723Leu	missense	VUS	VUS	2	4	MISSING_FUNCTIONAL	MISSING_FUNCTIONAL	PM5:moderate		neighbour_evidence
2020-01-01	2026-08-04	NM_000059.4:c.8167_8169delinsCTC	p.Asp2723Leu	missense	VUS	VUS	2	4	MISSING_FUNCTIONAL	MISSING_FUNCTIONAL	PM5:moderate		neighbour_evidence
2020-01-01	2026-08-04	NM_000059.4:c.8167_8169delinsCTG	p.Asp2723Leu	missense	VUS	VUS	2	4	MISSING_FUNCTIONAL	MISSING_FUNCTIONAL	PM5:moderate		neighbour_evidence
2020-01-01	2026-08-04	NM_000059.4:c.8167_8168delinsCT	p.Asp2723Leu	missense	VUS	VUS	2	4	MISSING_FUNCTIONAL	MISSING_FUNCTIONAL	PM5:moderate		neighbour_evidence
2020-01-01	2026-08-04	NM_000059.4:c.8168_8169delinsCA	p.Asp2723Ala	missense	VUS	LP	2	8	MISSING_FUNCTIONAL	RESOLVED_NOT_BLOCKED	PM5:moderate;PS1:strong		neighbour_evidence
2020-01-01	2026-08-04	NM_000059.4:c.8168_8169delinsCC	p.Asp2723Ala	missense	VUS	LP	2	8	MISSING_FUNCTIONAL	RESOLVED_NOT_BLOCKED	PM5:moderate;PS1:strong		neighbour_evidence
2020-01-01	2026-08-04	NM_000059.4:c.8168_8169delinsCG	p.Asp2723Ala	missense	VUS	LP	2	8	MISSING_FUNCTIONAL	RESOLVED_NOT_BLOCKED	PM5:moderate;PS1:strong		neighbour_evidence
2020-01-01	2026-08-04	NM_000059.4:c.8168_8169delinsGA	p.Asp2723Gly	missense	VUS	LP	2	8	MISSING_FUNCTIONAL	RESOLVED_NOT_BLOCKED	PM5:moderate;PS1:strong		neighbour_evidence
2020-01-01	2026-08-04	NM_000059.4:c.8168_8169delinsGC	p.Asp2723Gly	missense	VUS	LP	2	8	MISSING_FUNCTIONAL	RESOLVED_NOT_BLOCKED	PM5:moderate;PS1:strong		neighbour_evidence
2020-01-01	2026-08-04	NM_000059.4:c.8168_8169delinsGG	p.Asp2723Gly	missense	VUS	LP	2	8	MISSING_FUNCTIONAL	RESOLVED_NOT_BLOCKED	PM5:moderate;PS1:strong		neighbour_evidence
2020-01-01	2026-08-04	NM_000059.4:c.8168_8169delinsTA	p.Asp2723Val	missense	VUS	LP	2	8	MISSING_FUNCTIONAL	RESOLVED_NOT_BLOCKED	PM5:moderate;PS1:strong		neighbour_evidence
2020-01-01	2026-08-04	NM_000059.4:c.8168_8169delinsTC	p.Asp2723Val	missense	VUS	LP	2	8	MISSING_FUNCTIONAL	RESOLVED_NOT_BLOCKED	PM5:moderate;PS1:strong		neighbour_evidence
2020-01-01	2026-08-04	NM_000059.4:c.8168_8169delinsTG	p.Asp2723Val	missense	VUS	LP	2	8	MISSING_FUNCTIONAL	RESOLVED_NOT_BLOCKED	PM5:moderate;PS1:strong		neighbour_evidence
2020-01-01	2026-08-04	NM_000059.4:c.8167_8169delinsTAC	p.Asp2723Tyr	missense	VUS	VUS	2	4	MISSING_FUNCTIONAL	MISSING_FUNCTIONAL	PM5:moderate		neighbour_evidence
2020-01-01	2026-08-04	NM_000059.4:c.8167_8169delinsTCA	p.Asp2723Ser	missense	VUS	VUS	2	4	MISSING_FUNCTIONAL	MISSING_FUNCTIONAL	PM5:moderate		neighbour_evidence
2020-01-01	2026-08-04	NM_000059.4:c.8167_8169delinsTCC	p.Asp2723Ser	missense	VUS	VUS	2	4	MISSING_FUNCTIONAL	MISSING_FUNCTIONAL	PM5:moderate		neighbour_evidence
2020-01-01	2026-08-04	NM_000059.4:c.8167_8169delinsTCG	p.Asp2723Ser	missense	VUS	VUS	2	4	MISSING_FUNCTIONAL	MISSING_FUNCTIONAL	PM5:moderate		neighbour_evidence
2020-01-01	2026-08-04	NM_000059.4:c.8167_8168delinsTC	p.Asp2723Ser	missense	VUS	VUS	2	4	MISSING_FUNCTIONAL	MISSING_FUNCTIONAL	PM5:moderate		neighbour_evidence
2020-01-01	2026-08-04	NM_000059.4:c.8167_8169delinsTGC	p.Asp2723Cys	missense	VUS	VUS	2	4	MISSING_FUNCTIONAL	MISSING_FUNCTIONAL	PM5:moderate		neighbour_evidence
2020-01-01	2026-08-04	NM_000059.4:c.8167_8169delinsTGG	p.Asp2723Trp	missense	VUS	VUS	2	4	MISSING_FUNCTIONAL	MISSING_FUNCTIONAL	PM5:moderate		neighbour_evidence
2020-01-01	2026-08-04	NM_000059.4:c.8167_8168delinsTG	p.Asp2723Cys	missense	VUS	VUS	2	4	MISSING_FUNCTIONAL	MISSING_FUNCTIONAL	PM5:moderate		neighbour_evidence
2020-01-01	2026-08-04	NM_000059.4:c.8167_8169delinsTTA	p.Asp2723Leu	missense	VUS	VUS	2	4	MISSING_FUNCTIONAL	MISSING_FUNCTIONAL	PM5:moderate		neighbour_evidence
2020-01-01	2026-08-04	NM_000059.4:c.8167_8169delinsTTC	p.Asp2723Phe	missense	VUS	VUS	2	4	MISSING_FUNCTIONAL	MISSING_FUNCTIONAL	PM5:moderate		neighbour_evidence
2020-01-01	2026-08-04	NM_000059.4:c.8167_8169delinsTTG	p.Asp2723Leu	missense	VUS	VUS	2	4	MISSING_FUNCTIONAL	MISSING_FUNCTIONAL	PM5:moderate		neighbour_evidence
2020-01-01	2026-08-04	NM_000059.4:c.8167_8168delinsTT	p.Asp2723Phe	missense	VUS	VUS	2	4	MISSING_FUNCTIONAL	MISSING_FUNCTIONAL	PM5:moderate		neighbour_evidence
2020-01-01	2026-08-04	NM_000059.4:c.8170_8172delinsAAA	p.Gly2724Lys	missense	VUS	VUS	2	4	MISSING_FUNCTIONAL	MISSING_FUNCTIONAL	PM5:moderate		neighbour_evidence
2020-01-01	2026-08-04	NM_000059.4:c.8170_8172delinsAAC	p.Gly2724Asn	missense	VUS	VUS	2	4	MISSING_FUNCTIONAL	MISSING_FUNCTIONAL	PM5:moderate		neighbour_evidence
2020-01-01	2026-08-04	NM_000059.4:c.8170_8171delinsAA	p.Gly2724Lys	missense	VUS	VUS	2	4	MISSING_FUNCTIONAL	MISSING_FUNCTIONAL	PM5:moderate		neighbour_evidence
2020-01-01	2026-08-04	NM_000059.4:c.8170_8172delinsAAT	p.Gly2724Asn	missense	VUS	VUS	2	4	MISSING_FUNCTIONAL	MISSING_FUNCTIONAL	PM5:moderate		neighbour_evidence
2020-01-01	2026-08-04	NM_000059.4:c.8170_8172delinsACA	p.Gly2724Thr	missense	VUS	VUS	2	4	MISSING_FUNCTIONAL	MISSING_FUNCTIONAL	PM5:moderate		neighbour_evidence
2020-01-01	2026-08-04	NM_000059.4:c.8170_8172delinsACC	p.Gly2724Thr	missense	VUS	VUS	2	4	MISSING_FUNCTIONAL	MISSING_FUNCTIONAL	PM5:moderate		neighbour_evidence
2020-01-01	2026-08-04	NM_000059.4:c.8170_8171delinsAC	p.Gly2724Thr	missense	VUS	VUS	2	4	MISSING_FUNCTIONAL	MISSING_FUNCTIONAL	PM5:moderate		neighbour_evidence
2020-01-01	2026-08-04	NM_000059.4:c.8170_8172delinsACT	p.Gly2724Thr	missense	VUS	VUS	2	4	MISSING_FUNCTIONAL	MISSING_FUNCTIONAL	PM5:moderate		neighbour_evidence
2020-01-01	2026-08-04	NM_000059.4:c.8170_8172delinsAGA	p.Gly2724Arg	missense	VUS	LP	2	8	MISSING_FUNCTIONAL	RESOLVED_NOT_BLOCKED	PM5:moderate;PS1:strong		neighbour_evidence
2020-01-01	2026-08-04	NM_000059.4:c.8170_8172delinsAGC	p.Gly2724Ser	missense	VUS	VUS	2	4	MISSING_FUNCTIONAL	MISSING_FUNCTIONAL	PM5:moderate		neighbour_evidence
2020-01-01	2026-08-04	NM_000059.4:c.8170_8172delinsAGT	p.Gly2724Ser	missense	VUS	VUS	2	4	MISSING_FUNCTIONAL	MISSING_FUNCTIONAL	PM5:moderate		neighbour_evidence
2020-01-01	2026-08-04	NM_000059.4:c.8170_8172delinsATA	p.Gly2724Ile	missense	VUS	VUS	2	4	MISSING_FUNCTIONAL	MISSING_FUNCTIONAL	PM5:moderate		neighbour_evidence
2020-01-01	2026-08-04	NM_000059.4:c.8170_8172delinsATC	p.Gly2724Ile	missense	VUS	VUS	2	4	MISSING_FUNCTIONAL	MISSING_FUNCTIONAL	PM5:moderate		neighbour_evidence
2020-01-01	2026-08-04	NM_000059.4:c.8170_8171delinsAT	p.Gly2724Met	missense	VUS	VUS	2	4	MISSING_FUNCTIONAL	MISSING_FUNCTIONAL	PM5:moderate		neighbour_evidence
2020-01-01	2026-08-04	NM_000059.4:c.8170_8172delinsATT	p.Gly2724Ile	missense	VUS	VUS	2	4	MISSING_FUNCTIONAL	MISSING_FUNCTIONAL	PM5:moderate		neighbour_evidence
2020-01-01	2026-08-04	NM_000059.4:c.8170_8172delinsCAA	p.Gly2724Gln	missense	VUS	VUS	2	4	MISSING_FUNCTIONAL	MISSING_FUNCTIONAL	PM5:moderate		neighbour_evidence
2020-01-01	2026-08-04	NM_000059.4:c.8170_8172delinsCAC	p.Gly2724His	missense	VUS	VUS	2	4	MISSING_FUNCTIONAL	MISSING_FUNCTIONAL	PM5:moderate		neighbour_evidence
2020-01-01	2026-08-04	NM_000059.4:c.8170_8171delinsCA	p.Gly2724Gln	missense	VUS	VUS	2	4	MISSING_FUNCTIONAL	MISSING_FUNCTIONAL	PM5:moderate		neighbour_evidence
2020-01-01	2026-08-04	NM_000059.4:c.8170_8172delinsCAT	p.Gly2724His	missense	VUS	VUS	2	4	MISSING_FUNCTIONAL	MISSING_FUNCTIONAL	PM5:moderate		neighbour_evidence
2020-01-01	2026-08-04	NM_000059.4:c.8170_8172delinsCCA	p.Gly2724Pro	missense	VUS	VUS	2	4	MISSING_FUNCTIONAL	MISSING_FUNCTIONAL	PM5:moderate		neighbour_evidence
2020-01-01	2026-08-04	NM_000059.4:c.8170_8172delinsCCC	p.Gly2724Pro	missense	VUS	VUS	2	4	MISSING_FUNCTIONAL	MISSING_FUNCTIONAL	PM5:moderate		neighbour_evidence
2020-01-01	2026-08-04	NM_000059.4:c.8170_8171delinsCC	p.Gly2724Pro	missense	VUS	VUS	2	4	MISSING_FUNCTIONAL	MISSING_FUNCTIONAL	PM5:moderate		neighbour_evidence
2020-01-01	2026-08-04	NM_000059.4:c.8170_8172delinsCCT	p.Gly2724Pro	missense	VUS	VUS	2	4	MISSING_FUNCTIONAL	MISSING_FUNCTIONAL	PM5:moderate		neighbour_evidence
2020-01-01	2026-08-04	NM_000059.4:c.8170_8172delinsCGA	p.Gly2724Arg	missense	VUS	LP	2	8	MISSING_FUNCTIONAL	RESOLVED_NOT_BLOCKED	PM5:moderate;PS1:strong		neighbour_evidence
2020-01-01	2026-08-04	NM_000059.4:c.8170_8172delinsCGC	p.Gly2724Arg	missense	VUS	LP	2	8	MISSING_FUNCTIONAL	RESOLVED_NOT_BLOCKED	PM5:moderate;PS1:strong		neighbour_evidence
2020-01-01	2026-08-04	NM_000059.4:c.8170_8172delinsCGT	p.Gly2724Arg	missense	VUS	LP	2	8	MISSING_FUNCTIONAL	RESOLVED_NOT_BLOCKED	PM5:moderate;PS1:strong		neighbour_evidence
2020-01-01	2026-08-04	NM_000059.4:c.8170_8172delinsCTA	p.Gly2724Leu	missense	VUS	VUS	2	4	MISSING_FUNCTIONAL	MISSING_FUNCTIONAL	PM5:moderate		neighbour_evidence
2020-01-01	2026-08-04	NM_000059.4:c.8170_8172delinsCTC	p.Gly2724Leu	missense	VUS	VUS	2	4	MISSING_FUNCTIONAL	MISSING_FUNCTIONAL	PM5:moderate		neighbour_evidence
2020-01-01	2026-08-04	NM_000059.4:c.8170_8171delinsCT	p.Gly2724Leu	missense	VUS	VUS	2	4	MISSING_FUNCTIONAL	MISSING_FUNCTIONAL	PM5:moderate		neighbour_evidence
2020-01-01	2026-08-04	NM_000059.4:c.8170_8172delinsCTT	p.Gly2724Leu	missense	VUS	VUS	2	4	MISSING_FUNCTIONAL	MISSING_FUNCTIONAL	PM5:moderate		neighbour_evidence
2020-01-01	2026-08-04	NM_000059.4:c.8171_8172delinsAA	p.Gly2724Glu	missense	VUS	VUS	2	4	MISSING_FUNCTIONAL	MISSING_FUNCTIONAL	PM5:moderate		neighbour_evidence
2020-01-01	2026-08-04	NM_000059.4:c.8171_8172delinsAC	p.Gly2724Asp	missense	VUS	VUS	2	4	MISSING_FUNCTIONAL	MISSING_FUNCTIONAL	PM5:moderate		neighbour_evidence
2020-01-01	2026-08-04	NM_000059.4:c.8171_8172delinsAT	p.Gly2724Asp	missense	VUS	VUS	2	4	MISSING_FUNCTIONAL	MISSING_FUNCTIONAL	PM5:moderate		neighbour_evidence
2020-01-01	2026-08-04	NM_000059.4:c.8171_8172delinsCA	p.Gly2724Ala	missense	VUS	VUS	2	4	MISSING_FUNCTIONAL	MISSING_FUNCTIONAL	PM5:moderate		neighbour_evidence
2020-01-01	2026-08-04	NM_000059.4:c.8171_8172delinsCC	p.Gly2724Ala	missense	VUS	VUS	2	4	MISSING_FUNCTIONAL	MISSING_FUNCTIONAL	PM5:moderate		neighbour_evidence
2020-01-01	2026-08-04	NM_000059.4:c.8171_8172delinsCT	p.Gly2724Ala	missense	VUS	VUS	2	4	MISSING_FUNCTIONAL	MISSING_FUNCTIONAL	PM5:moderate		neighbour_evidence
2020-01-01	2026-08-04	NM_000059.4:c.8171_8172delinsTA	p.Gly2724Val	missense	VUS	LP	2	8	MISSING_FUNCTIONAL	RESOLVED_NOT_BLOCKED	PM5:moderate;PS1:strong		neighbour_evidence
2020-01-01	2026-08-04	NM_000059.4:c.8171_8172delinsTC	p.Gly2724Val	missense	VUS	LP	2	8	MISSING_FUNCTIONAL	RESOLVED_NOT_BLOCKED	PM5:moderate;PS1:strong		neighbour_evidence
2020-01-01	2026-08-04	NM_000059.4:c.8171_8172delinsTT	p.Gly2724Val	missense	VUS	LP	2	8	MISSING_FUNCTIONAL	RESOLVED_NOT_BLOCKED	PM5:moderate;PS1:strong		neighbour_evidence
2020-01-01	2026-08-04	NM_000059.4:c.8170_8172delinsTAC	p.Gly2724Tyr	missense	VUS	VUS	2	4	MISSING_FUNCTIONAL	MISSING_FUNCTIONAL	PM5:moderate		neighbour_evidence
2020-01-01	2026-08-04	NM_000059.4:c.8170_8172delinsTAT	p.Gly2724Tyr	missense	VUS	VUS	2	4	MISSING_FUNCTIONAL	MISSING_FUNCTIONAL	PM5:moderate		neighbour_evidence
2020-01-01	2026-08-04	NM_000059.4:c.8170_8172delinsTCA	p.Gly2724Ser	missense	VUS	VUS	2	4	MISSING_FUNCTIONAL	MISSING_FUNCTIONAL	PM5:moderate		neighbour_evidence
2020-01-01	2026-08-04	NM_000059.4:c.8170_8172delinsTCC	p.Gly2724Ser	missense	VUS	VUS	2	4	MISSING_FUNCTIONAL	MISSING_FUNCTIONAL	PM5:moderate		neighbour_evidence
2020-01-01	2026-08-04	NM_000059.4:c.8170_8171delinsTC	p.Gly2724Ser	missense	VUS	VUS	2	4	MISSING_FUNCTIONAL	MISSING_FUNCTIONAL	PM5:moderate		neighbour_evidence
2020-01-01	2026-08-04	NM_000059.4:c.8170_8172delinsTCT	p.Gly2724Ser	missense	VUS	VUS	2	4	MISSING_FUNCTIONAL	MISSING_FUNCTIONAL	PM5:moderate		neighbour_evidence
2020-01-01	2026-08-04	NM_000059.4:c.8170_8172delinsTGC	p.Gly2724Cys	missense	VUS	VUS	2	4	MISSING_FUNCTIONAL	MISSING_FUNCTIONAL	PM5:moderate		neighbour_evidence
2020-01-01	2026-08-04	NM_000059.4:c.8170_8172delinsTGT	p.Gly2724Cys	missense	VUS	VUS	2	4	MISSING_FUNCTIONAL	MISSING_FUNCTIONAL	PM5:moderate		neighbour_evidence
2020-01-01	2026-08-04	NM_000059.4:c.8170_8172delinsTTA	p.Gly2724Leu	missense	VUS	VUS	2	4	MISSING_FUNCTIONAL	MISSING_FUNCTIONAL	PM5:moderate		neighbour_evidence
2020-01-01	2026-08-04	NM_000059.4:c.8170_8172delinsTTC	p.Gly2724Phe	missense	VUS	VUS	2	4	MISSING_FUNCTIONAL	MISSING_FUNCTIONAL	PM5:moderate		neighbour_evidence
2020-01-01	2026-08-04	NM_000059.4:c.8170_8171delinsTT	p.Gly2724Leu	missense	VUS	VUS	2	4	MISSING_FUNCTIONAL	MISSING_FUNCTIONAL	PM5:moderate		neighbour_evidence
2020-01-01	2026-08-04	NM_000059.4:c.8170_8172delinsTTT	p.Gly2724Phe	missense	VUS	VUS	2	4	MISSING_FUNCTIONAL	MISSING_FUNCTIONAL	PM5:moderate		neighbour_evidence
2020-01-01	2026-08-04	NM_000059.4:c.8176_8178delinsAAA	p.Tyr2726Lys	missense	VUS	VUS	2	4	MISSING_FUNCTIONAL	MISSING_FUNCTIONAL	PM5:moderate		neighbour_evidence
2020-01-01	2026-08-04	NM_000059.4:c.8176_8178delinsAAC	p.Tyr2726Asn	missense	VUS	LP	2	8	MISSING_FUNCTIONAL	RESOLVED_NOT_BLOCKED	PM5:moderate;PS1:strong		neighbour_evidence
2020-01-01	2026-08-04	NM_000059.4:c.8176_8178delinsAAG	p.Tyr2726Lys	missense	VUS	VUS	2	4	MISSING_FUNCTIONAL	MISSING_FUNCTIONAL	PM5:moderate		neighbour_evidence
2020-01-01	2026-08-04	NM_000059.4:c.8176_8178delinsACA	p.Tyr2726Thr	missense	VUS	VUS	2	4	MISSING_FUNCTIONAL	MISSING_FUNCTIONAL	PM5:moderate		neighbour_evidence
2020-01-01	2026-08-04	NM_000059.4:c.8176_8178delinsACC	p.Tyr2726Thr	missense	VUS	VUS	2	4	MISSING_FUNCTIONAL	MISSING_FUNCTIONAL	PM5:moderate		neighbour_evidence
2020-01-01	2026-08-04	NM_000059.4:c.8176_8178delinsACG	p.Tyr2726Thr	missense	VUS	VUS	2	4	MISSING_FUNCTIONAL	MISSING_FUNCTIONAL	PM5:moderate		neighbour_evidence
2020-01-01	2026-08-04	NM_000059.4:c.8176_8177delinsAC	p.Tyr2726Thr	missense	VUS	VUS	2	4	MISSING_FUNCTIONAL	MISSING_FUNCTIONAL	PM5:moderate		neighbour_evidence
2020-01-01	2026-08-04	NM_000059.4:c.8176_8178delinsAGA	p.Tyr2726Arg	missense	VUS	VUS	2	4	MISSING_FUNCTIONAL	MISSING_FUNCTIONAL	PM5:moderate		neighbour_evidence
2020-01-01	2026-08-04	NM_000059.4:c.8176_8178delinsAGC	p.Tyr2726Ser	missense	VUS	VUS	2	4	MISSING_FUNCTIONAL	MISSING_FUNCTIONAL	PM5:moderate		neighbour_evidence
2020-01-01	2026-08-04	NM_000059.4:c.8176_8178delinsAGG	p.Tyr2726Arg	missense	VUS	VUS	2	4	MISSING_FUNCTIONAL	MISSING_FUNCTIONAL	PM5:moderate		neighbour_evidence
2020-01-01	2026-08-04	NM_000059.4:c.8176_8177delinsAG	p.Tyr2726Ser	missense	VUS	VUS	2	4	MISSING_FUNCTIONAL	MISSING_FUNCTIONAL	PM5:moderate		neighbour_evidence
2020-01-01	2026-08-04	NM_000059.4:c.8176_8178delinsATA	p.Tyr2726Ile	missense	VUS	VUS	2	4	MISSING_FUNCTIONAL	MISSING_FUNCTIONAL	PM5:moderate		neighbour_evidence
2020-01-01	2026-08-04	NM_000059.4:c.8176_8178delinsATC	p.Tyr2726Ile	missense	VUS	VUS	2	4	MISSING_FUNCTIONAL	MISSING_FUNCTIONAL	PM5:moderate		neighbour_evidence
2020-01-01	2026-08-04	NM_000059.4:c.8176_8178delinsATG	p.Tyr2726Met	missense	VUS	VUS	2	4	MISSING_FUNCTIONAL	MISSING_FUNCTIONAL	PM5:moderate		neighbour_evidence
2020-01-01	2026-08-04	NM_000059.4:c.8176_8177delinsAT	p.Tyr2726Ile	missense	VUS	VUS	2	4	MISSING_FUNCTIONAL	MISSING_FUNCTIONAL	PM5:moderate		neighbour_evidence
2020-01-01	2026-08-04	NM_000059.4:c.8176_8178delinsCAA	p.Tyr2726Gln	missense	VUS	VUS	2	4	MISSING_FUNCTIONAL	MISSING_FUNCTIONAL	PM5:moderate		neighbour_evidence
2020-01-01	2026-08-04	NM_000059.4:c.8176_8178delinsCAC	p.Tyr2726His	missense	VUS	VUS	2	4	MISSING_FUNCTIONAL	MISSING_FUNCTIONAL	PM5:moderate		neighbour_evidence
2020-01-01	2026-08-04	NM_000059.4:c.8176_8178delinsCAG	p.Tyr2726Gln	missense	VUS	VUS	2	4	MISSING_FUNCTIONAL	MISSING_FUNCTIONAL	PM5:moderate		neighbour_evidence
2020-01-01	2026-08-04	NM_000059.4:c.8176_8178delinsCCA	p.Tyr2726Pro	missense	VUS	VUS	2	4	MISSING_FUNCTIONAL	MISSING_FUNCTIONAL	PM5:moderate		neighbour_evidence
2020-01-01	2026-08-04	NM_000059.4:c.8176_8178delinsCCC	p.Tyr2726Pro	missense	VUS	VUS	2	4	MISSING_FUNCTIONAL	MISSING_FUNCTIONAL	PM5:moderate		neighbour_evidence
2020-01-01	2026-08-04	NM_000059.4:c.8176_8178delinsCCG	p.Tyr2726Pro	missense	VUS	VUS	2	4	MISSING_FUNCTIONAL	MISSING_FUNCTIONAL	PM5:moderate		neighbour_evidence
2020-01-01	2026-08-04	NM_000059.4:c.8176_8177delinsCC	p.Tyr2726Pro	missense	VUS	VUS	2	4	MISSING_FUNCTIONAL	MISSING_FUNCTIONAL	PM5:moderate		neighbour_evidence
2020-01-01	2026-08-04	NM_000059.4:c.8176_8178delinsCGA	p.Tyr2726Arg	missense	VUS	VUS	2	4	MISSING_FUNCTIONAL	MISSING_FUNCTIONAL	PM5:moderate		neighbour_evidence
2020-01-01	2026-08-04	NM_000059.4:c.8176_8178delinsCGC	p.Tyr2726Arg	missense	VUS	VUS	2	4	MISSING_FUNCTIONAL	MISSING_FUNCTIONAL	PM5:moderate		neighbour_evidence
2020-01-01	2026-08-04	NM_000059.4:c.8176_8178delinsCGG	p.Tyr2726Arg	missense	VUS	VUS	2	4	MISSING_FUNCTIONAL	MISSING_FUNCTIONAL	PM5:moderate		neighbour_evidence
2020-01-01	2026-08-04	NM_000059.4:c.8176_8177delinsCG	p.Tyr2726Arg	missense	VUS	VUS	2	4	MISSING_FUNCTIONAL	MISSING_FUNCTIONAL	PM5:moderate		neighbour_evidence
2020-01-01	2026-08-04	NM_000059.4:c.8176_8178delinsCTA	p.Tyr2726Leu	missense	VUS	VUS	2	4	MISSING_FUNCTIONAL	MISSING_FUNCTIONAL	PM5:moderate		neighbour_evidence
2020-01-01	2026-08-04	NM_000059.4:c.8176_8178delinsCTC	p.Tyr2726Leu	missense	VUS	VUS	2	4	MISSING_FUNCTIONAL	MISSING_FUNCTIONAL	PM5:moderate		neighbour_evidence
2020-01-01	2026-08-04	NM_000059.4:c.8176_8178delinsCTG	p.Tyr2726Leu	missense	VUS	VUS	2	4	MISSING_FUNCTIONAL	MISSING_FUNCTIONAL	PM5:moderate		neighbour_evidence
2020-01-01	2026-08-04	NM_000059.4:c.8176_8177delinsCT	p.Tyr2726Leu	missense	VUS	VUS	2	4	MISSING_FUNCTIONAL	MISSING_FUNCTIONAL	PM5:moderate		neighbour_evidence
2020-01-01	2026-08-04	NM_000059.4:c.8176_8178delinsGAA	p.Tyr2726Glu	missense	VUS	VUS	2	4	MISSING_FUNCTIONAL	MISSING_FUNCTIONAL	PM5:moderate		neighbour_evidence
2020-01-01	2026-08-04	NM_000059.4:c.8176_8178delinsGAC	p.Tyr2726Asp	missense	VUS	VUS	2	4	MISSING_FUNCTIONAL	MISSING_FUNCTIONAL	PM5:moderate		neighbour_evidence
2020-01-01	2026-08-04	NM_000059.4:c.8176_8178delinsGAG	p.Tyr2726Glu	missense	VUS	VUS	2	4	MISSING_FUNCTIONAL	MISSING_FUNCTIONAL	PM5:moderate		neighbour_evidence
2020-01-01	2026-08-04	NM_000059.4:c.8176_8178delinsGCA	p.Tyr2726Ala	missense	VUS	VUS	2	4	MISSING_FUNCTIONAL	MISSING_FUNCTIONAL	PM5:moderate		neighbour_evidence
2020-01-01	2026-08-04	NM_000059.4:c.8176_8178delinsGCC	p.Tyr2726Ala	missense	VUS	VUS	2	4	MISSING_FUNCTIONAL	MISSING_FUNCTIONAL	PM5:moderate		neighbour_evidence
2020-01-01	2026-08-04	NM_000059.4:c.8176_8178delinsGCG	p.Tyr2726Ala	missense	VUS	VUS	2	4	MISSING_FUNCTIONAL	MISSING_FUNCTIONAL	PM5:moderate		neighbour_evidence
2020-01-01	2026-08-04	NM_000059.4:c.8176_8177delinsGC	p.Tyr2726Ala	missense	VUS	VUS	2	4	MISSING_FUNCTIONAL	MISSING_FUNCTIONAL	PM5:moderate		neighbour_evidence
2020-01-01	2026-08-04	NM_000059.4:c.8176_8178delinsGGA	p.Tyr2726Gly	missense	VUS	VUS	2	4	MISSING_FUNCTIONAL	MISSING_FUNCTIONAL	PM5:moderate		neighbour_evidence
2020-01-01	2026-08-04	NM_000059.4:c.8176_8178delinsGGC	p.Tyr2726Gly	missense	VUS	VUS	2	4	MISSING_FUNCTIONAL	MISSING_FUNCTIONAL	PM5:moderate		neighbour_evidence
2020-01-01	2026-08-04	NM_000059.4:c.8176_8178delinsGGG	p.Tyr2726Gly	missense	VUS	VUS	2	4	MISSING_FUNCTIONAL	MISSING_FUNCTIONAL	PM5:moderate		neighbour_evidence
2020-01-01	2026-08-04	NM_000059.4:c.8176_8177delinsGG	p.Tyr2726Gly	missense	VUS	VUS	2	4	MISSING_FUNCTIONAL	MISSING_FUNCTIONAL	PM5:moderate		neighbour_evidence
2020-01-01	2026-08-04	NM_000059.4:c.8176_8178delinsGTA	p.Tyr2726Val	missense	VUS	VUS	2	4	MISSING_FUNCTIONAL	MISSING_FUNCTIONAL	PM5:moderate		neighbour_evidence
2020-01-01	2026-08-04	NM_000059.4:c.8176_8178delinsGTC	p.Tyr2726Val	missense	VUS	VUS	2	4	MISSING_FUNCTIONAL	MISSING_FUNCTIONAL	PM5:moderate		neighbour_evidence
2020-01-01	2026-08-04	NM_000059.4:c.8176_8178delinsGTG	p.Tyr2726Val	missense	VUS	VUS	2	4	MISSING_FUNCTIONAL	MISSING_FUNCTIONAL	PM5:moderate		neighbour_evidence
2020-01-01	2026-08-04	NM_000059.4:c.8176_8177delinsGT	p.Tyr2726Val	missense	VUS	VUS	2	4	MISSING_FUNCTIONAL	MISSING_FUNCTIONAL	PM5:moderate		neighbour_evidence
2020-01-01	2026-08-04	NM_000059.4:c.8177_8178delinsCA	p.Tyr2726Ser	missense	VUS	VUS	2	4	MISSING_FUNCTIONAL	MISSING_FUNCTIONAL	PM5:moderate		neighbour_evidence
2020-01-01	2026-08-04	NM_000059.4:c.8177_8178delinsCC	p.Tyr2726Ser	missense	VUS	VUS	2	4	MISSING_FUNCTIONAL	MISSING_FUNCTIONAL	PM5:moderate		neighbour_evidence
2020-01-01	2026-08-04	NM_000059.4:c.8177_8178delinsCG	p.Tyr2726Ser	missense	VUS	VUS	2	4	MISSING_FUNCTIONAL	MISSING_FUNCTIONAL	PM5:moderate		neighbour_evidence
2020-01-01	2026-08-04	NM_000059.4:c.8177_8178delinsGC	p.Tyr2726Cys	missense	VUS	LP	2	8	MISSING_FUNCTIONAL	RESOLVED_NOT_BLOCKED	PM5:moderate;PS1:strong		neighbour_evidence
2020-01-01	2026-08-04	NM_000059.4:c.8177_8178delinsGG	p.Tyr2726Trp	missense	VUS	VUS	2	4	MISSING_FUNCTIONAL	MISSING_FUNCTIONAL	PM5:moderate		neighbour_evidence
2020-01-01	2026-08-04	NM_000059.4:c.8177_8178delinsTA	p.Tyr2726Leu	missense	VUS	VUS	2	4	MISSING_FUNCTIONAL	MISSING_FUNCTIONAL	PM5:moderate		neighbour_evidence
2020-01-01	2026-08-04	NM_000059.4:c.8177_8178delinsTC	p.Tyr2726Phe	missense	VUS	VUS	2	4	MISSING_FUNCTIONAL	MISSING_FUNCTIONAL	PM5:moderate		neighbour_evidence
2020-01-01	2026-08-04	NM_000059.4:c.8177_8178delinsTG	p.Tyr2726Leu	missense	VUS	VUS	2	4	MISSING_FUNCTIONAL	MISSING_FUNCTIONAL	PM5:moderate		neighbour_evidence
2020-01-01	2026-08-04	NM_000059.4:c.8188_8190delinsAAA	p.Ala2730Lys	missense	VUS	VUS	2	4	MISSING_FUNCTIONAL	MISSING_FUNCTIONAL	PM5:moderate		neighbour_evidence
2020-01-01	2026-08-04	NM_000059.4:c.8188_8189delinsAA	p.Ala2730Asn	missense	VUS	VUS	2	4	MISSING_FUNCTIONAL	MISSING_FUNCTIONAL	PM5:moderate		neighbour_evidence
2020-01-01	2026-08-04	NM_000059.4:c.8188_8190delinsAAG	p.Ala2730Lys	missense	VUS	VUS	2	4	MISSING_FUNCTIONAL	MISSING_FUNCTIONAL	PM5:moderate		neighbour_evidence
2020-01-01	2026-08-04	NM_000059.4:c.8188_8190delinsAAT	p.Ala2730Asn	missense	VUS	VUS	2	4	MISSING_FUNCTIONAL	MISSING_FUNCTIONAL	PM5:moderate		neighbour_evidence
2020-01-01	2026-08-04	NM_000059.4:c.8188_8190delinsACA	p.Ala2730Thr	missense	VUS	VUS	2	4	MISSING_FUNCTIONAL	MISSING_FUNCTIONAL	PM5:moderate		neighbour_evidence
2020-01-01	2026-08-04	NM_000059.4:c.8188_8190delinsACG	p.Ala2730Thr	missense	VUS	VUS	2	4	MISSING_FUNCTIONAL	MISSING_FUNCTIONAL	PM5:moderate		neighbour_evidence
2020-01-01	2026-08-04	NM_000059.4:c.8188_8190delinsACT	p.Ala2730Thr	missense	VUS	VUS	2	4	MISSING_FUNCTIONAL	MISSING_FUNCTIONAL	PM5:moderate		neighbour_evidence
2020-01-01	2026-08-04	NM_000059.4:c.8188_8190delinsAGA	p.Ala2730Arg	missense	VUS	VUS	2	4	MISSING_FUNCTIONAL	MISSING_FUNCTIONAL	PM5:moderate		neighbour_evidence
2020-01-01	2026-08-04	NM_000059.4:c.8188_8189delinsAG	p.Ala2730Ser	missense	VUS	VUS	2	4	MISSING_FUNCTIONAL	MISSING_FUNCTIONAL	PM5:moderate		neighbour_evidence
2020-01-01	2026-08-04	NM_000059.4:c.8188_8190delinsAGG	p.Ala2730Arg	missense	VUS	VUS	2	4	MISSING_FUNCTIONAL	MISSING_FUNCTIONAL	PM5:moderate		neighbour_evidence
2020-01-01	2026-08-04	NM_000059.4:c.8188_8190delinsAGT	p.Ala2730Ser	missense	VUS	VUS	2	4	MISSING_FUNCTIONAL	MISSING_FUNCTIONAL	PM5:moderate		neighbour_evidence
2020-01-01	2026-08-04	NM_000059.4:c.8188_8190delinsATA	p.Ala2730Ile	missense	VUS	VUS	2	4	MISSING_FUNCTIONAL	MISSING_FUNCTIONAL	PM5:moderate		neighbour_evidence
2020-01-01	2026-08-04	NM_000059.4:c.8188_8189delinsAT	p.Ala2730Ile	missense	VUS	VUS	2	4	MISSING_FUNCTIONAL	MISSING_FUNCTIONAL	PM5:moderate		neighbour_evidence
2020-01-01	2026-08-04	NM_000059.4:c.8188_8190delinsATG	p.Ala2730Met	missense	VUS	VUS	2	4	MISSING_FUNCTIONAL	MISSING_FUNCTIONAL	PM5:moderate		neighbour_evidence
2020-01-01	2026-08-04	NM_000059.4:c.8188_8190delinsATT	p.Ala2730Ile	missense	VUS	VUS	2	4	MISSING_FUNCTIONAL	MISSING_FUNCTIONAL	PM5:moderate		neighbour_evidence
2020-01-01	2026-08-04	NM_000059.4:c.8188_8190delinsCAA	p.Ala2730Gln	missense	VUS	VUS	2	4	MISSING_FUNCTIONAL	MISSING_FUNCTIONAL	PM5:moderate		neighbour_evidence
2020-01-01	2026-08-04	NM_000059.4:c.8188_8189delinsCA	p.Ala2730His	missense	VUS	VUS	2	4	MISSING_FUNCTIONAL	MISSING_FUNCTIONAL	PM5:moderate		neighbour_evidence
2020-01-01	2026-08-04	NM_000059.4:c.8188_8190delinsCAG	p.Ala2730Gln	missense	VUS	VUS	2	4	MISSING_FUNCTIONAL	MISSING_FUNCTIONAL	PM5:moderate		neighbour_evidence
2020-01-01	2026-08-04	NM_000059.4:c.8188_8190delinsCAT	p.Ala2730His	missense	VUS	VUS	2	4	MISSING_FUNCTIONAL	MISSING_FUNCTIONAL	PM5:moderate		neighbour_evidence
2020-01-01	2026-08-04	NM_000059.4:c.8188_8190delinsCCA	p.Ala2730Pro	missense	VUS	LP	2	6	MISSING_FUNCTIONAL	RESOLVED_NOT_BLOCKED	PS1:strong		neighbour_evidence
2020-01-01	2026-08-04	NM_000059.4:c.8188_8190delinsCCG	p.Ala2730Pro	missense	VUS	LP	2	6	MISSING_FUNCTIONAL	RESOLVED_NOT_BLOCKED	PS1:strong		neighbour_evidence
2020-01-01	2026-08-04	NM_000059.4:c.8188_8190delinsCCT	p.Ala2730Pro	missense	VUS	LP	2	6	MISSING_FUNCTIONAL	RESOLVED_NOT_BLOCKED	PS1:strong		neighbour_evidence
2020-01-01	2026-08-04	NM_000059.4:c.8188_8190delinsCGA	p.Ala2730Arg	missense	VUS	VUS	2	4	MISSING_FUNCTIONAL	MISSING_FUNCTIONAL	PM5:moderate		neighbour_evidence
2020-01-01	2026-08-04	NM_000059.4:c.8188_8189delinsCG	p.Ala2730Arg	missense	VUS	VUS	2	4	MISSING_FUNCTIONAL	MISSING_FUNCTIONAL	PM5:moderate		neighbour_evidence
2020-01-01	2026-08-04	NM_000059.4:c.8188_8190delinsCGG	p.Ala2730Arg	missense	VUS	VUS	2	4	MISSING_FUNCTIONAL	MISSING_FUNCTIONAL	PM5:moderate		neighbour_evidence
2020-01-01	2026-08-04	NM_000059.4:c.8188_8190delinsCGT	p.Ala2730Arg	missense	VUS	VUS	2	4	MISSING_FUNCTIONAL	MISSING_FUNCTIONAL	PM5:moderate		neighbour_evidence
2020-01-01	2026-08-04	NM_000059.4:c.8188_8190delinsCTA	p.Ala2730Leu	missense	VUS	VUS	2	4	MISSING_FUNCTIONAL	MISSING_FUNCTIONAL	PM5:moderate		neighbour_evidence
2020-01-01	2026-08-04	NM_000059.4:c.8188_8189delinsCT	p.Ala2730Leu	missense	VUS	VUS	2	4	MISSING_FUNCTIONAL	MISSING_FUNCTIONAL	PM5:moderate		neighbour_evidence
2020-01-01	2026-08-04	NM_000059.4:c.8188_8190delinsCTG	p.Ala2730Leu	missense	VUS	VUS	2	4	MISSING_FUNCTIONAL	MISSING_FUNCTIONAL	PM5:moderate		neighbour_evidence
2020-01-01	2026-08-04	NM_000059.4:c.8188_8190delinsCTT	p.Ala2730Leu	missense	VUS	VUS	2	4	MISSING_FUNCTIONAL	MISSING_FUNCTIONAL	PM5:moderate		neighbour_evidence
2020-01-01	2026-08-04	NM_000059.4:c.8189_8190delinsAA	p.Ala2730Glu	missense	VUS	VUS	2	4	MISSING_FUNCTIONAL	MISSING_FUNCTIONAL	PM5:moderate		neighbour_evidence
2020-01-01	2026-08-04	NM_000059.4:c.8189_8190delinsAG	p.Ala2730Glu	missense	VUS	VUS	2	4	MISSING_FUNCTIONAL	MISSING_FUNCTIONAL	PM5:moderate		neighbour_evidence
2020-01-01	2026-08-04	NM_000059.4:c.8189_8190delinsAT	p.Ala2730Asp	missense	VUS	VUS	2	4	MISSING_FUNCTIONAL	MISSING_FUNCTIONAL	PM5:moderate		neighbour_evidence
2020-01-01	2026-08-04	NM_000059.4:c.8189_8190delinsGA	p.Ala2730Gly	missense	VUS	VUS	2	4	MISSING_FUNCTIONAL	MISSING_FUNCTIONAL	PM5:moderate		neighbour_evidence
2020-01-01	2026-08-04	NM_000059.4:c.8189_8190delinsGG	p.Ala2730Gly	missense	VUS	VUS	2	4	MISSING_FUNCTIONAL	MISSING_FUNCTIONAL	PM5:moderate		neighbour_evidence
2020-01-01	2026-08-04	NM_000059.4:c.8189_8190delinsGT	p.Ala2730Gly	missense	VUS	VUS	2	4	MISSING_FUNCTIONAL	MISSING_FUNCTIONAL	PM5:moderate		neighbour_evidence
2020-01-01	2026-08-04	NM_000059.4:c.8189_8190delinsTA	p.Ala2730Val	missense	VUS	VUS	2	4	MISSING_FUNCTIONAL	MISSING_FUNCTIONAL	PM5:moderate		neighbour_evidence
2020-01-01	2026-08-04	NM_000059.4:c.8189_8190delinsTG	p.Ala2730Val	missense	VUS	VUS	2	4	MISSING_FUNCTIONAL	MISSING_FUNCTIONAL	PM5:moderate		neighbour_evidence
2020-01-01	2026-08-04	NM_000059.4:c.8189_8190delinsTT	p.Ala2730Val	missense	VUS	VUS	2	4	MISSING_FUNCTIONAL	MISSING_FUNCTIONAL	PM5:moderate		neighbour_evidence
2020-01-01	2026-08-04	NM_000059.4:c.8188_8189delinsTA	p.Ala2730Tyr	missense	VUS	VUS	2	4	MISSING_FUNCTIONAL	MISSING_FUNCTIONAL	PM5:moderate		neighbour_evidence
2020-01-01	2026-08-04	NM_000059.4:c.8188_8190delinsTAT	p.Ala2730Tyr	missense	VUS	VUS	2	4	MISSING_FUNCTIONAL	MISSING_FUNCTIONAL	PM5:moderate		neighbour_evidence
2020-01-01	2026-08-04	NM_000059.4:c.8188_8190delinsTCA	p.Ala2730Ser	missense	VUS	VUS	2	4	MISSING_FUNCTIONAL	MISSING_FUNCTIONAL	PM5:moderate		neighbour_evidence
2020-01-01	2026-08-04	NM_000059.4:c.8188_8190delinsTCG	p.Ala2730Ser	missense	VUS	VUS	2	4	MISSING_FUNCTIONAL	MISSING_FUNCTIONAL	PM5:moderate		neighbour_evidence
2020-01-01	2026-08-04	NM_000059.4:c.8188_8190delinsTCT	p.Ala2730Ser	missense	VUS	VUS	2	4	MISSING_FUNCTIONAL	MISSING_FUNCTIONAL	PM5:moderate		neighbour_evidence
2020-01-01	2026-08-04	NM_000059.4:c.8188_8189delinsTG	p.Ala2730Cys	missense	VUS	VUS	2	4	MISSING_FUNCTIONAL	MISSING_FUNCTIONAL	PM5:moderate		neighbour_evidence
2020-01-01	2026-08-04	NM_000059.4:c.8188_8190delinsTGG	p.Ala2730Trp	missense	VUS	VUS	2	4	MISSING_FUNCTIONAL	MISSING_FUNCTIONAL	PM5:moderate		neighbour_evidence
2020-01-01	2026-08-04	NM_000059.4:c.8188_8190delinsTGT	p.Ala2730Cys	missense	VUS	VUS	2	4	MISSING_FUNCTIONAL	MISSING_FUNCTIONAL	PM5:moderate		neighbour_evidence
2020-01-01	2026-08-04	NM_000059.4:c.8188_8190delinsTTA	p.Ala2730Leu	missense	VUS	VUS	2	4	MISSING_FUNCTIONAL	MISSING_FUNCTIONAL	PM5:moderate		neighbour_evidence
2020-01-01	2026-08-04	NM_000059.4:c.8188_8189delinsTT	p.Ala2730Phe	missense	VUS	VUS	2	4	MISSING_FUNCTIONAL	MISSING_FUNCTIONAL	PM5:moderate		neighbour_evidence
2020-01-01	2026-08-04	NM_000059.4:c.8188_8190delinsTTG	p.Ala2730Leu	missense	VUS	VUS	2	4	MISSING_FUNCTIONAL	MISSING_FUNCTIONAL	PM5:moderate		neighbour_evidence
2020-01-01	2026-08-04	NM_000059.4:c.8188_8190delinsTTT	p.Ala2730Phe	missense	VUS	VUS	2	4	MISSING_FUNCTIONAL	MISSING_FUNCTIONAL	PM5:moderate		neighbour_evidence
2020-01-01	2026-08-04	NM_000059.4:c.8242_8244delinsAAA	p.Gly2748Lys	missense	VUS	VUS	2	4	MISSING_FUNCTIONAL	MISSING_FUNCTIONAL	PM5:moderate		neighbour_evidence
2020-01-01	2026-08-04	NM_000059.4:c.8242_8244delinsAAC	p.Gly2748Asn	missense	VUS	VUS	2	4	MISSING_FUNCTIONAL	MISSING_FUNCTIONAL	PM5:moderate		neighbour_evidence
2020-01-01	2026-08-04	NM_000059.4:c.8242_8244delinsAAG	p.Gly2748Lys	missense	VUS	VUS	2	4	MISSING_FUNCTIONAL	MISSING_FUNCTIONAL	PM5:moderate		neighbour_evidence
2020-01-01	2026-08-04	NM_000059.4:c.8242_8243delinsAA	p.Gly2748Asn	missense	VUS	VUS	2	4	MISSING_FUNCTIONAL	MISSING_FUNCTIONAL	PM5:moderate		neighbour_evidence
2020-01-01	2026-08-04	NM_000059.4:c.8242_8244delinsACA	p.Gly2748Thr	missense	VUS	VUS	2	4	MISSING_FUNCTIONAL	MISSING_FUNCTIONAL	PM5:moderate		neighbour_evidence
2020-01-01	2026-08-04	NM_000059.4:c.8242_8244delinsACC	p.Gly2748Thr	missense	VUS	VUS	2	4	MISSING_FUNCTIONAL	MISSING_FUNCTIONAL	PM5:moderate		neighbour_evidence
2020-01-01	2026-08-04	NM_000059.4:c.8242_8244delinsACG	p.Gly2748Thr	missense	VUS	VUS	2	4	MISSING_FUNCTIONAL	MISSING_FUNCTIONAL	PM5:moderate		neighbour_evidence
2020-01-01	2026-08-04	NM_000059.4:c.8242_8243delinsAC	p.Gly2748Thr	missense	VUS	VUS	2	4	MISSING_FUNCTIONAL	MISSING_FUNCTIONAL	PM5:moderate		neighbour_evidence
2020-01-01	2026-08-04	NM_000059.4:c.8242_8244delinsAGA	p.Gly2748Arg	missense	VUS	VUS	2	4	MISSING_FUNCTIONAL	MISSING_FUNCTIONAL	PM5:moderate		neighbour_evidence
2020-01-01	2026-08-04	NM_000059.4:c.8242_8244delinsAGC	p.Gly2748Ser	missense	VUS	VUS	2	4	MISSING_FUNCTIONAL	MISSING_FUNCTIONAL	PM5:moderate		neighbour_evidence
2020-01-01	2026-08-04	NM_000059.4:c.8242_8244delinsAGG	p.Gly2748Arg	missense	VUS	VUS	2	4	MISSING_FUNCTIONAL	MISSING_FUNCTIONAL	PM5:moderate		neighbour_evidence
2020-01-01	2026-08-04	NM_000059.4:c.8242_8244delinsATA	p.Gly2748Ile	missense	VUS	VUS	2	4	MISSING_FUNCTIONAL	MISSING_FUNCTIONAL	PM5:moderate		neighbour_evidence
2020-01-01	2026-08-04	NM_000059.4:c.8242_8244delinsATC	p.Gly2748Ile	missense	VUS	VUS	2	4	MISSING_FUNCTIONAL	MISSING_FUNCTIONAL	PM5:moderate		neighbour_evidence
2020-01-01	2026-08-04	NM_000059.4:c.8242_8244delinsATG	p.Gly2748Met	missense	VUS	VUS	2	4	MISSING_FUNCTIONAL	MISSING_FUNCTIONAL	PM5:moderate		neighbour_evidence
2020-01-01	2026-08-04	NM_000059.4:c.8242_8243delinsAT	p.Gly2748Ile	missense	VUS	VUS	2	4	MISSING_FUNCTIONAL	MISSING_FUNCTIONAL	PM5:moderate		neighbour_evidence
2020-01-01	2026-08-04	NM_000059.4:c.8242_8244delinsCAA	p.Gly2748Gln	missense	VUS	VUS	2	4	MISSING_FUNCTIONAL	MISSING_FUNCTIONAL	PM5:moderate		neighbour_evidence
2020-01-01	2026-08-04	NM_000059.4:c.8242_8244delinsCAC	p.Gly2748His	missense	VUS	VUS	2	4	MISSING_FUNCTIONAL	MISSING_FUNCTIONAL	PM5:moderate		neighbour_evidence
2020-01-01	2026-08-04	NM_000059.4:c.8242_8244delinsCAG	p.Gly2748Gln	missense	VUS	VUS	2	4	MISSING_FUNCTIONAL	MISSING_FUNCTIONAL	PM5:moderate		neighbour_evidence
2020-01-01	2026-08-04	NM_000059.4:c.8242_8243delinsCA	p.Gly2748His	missense	VUS	VUS	2	4	MISSING_FUNCTIONAL	MISSING_FUNCTIONAL	PM5:moderate		neighbour_evidence
2020-01-01	2026-08-04	NM_000059.4:c.8242_8244delinsCCA	p.Gly2748Pro	missense	VUS	VUS	2	4	MISSING_FUNCTIONAL	MISSING_FUNCTIONAL	PM5:moderate		neighbour_evidence
2020-01-01	2026-08-04	NM_000059.4:c.8242_8244delinsCCC	p.Gly2748Pro	missense	VUS	VUS	2	4	MISSING_FUNCTIONAL	MISSING_FUNCTIONAL	PM5:moderate		neighbour_evidence
2020-01-01	2026-08-04	NM_000059.4:c.8242_8244delinsCCG	p.Gly2748Pro	missense	VUS	VUS	2	4	MISSING_FUNCTIONAL	MISSING_FUNCTIONAL	PM5:moderate		neighbour_evidence
2020-01-01	2026-08-04	NM_000059.4:c.8242_8243delinsCC	p.Gly2748Pro	missense	VUS	VUS	2	4	MISSING_FUNCTIONAL	MISSING_FUNCTIONAL	PM5:moderate		neighbour_evidence
2020-01-01	2026-08-04	NM_000059.4:c.8242_8244delinsCGA	p.Gly2748Arg	missense	VUS	VUS	2	4	MISSING_FUNCTIONAL	MISSING_FUNCTIONAL	PM5:moderate		neighbour_evidence
2020-01-01	2026-08-04	NM_000059.4:c.8242_8244delinsCGC	p.Gly2748Arg	missense	VUS	VUS	2	4	MISSING_FUNCTIONAL	MISSING_FUNCTIONAL	PM5:moderate		neighbour_evidence
2020-01-01	2026-08-04	NM_000059.4:c.8242_8244delinsCGG	p.Gly2748Arg	missense	VUS	VUS	2	4	MISSING_FUNCTIONAL	MISSING_FUNCTIONAL	PM5:moderate		neighbour_evidence
2020-01-01	2026-08-04	NM_000059.4:c.8242_8244delinsCTA	p.Gly2748Leu	missense	VUS	VUS	2	4	MISSING_FUNCTIONAL	MISSING_FUNCTIONAL	PM5:moderate		neighbour_evidence
2020-01-01	2026-08-04	NM_000059.4:c.8242_8244delinsCTC	p.Gly2748Leu	missense	VUS	VUS	2	4	MISSING_FUNCTIONAL	MISSING_FUNCTIONAL	PM5:moderate		neighbour_evidence
2020-01-01	2026-08-04	NM_000059.4:c.8242_8244delinsCTG	p.Gly2748Leu	missense	VUS	VUS	2	4	MISSING_FUNCTIONAL	MISSING_FUNCTIONAL	PM5:moderate		neighbour_evidence
2020-01-01	2026-08-04	NM_000059.4:c.8242_8243delinsCT	p.Gly2748Leu	missense	VUS	VUS	2	4	MISSING_FUNCTIONAL	MISSING_FUNCTIONAL	PM5:moderate		neighbour_evidence
2020-01-01	2026-08-04	NM_000059.4:c.8243_8244delinsAA	p.Gly2748Glu	missense	VUS	VUS	2	4	MISSING_FUNCTIONAL	MISSING_FUNCTIONAL	PM5:moderate		neighbour_evidence
2020-01-01	2026-08-04	NM_000059.4:c.8243_8244delinsAC	p.Gly2748Asp	missense	VUS	LP	2	8	MISSING_FUNCTIONAL	RESOLVED_NOT_BLOCKED	PM5:moderate;PS1:strong		neighbour_evidence
2020-01-01	2026-08-04	NM_000059.4:c.8243_8244delinsAG	p.Gly2748Glu	missense	VUS	VUS	2	4	MISSING_FUNCTIONAL	MISSING_FUNCTIONAL	PM5:moderate		neighbour_evidence
2020-01-01	2026-08-04	NM_000059.4:c.8243_8244delinsCA	p.Gly2748Ala	missense	VUS	VUS	2	4	MISSING_FUNCTIONAL	MISSING_FUNCTIONAL	PM5:moderate		neighbour_evidence
2020-01-01	2026-08-04	NM_000059.4:c.8243_8244delinsCC	p.Gly2748Ala	missense	VUS	VUS	2	4	MISSING_FUNCTIONAL	MISSING_FUNCTIONAL	PM5:moderate		neighbour_evidence
2020-01-01	2026-08-04	NM_000059.4:c.8243_8244delinsCG	p.Gly2748Ala	missense	VUS	VUS	2	4	MISSING_FUNCTIONAL	MISSING_FUNCTIONAL	PM5:moderate		neighbour_evidence
2020-01-01	2026-08-04	NM_000059.4:c.8243_8244delinsTA	p.Gly2748Val	missense	VUS	LP	2	8	MISSING_FUNCTIONAL	RESOLVED_NOT_BLOCKED	PM5:moderate;PS1:strong		neighbour_evidence
2020-01-01	2026-08-04	NM_000059.4:c.8243_8244delinsTC	p.Gly2748Val	missense	VUS	LP	2	8	MISSING_FUNCTIONAL	RESOLVED_NOT_BLOCKED	PM5:moderate;PS1:strong		neighbour_evidence
2020-01-01	2026-08-04	NM_000059.4:c.8243_8244delinsTG	p.Gly2748Val	missense	VUS	LP	2	8	MISSING_FUNCTIONAL	RESOLVED_NOT_BLOCKED	PM5:moderate;PS1:strong		neighbour_evidence
2020-01-01	2026-08-04	NM_000059.4:c.8242_8244delinsTAC	p.Gly2748Tyr	missense	VUS	VUS	2	4	MISSING_FUNCTIONAL	MISSING_FUNCTIONAL	PM5:moderate		neighbour_evidence
2020-01-01	2026-08-04	NM_000059.4:c.8242_8243delinsTA	p.Gly2748Tyr	missense	VUS	VUS	2	4	MISSING_FUNCTIONAL	MISSING_FUNCTIONAL	PM5:moderate		neighbour_evidence
2020-01-01	2026-08-04	NM_000059.4:c.8242_8244delinsTCA	p.Gly2748Ser	missense	VUS	VUS	2	4	MISSING_FUNCTIONAL	MISSING_FUNCTIONAL	PM5:moderate		neighbour_evidence
2020-01-01	2026-08-04	NM_000059.4:c.8242_8244delinsTCC	p.Gly2748Ser	missense	VUS	VUS	2	4	MISSING_FUNCTIONAL	MISSING_FUNCTIONAL	PM5:moderate		neighbour_evidence
2020-01-01	2026-08-04	NM_000059.4:c.8242_8244delinsTCG	p.Gly2748Ser	missense	VUS	VUS	2	4	MISSING_FUNCTIONAL	MISSING_FUNCTIONAL	PM5:moderate		neighbour_evidence
2020-01-01	2026-08-04	NM_000059.4:c.8242_8243delinsTC	p.Gly2748Ser	missense	VUS	VUS	2	4	MISSING_FUNCTIONAL	MISSING_FUNCTIONAL	PM5:moderate		neighbour_evidence
2020-01-01	2026-08-04	NM_000059.4:c.8242_8244delinsTGC	p.Gly2748Cys	missense	VUS	VUS	2	4	MISSING_FUNCTIONAL	MISSING_FUNCTIONAL	PM5:moderate		neighbour_evidence
2020-01-01	2026-08-04	NM_000059.4:c.8242_8244delinsTGG	p.Gly2748Trp	missense	VUS	VUS	2	4	MISSING_FUNCTIONAL	MISSING_FUNCTIONAL	PM5:moderate		neighbour_evidence
2020-01-01	2026-08-04	NM_000059.4:c.8242_8244delinsTTA	p.Gly2748Leu	missense	VUS	VUS	2	4	MISSING_FUNCTIONAL	MISSING_FUNCTIONAL	PM5:moderate		neighbour_evidence
2020-01-01	2026-08-04	NM_000059.4:c.8242_8244delinsTTC	p.Gly2748Phe	missense	VUS	VUS	2	4	MISSING_FUNCTIONAL	MISSING_FUNCTIONAL	PM5:moderate		neighbour_evidence
2020-01-01	2026-08-04	NM_000059.4:c.8242_8244delinsTTG	p.Gly2748Leu	missense	VUS	VUS	2	4	MISSING_FUNCTIONAL	MISSING_FUNCTIONAL	PM5:moderate		neighbour_evidence
2020-01-01	2026-08-04	NM_000059.4:c.8242_8243delinsTT	p.Gly2748Phe	missense	VUS	VUS	2	4	MISSING_FUNCTIONAL	MISSING_FUNCTIONAL	PM5:moderate		neighbour_evidence
2020-01-01	2026-08-04	NM_000059.4:c.8338_8340delinsAAA	p.Ala2780Lys	missense	VUS	VUS	2	4	MISSING_FUNCTIONAL	MISSING_FUNCTIONAL	PM5:moderate		neighbour_evidence
2020-01-01	2026-08-04	NM_000059.4:c.8338_8340delinsAAC	p.Ala2780Asn	missense	VUS	VUS	2	4	MISSING_FUNCTIONAL	MISSING_FUNCTIONAL	PM5:moderate		neighbour_evidence
2020-01-01	2026-08-04	NM_000059.4:c.8338_8340delinsAAG	p.Ala2780Lys	missense	VUS	VUS	2	4	MISSING_FUNCTIONAL	MISSING_FUNCTIONAL	PM5:moderate		neighbour_evidence
2020-01-01	2026-08-04	NM_000059.4:c.8338_8339delinsAA	p.Ala2780Asn	missense	VUS	VUS	2	4	MISSING_FUNCTIONAL	MISSING_FUNCTIONAL	PM5:moderate		neighbour_evidence
2020-01-01	2026-08-04	NM_000059.4:c.8338_8340delinsACA	p.Ala2780Thr	missense	VUS	VUS	2	4	MISSING_FUNCTIONAL	MISSING_FUNCTIONAL	PM5:moderate		neighbour_evidence
2020-01-01	2026-08-04	NM_000059.4:c.8338_8340delinsACC	p.Ala2780Thr	missense	VUS	VUS	2	4	MISSING_FUNCTIONAL	MISSING_FUNCTIONAL	PM5:moderate		neighbour_evidence
2020-01-01	2026-08-04	NM_000059.4:c.8338_8340delinsACG	p.Ala2780Thr	missense	VUS	VUS	2	4	MISSING_FUNCTIONAL	MISSING_FUNCTIONAL	PM5:moderate		neighbour_evidence
2020-01-01	2026-08-04	NM_000059.4:c.8338_8340delinsAGA	p.Ala2780Arg	missense	VUS	VUS	2	4	MISSING_FUNCTIONAL	MISSING_FUNCTIONAL	PM5:moderate		neighbour_evidence
2020-01-01	2026-08-04	NM_000059.4:c.8338_8340delinsAGC	p.Ala2780Ser	missense	VUS	VUS	2	4	MISSING_FUNCTIONAL	MISSING_FUNCTIONAL	PM5:moderate		neighbour_evidence
2020-01-01	2026-08-04	NM_000059.4:c.8338_8340delinsAGG	p.Ala2780Arg	missense	VUS	VUS	2	4	MISSING_FUNCTIONAL	MISSING_FUNCTIONAL	PM5:moderate		neighbour_evidence
2020-01-01	2026-08-04	NM_000059.4:c.8338_8339delinsAG	p.Ala2780Ser	missense	VUS	VUS	2	4	MISSING_FUNCTIONAL	MISSING_FUNCTIONAL	PM5:moderate		neighbour_evidence
2020-01-01	2026-08-04	NM_000059.4:c.8338_8340delinsATA	p.Ala2780Ile	missense	VUS	VUS	2	4	MISSING_FUNCTIONAL	MISSING_FUNCTIONAL	PM5:moderate		neighbour_evidence
2020-01-01	2026-08-04	NM_000059.4:c.8338_8340delinsATC	p.Ala2780Ile	missense	VUS	VUS	2	4	MISSING_FUNCTIONAL	MISSING_FUNCTIONAL	PM5:moderate		neighbour_evidence
2020-01-01	2026-08-04	NM_000059.4:c.8338_8340delinsATG	p.Ala2780Met	missense	VUS	VUS	2	4	MISSING_FUNCTIONAL	MISSING_FUNCTIONAL	PM5:moderate		neighbour_evidence
2020-01-01	2026-08-04	NM_000059.4:c.8338_8339delinsAT	p.Ala2780Ile	missense	VUS	VUS	2	4	MISSING_FUNCTIONAL	MISSING_FUNCTIONAL	PM5:moderate		neighbour_evidence
2020-01-01	2026-08-04	NM_000059.4:c.8338_8340delinsCAA	p.Ala2780Gln	missense	VUS	VUS	2	4	MISSING_FUNCTIONAL	MISSING_FUNCTIONAL	PM5:moderate		neighbour_evidence
2020-01-01	2026-08-04	NM_000059.4:c.8338_8340delinsCAC	p.Ala2780His	missense	VUS	VUS	2	4	MISSING_FUNCTIONAL	MISSING_FUNCTIONAL	PM5:moderate		neighbour_evidence
2020-01-01	2026-08-04	NM_000059.4:c.8338_8340delinsCAG	p.Ala2780Gln	missense	VUS	VUS	2	4	MISSING_FUNCTIONAL	MISSING_FUNCTIONAL	PM5:moderate		neighbour_evidence
2020-01-01	2026-08-04	NM_000059.4:c.8338_8339delinsCA	p.Ala2780His	missense	VUS	VUS	2	4	MISSING_FUNCTIONAL	MISSING_FUNCTIONAL	PM5:moderate		neighbour_evidence
2020-01-01	2026-08-04	NM_000059.4:c.8338_8340delinsCCA	p.Ala2780Pro	missense	VUS	VUS	2	4	MISSING_FUNCTIONAL	MISSING_FUNCTIONAL	PM5:moderate		neighbour_evidence
2020-01-01	2026-08-04	NM_000059.4:c.8338_8340delinsCCC	p.Ala2780Pro	missense	VUS	VUS	2	4	MISSING_FUNCTIONAL	MISSING_FUNCTIONAL	PM5:moderate		neighbour_evidence
2020-01-01	2026-08-04	NM_000059.4:c.8338_8340delinsCCG	p.Ala2780Pro	missense	VUS	VUS	2	4	MISSING_FUNCTIONAL	MISSING_FUNCTIONAL	PM5:moderate		neighbour_evidence
2020-01-01	2026-08-04	NM_000059.4:c.8338_8340delinsCGA	p.Ala2780Arg	missense	VUS	VUS	2	4	MISSING_FUNCTIONAL	MISSING_FUNCTIONAL	PM5:moderate		neighbour_evidence
2020-01-01	2026-08-04	NM_000059.4:c.8338_8340delinsCGC	p.Ala2780Arg	missense	VUS	VUS	2	4	MISSING_FUNCTIONAL	MISSING_FUNCTIONAL	PM5:moderate		neighbour_evidence
2020-01-01	2026-08-04	NM_000059.4:c.8338_8340delinsCGG	p.Ala2780Arg	missense	VUS	VUS	2	4	MISSING_FUNCTIONAL	MISSING_FUNCTIONAL	PM5:moderate		neighbour_evidence
2020-01-01	2026-08-04	NM_000059.4:c.8338_8339delinsCG	p.Ala2780Arg	missense	VUS	VUS	2	4	MISSING_FUNCTIONAL	MISSING_FUNCTIONAL	PM5:moderate		neighbour_evidence
2020-01-01	2026-08-04	NM_000059.4:c.8338_8340delinsCTA	p.Ala2780Leu	missense	VUS	VUS	2	4	MISSING_FUNCTIONAL	MISSING_FUNCTIONAL	PM5:moderate		neighbour_evidence
2020-01-01	2026-08-04	NM_000059.4:c.8338_8340delinsCTC	p.Ala2780Leu	missense	VUS	VUS	2	4	MISSING_FUNCTIONAL	MISSING_FUNCTIONAL	PM5:moderate		neighbour_evidence
2020-01-01	2026-08-04	NM_000059.4:c.8338_8340delinsCTG	p.Ala2780Leu	missense	VUS	VUS	2	4	MISSING_FUNCTIONAL	MISSING_FUNCTIONAL	PM5:moderate		neighbour_evidence
2020-01-01	2026-08-04	NM_000059.4:c.8338_8339delinsCT	p.Ala2780Leu	missense	VUS	VUS	2	4	MISSING_FUNCTIONAL	MISSING_FUNCTIONAL	PM5:moderate		neighbour_evidence
2020-01-01	2026-08-04	NM_000059.4:c.8339_8340delinsAA	p.Ala2780Glu	missense	VUS	VUS	2	4	MISSING_FUNCTIONAL	MISSING_FUNCTIONAL	PM5:moderate		neighbour_evidence
2020-01-01	2026-08-04	NM_000059.4:c.8339_8340delinsAC	p.Ala2780Asp	missense	VUS	LP	2	6	MISSING_FUNCTIONAL	RESOLVED_NOT_BLOCKED	PS1:strong		neighbour_evidence
2020-01-01	2026-08-04	NM_000059.4:c.8339_8340delinsAG	p.Ala2780Glu	missense	VUS	VUS	2	4	MISSING_FUNCTIONAL	MISSING_FUNCTIONAL	PM5:moderate		neighbour_evidence
2020-01-01	2026-08-04	NM_000059.4:c.8339_8340delinsGA	p.Ala2780Gly	missense	VUS	VUS	2	4	MISSING_FUNCTIONAL	MISSING_FUNCTIONAL	PM5:moderate		neighbour_evidence
2020-01-01	2026-08-04	NM_000059.4:c.8339_8340delinsGC	p.Ala2780Gly	missense	VUS	VUS	2	4	MISSING_FUNCTIONAL	MISSING_FUNCTIONAL	PM5:moderate		neighbour_evidence
2020-01-01	2026-08-04	NM_000059.4:c.8339_8340delinsGG	p.Ala2780Gly	missense	VUS	VUS	2	4	MISSING_FUNCTIONAL	MISSING_FUNCTIONAL	PM5:moderate		neighbour_evidence
2020-01-01	2026-08-04	NM_000059.4:c.8339_8340delinsTA	p.Ala2780Val	missense	VUS	VUS	2	4	MISSING_FUNCTIONAL	MISSING_FUNCTIONAL	PM5:moderate		neighbour_evidence
2020-01-01	2026-08-04	NM_000059.4:c.8339_8340delinsTC	p.Ala2780Val	missense	VUS	VUS	2	4	MISSING_FUNCTIONAL	MISSING_FUNCTIONAL	PM5:moderate		neighbour_evidence
2020-01-01	2026-08-04	NM_000059.4:c.8339_8340delinsTG	p.Ala2780Val	missense	VUS	VUS	2	4	MISSING_FUNCTIONAL	MISSING_FUNCTIONAL	PM5:moderate		neighbour_evidence
2020-01-01	2026-08-04	NM_000059.4:c.8338_8340delinsTAC	p.Ala2780Tyr	missense	VUS	VUS	2	4	MISSING_FUNCTIONAL	MISSING_FUNCTIONAL	PM5:moderate		neighbour_evidence
2020-01-01	2026-08-04	NM_000059.4:c.8338_8339delinsTA	p.Ala2780Tyr	missense	VUS	VUS	2	4	MISSING_FUNCTIONAL	MISSING_FUNCTIONAL	PM5:moderate		neighbour_evidence
2020-01-01	2026-08-04	NM_000059.4:c.8338_8340delinsTCA	p.Ala2780Ser	missense	VUS	VUS	2	4	MISSING_FUNCTIONAL	MISSING_FUNCTIONAL	PM5:moderate		neighbour_evidence
2020-01-01	2026-08-04	NM_000059.4:c.8338_8340delinsTCC	p.Ala2780Ser	missense	VUS	VUS	2	4	MISSING_FUNCTIONAL	MISSING_FUNCTIONAL	PM5:moderate		neighbour_evidence
2020-01-01	2026-08-04	NM_000059.4:c.8338_8340delinsTCG	p.Ala2780Ser	missense	VUS	VUS	2	4	MISSING_FUNCTIONAL	MISSING_FUNCTIONAL	PM5:moderate		neighbour_evidence
2020-01-01	2026-08-04	NM_000059.4:c.8338_8340delinsTGC	p.Ala2780Cys	missense	VUS	VUS	2	4	MISSING_FUNCTIONAL	MISSING_FUNCTIONAL	PM5:moderate		neighbour_evidence
2020-01-01	2026-08-04	NM_000059.4:c.8338_8340delinsTGG	p.Ala2780Trp	missense	VUS	VUS	2	4	MISSING_FUNCTIONAL	MISSING_FUNCTIONAL	PM5:moderate		neighbour_evidence
2020-01-01	2026-08-04	NM_000059.4:c.8338_8339delinsTG	p.Ala2780Cys	missense	VUS	VUS	2	4	MISSING_FUNCTIONAL	MISSING_FUNCTIONAL	PM5:moderate		neighbour_evidence
2020-01-01	2026-08-04	NM_000059.4:c.8338_8340delinsTTA	p.Ala2780Leu	missense	VUS	VUS	2	4	MISSING_FUNCTIONAL	MISSING_FUNCTIONAL	PM5:moderate		neighbour_evidence
2020-01-01	2026-08-04	NM_000059.4:c.8338_8340delinsTTC	p.Ala2780Phe	missense	VUS	VUS	2	4	MISSING_FUNCTIONAL	MISSING_FUNCTIONAL	PM5:moderate		neighbour_evidence
2020-01-01	2026-08-04	NM_000059.4:c.8338_8340delinsTTG	p.Ala2780Leu	missense	VUS	VUS	2	4	MISSING_FUNCTIONAL	MISSING_FUNCTIONAL	PM5:moderate		neighbour_evidence
2020-01-01	2026-08-04	NM_000059.4:c.8338_8339delinsTT	p.Ala2780Phe	missense	VUS	VUS	2	4	MISSING_FUNCTIONAL	MISSING_FUNCTIONAL	PM5:moderate		neighbour_evidence
2020-01-01	2026-08-04	NM_000059.4:c.8350_8352delinsAAA	p.Arg2784Lys	missense	VUS	VUS	2	4	MISSING_FUNCTIONAL	MISSING_FUNCTIONAL	PM5:moderate		neighbour_evidence
2020-01-01	2026-08-04	NM_000059.4:c.8350_8352delinsAAC	p.Arg2784Asn	missense	VUS	VUS	2	4	MISSING_FUNCTIONAL	MISSING_FUNCTIONAL	PM5:moderate		neighbour_evidence
2020-01-01	2026-08-04	NM_000059.4:c.8350_8351delinsAA	p.Arg2784Lys	missense	VUS	VUS	2	4	MISSING_FUNCTIONAL	MISSING_FUNCTIONAL	PM5:moderate		neighbour_evidence
2020-01-01	2026-08-04	NM_000059.4:c.8350_8352delinsAAT	p.Arg2784Asn	missense	VUS	VUS	2	4	MISSING_FUNCTIONAL	MISSING_FUNCTIONAL	PM5:moderate		neighbour_evidence
2020-01-01	2026-08-04	NM_000059.4:c.8350_8352delinsACA	p.Arg2784Thr	missense	VUS	VUS	2	4	MISSING_FUNCTIONAL	MISSING_FUNCTIONAL	PM5:moderate		neighbour_evidence
2020-01-01	2026-08-04	NM_000059.4:c.8350_8352delinsACC	p.Arg2784Thr	missense	VUS	VUS	2	4	MISSING_FUNCTIONAL	MISSING_FUNCTIONAL	PM5:moderate		neighbour_evidence
2020-01-01	2026-08-04	NM_000059.4:c.8350_8351delinsAC	p.Arg2784Thr	missense	VUS	VUS	2	4	MISSING_FUNCTIONAL	MISSING_FUNCTIONAL	PM5:moderate		neighbour_evidence
2020-01-01	2026-08-04	NM_000059.4:c.8350_8352delinsACT	p.Arg2784Thr	missense	VUS	VUS	2	4	MISSING_FUNCTIONAL	MISSING_FUNCTIONAL	PM5:moderate		neighbour_evidence
2020-01-01	2026-08-04	NM_000059.4:c.8350_8352delinsAGC	p.Arg2784Ser	missense	VUS	VUS	2	4	MISSING_FUNCTIONAL	MISSING_FUNCTIONAL	PM5:moderate		neighbour_evidence
2020-01-01	2026-08-04	NM_000059.4:c.8350_8352delinsAGT	p.Arg2784Ser	missense	VUS	VUS	2	4	MISSING_FUNCTIONAL	MISSING_FUNCTIONAL	PM5:moderate		neighbour_evidence
2020-01-01	2026-08-04	NM_000059.4:c.8350_8352delinsATA	p.Arg2784Ile	missense	VUS	VUS	2	4	MISSING_FUNCTIONAL	MISSING_FUNCTIONAL	PM5:moderate		neighbour_evidence
2020-01-01	2026-08-04	NM_000059.4:c.8350_8352delinsATC	p.Arg2784Ile	missense	VUS	VUS	2	4	MISSING_FUNCTIONAL	MISSING_FUNCTIONAL	PM5:moderate		neighbour_evidence
2020-01-01	2026-08-04	NM_000059.4:c.8350_8351delinsAT	p.Arg2784Met	missense	VUS	VUS	2	4	MISSING_FUNCTIONAL	MISSING_FUNCTIONAL	PM5:moderate		neighbour_evidence
2020-01-01	2026-08-04	NM_000059.4:c.8350_8352delinsATT	p.Arg2784Ile	missense	VUS	VUS	2	4	MISSING_FUNCTIONAL	MISSING_FUNCTIONAL	PM5:moderate		neighbour_evidence
2020-01-01	2026-08-04	NM_000059.4:c.8351_8352delinsAA	p.Arg2784Gln	missense	VUS	VUS	2	4	MISSING_FUNCTIONAL	MISSING_FUNCTIONAL	PM5:moderate		neighbour_evidence
2020-01-01	2026-08-04	NM_000059.4:c.8351_8352delinsAC	p.Arg2784His	missense	VUS	VUS	2	4	MISSING_FUNCTIONAL	MISSING_FUNCTIONAL	PM5:moderate		neighbour_evidence
2020-01-01	2026-08-04	NM_000059.4:c.8351_8352delinsAT	p.Arg2784His	missense	VUS	VUS	2	4	MISSING_FUNCTIONAL	MISSING_FUNCTIONAL	PM5:moderate		neighbour_evidence
2020-01-01	2026-08-04	NM_000059.4:c.8351_8352delinsCA	p.Arg2784Pro	missense	VUS	VUS	2	4	MISSING_FUNCTIONAL	MISSING_FUNCTIONAL	PM5:moderate		neighbour_evidence
2020-01-01	2026-08-04	NM_000059.4:c.8351_8352delinsCC	p.Arg2784Pro	missense	VUS	VUS	2	4	MISSING_FUNCTIONAL	MISSING_FUNCTIONAL	PM5:moderate		neighbour_evidence
2020-01-01	2026-08-04	NM_000059.4:c.8351_8352delinsCT	p.Arg2784Pro	missense	VUS	VUS	2	4	MISSING_FUNCTIONAL	MISSING_FUNCTIONAL	PM5:moderate		neighbour_evidence
2020-01-01	2026-08-04	NM_000059.4:c.8351_8352delinsTA	p.Arg2784Leu	missense	VUS	VUS	2	4	MISSING_FUNCTIONAL	MISSING_FUNCTIONAL	PM5:moderate		neighbour_evidence
2020-01-01	2026-08-04	NM_000059.4:c.8351_8352delinsTC	p.Arg2784Leu	missense	VUS	VUS	2	4	MISSING_FUNCTIONAL	MISSING_FUNCTIONAL	PM5:moderate		neighbour_evidence
2020-01-01	2026-08-04	NM_000059.4:c.8351_8352delinsTT	p.Arg2784Leu	missense	VUS	VUS	2	4	MISSING_FUNCTIONAL	MISSING_FUNCTIONAL	PM5:moderate		neighbour_evidence
2020-01-01	2026-08-04	NM_000059.4:c.8350_8352delinsGAA	p.Arg2784Glu	missense	VUS	VUS	2	4	MISSING_FUNCTIONAL	MISSING_FUNCTIONAL	PM5:moderate		neighbour_evidence
2020-01-01	2026-08-04	NM_000059.4:c.8350_8352delinsGAC	p.Arg2784Asp	missense	VUS	VUS	2	4	MISSING_FUNCTIONAL	MISSING_FUNCTIONAL	PM5:moderate		neighbour_evidence
2020-01-01	2026-08-04	NM_000059.4:c.8350_8351delinsGA	p.Arg2784Glu	missense	VUS	VUS	2	4	MISSING_FUNCTIONAL	MISSING_FUNCTIONAL	PM5:moderate		neighbour_evidence
2020-01-01	2026-08-04	NM_000059.4:c.8350_8352delinsGAT	p.Arg2784Asp	missense	VUS	VUS	2	4	MISSING_FUNCTIONAL	MISSING_FUNCTIONAL	PM5:moderate		neighbour_evidence
2020-01-01	2026-08-04	NM_000059.4:c.8350_8352delinsGCA	p.Arg2784Ala	missense	VUS	VUS	2	4	MISSING_FUNCTIONAL	MISSING_FUNCTIONAL	PM5:moderate		neighbour_evidence
2020-01-01	2026-08-04	NM_000059.4:c.8350_8352delinsGCC	p.Arg2784Ala	missense	VUS	VUS	2	4	MISSING_FUNCTIONAL	MISSING_FUNCTIONAL	PM5:moderate		neighbour_evidence
2020-01-01	2026-08-04	NM_000059.4:c.8350_8351delinsGC	p.Arg2784Ala	missense	VUS	VUS	2	4	MISSING_FUNCTIONAL	MISSING_FUNCTIONAL	PM5:moderate		neighbour_evidence
2020-01-01	2026-08-04	NM_000059.4:c.8350_8352delinsGCT	p.Arg2784Ala	missense	VUS	VUS	2	4	MISSING_FUNCTIONAL	MISSING_FUNCTIONAL	PM5:moderate		neighbour_evidence
2020-01-01	2026-08-04	NM_000059.4:c.8350_8352delinsGGA	p.Arg2784Gly	missense	VUS	VUS	2	4	MISSING_FUNCTIONAL	MISSING_FUNCTIONAL	PM5:moderate		neighbour_evidence
2020-01-01	2026-08-04	NM_000059.4:c.8350_8352delinsGGC	p.Arg2784Gly	missense	VUS	VUS	2	4	MISSING_FUNCTIONAL	MISSING_FUNCTIONAL	PM5:moderate		neighbour_evidence
2020-01-01	2026-08-04	NM_000059.4:c.8350_8352delinsGGT	p.Arg2784Gly	missense	VUS	VUS	2	4	MISSING_FUNCTIONAL	MISSING_FUNCTIONAL	PM5:moderate		neighbour_evidence
2020-01-01	2026-08-04	NM_000059.4:c.8350_8352delinsGTA	p.Arg2784Val	missense	VUS	VUS	2	4	MISSING_FUNCTIONAL	MISSING_FUNCTIONAL	PM5:moderate		neighbour_evidence
2020-01-01	2026-08-04	NM_000059.4:c.8350_8352delinsGTC	p.Arg2784Val	missense	VUS	VUS	2	4	MISSING_FUNCTIONAL	MISSING_FUNCTIONAL	PM5:moderate		neighbour_evidence
2020-01-01	2026-08-04	NM_000059.4:c.8350_8351delinsGT	p.Arg2784Val	missense	VUS	VUS	2	4	MISSING_FUNCTIONAL	MISSING_FUNCTIONAL	PM5:moderate		neighbour_evidence
2020-01-01	2026-08-04	NM_000059.4:c.8350_8352delinsGTT	p.Arg2784Val	missense	VUS	VUS	2	4	MISSING_FUNCTIONAL	MISSING_FUNCTIONAL	PM5:moderate		neighbour_evidence
2020-01-01	2026-08-04	NM_000059.4:c.8350_8352delinsTAC	p.Arg2784Tyr	missense	VUS	VUS	2	4	MISSING_FUNCTIONAL	MISSING_FUNCTIONAL	PM5:moderate		neighbour_evidence
2020-01-01	2026-08-04	NM_000059.4:c.8350_8352delinsTAT	p.Arg2784Tyr	missense	VUS	VUS	2	4	MISSING_FUNCTIONAL	MISSING_FUNCTIONAL	PM5:moderate		neighbour_evidence
2020-01-01	2026-08-04	NM_000059.4:c.8350_8352delinsTCA	p.Arg2784Ser	missense	VUS	VUS	2	4	MISSING_FUNCTIONAL	MISSING_FUNCTIONAL	PM5:moderate		neighbour_evidence
2020-01-01	2026-08-04	NM_000059.4:c.8350_8352delinsTCC	p.Arg2784Ser	missense	VUS	VUS	2	4	MISSING_FUNCTIONAL	MISSING_FUNCTIONAL	PM5:moderate		neighbour_evidence
2020-01-01	2026-08-04	NM_000059.4:c.8350_8351delinsTC	p.Arg2784Ser	missense	VUS	VUS	2	4	MISSING_FUNCTIONAL	MISSING_FUNCTIONAL	PM5:moderate		neighbour_evidence
2020-01-01	2026-08-04	NM_000059.4:c.8350_8352delinsTCT	p.Arg2784Ser	missense	VUS	VUS	2	4	MISSING_FUNCTIONAL	MISSING_FUNCTIONAL	PM5:moderate		neighbour_evidence
2020-01-01	2026-08-04	NM_000059.4:c.8350_8352delinsTGC	p.Arg2784Cys	missense	VUS	VUS	2	4	MISSING_FUNCTIONAL	MISSING_FUNCTIONAL	PM5:moderate		neighbour_evidence
2020-01-01	2026-08-04	NM_000059.4:c.8350_8352delinsTGT	p.Arg2784Cys	missense	VUS	VUS	2	4	MISSING_FUNCTIONAL	MISSING_FUNCTIONAL	PM5:moderate		neighbour_evidence
2020-01-01	2026-08-04	NM_000059.4:c.8350_8352delinsTTA	p.Arg2784Leu	missense	VUS	VUS	2	4	MISSING_FUNCTIONAL	MISSING_FUNCTIONAL	PM5:moderate		neighbour_evidence
2020-01-01	2026-08-04	NM_000059.4:c.8350_8352delinsTTC	p.Arg2784Phe	missense	VUS	VUS	2	4	MISSING_FUNCTIONAL	MISSING_FUNCTIONAL	PM5:moderate		neighbour_evidence
2020-01-01	2026-08-04	NM_000059.4:c.8350_8351delinsTT	p.Arg2784Leu	missense	VUS	VUS	2	4	MISSING_FUNCTIONAL	MISSING_FUNCTIONAL	PM5:moderate		neighbour_evidence
2020-01-01	2026-08-04	NM_000059.4:c.8350_8352delinsTTT	p.Arg2784Phe	missense	VUS	VUS	2	4	MISSING_FUNCTIONAL	MISSING_FUNCTIONAL	PM5:moderate		neighbour_evidence
2020-01-01	2026-08-04	NM_000059.4:c.8362_8364delinsAAA	p.Trp2788Lys	missense	VUS	VUS	2	4	MISSING_FUNCTIONAL	MISSING_FUNCTIONAL	PM5:moderate		neighbour_evidence
2020-01-01	2026-08-04	NM_000059.4:c.8362_8364delinsAAC	p.Trp2788Asn	missense	VUS	VUS	2	4	MISSING_FUNCTIONAL	MISSING_FUNCTIONAL	PM5:moderate		neighbour_evidence
2020-01-01	2026-08-04	NM_000059.4:c.8362_8363delinsAA	p.Trp2788Lys	missense	VUS	VUS	2	4	MISSING_FUNCTIONAL	MISSING_FUNCTIONAL	PM5:moderate		neighbour_evidence
2020-01-01	2026-08-04	NM_000059.4:c.8362_8364delinsAAT	p.Trp2788Asn	missense	VUS	VUS	2	4	MISSING_FUNCTIONAL	MISSING_FUNCTIONAL	PM5:moderate		neighbour_evidence
2020-01-01	2026-08-04	NM_000059.4:c.8362_8364delinsACA	p.Trp2788Thr	missense	VUS	VUS	2	4	MISSING_FUNCTIONAL	MISSING_FUNCTIONAL	PM5:moderate		neighbour_evidence
2020-01-01	2026-08-04	NM_000059.4:c.8362_8364delinsACC	p.Trp2788Thr	missense	VUS	VUS	2	4	MISSING_FUNCTIONAL	MISSING_FUNCTIONAL	PM5:moderate		neighbour_evidence
2020-01-01	2026-08-04	NM_000059.4:c.8362_8363delinsAC	p.Trp2788Thr	missense	VUS	VUS	2	4	MISSING_FUNCTIONAL	MISSING_FUNCTIONAL	PM5:moderate		neighbour_evidence
2020-01-01	2026-08-04	NM_000059.4:c.8362_8364delinsACT	p.Trp2788Thr	missense	VUS	VUS	2	4	MISSING_FUNCTIONAL	MISSING_FUNCTIONAL	PM5:moderate		neighbour_evidence
2020-01-01	2026-08-04	NM_000059.4:c.8362_8364delinsAGA	p.Trp2788Arg	missense	VUS	LP	2	6	MISSING_FUNCTIONAL	RESOLVED_NOT_BLOCKED	PS1:strong		neighbour_evidence
2020-01-01	2026-08-04	NM_000059.4:c.8362_8364delinsAGC	p.Trp2788Ser	missense	VUS	VUS	2	4	MISSING_FUNCTIONAL	MISSING_FUNCTIONAL	PM5:moderate		neighbour_evidence
2020-01-01	2026-08-04	NM_000059.4:c.8362_8364delinsAGT	p.Trp2788Ser	missense	VUS	VUS	2	4	MISSING_FUNCTIONAL	MISSING_FUNCTIONAL	PM5:moderate		neighbour_evidence
2020-01-01	2026-08-04	NM_000059.4:c.8362_8364delinsATA	p.Trp2788Ile	missense	VUS	VUS	2	4	MISSING_FUNCTIONAL	MISSING_FUNCTIONAL	PM5:moderate		neighbour_evidence
2020-01-01	2026-08-04	NM_000059.4:c.8362_8364delinsATC	p.Trp2788Ile	missense	VUS	VUS	2	4	MISSING_FUNCTIONAL	MISSING_FUNCTIONAL	PM5:moderate		neighbour_evidence
2020-01-01	2026-08-04	NM_000059.4:c.8362_8363delinsAT	p.Trp2788Met	missense	VUS	VUS	2	4	MISSING_FUNCTIONAL	MISSING_FUNCTIONAL	PM5:moderate		neighbour_evidence
2020-01-01	2026-08-04	NM_000059.4:c.8362_8364delinsATT	p.Trp2788Ile	missense	VUS	VUS	2	4	MISSING_FUNCTIONAL	MISSING_FUNCTIONAL	PM5:moderate		neighbour_evidence
2020-01-01	2026-08-04	NM_000059.4:c.8362_8364delinsCAA	p.Trp2788Gln	missense	VUS	VUS	2	4	MISSING_FUNCTIONAL	MISSING_FUNCTIONAL	PM5:moderate		neighbour_evidence
2020-01-01	2026-08-04	NM_000059.4:c.8362_8364delinsCAC	p.Trp2788His	missense	VUS	VUS	2	4	MISSING_FUNCTIONAL	MISSING_FUNCTIONAL	PM5:moderate		neighbour_evidence
2020-01-01	2026-08-04	NM_000059.4:c.8362_8363delinsCA	p.Trp2788Gln	missense	VUS	VUS	2	4	MISSING_FUNCTIONAL	MISSING_FUNCTIONAL	PM5:moderate		neighbour_evidence
2020-01-01	2026-08-04	NM_000059.4:c.8362_8364delinsCAT	p.Trp2788His	missense	VUS	VUS	2	4	MISSING_FUNCTIONAL	MISSING_FUNCTIONAL	PM5:moderate		neighbour_evidence
2020-01-01	2026-08-04	NM_000059.4:c.8362_8364delinsCCA	p.Trp2788Pro	missense	VUS	VUS	2	4	MISSING_FUNCTIONAL	MISSING_FUNCTIONAL	PM5:moderate		neighbour_evidence
2020-01-01	2026-08-04	NM_000059.4:c.8362_8364delinsCCC	p.Trp2788Pro	missense	VUS	VUS	2	4	MISSING_FUNCTIONAL	MISSING_FUNCTIONAL	PM5:moderate		neighbour_evidence
2020-01-01	2026-08-04	NM_000059.4:c.8362_8363delinsCC	p.Trp2788Pro	missense	VUS	VUS	2	4	MISSING_FUNCTIONAL	MISSING_FUNCTIONAL	PM5:moderate		neighbour_evidence
2020-01-01	2026-08-04	NM_000059.4:c.8362_8364delinsCCT	p.Trp2788Pro	missense	VUS	VUS	2	4	MISSING_FUNCTIONAL	MISSING_FUNCTIONAL	PM5:moderate		neighbour_evidence
2020-01-01	2026-08-04	NM_000059.4:c.8362_8364delinsCGA	p.Trp2788Arg	missense	VUS	LP	2	6	MISSING_FUNCTIONAL	RESOLVED_NOT_BLOCKED	PS1:strong		neighbour_evidence
2020-01-01	2026-08-04	NM_000059.4:c.8362_8364delinsCGC	p.Trp2788Arg	missense	VUS	LP	2	6	MISSING_FUNCTIONAL	RESOLVED_NOT_BLOCKED	PS1:strong		neighbour_evidence
2020-01-01	2026-08-04	NM_000059.4:c.8362_8364delinsCGT	p.Trp2788Arg	missense	VUS	LP	2	6	MISSING_FUNCTIONAL	RESOLVED_NOT_BLOCKED	PS1:strong		neighbour_evidence
2020-01-01	2026-08-04	NM_000059.4:c.8362_8364delinsCTA	p.Trp2788Leu	missense	VUS	VUS	2	4	MISSING_FUNCTIONAL	MISSING_FUNCTIONAL	PM5:moderate		neighbour_evidence
2020-01-01	2026-08-04	NM_000059.4:c.8362_8364delinsCTC	p.Trp2788Leu	missense	VUS	VUS	2	4	MISSING_FUNCTIONAL	MISSING_FUNCTIONAL	PM5:moderate		neighbour_evidence
2020-01-01	2026-08-04	NM_000059.4:c.8362_8363delinsCT	p.Trp2788Leu	missense	VUS	VUS	2	4	MISSING_FUNCTIONAL	MISSING_FUNCTIONAL	PM5:moderate		neighbour_evidence
2020-01-01	2026-08-04	NM_000059.4:c.8362_8364delinsCTT	p.Trp2788Leu	missense	VUS	VUS	2	4	MISSING_FUNCTIONAL	MISSING_FUNCTIONAL	PM5:moderate		neighbour_evidence
2020-01-01	2026-08-04	NM_000059.4:c.8362_8364delinsGAA	p.Trp2788Glu	missense	VUS	VUS	2	4	MISSING_FUNCTIONAL	MISSING_FUNCTIONAL	PM5:moderate		neighbour_evidence
2020-01-01	2026-08-04	NM_000059.4:c.8362_8364delinsGAC	p.Trp2788Asp	missense	VUS	VUS	2	4	MISSING_FUNCTIONAL	MISSING_FUNCTIONAL	PM5:moderate		neighbour_evidence
2020-01-01	2026-08-04	NM_000059.4:c.8362_8363delinsGA	p.Trp2788Glu	missense	VUS	VUS	2	4	MISSING_FUNCTIONAL	MISSING_FUNCTIONAL	PM5:moderate		neighbour_evidence
2020-01-01	2026-08-04	NM_000059.4:c.8362_8364delinsGAT	p.Trp2788Asp	missense	VUS	VUS	2	4	MISSING_FUNCTIONAL	MISSING_FUNCTIONAL	PM5:moderate		neighbour_evidence
2020-01-01	2026-08-04	NM_000059.4:c.8362_8364delinsGCA	p.Trp2788Ala	missense	VUS	VUS	2	4	MISSING_FUNCTIONAL	MISSING_FUNCTIONAL	PM5:moderate		neighbour_evidence
2020-01-01	2026-08-04	NM_000059.4:c.8362_8364delinsGCC	p.Trp2788Ala	missense	VUS	VUS	2	4	MISSING_FUNCTIONAL	MISSING_FUNCTIONAL	PM5:moderate		neighbour_evidence
2020-01-01	2026-08-04	NM_000059.4:c.8362_8363delinsGC	p.Trp2788Ala	missense	VUS	VUS	2	4	MISSING_FUNCTIONAL	MISSING_FUNCTIONAL	PM5:moderate		neighbour_evidence
2020-01-01	2026-08-04	NM_000059.4:c.8362_8364delinsGCT	p.Trp2788Ala	missense	VUS	VUS	2	4	MISSING_FUNCTIONAL	MISSING_FUNCTIONAL	PM5:moderate		neighbour_evidence
2020-01-01	2026-08-04	NM_000059.4:c.8362_8364delinsGGA	p.Trp2788Gly	missense	VUS	VUS	2	4	MISSING_FUNCTIONAL	MISSING_FUNCTIONAL	PM5:moderate		neighbour_evidence
2020-01-01	2026-08-04	NM_000059.4:c.8362_8364delinsGGC	p.Trp2788Gly	missense	VUS	VUS	2	4	MISSING_FUNCTIONAL	MISSING_FUNCTIONAL	PM5:moderate		neighbour_evidence
2020-01-01	2026-08-04	NM_000059.4:c.8362_8364delinsGGT	p.Trp2788Gly	missense	VUS	VUS	2	4	MISSING_FUNCTIONAL	MISSING_FUNCTIONAL	PM5:moderate		neighbour_evidence
2020-01-01	2026-08-04	NM_000059.4:c.8362_8364delinsGTA	p.Trp2788Val	missense	VUS	VUS	2	4	MISSING_FUNCTIONAL	MISSING_FUNCTIONAL	PM5:moderate		neighbour_evidence
2020-01-01	2026-08-04	NM_000059.4:c.8362_8364delinsGTC	p.Trp2788Val	missense	VUS	VUS	2	4	MISSING_FUNCTIONAL	MISSING_FUNCTIONAL	PM5:moderate		neighbour_evidence
2020-01-01	2026-08-04	NM_000059.4:c.8362_8363delinsGT	p.Trp2788Val	missense	VUS	VUS	2	4	MISSING_FUNCTIONAL	MISSING_FUNCTIONAL	PM5:moderate		neighbour_evidence
2020-01-01	2026-08-04	NM_000059.4:c.8362_8364delinsGTT	p.Trp2788Val	missense	VUS	VUS	2	4	MISSING_FUNCTIONAL	MISSING_FUNCTIONAL	PM5:moderate		neighbour_evidence
2020-01-01	2026-08-04	NM_000059.4:c.8363_8364delinsAC	p.Trp2788Tyr	missense	VUS	VUS	2	4	MISSING_FUNCTIONAL	MISSING_FUNCTIONAL	PM5:moderate		neighbour_evidence
2020-01-01	2026-08-04	NM_000059.4:c.8363_8364delinsAT	p.Trp2788Tyr	missense	VUS	VUS	2	4	MISSING_FUNCTIONAL	MISSING_FUNCTIONAL	PM5:moderate		neighbour_evidence
2020-01-01	2026-08-04	NM_000059.4:c.8363_8364delinsCA	p.Trp2788Ser	missense	VUS	VUS	2	4	MISSING_FUNCTIONAL	MISSING_FUNCTIONAL	PM5:moderate		neighbour_evidence
2020-01-01	2026-08-04	NM_000059.4:c.8363_8364delinsCC	p.Trp2788Ser	missense	VUS	VUS	2	4	MISSING_FUNCTIONAL	MISSING_FUNCTIONAL	PM5:moderate		neighbour_evidence
2020-01-01	2026-08-04	NM_000059.4:c.8363_8364delinsCT	p.Trp2788Ser	missense	VUS	VUS	2	4	MISSING_FUNCTIONAL	MISSING_FUNCTIONAL	PM5:moderate		neighbour_evidence
2020-01-01	2026-08-04	NM_000059.4:c.8363_8364delinsTA	p.Trp2788Leu	missense	VUS	VUS	2	4	MISSING_FUNCTIONAL	MISSING_FUNCTIONAL	PM5:moderate		neighbour_evidence
2020-01-01	2026-08-04	NM_000059.4:c.8363_8364delinsTC	p.Trp2788Phe	missense	VUS	VUS	2	4	MISSING_FUNCTIONAL	MISSING_FUNCTIONAL	PM5:moderate		neighbour_evidence
2020-01-01	2026-08-04	NM_000059.4:c.8363_8364delinsTT	p.Trp2788Phe	missense	VUS	VUS	2	4	MISSING_FUNCTIONAL	MISSING_FUNCTIONAL	PM5:moderate		neighbour_evidence
2020-01-01	2026-08-04	NM_000059.4:c.8374_8376delinsAAA	p.Leu2792Lys	missense	VUS	VUS	2	4	MISSING_FUNCTIONAL	MISSING_FUNCTIONAL	PM5:moderate		neighbour_evidence
2020-01-01	2026-08-04	NM_000059.4:c.8374_8376delinsAAC	p.Leu2792Asn	missense	VUS	VUS	2	4	MISSING_FUNCTIONAL	MISSING_FUNCTIONAL	PM5:moderate		neighbour_evidence
2020-01-01	2026-08-04	NM_000059.4:c.8374_8376delinsAAG	p.Leu2792Lys	missense	VUS	VUS	2	4	MISSING_FUNCTIONAL	MISSING_FUNCTIONAL	PM5:moderate		neighbour_evidence
2020-01-01	2026-08-04	NM_000059.4:c.8374_8375delinsAA	p.Leu2792Asn	missense	VUS	VUS	2	4	MISSING_FUNCTIONAL	MISSING_FUNCTIONAL	PM5:moderate		neighbour_evidence
2020-01-01	2026-08-04	NM_000059.4:c.8374_8376delinsACA	p.Leu2792Thr	missense	VUS	VUS	2	4	MISSING_FUNCTIONAL	MISSING_FUNCTIONAL	PM5:moderate		neighbour_evidence
2020-01-01	2026-08-04	NM_000059.4:c.8374_8376delinsACC	p.Leu2792Thr	missense	VUS	VUS	2	4	MISSING_FUNCTIONAL	MISSING_FUNCTIONAL	PM5:moderate		neighbour_evidence
2020-01-01	2026-08-04	NM_000059.4:c.8374_8376delinsACG	p.Leu2792Thr	missense	VUS	VUS	2	4	MISSING_FUNCTIONAL	MISSING_FUNCTIONAL	PM5:moderate		neighbour_evidence
2020-01-01	2026-08-04	NM_000059.4:c.8374_8375delinsAC	p.Leu2792Thr	missense	VUS	VUS	2	4	MISSING_FUNCTIONAL	MISSING_FUNCTIONAL	PM5:moderate		neighbour_evidence
2020-01-01	2026-08-04	NM_000059.4:c.8374_8376delinsAGA	p.Leu2792Arg	missense	VUS	LP	2	8	MISSING_FUNCTIONAL	RESOLVED_NOT_BLOCKED	PM5:moderate;PS1:strong		neighbour_evidence
2020-01-01	2026-08-04	NM_000059.4:c.8374_8376delinsAGC	p.Leu2792Ser	missense	VUS	VUS	2	4	MISSING_FUNCTIONAL	MISSING_FUNCTIONAL	PM5:moderate		neighbour_evidence
2020-01-01	2026-08-04	NM_000059.4:c.8374_8376delinsAGG	p.Leu2792Arg	missense	VUS	LP	2	8	MISSING_FUNCTIONAL	RESOLVED_NOT_BLOCKED	PM5:moderate;PS1:strong		neighbour_evidence
2020-01-01	2026-08-04	NM_000059.4:c.8374_8375delinsAG	p.Leu2792Ser	missense	VUS	VUS	2	4	MISSING_FUNCTIONAL	MISSING_FUNCTIONAL	PM5:moderate		neighbour_evidence
2020-01-01	2026-08-04	NM_000059.4:c.8374_8376delinsATA	p.Leu2792Ile	missense	VUS	VUS	2	4	MISSING_FUNCTIONAL	MISSING_FUNCTIONAL	PM5:moderate		neighbour_evidence
2020-01-01	2026-08-04	NM_000059.4:c.8374_8376delinsATC	p.Leu2792Ile	missense	VUS	VUS	2	4	MISSING_FUNCTIONAL	MISSING_FUNCTIONAL	PM5:moderate		neighbour_evidence
2020-01-01	2026-08-04	NM_000059.4:c.8374_8376delinsATG	p.Leu2792Met	missense	VUS	VUS	2	4	MISSING_FUNCTIONAL	MISSING_FUNCTIONAL	PM5:moderate		neighbour_evidence
2020-01-01	2026-08-04	NM_000059.4:c.8375_8376delinsAA	p.Leu2792Gln	missense	VUS	VUS	2	4	MISSING_FUNCTIONAL	MISSING_FUNCTIONAL	PM5:moderate		neighbour_evidence
2020-01-01	2026-08-04	NM_000059.4:c.8375_8376delinsAC	p.Leu2792His	missense	VUS	VUS	2	4	MISSING_FUNCTIONAL	MISSING_FUNCTIONAL	PM5:moderate		neighbour_evidence
2020-01-01	2026-08-04	NM_000059.4:c.8375_8376delinsAG	p.Leu2792Gln	missense	VUS	VUS	2	4	MISSING_FUNCTIONAL	MISSING_FUNCTIONAL	PM5:moderate		neighbour_evidence
2020-01-01	2026-08-04	NM_000059.4:c.8375_8376delinsCA	p.Leu2792Pro	missense	VUS	LP	2	8	MISSING_FUNCTIONAL	RESOLVED_NOT_BLOCKED	PM5:moderate;PS1:strong		neighbour_evidence
2020-01-01	2026-08-04	NM_000059.4:c.8375_8376delinsCC	p.Leu2792Pro	missense	VUS	LP	2	8	MISSING_FUNCTIONAL	RESOLVED_NOT_BLOCKED	PM5:moderate;PS1:strong		neighbour_evidence
2020-01-01	2026-08-04	NM_000059.4:c.8375_8376delinsCG	p.Leu2792Pro	missense	VUS	LP	2	8	MISSING_FUNCTIONAL	RESOLVED_NOT_BLOCKED	PM5:moderate;PS1:strong		neighbour_evidence
2020-01-01	2026-08-04	NM_000059.4:c.8375_8376delinsGA	p.Leu2792Arg	missense	VUS	LP	2	8	MISSING_FUNCTIONAL	RESOLVED_NOT_BLOCKED	PM5:moderate;PS1:strong		neighbour_evidence
2020-01-01	2026-08-04	NM_000059.4:c.8375_8376delinsGC	p.Leu2792Arg	missense	VUS	LP	2	8	MISSING_FUNCTIONAL	RESOLVED_NOT_BLOCKED	PM5:moderate;PS1:strong		neighbour_evidence
2020-01-01	2026-08-04	NM_000059.4:c.8375_8376delinsGG	p.Leu2792Arg	missense	VUS	LP	2	8	MISSING_FUNCTIONAL	RESOLVED_NOT_BLOCKED	PM5:moderate;PS1:strong		neighbour_evidence
2020-01-01	2026-08-04	NM_000059.4:c.8374_8376delinsGAA	p.Leu2792Glu	missense	VUS	VUS	2	4	MISSING_FUNCTIONAL	MISSING_FUNCTIONAL	PM5:moderate		neighbour_evidence
2020-01-01	2026-08-04	NM_000059.4:c.8374_8376delinsGAC	p.Leu2792Asp	missense	VUS	VUS	2	4	MISSING_FUNCTIONAL	MISSING_FUNCTIONAL	PM5:moderate		neighbour_evidence
2020-01-01	2026-08-04	NM_000059.4:c.8374_8376delinsGAG	p.Leu2792Glu	missense	VUS	VUS	2	4	MISSING_FUNCTIONAL	MISSING_FUNCTIONAL	PM5:moderate		neighbour_evidence
2020-01-01	2026-08-04	NM_000059.4:c.8374_8375delinsGA	p.Leu2792Asp	missense	VUS	VUS	2	4	MISSING_FUNCTIONAL	MISSING_FUNCTIONAL	PM5:moderate		neighbour_evidence
2020-01-01	2026-08-04	NM_000059.4:c.8374_8376delinsGCA	p.Leu2792Ala	missense	VUS	VUS	2	4	MISSING_FUNCTIONAL	MISSING_FUNCTIONAL	PM5:moderate		neighbour_evidence
2020-01-01	2026-08-04	NM_000059.4:c.8374_8376delinsGCC	p.Leu2792Ala	missense	VUS	VUS	2	4	MISSING_FUNCTIONAL	MISSING_FUNCTIONAL	PM5:moderate		neighbour_evidence
2020-01-01	2026-08-04	NM_000059.4:c.8374_8376delinsGCG	p.Leu2792Ala	missense	VUS	VUS	2	4	MISSING_FUNCTIONAL	MISSING_FUNCTIONAL	PM5:moderate		neighbour_evidence
2020-01-01	2026-08-04	NM_000059.4:c.8374_8375delinsGC	p.Leu2792Ala	missense	VUS	VUS	2	4	MISSING_FUNCTIONAL	MISSING_FUNCTIONAL	PM5:moderate		neighbour_evidence
2020-01-01	2026-08-04	NM_000059.4:c.8374_8376delinsGGA	p.Leu2792Gly	missense	VUS	VUS	2	4	MISSING_FUNCTIONAL	MISSING_FUNCTIONAL	PM5:moderate		neighbour_evidence
2020-01-01	2026-08-04	NM_000059.4:c.8374_8376delinsGGC	p.Leu2792Gly	missense	VUS	VUS	2	4	MISSING_FUNCTIONAL	MISSING_FUNCTIONAL	PM5:moderate		neighbour_evidence
2020-01-01	2026-08-04	NM_000059.4:c.8374_8376delinsGGG	p.Leu2792Gly	missense	VUS	VUS	2	4	MISSING_FUNCTIONAL	MISSING_FUNCTIONAL	PM5:moderate		neighbour_evidence
2020-01-01	2026-08-04	NM_000059.4:c.8374_8375delinsGG	p.Leu2792Gly	missense	VUS	VUS	2	4	MISSING_FUNCTIONAL	MISSING_FUNCTIONAL	PM5:moderate		neighbour_evidence
2020-01-01	2026-08-04	NM_000059.4:c.8374_8376delinsGTA	p.Leu2792Val	missense	VUS	VUS	2	4	MISSING_FUNCTIONAL	MISSING_FUNCTIONAL	PM5:moderate		neighbour_evidence
2020-01-01	2026-08-04	NM_000059.4:c.8374_8376delinsGTC	p.Leu2792Val	missense	VUS	VUS	2	4	MISSING_FUNCTIONAL	MISSING_FUNCTIONAL	PM5:moderate		neighbour_evidence
2020-01-01	2026-08-04	NM_000059.4:c.8374_8376delinsGTG	p.Leu2792Val	missense	VUS	VUS	2	4	MISSING_FUNCTIONAL	MISSING_FUNCTIONAL	PM5:moderate		neighbour_evidence
2020-01-01	2026-08-04	NM_000059.4:c.8374_8376delinsTAC	p.Leu2792Tyr	missense	VUS	VUS	2	4	MISSING_FUNCTIONAL	MISSING_FUNCTIONAL	PM5:moderate		neighbour_evidence
2020-01-01	2026-08-04	NM_000059.4:c.8374_8375delinsTA	p.Leu2792Tyr	missense	VUS	VUS	2	4	MISSING_FUNCTIONAL	MISSING_FUNCTIONAL	PM5:moderate		neighbour_evidence
2020-01-01	2026-08-04	NM_000059.4:c.8374_8376delinsTCA	p.Leu2792Ser	missense	VUS	VUS	2	4	MISSING_FUNCTIONAL	MISSING_FUNCTIONAL	PM5:moderate		neighbour_evidence
2020-01-01	2026-08-04	NM_000059.4:c.8374_8376delinsTCC	p.Leu2792Ser	missense	VUS	VUS	2	4	MISSING_FUNCTIONAL	MISSING_FUNCTIONAL	PM5:moderate		neighbour_evidence
2020-01-01	2026-08-04	NM_000059.4:c.8374_8376delinsTCG	p.Leu2792Ser	missense	VUS	VUS	2	4	MISSING_FUNCTIONAL	MISSING_FUNCTIONAL	PM5:moderate		neighbour_evidence
2020-01-01	2026-08-04	NM_000059.4:c.8374_8375delinsTC	p.Leu2792Ser	missense	VUS	VUS	2	4	MISSING_FUNCTIONAL	MISSING_FUNCTIONAL	PM5:moderate		neighbour_evidence
2020-01-01	2026-08-04	NM_000059.4:c.8374_8376delinsTGC	p.Leu2792Cys	missense	VUS	VUS	2	4	MISSING_FUNCTIONAL	MISSING_FUNCTIONAL	PM5:moderate		neighbour_evidence
2020-01-01	2026-08-04	NM_000059.4:c.8374_8376delinsTGG	p.Leu2792Trp	missense	VUS	VUS	2	4	MISSING_FUNCTIONAL	MISSING_FUNCTIONAL	PM5:moderate		neighbour_evidence
2020-01-01	2026-08-04	NM_000059.4:c.8374_8375delinsTG	p.Leu2792Cys	missense	VUS	VUS	2	4	MISSING_FUNCTIONAL	MISSING_FUNCTIONAL	PM5:moderate		neighbour_evidence
2020-01-01	2026-08-04	NM_000059.4:c.8374_8376delinsTTC	p.Leu2792Phe	missense	VUS	VUS	2	4	MISSING_FUNCTIONAL	MISSING_FUNCTIONAL	PM5:moderate		neighbour_evidence
2020-01-01	2026-08-04	NM_000059.4:c.8377_8378delinsAA	p.Gly2793Lys	missense	VUS	VUS	2	4	MISSING_FUNCTIONAL	MISSING_FUNCTIONAL	PM5:moderate		neighbour_evidence
2020-01-01	2026-08-04	NM_000059.4:c.8377_8379delinsAAC	p.Gly2793Asn	missense	VUS	VUS	2	4	MISSING_FUNCTIONAL	MISSING_FUNCTIONAL	PM5:moderate		neighbour_evidence
2020-01-01	2026-08-04	NM_000059.4:c.8377_8379delinsAAG	p.Gly2793Lys	missense	VUS	VUS	2	4	MISSING_FUNCTIONAL	MISSING_FUNCTIONAL	PM5:moderate		neighbour_evidence
2020-01-01	2026-08-04	NM_000059.4:c.8377_8379delinsAAT	p.Gly2793Asn	missense	VUS	VUS	2	4	MISSING_FUNCTIONAL	MISSING_FUNCTIONAL	PM5:moderate		neighbour_evidence
2020-01-01	2026-08-04	NM_000059.4:c.8377_8378delinsAC	p.Gly2793Thr	missense	VUS	VUS	2	4	MISSING_FUNCTIONAL	MISSING_FUNCTIONAL	PM5:moderate		neighbour_evidence
2020-01-01	2026-08-04	NM_000059.4:c.8377_8379delinsACC	p.Gly2793Thr	missense	VUS	VUS	2	4	MISSING_FUNCTIONAL	MISSING_FUNCTIONAL	PM5:moderate		neighbour_evidence
2020-01-01	2026-08-04	NM_000059.4:c.8377_8379delinsACG	p.Gly2793Thr	missense	VUS	VUS	2	4	MISSING_FUNCTIONAL	MISSING_FUNCTIONAL	PM5:moderate		neighbour_evidence
2020-01-01	2026-08-04	NM_000059.4:c.8377_8379delinsACT	p.Gly2793Thr	missense	VUS	VUS	2	4	MISSING_FUNCTIONAL	MISSING_FUNCTIONAL	PM5:moderate		neighbour_evidence
2020-01-01	2026-08-04	NM_000059.4:c.8377_8379delinsAGC	p.Gly2793Ser	missense	VUS	VUS	2	4	MISSING_FUNCTIONAL	MISSING_FUNCTIONAL	PM5:moderate		neighbour_evidence
2020-01-01	2026-08-04	NM_000059.4:c.8377_8379delinsAGG	p.Gly2793Arg	missense	VUS	LP	2	8	MISSING_FUNCTIONAL	RESOLVED_NOT_BLOCKED	PM5:moderate;PS1:strong		neighbour_evidence
2020-01-01	2026-08-04	NM_000059.4:c.8377_8379delinsAGT	p.Gly2793Ser	missense	VUS	VUS	2	4	MISSING_FUNCTIONAL	MISSING_FUNCTIONAL	PM5:moderate		neighbour_evidence
2020-01-01	2026-08-04	NM_000059.4:c.8377_8378delinsAT	p.Gly2793Ile	missense	VUS	VUS	2	4	MISSING_FUNCTIONAL	MISSING_FUNCTIONAL	PM5:moderate		neighbour_evidence
2020-01-01	2026-08-04	NM_000059.4:c.8377_8379delinsATC	p.Gly2793Ile	missense	VUS	VUS	2	4	MISSING_FUNCTIONAL	MISSING_FUNCTIONAL	PM5:moderate		neighbour_evidence
2020-01-01	2026-08-04	NM_000059.4:c.8377_8379delinsATG	p.Gly2793Met	missense	VUS	VUS	2	4	MISSING_FUNCTIONAL	MISSING_FUNCTIONAL	PM5:moderate		neighbour_evidence
2020-01-01	2026-08-04	NM_000059.4:c.8377_8379delinsATT	p.Gly2793Ile	missense	VUS	VUS	2	4	MISSING_FUNCTIONAL	MISSING_FUNCTIONAL	PM5:moderate		neighbour_evidence
2020-01-01	2026-08-04	NM_000059.4:c.8377_8378delinsCA	p.Gly2793Gln	missense	VUS	VUS	2	4	MISSING_FUNCTIONAL	MISSING_FUNCTIONAL	PM5:moderate		neighbour_evidence
2020-01-01	2026-08-04	NM_000059.4:c.8377_8379delinsCAC	p.Gly2793His	missense	VUS	VUS	2	4	MISSING_FUNCTIONAL	MISSING_FUNCTIONAL	PM5:moderate		neighbour_evidence
2020-01-01	2026-08-04	NM_000059.4:c.8377_8379delinsCAG	p.Gly2793Gln	missense	VUS	VUS	2	4	MISSING_FUNCTIONAL	MISSING_FUNCTIONAL	PM5:moderate		neighbour_evidence
2020-01-01	2026-08-04	NM_000059.4:c.8377_8379delinsCAT	p.Gly2793His	missense	VUS	VUS	2	4	MISSING_FUNCTIONAL	MISSING_FUNCTIONAL	PM5:moderate		neighbour_evidence
2020-01-01	2026-08-04	NM_000059.4:c.8377_8378delinsCC	p.Gly2793Pro	missense	VUS	VUS	2	4	MISSING_FUNCTIONAL	MISSING_FUNCTIONAL	PM5:moderate		neighbour_evidence
2020-01-01	2026-08-04	NM_000059.4:c.8377_8379delinsCCC	p.Gly2793Pro	missense	VUS	VUS	2	4	MISSING_FUNCTIONAL	MISSING_FUNCTIONAL	PM5:moderate		neighbour_evidence
2020-01-01	2026-08-04	NM_000059.4:c.8377_8379delinsCCG	p.Gly2793Pro	missense	VUS	VUS	2	4	MISSING_FUNCTIONAL	MISSING_FUNCTIONAL	PM5:moderate		neighbour_evidence
2020-01-01	2026-08-04	NM_000059.4:c.8377_8379delinsCCT	p.Gly2793Pro	missense	VUS	VUS	2	4	MISSING_FUNCTIONAL	MISSING_FUNCTIONAL	PM5:moderate		neighbour_evidence
2020-01-01	2026-08-04	NM_000059.4:c.8377_8379delinsCGC	p.Gly2793Arg	missense	VUS	LP	2	8	MISSING_FUNCTIONAL	RESOLVED_NOT_BLOCKED	PM5:moderate;PS1:strong		neighbour_evidence
2020-01-01	2026-08-04	NM_000059.4:c.8377_8379delinsCGG	p.Gly2793Arg	missense	VUS	LP	2	8	MISSING_FUNCTIONAL	RESOLVED_NOT_BLOCKED	PM5:moderate;PS1:strong		neighbour_evidence
2020-01-01	2026-08-04	NM_000059.4:c.8377_8379delinsCGT	p.Gly2793Arg	missense	VUS	LP	2	8	MISSING_FUNCTIONAL	RESOLVED_NOT_BLOCKED	PM5:moderate;PS1:strong		neighbour_evidence
2020-01-01	2026-08-04	NM_000059.4:c.8377_8378delinsCT	p.Gly2793Leu	missense	VUS	VUS	2	4	MISSING_FUNCTIONAL	MISSING_FUNCTIONAL	PM5:moderate		neighbour_evidence
2020-01-01	2026-08-04	NM_000059.4:c.8377_8379delinsCTC	p.Gly2793Leu	missense	VUS	VUS	2	4	MISSING_FUNCTIONAL	MISSING_FUNCTIONAL	PM5:moderate		neighbour_evidence
2020-01-01	2026-08-04	NM_000059.4:c.8377_8379delinsCTG	p.Gly2793Leu	missense	VUS	VUS	2	4	MISSING_FUNCTIONAL	MISSING_FUNCTIONAL	PM5:moderate		neighbour_evidence
2020-01-01	2026-08-04	NM_000059.4:c.8377_8379delinsCTT	p.Gly2793Leu	missense	VUS	VUS	2	4	MISSING_FUNCTIONAL	MISSING_FUNCTIONAL	PM5:moderate		neighbour_evidence
2020-01-01	2026-08-04	NM_000059.4:c.8378_8379delinsAC	p.Gly2793Asp	missense	VUS	VUS	2	4	MISSING_FUNCTIONAL	MISSING_FUNCTIONAL	PM5:moderate		neighbour_evidence
2020-01-01	2026-08-04	NM_000059.4:c.8378_8379delinsAG	p.Gly2793Glu	missense	VUS	LP	2	8	MISSING_FUNCTIONAL	RESOLVED_NOT_BLOCKED	PM5:moderate;PS1:strong		neighbour_evidence
2020-01-01	2026-08-04	NM_000059.4:c.8378_8379delinsAT	p.Gly2793Asp	missense	VUS	VUS	2	4	MISSING_FUNCTIONAL	MISSING_FUNCTIONAL	PM5:moderate		neighbour_evidence
2020-01-01	2026-08-04	NM_000059.4:c.8378_8379delinsCC	p.Gly2793Ala	missense	VUS	VUS	2	4	MISSING_FUNCTIONAL	MISSING_FUNCTIONAL	PM5:moderate		neighbour_evidence
2020-01-01	2026-08-04	NM_000059.4:c.8378_8379delinsCG	p.Gly2793Ala	missense	VUS	VUS	2	4	MISSING_FUNCTIONAL	MISSING_FUNCTIONAL	PM5:moderate		neighbour_evidence
2020-01-01	2026-08-04	NM_000059.4:c.8378_8379delinsCT	p.Gly2793Ala	missense	VUS	VUS	2	4	MISSING_FUNCTIONAL	MISSING_FUNCTIONAL	PM5:moderate		neighbour_evidence
2020-01-01	2026-08-04	NM_000059.4:c.8378_8379delinsTC	p.Gly2793Val	missense	VUS	LP	2	8	MISSING_FUNCTIONAL	RESOLVED_NOT_BLOCKED	PM5:moderate;PS1:strong		neighbour_evidence
2020-01-01	2026-08-04	NM_000059.4:c.8378_8379delinsTG	p.Gly2793Val	missense	VUS	LP	2	8	MISSING_FUNCTIONAL	RESOLVED_NOT_BLOCKED	PM5:moderate;PS1:strong		neighbour_evidence
2020-01-01	2026-08-04	NM_000059.4:c.8378_8379delinsTT	p.Gly2793Val	missense	VUS	LP	2	8	MISSING_FUNCTIONAL	RESOLVED_NOT_BLOCKED	PM5:moderate;PS1:strong		neighbour_evidence
2020-01-01	2026-08-04	NM_000059.4:c.8377_8379delinsTAC	p.Gly2793Tyr	missense	VUS	VUS	2	4	MISSING_FUNCTIONAL	MISSING_FUNCTIONAL	PM5:moderate		neighbour_evidence
2020-01-01	2026-08-04	NM_000059.4:c.8377_8379delinsTAT	p.Gly2793Tyr	missense	VUS	VUS	2	4	MISSING_FUNCTIONAL	MISSING_FUNCTIONAL	PM5:moderate		neighbour_evidence
2020-01-01	2026-08-04	NM_000059.4:c.8377_8378delinsTC	p.Gly2793Ser	missense	VUS	VUS	2	4	MISSING_FUNCTIONAL	MISSING_FUNCTIONAL	PM5:moderate		neighbour_evidence
2020-01-01	2026-08-04	NM_000059.4:c.8377_8379delinsTCC	p.Gly2793Ser	missense	VUS	VUS	2	4	MISSING_FUNCTIONAL	MISSING_FUNCTIONAL	PM5:moderate		neighbour_evidence
2020-01-01	2026-08-04	NM_000059.4:c.8377_8379delinsTCG	p.Gly2793Ser	missense	VUS	VUS	2	4	MISSING_FUNCTIONAL	MISSING_FUNCTIONAL	PM5:moderate		neighbour_evidence
2020-01-01	2026-08-04	NM_000059.4:c.8377_8379delinsTCT	p.Gly2793Ser	missense	VUS	VUS	2	4	MISSING_FUNCTIONAL	MISSING_FUNCTIONAL	PM5:moderate		neighbour_evidence
2020-01-01	2026-08-04	NM_000059.4:c.8377_8379delinsTGC	p.Gly2793Cys	missense	VUS	VUS	2	4	MISSING_FUNCTIONAL	MISSING_FUNCTIONAL	PM5:moderate		neighbour_evidence
2020-01-01	2026-08-04	NM_000059.4:c.8377_8379delinsTGG	p.Gly2793Trp	missense	VUS	VUS	2	4	MISSING_FUNCTIONAL	MISSING_FUNCTIONAL	PM5:moderate		neighbour_evidence
2020-01-01	2026-08-04	NM_000059.4:c.8377_8379delinsTGT	p.Gly2793Cys	missense	VUS	VUS	2	4	MISSING_FUNCTIONAL	MISSING_FUNCTIONAL	PM5:moderate		neighbour_evidence
2020-01-01	2026-08-04	NM_000059.4:c.8377_8378delinsTT	p.Gly2793Leu	missense	VUS	VUS	2	4	MISSING_FUNCTIONAL	MISSING_FUNCTIONAL	PM5:moderate		neighbour_evidence
2020-01-01	2026-08-04	NM_000059.4:c.8377_8379delinsTTC	p.Gly2793Phe	missense	VUS	VUS	2	4	MISSING_FUNCTIONAL	MISSING_FUNCTIONAL	PM5:moderate		neighbour_evidence
2020-01-01	2026-08-04	NM_000059.4:c.8377_8379delinsTTG	p.Gly2793Leu	missense	VUS	VUS	2	4	MISSING_FUNCTIONAL	MISSING_FUNCTIONAL	PM5:moderate		neighbour_evidence
2020-01-01	2026-08-04	NM_000059.4:c.8377_8379delinsTTT	p.Gly2793Phe	missense	VUS	VUS	2	4	MISSING_FUNCTIONAL	MISSING_FUNCTIONAL	PM5:moderate		neighbour_evidence
2020-01-01	2026-08-04	NM_000059.4:c.8485_8487delinsAAA	p.Gln2829Lys	missense	VUS	VUS	2	4	MISSING_FUNCTIONAL	MISSING_FUNCTIONAL	PM5:moderate		neighbour_evidence
2020-01-01	2026-08-04	NM_000059.4:c.8485_8487delinsAAC	p.Gln2829Asn	missense	VUS	VUS	2	4	MISSING_FUNCTIONAL	MISSING_FUNCTIONAL	PM5:moderate		neighbour_evidence
2020-01-01	2026-08-04	NM_000059.4:c.8485_8487delinsAAT	p.Gln2829Asn	missense	VUS	VUS	2	4	MISSING_FUNCTIONAL	MISSING_FUNCTIONAL	PM5:moderate		neighbour_evidence
2020-01-01	2026-08-04	NM_000059.4:c.8485_8487delinsACA	p.Gln2829Thr	missense	VUS	VUS	2	4	MISSING_FUNCTIONAL	MISSING_FUNCTIONAL	PM5:moderate		neighbour_evidence
2020-01-01	2026-08-04	NM_000059.4:c.8485_8487delinsACC	p.Gln2829Thr	missense	VUS	VUS	2	4	MISSING_FUNCTIONAL	MISSING_FUNCTIONAL	PM5:moderate		neighbour_evidence
2020-01-01	2026-08-04	NM_000059.4:c.8485_8486delinsAC	p.Gln2829Thr	missense	VUS	VUS	2	4	MISSING_FUNCTIONAL	MISSING_FUNCTIONAL	PM5:moderate		neighbour_evidence
2020-01-01	2026-08-04	NM_000059.4:c.8485_8487delinsACT	p.Gln2829Thr	missense	VUS	VUS	2	4	MISSING_FUNCTIONAL	MISSING_FUNCTIONAL	PM5:moderate		neighbour_evidence
2020-01-01	2026-08-04	NM_000059.4:c.8485_8487delinsAGA	p.Gln2829Arg	missense	VUS	LP	2	8	MISSING_FUNCTIONAL	RESOLVED_NOT_BLOCKED	PM5:moderate;PS1:strong		neighbour_evidence
2020-01-01	2026-08-04	NM_000059.4:c.8485_8487delinsAGC	p.Gln2829Ser	missense	VUS	VUS	2	4	MISSING_FUNCTIONAL	MISSING_FUNCTIONAL	PM5:moderate		neighbour_evidence
2020-01-01	2026-08-04	NM_000059.4:c.8485_8486delinsAG	p.Gln2829Arg	missense	VUS	LP	2	8	MISSING_FUNCTIONAL	RESOLVED_NOT_BLOCKED	PM5:moderate;PS1:strong		neighbour_evidence
2020-01-01	2026-08-04	NM_000059.4:c.8485_8487delinsAGT	p.Gln2829Ser	missense	VUS	VUS	2	4	MISSING_FUNCTIONAL	MISSING_FUNCTIONAL	PM5:moderate		neighbour_evidence
2020-01-01	2026-08-04	NM_000059.4:c.8485_8487delinsATA	p.Gln2829Ile	missense	VUS	VUS	2	4	MISSING_FUNCTIONAL	MISSING_FUNCTIONAL	PM5:moderate		neighbour_evidence
2020-01-01	2026-08-04	NM_000059.4:c.8485_8487delinsATC	p.Gln2829Ile	missense	VUS	VUS	2	4	MISSING_FUNCTIONAL	MISSING_FUNCTIONAL	PM5:moderate		neighbour_evidence
2020-01-01	2026-08-04	NM_000059.4:c.8485_8486delinsAT	p.Gln2829Met	missense	VUS	VUS	2	4	MISSING_FUNCTIONAL	MISSING_FUNCTIONAL	PM5:moderate		neighbour_evidence
2020-01-01	2026-08-04	NM_000059.4:c.8485_8487delinsATT	p.Gln2829Ile	missense	VUS	VUS	2	4	MISSING_FUNCTIONAL	MISSING_FUNCTIONAL	PM5:moderate		neighbour_evidence
2020-01-01	2026-08-04	NM_000059.4:c.8486_8487delinsCA	p.Gln2829Pro	missense	VUS	LP	2	8	MISSING_FUNCTIONAL	RESOLVED_NOT_BLOCKED	PM5:moderate;PS1:strong		neighbour_evidence
2020-01-01	2026-08-04	NM_000059.4:c.8486_8487delinsCC	p.Gln2829Pro	missense	VUS	LP	2	8	MISSING_FUNCTIONAL	RESOLVED_NOT_BLOCKED	PM5:moderate;PS1:strong		neighbour_evidence
2020-01-01	2026-08-04	NM_000059.4:c.8486_8487delinsCT	p.Gln2829Pro	missense	VUS	LP	2	8	MISSING_FUNCTIONAL	RESOLVED_NOT_BLOCKED	PM5:moderate;PS1:strong		neighbour_evidence
2020-01-01	2026-08-04	NM_000059.4:c.8486_8487delinsGA	p.Gln2829Arg	missense	VUS	LP	2	8	MISSING_FUNCTIONAL	RESOLVED_NOT_BLOCKED	PM5:moderate;PS1:strong		neighbour_evidence
2020-01-01	2026-08-04	NM_000059.4:c.8486_8487delinsGC	p.Gln2829Arg	missense	VUS	LP	2	8	MISSING_FUNCTIONAL	RESOLVED_NOT_BLOCKED	PM5:moderate;PS1:strong		neighbour_evidence
2020-01-01	2026-08-04	NM_000059.4:c.8486_8487delinsGT	p.Gln2829Arg	missense	VUS	LP	2	8	MISSING_FUNCTIONAL	RESOLVED_NOT_BLOCKED	PM5:moderate;PS1:strong		neighbour_evidence
2020-01-01	2026-08-04	NM_000059.4:c.8486_8487delinsTA	p.Gln2829Leu	missense	VUS	VUS	2	4	MISSING_FUNCTIONAL	MISSING_FUNCTIONAL	PM5:moderate		neighbour_evidence
2020-01-01	2026-08-04	NM_000059.4:c.8486_8487delinsTC	p.Gln2829Leu	missense	VUS	VUS	2	4	MISSING_FUNCTIONAL	MISSING_FUNCTIONAL	PM5:moderate		neighbour_evidence
2020-01-01	2026-08-04	NM_000059.4:c.8486_8487delinsTT	p.Gln2829Leu	missense	VUS	VUS	2	4	MISSING_FUNCTIONAL	MISSING_FUNCTIONAL	PM5:moderate		neighbour_evidence
2020-01-01	2026-08-04	NM_000059.4:c.8485_8487delinsGAA	p.Gln2829Glu	missense	VUS	VUS	2	4	MISSING_FUNCTIONAL	MISSING_FUNCTIONAL	PM5:moderate		neighbour_evidence
2020-01-01	2026-08-04	NM_000059.4:c.8485_8487delinsGAC	p.Gln2829Asp	missense	VUS	VUS	2	4	MISSING_FUNCTIONAL	MISSING_FUNCTIONAL	PM5:moderate		neighbour_evidence
2020-01-01	2026-08-04	NM_000059.4:c.8485_8487delinsGAT	p.Gln2829Asp	missense	VUS	VUS	2	4	MISSING_FUNCTIONAL	MISSING_FUNCTIONAL	PM5:moderate		neighbour_evidence
2020-01-01	2026-08-04	NM_000059.4:c.8485_8487delinsGCA	p.Gln2829Ala	missense	VUS	VUS	2	4	MISSING_FUNCTIONAL	MISSING_FUNCTIONAL	PM5:moderate		neighbour_evidence
2020-01-01	2026-08-04	NM_000059.4:c.8485_8487delinsGCC	p.Gln2829Ala	missense	VUS	VUS	2	4	MISSING_FUNCTIONAL	MISSING_FUNCTIONAL	PM5:moderate		neighbour_evidence
2020-01-01	2026-08-04	NM_000059.4:c.8485_8486delinsGC	p.Gln2829Ala	missense	VUS	VUS	2	4	MISSING_FUNCTIONAL	MISSING_FUNCTIONAL	PM5:moderate		neighbour_evidence
2020-01-01	2026-08-04	NM_000059.4:c.8485_8487delinsGCT	p.Gln2829Ala	missense	VUS	VUS	2	4	MISSING_FUNCTIONAL	MISSING_FUNCTIONAL	PM5:moderate		neighbour_evidence
2020-01-01	2026-08-04	NM_000059.4:c.8485_8487delinsGGA	p.Gln2829Gly	missense	VUS	VUS	2	4	MISSING_FUNCTIONAL	MISSING_FUNCTIONAL	PM5:moderate		neighbour_evidence
2020-01-01	2026-08-04	NM_000059.4:c.8485_8487delinsGGC	p.Gln2829Gly	missense	VUS	VUS	2	4	MISSING_FUNCTIONAL	MISSING_FUNCTIONAL	PM5:moderate		neighbour_evidence
2020-01-01	2026-08-04	NM_000059.4:c.8485_8486delinsGG	p.Gln2829Gly	missense	VUS	VUS	2	4	MISSING_FUNCTIONAL	MISSING_FUNCTIONAL	PM5:moderate		neighbour_evidence
2020-01-01	2026-08-04	NM_000059.4:c.8485_8487delinsGGT	p.Gln2829Gly	missense	VUS	VUS	2	4	MISSING_FUNCTIONAL	MISSING_FUNCTIONAL	PM5:moderate		neighbour_evidence
2020-01-01	2026-08-04	NM_000059.4:c.8485_8487delinsGTA	p.Gln2829Val	missense	VUS	VUS	2	4	MISSING_FUNCTIONAL	MISSING_FUNCTIONAL	PM5:moderate		neighbour_evidence
2020-01-01	2026-08-04	NM_000059.4:c.8485_8487delinsGTC	p.Gln2829Val	missense	VUS	VUS	2	4	MISSING_FUNCTIONAL	MISSING_FUNCTIONAL	PM5:moderate		neighbour_evidence
2020-01-01	2026-08-04	NM_000059.4:c.8485_8486delinsGT	p.Gln2829Val	missense	VUS	VUS	2	4	MISSING_FUNCTIONAL	MISSING_FUNCTIONAL	PM5:moderate		neighbour_evidence
2020-01-01	2026-08-04	NM_000059.4:c.8485_8487delinsGTT	p.Gln2829Val	missense	VUS	VUS	2	4	MISSING_FUNCTIONAL	MISSING_FUNCTIONAL	PM5:moderate		neighbour_evidence
2020-01-01	2026-08-04	NM_000059.4:c.8485_8487delinsTAC	p.Gln2829Tyr	missense	VUS	VUS	2	4	MISSING_FUNCTIONAL	MISSING_FUNCTIONAL	PM5:moderate		neighbour_evidence
2020-01-01	2026-08-04	NM_000059.4:c.8485_8487delinsTAT	p.Gln2829Tyr	missense	VUS	VUS	2	4	MISSING_FUNCTIONAL	MISSING_FUNCTIONAL	PM5:moderate		neighbour_evidence
2020-01-01	2026-08-04	NM_000059.4:c.8485_8487delinsTCA	p.Gln2829Ser	missense	VUS	VUS	2	4	MISSING_FUNCTIONAL	MISSING_FUNCTIONAL	PM5:moderate		neighbour_evidence
2020-01-01	2026-08-04	NM_000059.4:c.8485_8487delinsTCC	p.Gln2829Ser	missense	VUS	VUS	2	4	MISSING_FUNCTIONAL	MISSING_FUNCTIONAL	PM5:moderate		neighbour_evidence
2020-01-01	2026-08-04	NM_000059.4:c.8485_8486delinsTC	p.Gln2829Ser	missense	VUS	VUS	2	4	MISSING_FUNCTIONAL	MISSING_FUNCTIONAL	PM5:moderate		neighbour_evidence
2020-01-01	2026-08-04	NM_000059.4:c.8485_8487delinsTCT	p.Gln2829Ser	missense	VUS	VUS	2	4	MISSING_FUNCTIONAL	MISSING_FUNCTIONAL	PM5:moderate		neighbour_evidence
2020-01-01	2026-08-04	NM_000059.4:c.8485_8487delinsTGC	p.Gln2829Cys	missense	VUS	VUS	2	4	MISSING_FUNCTIONAL	MISSING_FUNCTIONAL	PM5:moderate		neighbour_evidence
2020-01-01	2026-08-04	NM_000059.4:c.8485_8486delinsTG	p.Gln2829Trp	missense	VUS	VUS	2	4	MISSING_FUNCTIONAL	MISSING_FUNCTIONAL	PM5:moderate		neighbour_evidence
2020-01-01	2026-08-04	NM_000059.4:c.8485_8487delinsTGT	p.Gln2829Cys	missense	VUS	VUS	2	4	MISSING_FUNCTIONAL	MISSING_FUNCTIONAL	PM5:moderate		neighbour_evidence
2020-01-01	2026-08-04	NM_000059.4:c.8485_8487delinsTTA	p.Gln2829Leu	missense	VUS	VUS	2	4	MISSING_FUNCTIONAL	MISSING_FUNCTIONAL	PM5:moderate		neighbour_evidence
2020-01-01	2026-08-04	NM_000059.4:c.8485_8487delinsTTC	p.Gln2829Phe	missense	VUS	VUS	2	4	MISSING_FUNCTIONAL	MISSING_FUNCTIONAL	PM5:moderate		neighbour_evidence
2020-01-01	2026-08-04	NM_000059.4:c.8485_8486delinsTT	p.Gln2829Leu	missense	VUS	VUS	2	4	MISSING_FUNCTIONAL	MISSING_FUNCTIONAL	PM5:moderate		neighbour_evidence
2020-01-01	2026-08-04	NM_000059.4:c.8485_8487delinsTTT	p.Gln2829Phe	missense	VUS	VUS	2	4	MISSING_FUNCTIONAL	MISSING_FUNCTIONAL	PM5:moderate		neighbour_evidence
2020-01-01	2026-08-04	NM_000059.4:c.8632_8634delinsAAC	p.Glu2878Asn	missense	VUS	VUS	2	4	MISSING_FUNCTIONAL	MISSING_FUNCTIONAL	PM5:moderate		neighbour_evidence
2020-01-01	2026-08-04	NM_000059.4:c.8632_8634delinsAAG	p.Glu2878Lys	missense	VUS	LP	2	6	MISSING_FUNCTIONAL	RESOLVED_NOT_BLOCKED	PS1:strong		neighbour_evidence
2020-01-01	2026-08-04	NM_000059.4:c.8632_8634delinsAAT	p.Glu2878Asn	missense	VUS	VUS	2	4	MISSING_FUNCTIONAL	MISSING_FUNCTIONAL	PM5:moderate		neighbour_evidence
2020-01-01	2026-08-04	NM_000059.4:c.8632_8633delinsAC	p.Glu2878Thr	missense	VUS	VUS	2	4	MISSING_FUNCTIONAL	MISSING_FUNCTIONAL	PM5:moderate		neighbour_evidence
2020-01-01	2026-08-04	NM_000059.4:c.8632_8634delinsACC	p.Glu2878Thr	missense	VUS	VUS	2	4	MISSING_FUNCTIONAL	MISSING_FUNCTIONAL	PM5:moderate		neighbour_evidence
2020-01-01	2026-08-04	NM_000059.4:c.8632_8634delinsACG	p.Glu2878Thr	missense	VUS	VUS	2	4	MISSING_FUNCTIONAL	MISSING_FUNCTIONAL	PM5:moderate		neighbour_evidence
2020-01-01	2026-08-04	NM_000059.4:c.8632_8634delinsACT	p.Glu2878Thr	missense	VUS	VUS	2	4	MISSING_FUNCTIONAL	MISSING_FUNCTIONAL	PM5:moderate		neighbour_evidence
2020-01-01	2026-08-04	NM_000059.4:c.8632_8633delinsAG	p.Glu2878Arg	missense	VUS	VUS	2	4	MISSING_FUNCTIONAL	MISSING_FUNCTIONAL	PM5:moderate		neighbour_evidence
2020-01-01	2026-08-04	NM_000059.4:c.8632_8634delinsAGC	p.Glu2878Ser	missense	VUS	VUS	2	4	MISSING_FUNCTIONAL	MISSING_FUNCTIONAL	PM5:moderate		neighbour_evidence
2020-01-01	2026-08-04	NM_000059.4:c.8632_8634delinsAGG	p.Glu2878Arg	missense	VUS	VUS	2	4	MISSING_FUNCTIONAL	MISSING_FUNCTIONAL	PM5:moderate		neighbour_evidence
2020-01-01	2026-08-04	NM_000059.4:c.8632_8634delinsAGT	p.Glu2878Ser	missense	VUS	VUS	2	4	MISSING_FUNCTIONAL	MISSING_FUNCTIONAL	PM5:moderate		neighbour_evidence
2020-01-01	2026-08-04	NM_000059.4:c.8632_8633delinsAT	p.Glu2878Ile	missense	VUS	VUS	2	4	MISSING_FUNCTIONAL	MISSING_FUNCTIONAL	PM5:moderate		neighbour_evidence
2020-01-01	2026-08-04	NM_000059.4:c.8632_8634delinsATC	p.Glu2878Ile	missense	VUS	VUS	2	4	MISSING_FUNCTIONAL	MISSING_FUNCTIONAL	PM5:moderate		neighbour_evidence
2020-01-01	2026-08-04	NM_000059.4:c.8632_8634delinsATG	p.Glu2878Met	missense	VUS	VUS	2	4	MISSING_FUNCTIONAL	MISSING_FUNCTIONAL	PM5:moderate		neighbour_evidence
2020-01-01	2026-08-04	NM_000059.4:c.8632_8634delinsATT	p.Glu2878Ile	missense	VUS	VUS	2	4	MISSING_FUNCTIONAL	MISSING_FUNCTIONAL	PM5:moderate		neighbour_evidence
2020-01-01	2026-08-04	NM_000059.4:c.8632_8634delinsCAC	p.Glu2878His	missense	VUS	VUS	2	4	MISSING_FUNCTIONAL	MISSING_FUNCTIONAL	PM5:moderate		neighbour_evidence
2020-01-01	2026-08-04	NM_000059.4:c.8632_8634delinsCAG	p.Glu2878Gln	missense	VUS	VUS	2	4	MISSING_FUNCTIONAL	MISSING_FUNCTIONAL	PM5:moderate		neighbour_evidence
2020-01-01	2026-08-04	NM_000059.4:c.8632_8634delinsCAT	p.Glu2878His	missense	VUS	VUS	2	4	MISSING_FUNCTIONAL	MISSING_FUNCTIONAL	PM5:moderate		neighbour_evidence
2020-01-01	2026-08-04	NM_000059.4:c.8632_8633delinsCC	p.Glu2878Pro	missense	VUS	VUS	2	4	MISSING_FUNCTIONAL	MISSING_FUNCTIONAL	PM5:moderate		neighbour_evidence
2020-01-01	2026-08-04	NM_000059.4:c.8632_8634delinsCCC	p.Glu2878Pro	missense	VUS	VUS	2	4	MISSING_FUNCTIONAL	MISSING_FUNCTIONAL	PM5:moderate		neighbour_evidence
2020-01-01	2026-08-04	NM_000059.4:c.8632_8634delinsCCG	p.Glu2878Pro	missense	VUS	VUS	2	4	MISSING_FUNCTIONAL	MISSING_FUNCTIONAL	PM5:moderate		neighbour_evidence
2020-01-01	2026-08-04	NM_000059.4:c.8632_8634delinsCCT	p.Glu2878Pro	missense	VUS	VUS	2	4	MISSING_FUNCTIONAL	MISSING_FUNCTIONAL	PM5:moderate		neighbour_evidence
2020-01-01	2026-08-04	NM_000059.4:c.8632_8633delinsCG	p.Glu2878Arg	missense	VUS	VUS	2	4	MISSING_FUNCTIONAL	MISSING_FUNCTIONAL	PM5:moderate		neighbour_evidence
2020-01-01	2026-08-04	NM_000059.4:c.8632_8634delinsCGC	p.Glu2878Arg	missense	VUS	VUS	2	4	MISSING_FUNCTIONAL	MISSING_FUNCTIONAL	PM5:moderate		neighbour_evidence
2020-01-01	2026-08-04	NM_000059.4:c.8632_8634delinsCGG	p.Glu2878Arg	missense	VUS	VUS	2	4	MISSING_FUNCTIONAL	MISSING_FUNCTIONAL	PM5:moderate		neighbour_evidence
2020-01-01	2026-08-04	NM_000059.4:c.8632_8634delinsCGT	p.Glu2878Arg	missense	VUS	VUS	2	4	MISSING_FUNCTIONAL	MISSING_FUNCTIONAL	PM5:moderate		neighbour_evidence
2020-01-01	2026-08-04	NM_000059.4:c.8632_8633delinsCT	p.Glu2878Leu	missense	VUS	VUS	2	4	MISSING_FUNCTIONAL	MISSING_FUNCTIONAL	PM5:moderate		neighbour_evidence
2020-01-01	2026-08-04	NM_000059.4:c.8632_8634delinsCTC	p.Glu2878Leu	missense	VUS	VUS	2	4	MISSING_FUNCTIONAL	MISSING_FUNCTIONAL	PM5:moderate		neighbour_evidence
2020-01-01	2026-08-04	NM_000059.4:c.8632_8634delinsCTG	p.Glu2878Leu	missense	VUS	VUS	2	4	MISSING_FUNCTIONAL	MISSING_FUNCTIONAL	PM5:moderate		neighbour_evidence
2020-01-01	2026-08-04	NM_000059.4:c.8632_8634delinsCTT	p.Glu2878Leu	missense	VUS	VUS	2	4	MISSING_FUNCTIONAL	MISSING_FUNCTIONAL	PM5:moderate		neighbour_evidence
2020-01-01	2026-08-04	NM_000059.4:c.8633_8634delinsCC	p.Glu2878Ala	missense	VUS	VUS	2	4	MISSING_FUNCTIONAL	MISSING_FUNCTIONAL	PM5:moderate		neighbour_evidence
2020-01-01	2026-08-04	NM_000059.4:c.8633_8634delinsCG	p.Glu2878Ala	missense	VUS	VUS	2	4	MISSING_FUNCTIONAL	MISSING_FUNCTIONAL	PM5:moderate		neighbour_evidence
2020-01-01	2026-08-04	NM_000059.4:c.8633_8634delinsCT	p.Glu2878Ala	missense	VUS	VUS	2	4	MISSING_FUNCTIONAL	MISSING_FUNCTIONAL	PM5:moderate		neighbour_evidence
2020-01-01	2026-08-04	NM_000059.4:c.8633_8634delinsGC	p.Glu2878Gly	missense	VUS	VUS	2	4	MISSING_FUNCTIONAL	MISSING_FUNCTIONAL	PM5:moderate		neighbour_evidence
2020-01-01	2026-08-04	NM_000059.4:c.8633_8634delinsGG	p.Glu2878Gly	missense	VUS	VUS	2	4	MISSING_FUNCTIONAL	MISSING_FUNCTIONAL	PM5:moderate		neighbour_evidence
2020-01-01	2026-08-04	NM_000059.4:c.8633_8634delinsGT	p.Glu2878Gly	missense	VUS	VUS	2	4	MISSING_FUNCTIONAL	MISSING_FUNCTIONAL	PM5:moderate		neighbour_evidence
2020-01-01	2026-08-04	NM_000059.4:c.8633_8634delinsTC	p.Glu2878Val	missense	VUS	VUS	2	4	MISSING_FUNCTIONAL	MISSING_FUNCTIONAL	PM5:moderate		neighbour_evidence
2020-01-01	2026-08-04	NM_000059.4:c.8633_8634delinsTG	p.Glu2878Val	missense	VUS	VUS	2	4	MISSING_FUNCTIONAL	MISSING_FUNCTIONAL	PM5:moderate		neighbour_evidence
2020-01-01	2026-08-04	NM_000059.4:c.8633_8634delinsTT	p.Glu2878Val	missense	VUS	VUS	2	4	MISSING_FUNCTIONAL	MISSING_FUNCTIONAL	PM5:moderate		neighbour_evidence
2020-01-01	2026-08-04	NM_000059.4:c.8632_8634delinsTAC	p.Glu2878Tyr	missense	VUS	VUS	2	4	MISSING_FUNCTIONAL	MISSING_FUNCTIONAL	PM5:moderate		neighbour_evidence
2020-01-01	2026-08-04	NM_000059.4:c.8632_8634delinsTAT	p.Glu2878Tyr	missense	VUS	VUS	2	4	MISSING_FUNCTIONAL	MISSING_FUNCTIONAL	PM5:moderate		neighbour_evidence
2020-01-01	2026-08-04	NM_000059.4:c.8632_8633delinsTC	p.Glu2878Ser	missense	VUS	VUS	2	4	MISSING_FUNCTIONAL	MISSING_FUNCTIONAL	PM5:moderate		neighbour_evidence
2020-01-01	2026-08-04	NM_000059.4:c.8632_8634delinsTCC	p.Glu2878Ser	missense	VUS	VUS	2	4	MISSING_FUNCTIONAL	MISSING_FUNCTIONAL	PM5:moderate		neighbour_evidence
2020-01-01	2026-08-04	NM_000059.4:c.8632_8634delinsTCG	p.Glu2878Ser	missense	VUS	VUS	2	4	MISSING_FUNCTIONAL	MISSING_FUNCTIONAL	PM5:moderate		neighbour_evidence
2020-01-01	2026-08-04	NM_000059.4:c.8632_8634delinsTCT	p.Glu2878Ser	missense	VUS	VUS	2	4	MISSING_FUNCTIONAL	MISSING_FUNCTIONAL	PM5:moderate		neighbour_evidence
2020-01-01	2026-08-04	NM_000059.4:c.8632_8634delinsTGC	p.Glu2878Cys	missense	VUS	VUS	2	4	MISSING_FUNCTIONAL	MISSING_FUNCTIONAL	PM5:moderate		neighbour_evidence
2020-01-01	2026-08-04	NM_000059.4:c.8632_8634delinsTGG	p.Glu2878Trp	missense	VUS	VUS	2	4	MISSING_FUNCTIONAL	MISSING_FUNCTIONAL	PM5:moderate		neighbour_evidence
2020-01-01	2026-08-04	NM_000059.4:c.8632_8634delinsTGT	p.Glu2878Cys	missense	VUS	VUS	2	4	MISSING_FUNCTIONAL	MISSING_FUNCTIONAL	PM5:moderate		neighbour_evidence
2020-01-01	2026-08-04	NM_000059.4:c.8632_8633delinsTT	p.Glu2878Leu	missense	VUS	VUS	2	4	MISSING_FUNCTIONAL	MISSING_FUNCTIONAL	PM5:moderate		neighbour_evidence
2020-01-01	2026-08-04	NM_000059.4:c.8632_8634delinsTTC	p.Glu2878Phe	missense	VUS	VUS	2	4	MISSING_FUNCTIONAL	MISSING_FUNCTIONAL	PM5:moderate		neighbour_evidence
2020-01-01	2026-08-04	NM_000059.4:c.8632_8634delinsTTG	p.Glu2878Leu	missense	VUS	VUS	2	4	MISSING_FUNCTIONAL	MISSING_FUNCTIONAL	PM5:moderate		neighbour_evidence
2020-01-01	2026-08-04	NM_000059.4:c.8632_8634delinsTTT	p.Glu2878Phe	missense	VUS	VUS	2	4	MISSING_FUNCTIONAL	MISSING_FUNCTIONAL	PM5:moderate		neighbour_evidence
2020-01-01	2026-08-04	NM_000059.4:c.8752_8754delinsAAA	p.Glu2918Lys	missense	VUS	VUS	2	4	MISSING_FUNCTIONAL	MISSING_FUNCTIONAL	PM5:moderate		neighbour_evidence
2020-01-01	2026-08-04	NM_000059.4:c.8752_8754delinsAAC	p.Glu2918Asn	missense	VUS	VUS	2	4	MISSING_FUNCTIONAL	MISSING_FUNCTIONAL	PM5:moderate		neighbour_evidence
2020-01-01	2026-08-04	NM_000059.4:c.8752_8754delinsAAT	p.Glu2918Asn	missense	VUS	VUS	2	4	MISSING_FUNCTIONAL	MISSING_FUNCTIONAL	PM5:moderate		neighbour_evidence
2020-01-01	2026-08-04	NM_000059.4:c.8752_8754delinsACA	p.Glu2918Thr	missense	VUS	VUS	2	4	MISSING_FUNCTIONAL	MISSING_FUNCTIONAL	PM5:moderate		neighbour_evidence
2020-01-01	2026-08-04	NM_000059.4:c.8752_8754delinsACC	p.Glu2918Thr	missense	VUS	VUS	2	4	MISSING_FUNCTIONAL	MISSING_FUNCTIONAL	PM5:moderate		neighbour_evidence
2020-01-01	2026-08-04	NM_000059.4:c.8752_8753delinsAC	p.Glu2918Thr	missense	VUS	VUS	2	4	MISSING_FUNCTIONAL	MISSING_FUNCTIONAL	PM5:moderate		neighbour_evidence
2020-01-01	2026-08-04	NM_000059.4:c.8752_8754delinsACT	p.Glu2918Thr	missense	VUS	VUS	2	4	MISSING_FUNCTIONAL	MISSING_FUNCTIONAL	PM5:moderate		neighbour_evidence
2020-01-01	2026-08-04	NM_000059.4:c.8752_8754delinsAGA	p.Glu2918Arg	missense	VUS	VUS	2	4	MISSING_FUNCTIONAL	MISSING_FUNCTIONAL	PM5:moderate		neighbour_evidence
2020-01-01	2026-08-04	NM_000059.4:c.8752_8754delinsAGC	p.Glu2918Ser	missense	VUS	VUS	2	4	MISSING_FUNCTIONAL	MISSING_FUNCTIONAL	PM5:moderate		neighbour_evidence
2020-01-01	2026-08-04	NM_000059.4:c.8752_8753delinsAG	p.Glu2918Arg	missense	VUS	VUS	2	4	MISSING_FUNCTIONAL	MISSING_FUNCTIONAL	PM5:moderate		neighbour_evidence
2020-01-01	2026-08-04	NM_000059.4:c.8752_8754delinsAGT	p.Glu2918Ser	missense	VUS	VUS	2	4	MISSING_FUNCTIONAL	MISSING_FUNCTIONAL	PM5:moderate		neighbour_evidence
2020-01-01	2026-08-04	NM_000059.4:c.8752_8754delinsATA	p.Glu2918Ile	missense	VUS	VUS	2	4	MISSING_FUNCTIONAL	MISSING_FUNCTIONAL	PM5:moderate		neighbour_evidence
2020-01-01	2026-08-04	NM_000059.4:c.8752_8754delinsATC	p.Glu2918Ile	missense	VUS	VUS	2	4	MISSING_FUNCTIONAL	MISSING_FUNCTIONAL	PM5:moderate		neighbour_evidence
2020-01-01	2026-08-04	NM_000059.4:c.8752_8753delinsAT	p.Glu2918Met	missense	VUS	VUS	2	4	MISSING_FUNCTIONAL	MISSING_FUNCTIONAL	PM5:moderate		neighbour_evidence
2020-01-01	2026-08-04	NM_000059.4:c.8752_8754delinsATT	p.Glu2918Ile	missense	VUS	VUS	2	4	MISSING_FUNCTIONAL	MISSING_FUNCTIONAL	PM5:moderate		neighbour_evidence
2020-01-01	2026-08-04	NM_000059.4:c.8752_8754delinsCAA	p.Glu2918Gln	missense	VUS	VUS	2	4	MISSING_FUNCTIONAL	MISSING_FUNCTIONAL	PM5:moderate		neighbour_evidence
2020-01-01	2026-08-04	NM_000059.4:c.8752_8754delinsCAC	p.Glu2918His	missense	VUS	VUS	2	4	MISSING_FUNCTIONAL	MISSING_FUNCTIONAL	PM5:moderate		neighbour_evidence
2020-01-01	2026-08-04	NM_000059.4:c.8752_8754delinsCAT	p.Glu2918His	missense	VUS	VUS	2	4	MISSING_FUNCTIONAL	MISSING_FUNCTIONAL	PM5:moderate		neighbour_evidence
2020-01-01	2026-08-04	NM_000059.4:c.8752_8754delinsCCA	p.Glu2918Pro	missense	VUS	VUS	2	4	MISSING_FUNCTIONAL	MISSING_FUNCTIONAL	PM5:moderate		neighbour_evidence
2020-01-01	2026-08-04	NM_000059.4:c.8752_8754delinsCCC	p.Glu2918Pro	missense	VUS	VUS	2	4	MISSING_FUNCTIONAL	MISSING_FUNCTIONAL	PM5:moderate		neighbour_evidence
2020-01-01	2026-08-04	NM_000059.4:c.8752_8753delinsCC	p.Glu2918Pro	missense	VUS	VUS	2	4	MISSING_FUNCTIONAL	MISSING_FUNCTIONAL	PM5:moderate		neighbour_evidence
2020-01-01	2026-08-04	NM_000059.4:c.8752_8754delinsCCT	p.Glu2918Pro	missense	VUS	VUS	2	4	MISSING_FUNCTIONAL	MISSING_FUNCTIONAL	PM5:moderate		neighbour_evidence
2020-01-01	2026-08-04	NM_000059.4:c.8752_8754delinsCGA	p.Glu2918Arg	missense	VUS	VUS	2	4	MISSING_FUNCTIONAL	MISSING_FUNCTIONAL	PM5:moderate		neighbour_evidence
2020-01-01	2026-08-04	NM_000059.4:c.8752_8754delinsCGC	p.Glu2918Arg	missense	VUS	VUS	2	4	MISSING_FUNCTIONAL	MISSING_FUNCTIONAL	PM5:moderate		neighbour_evidence
2020-01-01	2026-08-04	NM_000059.4:c.8752_8753delinsCG	p.Glu2918Arg	missense	VUS	VUS	2	4	MISSING_FUNCTIONAL	MISSING_FUNCTIONAL	PM5:moderate		neighbour_evidence
2020-01-01	2026-08-04	NM_000059.4:c.8752_8754delinsCGT	p.Glu2918Arg	missense	VUS	VUS	2	4	MISSING_FUNCTIONAL	MISSING_FUNCTIONAL	PM5:moderate		neighbour_evidence
2020-01-01	2026-08-04	NM_000059.4:c.8752_8754delinsCTA	p.Glu2918Leu	missense	VUS	VUS	2	4	MISSING_FUNCTIONAL	MISSING_FUNCTIONAL	PM5:moderate		neighbour_evidence
2020-01-01	2026-08-04	NM_000059.4:c.8752_8754delinsCTC	p.Glu2918Leu	missense	VUS	VUS	2	4	MISSING_FUNCTIONAL	MISSING_FUNCTIONAL	PM5:moderate		neighbour_evidence
2020-01-01	2026-08-04	NM_000059.4:c.8752_8753delinsCT	p.Glu2918Leu	missense	VUS	VUS	2	4	MISSING_FUNCTIONAL	MISSING_FUNCTIONAL	PM5:moderate		neighbour_evidence
2020-01-01	2026-08-04	NM_000059.4:c.8752_8754delinsCTT	p.Glu2918Leu	missense	VUS	VUS	2	4	MISSING_FUNCTIONAL	MISSING_FUNCTIONAL	PM5:moderate		neighbour_evidence
2020-01-01	2026-08-04	NM_000059.4:c.8753_8754delinsCA	p.Glu2918Ala	missense	VUS	VUS	2	4	MISSING_FUNCTIONAL	MISSING_FUNCTIONAL	PM5:moderate		neighbour_evidence
2020-01-01	2026-08-04	NM_000059.4:c.8753_8754delinsCC	p.Glu2918Ala	missense	VUS	VUS	2	4	MISSING_FUNCTIONAL	MISSING_FUNCTIONAL	PM5:moderate		neighbour_evidence
2020-01-01	2026-08-04	NM_000059.4:c.8753_8754delinsCT	p.Glu2918Ala	missense	VUS	VUS	2	4	MISSING_FUNCTIONAL	MISSING_FUNCTIONAL	PM5:moderate		neighbour_evidence
2020-01-01	2026-08-04	NM_000059.4:c.8753_8754delinsGA	p.Glu2918Gly	missense	VUS	VUS	2	4	MISSING_FUNCTIONAL	MISSING_FUNCTIONAL	PM5:moderate		neighbour_evidence
2020-01-01	2026-08-04	NM_000059.4:c.8753_8754delinsGC	p.Glu2918Gly	missense	VUS	VUS	2	4	MISSING_FUNCTIONAL	MISSING_FUNCTIONAL	PM5:moderate		neighbour_evidence
2020-01-01	2026-08-04	NM_000059.4:c.8753_8754delinsGT	p.Glu2918Gly	missense	VUS	VUS	2	4	MISSING_FUNCTIONAL	MISSING_FUNCTIONAL	PM5:moderate		neighbour_evidence
2020-01-01	2026-08-04	NM_000059.4:c.8753_8754delinsTA	p.Glu2918Val	missense	VUS	VUS	2	4	MISSING_FUNCTIONAL	MISSING_FUNCTIONAL	PM5:moderate		neighbour_evidence
2020-01-01	2026-08-04	NM_000059.4:c.8753_8754delinsTC	p.Glu2918Val	missense	VUS	VUS	2	4	MISSING_FUNCTIONAL	MISSING_FUNCTIONAL	PM5:moderate		neighbour_evidence
2020-01-01	2026-08-04	NM_000059.4:c.8753_8754delinsTT	p.Glu2918Val	missense	VUS	VUS	2	4	MISSING_FUNCTIONAL	MISSING_FUNCTIONAL	PM5:moderate		neighbour_evidence
2020-01-01	2026-08-04	NM_000059.4:c.8752_8754delinsTAC	p.Glu2918Tyr	missense	VUS	VUS	2	4	MISSING_FUNCTIONAL	MISSING_FUNCTIONAL	PM5:moderate		neighbour_evidence
2020-01-01	2026-08-04	NM_000059.4:c.8752_8754delinsTAT	p.Glu2918Tyr	missense	VUS	VUS	2	4	MISSING_FUNCTIONAL	MISSING_FUNCTIONAL	PM5:moderate		neighbour_evidence
2020-01-01	2026-08-04	NM_000059.4:c.8752_8754delinsTCA	p.Glu2918Ser	missense	VUS	VUS	2	4	MISSING_FUNCTIONAL	MISSING_FUNCTIONAL	PM5:moderate		neighbour_evidence
2020-01-01	2026-08-04	NM_000059.4:c.8752_8754delinsTCC	p.Glu2918Ser	missense	VUS	VUS	2	4	MISSING_FUNCTIONAL	MISSING_FUNCTIONAL	PM5:moderate		neighbour_evidence
2020-01-01	2026-08-04	NM_000059.4:c.8752_8753delinsTC	p.Glu2918Ser	missense	VUS	VUS	2	4	MISSING_FUNCTIONAL	MISSING_FUNCTIONAL	PM5:moderate		neighbour_evidence
2020-01-01	2026-08-04	NM_000059.4:c.8752_8754delinsTCT	p.Glu2918Ser	missense	VUS	VUS	2	4	MISSING_FUNCTIONAL	MISSING_FUNCTIONAL	PM5:moderate		neighbour_evidence
2020-01-01	2026-08-04	NM_000059.4:c.8752_8754delinsTGC	p.Glu2918Cys	missense	VUS	VUS	2	4	MISSING_FUNCTIONAL	MISSING_FUNCTIONAL	PM5:moderate		neighbour_evidence
2020-01-01	2026-08-04	NM_000059.4:c.8752_8753delinsTG	p.Glu2918Trp	missense	VUS	VUS	2	4	MISSING_FUNCTIONAL	MISSING_FUNCTIONAL	PM5:moderate		neighbour_evidence
2020-01-01	2026-08-04	NM_000059.4:c.8752_8754delinsTGT	p.Glu2918Cys	missense	VUS	VUS	2	4	MISSING_FUNCTIONAL	MISSING_FUNCTIONAL	PM5:moderate		neighbour_evidence
2020-01-01	2026-08-04	NM_000059.4:c.8752_8754delinsTTA	p.Glu2918Leu	missense	VUS	VUS	2	4	MISSING_FUNCTIONAL	MISSING_FUNCTIONAL	PM5:moderate		neighbour_evidence
2020-01-01	2026-08-04	NM_000059.4:c.8752_8754delinsTTC	p.Glu2918Phe	missense	VUS	VUS	2	4	MISSING_FUNCTIONAL	MISSING_FUNCTIONAL	PM5:moderate		neighbour_evidence
2020-01-01	2026-08-04	NM_000059.4:c.8752_8753delinsTT	p.Glu2918Leu	missense	VUS	VUS	2	4	MISSING_FUNCTIONAL	MISSING_FUNCTIONAL	PM5:moderate		neighbour_evidence
2020-01-01	2026-08-04	NM_000059.4:c.8752_8754delinsTTT	p.Glu2918Phe	missense	VUS	VUS	2	4	MISSING_FUNCTIONAL	MISSING_FUNCTIONAL	PM5:moderate		neighbour_evidence
2020-01-01	2026-08-04	NM_000059.4:c.8959_8961delinsAAA	p.Leu2987Lys	missense	VUS	VUS	2	4	MISSING_FUNCTIONAL	MISSING_FUNCTIONAL	PM5:moderate		neighbour_evidence
2020-01-01	2026-08-04	NM_000059.4:c.8959_8961delinsAAC	p.Leu2987Asn	missense	VUS	VUS	2	4	MISSING_FUNCTIONAL	MISSING_FUNCTIONAL	PM5:moderate		neighbour_evidence
2020-01-01	2026-08-04	NM_000059.4:c.8959_8960delinsAA	p.Leu2987Lys	missense	VUS	VUS	2	4	MISSING_FUNCTIONAL	MISSING_FUNCTIONAL	PM5:moderate		neighbour_evidence
2020-01-01	2026-08-04	NM_000059.4:c.8959_8961delinsAAT	p.Leu2987Asn	missense	VUS	VUS	2	4	MISSING_FUNCTIONAL	MISSING_FUNCTIONAL	PM5:moderate		neighbour_evidence
2020-01-01	2026-08-04	NM_000059.4:c.8959_8961delinsACA	p.Leu2987Thr	missense	VUS	VUS	2	4	MISSING_FUNCTIONAL	MISSING_FUNCTIONAL	PM5:moderate		neighbour_evidence
2020-01-01	2026-08-04	NM_000059.4:c.8959_8961delinsACC	p.Leu2987Thr	missense	VUS	VUS	2	4	MISSING_FUNCTIONAL	MISSING_FUNCTIONAL	PM5:moderate		neighbour_evidence
2020-01-01	2026-08-04	NM_000059.4:c.8959_8960delinsAC	p.Leu2987Thr	missense	VUS	VUS	2	4	MISSING_FUNCTIONAL	MISSING_FUNCTIONAL	PM5:moderate		neighbour_evidence
2020-01-01	2026-08-04	NM_000059.4:c.8959_8961delinsACT	p.Leu2987Thr	missense	VUS	VUS	2	4	MISSING_FUNCTIONAL	MISSING_FUNCTIONAL	PM5:moderate		neighbour_evidence
2020-01-01	2026-08-04	NM_000059.4:c.8959_8961delinsAGA	p.Leu2987Arg	missense	VUS	LP	2	6	MISSING_FUNCTIONAL	RESOLVED_NOT_BLOCKED	PS1:strong		neighbour_evidence
2020-01-01	2026-08-04	NM_000059.4:c.8959_8961delinsAGC	p.Leu2987Ser	missense	VUS	VUS	2	4	MISSING_FUNCTIONAL	MISSING_FUNCTIONAL	PM5:moderate		neighbour_evidence
2020-01-01	2026-08-04	NM_000059.4:c.8959_8960delinsAG	p.Leu2987Arg	missense	VUS	LP	2	6	MISSING_FUNCTIONAL	RESOLVED_NOT_BLOCKED	PS1:strong		neighbour_evidence
2020-01-01	2026-08-04	NM_000059.4:c.8959_8961delinsAGT	p.Leu2987Ser	missense	VUS	VUS	2	4	MISSING_FUNCTIONAL	MISSING_FUNCTIONAL	PM5:moderate		neighbour_evidence
2020-01-01	2026-08-04	NM_000059.4:c.8959_8961delinsATA	p.Leu2987Ile	missense	VUS	VUS	2	4	MISSING_FUNCTIONAL	MISSING_FUNCTIONAL	PM5:moderate		neighbour_evidence
2020-01-01	2026-08-04	NM_000059.4:c.8959_8961delinsATC	p.Leu2987Ile	missense	VUS	VUS	2	4	MISSING_FUNCTIONAL	MISSING_FUNCTIONAL	PM5:moderate		neighbour_evidence
2020-01-01	2026-08-04	NM_000059.4:c.8959_8961delinsATT	p.Leu2987Ile	missense	VUS	VUS	2	4	MISSING_FUNCTIONAL	MISSING_FUNCTIONAL	PM5:moderate		neighbour_evidence
2020-01-01	2026-08-04	NM_000059.4:c.8960_8961delinsAA	p.Leu2987Gln	missense	VUS	VUS	2	4	MISSING_FUNCTIONAL	MISSING_FUNCTIONAL	PM5:moderate		neighbour_evidence
2020-01-01	2026-08-04	NM_000059.4:c.8960_8961delinsAC	p.Leu2987His	missense	VUS	VUS	2	4	MISSING_FUNCTIONAL	MISSING_FUNCTIONAL	PM5:moderate		neighbour_evidence
2020-01-01	2026-08-04	NM_000059.4:c.8960_8961delinsAT	p.Leu2987His	missense	VUS	VUS	2	4	MISSING_FUNCTIONAL	MISSING_FUNCTIONAL	PM5:moderate		neighbour_evidence
2020-01-01	2026-08-04	NM_000059.4:c.8960_8961delinsCA	p.Leu2987Pro	missense	VUS	VUS	2	4	MISSING_FUNCTIONAL	MISSING_FUNCTIONAL	PM5:moderate		neighbour_evidence
2020-01-01	2026-08-04	NM_000059.4:c.8960_8961delinsCC	p.Leu2987Pro	missense	VUS	VUS	2	4	MISSING_FUNCTIONAL	MISSING_FUNCTIONAL	PM5:moderate		neighbour_evidence
2020-01-01	2026-08-04	NM_000059.4:c.8960_8961delinsCT	p.Leu2987Pro	missense	VUS	VUS	2	4	MISSING_FUNCTIONAL	MISSING_FUNCTIONAL	PM5:moderate		neighbour_evidence
2020-01-01	2026-08-04	NM_000059.4:c.8960_8961delinsGA	p.Leu2987Arg	missense	VUS	LP	2	6	MISSING_FUNCTIONAL	RESOLVED_NOT_BLOCKED	PS1:strong		neighbour_evidence
2020-01-01	2026-08-04	NM_000059.4:c.8960_8961delinsGC	p.Leu2987Arg	missense	VUS	LP	2	6	MISSING_FUNCTIONAL	RESOLVED_NOT_BLOCKED	PS1:strong		neighbour_evidence
2020-01-01	2026-08-04	NM_000059.4:c.8960_8961delinsGT	p.Leu2987Arg	missense	VUS	LP	2	6	MISSING_FUNCTIONAL	RESOLVED_NOT_BLOCKED	PS1:strong		neighbour_evidence
2020-01-01	2026-08-04	NM_000059.4:c.8959_8961delinsGAA	p.Leu2987Glu	missense	VUS	VUS	2	4	MISSING_FUNCTIONAL	MISSING_FUNCTIONAL	PM5:moderate		neighbour_evidence
2020-01-01	2026-08-04	NM_000059.4:c.8959_8961delinsGAC	p.Leu2987Asp	missense	VUS	VUS	2	4	MISSING_FUNCTIONAL	MISSING_FUNCTIONAL	PM5:moderate		neighbour_evidence
2020-01-01	2026-08-04	NM_000059.4:c.8959_8960delinsGA	p.Leu2987Glu	missense	VUS	VUS	2	4	MISSING_FUNCTIONAL	MISSING_FUNCTIONAL	PM5:moderate		neighbour_evidence
2020-01-01	2026-08-04	NM_000059.4:c.8959_8961delinsGAT	p.Leu2987Asp	missense	VUS	VUS	2	4	MISSING_FUNCTIONAL	MISSING_FUNCTIONAL	PM5:moderate		neighbour_evidence
2020-01-01	2026-08-04	NM_000059.4:c.8959_8961delinsGCA	p.Leu2987Ala	missense	VUS	VUS	2	4	MISSING_FUNCTIONAL	MISSING_FUNCTIONAL	PM5:moderate		neighbour_evidence
2020-01-01	2026-08-04	NM_000059.4:c.8959_8961delinsGCC	p.Leu2987Ala	missense	VUS	VUS	2	4	MISSING_FUNCTIONAL	MISSING_FUNCTIONAL	PM5:moderate		neighbour_evidence
2020-01-01	2026-08-04	NM_000059.4:c.8959_8960delinsGC	p.Leu2987Ala	missense	VUS	VUS	2	4	MISSING_FUNCTIONAL	MISSING_FUNCTIONAL	PM5:moderate		neighbour_evidence
2020-01-01	2026-08-04	NM_000059.4:c.8959_8961delinsGCT	p.Leu2987Ala	missense	VUS	VUS	2	4	MISSING_FUNCTIONAL	MISSING_FUNCTIONAL	PM5:moderate		neighbour_evidence
2020-01-01	2026-08-04	NM_000059.4:c.8959_8961delinsGGA	p.Leu2987Gly	missense	VUS	VUS	2	4	MISSING_FUNCTIONAL	MISSING_FUNCTIONAL	PM5:moderate		neighbour_evidence
2020-01-01	2026-08-04	NM_000059.4:c.8959_8961delinsGGC	p.Leu2987Gly	missense	VUS	VUS	2	4	MISSING_FUNCTIONAL	MISSING_FUNCTIONAL	PM5:moderate		neighbour_evidence
2020-01-01	2026-08-04	NM_000059.4:c.8959_8960delinsGG	p.Leu2987Gly	missense	VUS	VUS	2	4	MISSING_FUNCTIONAL	MISSING_FUNCTIONAL	PM5:moderate		neighbour_evidence
2020-01-01	2026-08-04	NM_000059.4:c.8959_8961delinsGGT	p.Leu2987Gly	missense	VUS	VUS	2	4	MISSING_FUNCTIONAL	MISSING_FUNCTIONAL	PM5:moderate		neighbour_evidence
2020-01-01	2026-08-04	NM_000059.4:c.8959_8961delinsGTA	p.Leu2987Val	missense	VUS	VUS	2	4	MISSING_FUNCTIONAL	MISSING_FUNCTIONAL	PM5:moderate		neighbour_evidence
2020-01-01	2026-08-04	NM_000059.4:c.8959_8961delinsGTC	p.Leu2987Val	missense	VUS	VUS	2	4	MISSING_FUNCTIONAL	MISSING_FUNCTIONAL	PM5:moderate		neighbour_evidence
2020-01-01	2026-08-04	NM_000059.4:c.8959_8961delinsGTT	p.Leu2987Val	missense	VUS	VUS	2	4	MISSING_FUNCTIONAL	MISSING_FUNCTIONAL	PM5:moderate		neighbour_evidence
2020-01-01	2026-08-04	NM_000059.4:c.8959_8961delinsTAC	p.Leu2987Tyr	missense	VUS	VUS	2	4	MISSING_FUNCTIONAL	MISSING_FUNCTIONAL	PM5:moderate		neighbour_evidence
2020-01-01	2026-08-04	NM_000059.4:c.8959_8961delinsTAT	p.Leu2987Tyr	missense	VUS	VUS	2	4	MISSING_FUNCTIONAL	MISSING_FUNCTIONAL	PM5:moderate		neighbour_evidence
2020-01-01	2026-08-04	NM_000059.4:c.8959_8961delinsTCA	p.Leu2987Ser	missense	VUS	VUS	2	4	MISSING_FUNCTIONAL	MISSING_FUNCTIONAL	PM5:moderate		neighbour_evidence
2020-01-01	2026-08-04	NM_000059.4:c.8959_8961delinsTCC	p.Leu2987Ser	missense	VUS	VUS	2	4	MISSING_FUNCTIONAL	MISSING_FUNCTIONAL	PM5:moderate		neighbour_evidence
2020-01-01	2026-08-04	NM_000059.4:c.8959_8960delinsTC	p.Leu2987Ser	missense	VUS	VUS	2	4	MISSING_FUNCTIONAL	MISSING_FUNCTIONAL	PM5:moderate		neighbour_evidence
2020-01-01	2026-08-04	NM_000059.4:c.8959_8961delinsTCT	p.Leu2987Ser	missense	VUS	VUS	2	4	MISSING_FUNCTIONAL	MISSING_FUNCTIONAL	PM5:moderate		neighbour_evidence
2020-01-01	2026-08-04	NM_000059.4:c.8959_8961delinsTGC	p.Leu2987Cys	missense	VUS	VUS	2	4	MISSING_FUNCTIONAL	MISSING_FUNCTIONAL	PM5:moderate		neighbour_evidence
2020-01-01	2026-08-04	NM_000059.4:c.8959_8960delinsTG	p.Leu2987Trp	missense	VUS	VUS	2	4	MISSING_FUNCTIONAL	MISSING_FUNCTIONAL	PM5:moderate		neighbour_evidence
2020-01-01	2026-08-04	NM_000059.4:c.8959_8961delinsTGT	p.Leu2987Cys	missense	VUS	VUS	2	4	MISSING_FUNCTIONAL	MISSING_FUNCTIONAL	PM5:moderate		neighbour_evidence
2020-01-01	2026-08-04	NM_000059.4:c.8959_8961delinsTTC	p.Leu2987Phe	missense	VUS	VUS	2	4	MISSING_FUNCTIONAL	MISSING_FUNCTIONAL	PM5:moderate		neighbour_evidence
2020-01-01	2026-08-04	NM_000059.4:c.8959_8961delinsTTT	p.Leu2987Phe	missense	VUS	VUS	2	4	MISSING_FUNCTIONAL	MISSING_FUNCTIONAL	PM5:moderate		neighbour_evidence
2020-01-01	2026-08-04	NM_000059.4:c.9004_9006delinsAAC	p.Glu3002Asn	missense	VUS	VUS	2	4	MISSING_FUNCTIONAL	MISSING_FUNCTIONAL	PM5:moderate		neighbour_evidence
2020-01-01	2026-08-04	NM_000059.4:c.9004_9006delinsAAG	p.Glu3002Lys	missense	VUS	LP	2	6	MISSING_FUNCTIONAL	RESOLVED_NOT_BLOCKED	PS1:strong		neighbour_evidence
2020-01-01	2026-08-04	NM_000059.4:c.9004_9006delinsAAT	p.Glu3002Asn	missense	VUS	VUS	2	4	MISSING_FUNCTIONAL	MISSING_FUNCTIONAL	PM5:moderate		neighbour_evidence
2020-01-01	2026-08-04	NM_000059.4:c.9004_9005delinsAC	p.Glu3002Thr	missense	VUS	VUS	2	4	MISSING_FUNCTIONAL	MISSING_FUNCTIONAL	PM5:moderate		neighbour_evidence
2020-01-01	2026-08-04	NM_000059.4:c.9004_9006delinsACC	p.Glu3002Thr	missense	VUS	VUS	2	4	MISSING_FUNCTIONAL	MISSING_FUNCTIONAL	PM5:moderate		neighbour_evidence
2020-01-01	2026-08-04	NM_000059.4:c.9004_9006delinsACG	p.Glu3002Thr	missense	VUS	VUS	2	4	MISSING_FUNCTIONAL	MISSING_FUNCTIONAL	PM5:moderate		neighbour_evidence
2020-01-01	2026-08-04	NM_000059.4:c.9004_9006delinsACT	p.Glu3002Thr	missense	VUS	VUS	2	4	MISSING_FUNCTIONAL	MISSING_FUNCTIONAL	PM5:moderate		neighbour_evidence
2020-01-01	2026-08-04	NM_000059.4:c.9004_9005delinsAG	p.Glu3002Arg	missense	VUS	VUS	2	4	MISSING_FUNCTIONAL	MISSING_FUNCTIONAL	PM5:moderate		neighbour_evidence
2020-01-01	2026-08-04	NM_000059.4:c.9004_9006delinsAGC	p.Glu3002Ser	missense	VUS	VUS	2	4	MISSING_FUNCTIONAL	MISSING_FUNCTIONAL	PM5:moderate		neighbour_evidence
2020-01-01	2026-08-04	NM_000059.4:c.9004_9006delinsAGG	p.Glu3002Arg	missense	VUS	VUS	2	4	MISSING_FUNCTIONAL	MISSING_FUNCTIONAL	PM5:moderate		neighbour_evidence
2020-01-01	2026-08-04	NM_000059.4:c.9004_9006delinsAGT	p.Glu3002Ser	missense	VUS	VUS	2	4	MISSING_FUNCTIONAL	MISSING_FUNCTIONAL	PM5:moderate		neighbour_evidence
2020-01-01	2026-08-04	NM_000059.4:c.9004_9005delinsAT	p.Glu3002Ile	missense	VUS	VUS	2	4	MISSING_FUNCTIONAL	MISSING_FUNCTIONAL	PM5:moderate		neighbour_evidence
2020-01-01	2026-08-04	NM_000059.4:c.9004_9006delinsATC	p.Glu3002Ile	missense	VUS	VUS	2	4	MISSING_FUNCTIONAL	MISSING_FUNCTIONAL	PM5:moderate		neighbour_evidence
2020-01-01	2026-08-04	NM_000059.4:c.9004_9006delinsATG	p.Glu3002Met	missense	VUS	VUS	2	4	MISSING_FUNCTIONAL	MISSING_FUNCTIONAL	PM5:moderate		neighbour_evidence
2020-01-01	2026-08-04	NM_000059.4:c.9004_9006delinsATT	p.Glu3002Ile	missense	VUS	VUS	2	4	MISSING_FUNCTIONAL	MISSING_FUNCTIONAL	PM5:moderate		neighbour_evidence
2020-01-01	2026-08-04	NM_000059.4:c.9004_9006delinsCAC	p.Glu3002His	missense	VUS	VUS	2	4	MISSING_FUNCTIONAL	MISSING_FUNCTIONAL	PM5:moderate		neighbour_evidence
2020-01-01	2026-08-04	NM_000059.4:c.9004_9006delinsCAG	p.Glu3002Gln	missense	VUS	VUS	2	4	MISSING_FUNCTIONAL	MISSING_FUNCTIONAL	PM5:moderate		neighbour_evidence
2020-01-01	2026-08-04	NM_000059.4:c.9004_9006delinsCAT	p.Glu3002His	missense	VUS	VUS	2	4	MISSING_FUNCTIONAL	MISSING_FUNCTIONAL	PM5:moderate		neighbour_evidence
2020-01-01	2026-08-04	NM_000059.4:c.9004_9005delinsCC	p.Glu3002Pro	missense	VUS	VUS	2	4	MISSING_FUNCTIONAL	MISSING_FUNCTIONAL	PM5:moderate		neighbour_evidence
2020-01-01	2026-08-04	NM_000059.4:c.9004_9006delinsCCC	p.Glu3002Pro	missense	VUS	VUS	2	4	MISSING_FUNCTIONAL	MISSING_FUNCTIONAL	PM5:moderate		neighbour_evidence
2020-01-01	2026-08-04	NM_000059.4:c.9004_9006delinsCCG	p.Glu3002Pro	missense	VUS	VUS	2	4	MISSING_FUNCTIONAL	MISSING_FUNCTIONAL	PM5:moderate		neighbour_evidence
2020-01-01	2026-08-04	NM_000059.4:c.9004_9006delinsCCT	p.Glu3002Pro	missense	VUS	VUS	2	4	MISSING_FUNCTIONAL	MISSING_FUNCTIONAL	PM5:moderate		neighbour_evidence
2020-01-01	2026-08-04	NM_000059.4:c.9004_9005delinsCG	p.Glu3002Arg	missense	VUS	VUS	2	4	MISSING_FUNCTIONAL	MISSING_FUNCTIONAL	PM5:moderate		neighbour_evidence
2020-01-01	2026-08-04	NM_000059.4:c.9004_9006delinsCGC	p.Glu3002Arg	missense	VUS	VUS	2	4	MISSING_FUNCTIONAL	MISSING_FUNCTIONAL	PM5:moderate		neighbour_evidence
2020-01-01	2026-08-04	NM_000059.4:c.9004_9006delinsCGG	p.Glu3002Arg	missense	VUS	VUS	2	4	MISSING_FUNCTIONAL	MISSING_FUNCTIONAL	PM5:moderate		neighbour_evidence
2020-01-01	2026-08-04	NM_000059.4:c.9004_9006delinsCGT	p.Glu3002Arg	missense	VUS	VUS	2	4	MISSING_FUNCTIONAL	MISSING_FUNCTIONAL	PM5:moderate		neighbour_evidence
2020-01-01	2026-08-04	NM_000059.4:c.9004_9005delinsCT	p.Glu3002Leu	missense	VUS	VUS	2	4	MISSING_FUNCTIONAL	MISSING_FUNCTIONAL	PM5:moderate		neighbour_evidence
2020-01-01	2026-08-04	NM_000059.4:c.9004_9006delinsCTC	p.Glu3002Leu	missense	VUS	VUS	2	4	MISSING_FUNCTIONAL	MISSING_FUNCTIONAL	PM5:moderate		neighbour_evidence
2020-01-01	2026-08-04	NM_000059.4:c.9004_9006delinsCTG	p.Glu3002Leu	missense	VUS	VUS	2	4	MISSING_FUNCTIONAL	MISSING_FUNCTIONAL	PM5:moderate		neighbour_evidence
2020-01-01	2026-08-04	NM_000059.4:c.9004_9006delinsCTT	p.Glu3002Leu	missense	VUS	VUS	2	4	MISSING_FUNCTIONAL	MISSING_FUNCTIONAL	PM5:moderate		neighbour_evidence
2020-01-01	2026-08-04	NM_000059.4:c.9005_9006delinsCC	p.Glu3002Ala	missense	VUS	VUS	2	4	MISSING_FUNCTIONAL	MISSING_FUNCTIONAL	PM5:moderate		neighbour_evidence
2020-01-01	2026-08-04	NM_000059.4:c.9005_9006delinsCG	p.Glu3002Ala	missense	VUS	VUS	2	4	MISSING_FUNCTIONAL	MISSING_FUNCTIONAL	PM5:moderate		neighbour_evidence
2020-01-01	2026-08-04	NM_000059.4:c.9005_9006delinsCT	p.Glu3002Ala	missense	VUS	VUS	2	4	MISSING_FUNCTIONAL	MISSING_FUNCTIONAL	PM5:moderate		neighbour_evidence
2020-01-01	2026-08-04	NM_000059.4:c.9005_9006delinsGC	p.Glu3002Gly	missense	VUS	VUS	2	4	MISSING_FUNCTIONAL	MISSING_FUNCTIONAL	PM5:moderate		neighbour_evidence
2020-01-01	2026-08-04	NM_000059.4:c.9005_9006delinsGG	p.Glu3002Gly	missense	VUS	VUS	2	4	MISSING_FUNCTIONAL	MISSING_FUNCTIONAL	PM5:moderate		neighbour_evidence
2020-01-01	2026-08-04	NM_000059.4:c.9005_9006delinsGT	p.Glu3002Gly	missense	VUS	VUS	2	4	MISSING_FUNCTIONAL	MISSING_FUNCTIONAL	PM5:moderate		neighbour_evidence
2020-01-01	2026-08-04	NM_000059.4:c.9005_9006delinsTC	p.Glu3002Val	missense	VUS	VUS	2	4	MISSING_FUNCTIONAL	MISSING_FUNCTIONAL	PM5:moderate		neighbour_evidence
2020-01-01	2026-08-04	NM_000059.4:c.9005_9006delinsTG	p.Glu3002Val	missense	VUS	VUS	2	4	MISSING_FUNCTIONAL	MISSING_FUNCTIONAL	PM5:moderate		neighbour_evidence
2020-01-01	2026-08-04	NM_000059.4:c.9005_9006delinsTT	p.Glu3002Val	missense	VUS	VUS	2	4	MISSING_FUNCTIONAL	MISSING_FUNCTIONAL	PM5:moderate		neighbour_evidence
2020-01-01	2026-08-04	NM_000059.4:c.9004_9006delinsTAC	p.Glu3002Tyr	missense	VUS	VUS	2	4	MISSING_FUNCTIONAL	MISSING_FUNCTIONAL	PM5:moderate		neighbour_evidence
2020-01-01	2026-08-04	NM_000059.4:c.9004_9006delinsTAT	p.Glu3002Tyr	missense	VUS	VUS	2	4	MISSING_FUNCTIONAL	MISSING_FUNCTIONAL	PM5:moderate		neighbour_evidence
2020-01-01	2026-08-04	NM_000059.4:c.9004_9005delinsTC	p.Glu3002Ser	missense	VUS	VUS	2	4	MISSING_FUNCTIONAL	MISSING_FUNCTIONAL	PM5:moderate		neighbour_evidence
2020-01-01	2026-08-04	NM_000059.4:c.9004_9006delinsTCC	p.Glu3002Ser	missense	VUS	VUS	2	4	MISSING_FUNCTIONAL	MISSING_FUNCTIONAL	PM5:moderate		neighbour_evidence
2020-01-01	2026-08-04	NM_000059.4:c.9004_9006delinsTCG	p.Glu3002Ser	missense	VUS	VUS	2	4	MISSING_FUNCTIONAL	MISSING_FUNCTIONAL	PM5:moderate		neighbour_evidence
2020-01-01	2026-08-04	NM_000059.4:c.9004_9006delinsTCT	p.Glu3002Ser	missense	VUS	VUS	2	4	MISSING_FUNCTIONAL	MISSING_FUNCTIONAL	PM5:moderate		neighbour_evidence
2020-01-01	2026-08-04	NM_000059.4:c.9004_9006delinsTGC	p.Glu3002Cys	missense	VUS	VUS	2	4	MISSING_FUNCTIONAL	MISSING_FUNCTIONAL	PM5:moderate		neighbour_evidence
2020-01-01	2026-08-04	NM_000059.4:c.9004_9006delinsTGG	p.Glu3002Trp	missense	VUS	VUS	2	4	MISSING_FUNCTIONAL	MISSING_FUNCTIONAL	PM5:moderate		neighbour_evidence
2020-01-01	2026-08-04	NM_000059.4:c.9004_9006delinsTGT	p.Glu3002Cys	missense	VUS	VUS	2	4	MISSING_FUNCTIONAL	MISSING_FUNCTIONAL	PM5:moderate		neighbour_evidence
2020-01-01	2026-08-04	NM_000059.4:c.9004_9005delinsTT	p.Glu3002Leu	missense	VUS	VUS	2	4	MISSING_FUNCTIONAL	MISSING_FUNCTIONAL	PM5:moderate		neighbour_evidence
2020-01-01	2026-08-04	NM_000059.4:c.9004_9006delinsTTC	p.Glu3002Phe	missense	VUS	VUS	2	4	MISSING_FUNCTIONAL	MISSING_FUNCTIONAL	PM5:moderate		neighbour_evidence
2020-01-01	2026-08-04	NM_000059.4:c.9004_9006delinsTTG	p.Glu3002Leu	missense	VUS	VUS	2	4	MISSING_FUNCTIONAL	MISSING_FUNCTIONAL	PM5:moderate		neighbour_evidence
2020-01-01	2026-08-04	NM_000059.4:c.9004_9006delinsTTT	p.Glu3002Phe	missense	VUS	VUS	2	4	MISSING_FUNCTIONAL	MISSING_FUNCTIONAL	PM5:moderate		neighbour_evidence
2020-01-01	2026-08-04	NM_000059.4:c.9016_9018delinsAAA	p.Tyr3006Lys	missense	VUS	VUS	2	4	MISSING_FUNCTIONAL	MISSING_FUNCTIONAL	PM5:moderate		neighbour_evidence
2020-01-01	2026-08-04	NM_000059.4:c.9016_9018delinsAAG	p.Tyr3006Lys	missense	VUS	VUS	2	4	MISSING_FUNCTIONAL	MISSING_FUNCTIONAL	PM5:moderate		neighbour_evidence
2020-01-01	2026-08-04	NM_000059.4:c.9016_9018delinsAAT	p.Tyr3006Asn	missense	VUS	VUS	2	4	MISSING_FUNCTIONAL	MISSING_FUNCTIONAL	PM5:moderate		neighbour_evidence
2020-01-01	2026-08-04	NM_000059.4:c.9016_9018delinsACA	p.Tyr3006Thr	missense	VUS	VUS	2	4	MISSING_FUNCTIONAL	MISSING_FUNCTIONAL	PM5:moderate		neighbour_evidence
2020-01-01	2026-08-04	NM_000059.4:c.9016_9017delinsAC	p.Tyr3006Thr	missense	VUS	VUS	2	4	MISSING_FUNCTIONAL	MISSING_FUNCTIONAL	PM5:moderate		neighbour_evidence
2020-01-01	2026-08-04	NM_000059.4:c.9016_9018delinsACG	p.Tyr3006Thr	missense	VUS	VUS	2	4	MISSING_FUNCTIONAL	MISSING_FUNCTIONAL	PM5:moderate		neighbour_evidence
2020-01-01	2026-08-04	NM_000059.4:c.9016_9018delinsACT	p.Tyr3006Thr	missense	VUS	VUS	2	4	MISSING_FUNCTIONAL	MISSING_FUNCTIONAL	PM5:moderate		neighbour_evidence
2020-01-01	2026-08-04	NM_000059.4:c.9016_9018delinsAGA	p.Tyr3006Arg	missense	VUS	VUS	2	4	MISSING_FUNCTIONAL	MISSING_FUNCTIONAL	PM5:moderate		neighbour_evidence
2020-01-01	2026-08-04	NM_000059.4:c.9016_9017delinsAG	p.Tyr3006Ser	missense	VUS	VUS	2	4	MISSING_FUNCTIONAL	MISSING_FUNCTIONAL	PM5:moderate		neighbour_evidence
2020-01-01	2026-08-04	NM_000059.4:c.9016_9018delinsAGG	p.Tyr3006Arg	missense	VUS	VUS	2	4	MISSING_FUNCTIONAL	MISSING_FUNCTIONAL	PM5:moderate		neighbour_evidence
2020-01-01	2026-08-04	NM_000059.4:c.9016_9018delinsAGT	p.Tyr3006Ser	missense	VUS	VUS	2	4	MISSING_FUNCTIONAL	MISSING_FUNCTIONAL	PM5:moderate		neighbour_evidence
2020-01-01	2026-08-04	NM_000059.4:c.9016_9018delinsATA	p.Tyr3006Ile	missense	VUS	VUS	2	4	MISSING_FUNCTIONAL	MISSING_FUNCTIONAL	PM5:moderate		neighbour_evidence
2020-01-01	2026-08-04	NM_000059.4:c.9016_9017delinsAT	p.Tyr3006Ile	missense	VUS	VUS	2	4	MISSING_FUNCTIONAL	MISSING_FUNCTIONAL	PM5:moderate		neighbour_evidence
2020-01-01	2026-08-04	NM_000059.4:c.9016_9018delinsATG	p.Tyr3006Met	missense	VUS	VUS	2	4	MISSING_FUNCTIONAL	MISSING_FUNCTIONAL	PM5:moderate		neighbour_evidence
2020-01-01	2026-08-04	NM_000059.4:c.9016_9018delinsATT	p.Tyr3006Ile	missense	VUS	VUS	2	4	MISSING_FUNCTIONAL	MISSING_FUNCTIONAL	PM5:moderate		neighbour_evidence
2020-01-01	2026-08-04	NM_000059.4:c.9016_9018delinsCAA	p.Tyr3006Gln	missense	VUS	VUS	2	4	MISSING_FUNCTIONAL	MISSING_FUNCTIONAL	PM5:moderate		neighbour_evidence
2020-01-01	2026-08-04	NM_000059.4:c.9016_9018delinsCAG	p.Tyr3006Gln	missense	VUS	VUS	2	4	MISSING_FUNCTIONAL	MISSING_FUNCTIONAL	PM5:moderate		neighbour_evidence
2020-01-01	2026-08-04	NM_000059.4:c.9016_9018delinsCAT	p.Tyr3006His	missense	VUS	VUS	2	4	MISSING_FUNCTIONAL	MISSING_FUNCTIONAL	PM5:moderate		neighbour_evidence
2020-01-01	2026-08-04	NM_000059.4:c.9016_9018delinsCCA	p.Tyr3006Pro	missense	VUS	VUS	2	4	MISSING_FUNCTIONAL	MISSING_FUNCTIONAL	PM5:moderate		neighbour_evidence
2020-01-01	2026-08-04	NM_000059.4:c.9016_9017delinsCC	p.Tyr3006Pro	missense	VUS	VUS	2	4	MISSING_FUNCTIONAL	MISSING_FUNCTIONAL	PM5:moderate		neighbour_evidence
2020-01-01	2026-08-04	NM_000059.4:c.9016_9018delinsCCG	p.Tyr3006Pro	missense	VUS	VUS	2	4	MISSING_FUNCTIONAL	MISSING_FUNCTIONAL	PM5:moderate		neighbour_evidence
2020-01-01	2026-08-04	NM_000059.4:c.9016_9018delinsCCT	p.Tyr3006Pro	missense	VUS	VUS	2	4	MISSING_FUNCTIONAL	MISSING_FUNCTIONAL	PM5:moderate		neighbour_evidence
2020-01-01	2026-08-04	NM_000059.4:c.9016_9018delinsCGA	p.Tyr3006Arg	missense	VUS	VUS	2	4	MISSING_FUNCTIONAL	MISSING_FUNCTIONAL	PM5:moderate		neighbour_evidence
2020-01-01	2026-08-04	NM_000059.4:c.9016_9017delinsCG	p.Tyr3006Arg	missense	VUS	VUS	2	4	MISSING_FUNCTIONAL	MISSING_FUNCTIONAL	PM5:moderate		neighbour_evidence
2020-01-01	2026-08-04	NM_000059.4:c.9016_9018delinsCGG	p.Tyr3006Arg	missense	VUS	VUS	2	4	MISSING_FUNCTIONAL	MISSING_FUNCTIONAL	PM5:moderate		neighbour_evidence
2020-01-01	2026-08-04	NM_000059.4:c.9016_9018delinsCGT	p.Tyr3006Arg	missense	VUS	VUS	2	4	MISSING_FUNCTIONAL	MISSING_FUNCTIONAL	PM5:moderate		neighbour_evidence
2020-01-01	2026-08-04	NM_000059.4:c.9016_9018delinsCTA	p.Tyr3006Leu	missense	VUS	VUS	2	4	MISSING_FUNCTIONAL	MISSING_FUNCTIONAL	PM5:moderate		neighbour_evidence
2020-01-01	2026-08-04	NM_000059.4:c.9016_9017delinsCT	p.Tyr3006Leu	missense	VUS	VUS	2	4	MISSING_FUNCTIONAL	MISSING_FUNCTIONAL	PM5:moderate		neighbour_evidence
2020-01-01	2026-08-04	NM_000059.4:c.9016_9018delinsCTG	p.Tyr3006Leu	missense	VUS	VUS	2	4	MISSING_FUNCTIONAL	MISSING_FUNCTIONAL	PM5:moderate		neighbour_evidence
2020-01-01	2026-08-04	NM_000059.4:c.9016_9018delinsCTT	p.Tyr3006Leu	missense	VUS	VUS	2	4	MISSING_FUNCTIONAL	MISSING_FUNCTIONAL	PM5:moderate		neighbour_evidence
2020-01-01	2026-08-04	NM_000059.4:c.9016_9018delinsGAA	p.Tyr3006Glu	missense	VUS	VUS	2	4	MISSING_FUNCTIONAL	MISSING_FUNCTIONAL	PM5:moderate		neighbour_evidence
2020-01-01	2026-08-04	NM_000059.4:c.9016_9018delinsGAG	p.Tyr3006Glu	missense	VUS	VUS	2	4	MISSING_FUNCTIONAL	MISSING_FUNCTIONAL	PM5:moderate		neighbour_evidence
2020-01-01	2026-08-04	NM_000059.4:c.9016_9018delinsGAT	p.Tyr3006Asp	missense	VUS	LP	2	6	MISSING_FUNCTIONAL	RESOLVED_NOT_BLOCKED	PS1:strong		neighbour_evidence
2020-01-01	2026-08-04	NM_000059.4:c.9016_9018delinsGCA	p.Tyr3006Ala	missense	VUS	VUS	2	4	MISSING_FUNCTIONAL	MISSING_FUNCTIONAL	PM5:moderate		neighbour_evidence
2020-01-01	2026-08-04	NM_000059.4:c.9016_9017delinsGC	p.Tyr3006Ala	missense	VUS	VUS	2	4	MISSING_FUNCTIONAL	MISSING_FUNCTIONAL	PM5:moderate		neighbour_evidence
2020-01-01	2026-08-04	NM_000059.4:c.9016_9018delinsGCG	p.Tyr3006Ala	missense	VUS	VUS	2	4	MISSING_FUNCTIONAL	MISSING_FUNCTIONAL	PM5:moderate		neighbour_evidence
2020-01-01	2026-08-04	NM_000059.4:c.9016_9018delinsGCT	p.Tyr3006Ala	missense	VUS	VUS	2	4	MISSING_FUNCTIONAL	MISSING_FUNCTIONAL	PM5:moderate		neighbour_evidence
2020-01-01	2026-08-04	NM_000059.4:c.9016_9018delinsGGA	p.Tyr3006Gly	missense	VUS	VUS	2	4	MISSING_FUNCTIONAL	MISSING_FUNCTIONAL	PM5:moderate		neighbour_evidence
2020-01-01	2026-08-04	NM_000059.4:c.9016_9017delinsGG	p.Tyr3006Gly	missense	VUS	VUS	2	4	MISSING_FUNCTIONAL	MISSING_FUNCTIONAL	PM5:moderate		neighbour_evidence
2020-01-01	2026-08-04	NM_000059.4:c.9016_9018delinsGGG	p.Tyr3006Gly	missense	VUS	VUS	2	4	MISSING_FUNCTIONAL	MISSING_FUNCTIONAL	PM5:moderate		neighbour_evidence
2020-01-01	2026-08-04	NM_000059.4:c.9016_9018delinsGGT	p.Tyr3006Gly	missense	VUS	VUS	2	4	MISSING_FUNCTIONAL	MISSING_FUNCTIONAL	PM5:moderate		neighbour_evidence
2020-01-01	2026-08-04	NM_000059.4:c.9016_9018delinsGTA	p.Tyr3006Val	missense	VUS	VUS	2	4	MISSING_FUNCTIONAL	MISSING_FUNCTIONAL	PM5:moderate		neighbour_evidence
2020-01-01	2026-08-04	NM_000059.4:c.9016_9017delinsGT	p.Tyr3006Val	missense	VUS	VUS	2	4	MISSING_FUNCTIONAL	MISSING_FUNCTIONAL	PM5:moderate		neighbour_evidence
2020-01-01	2026-08-04	NM_000059.4:c.9016_9018delinsGTG	p.Tyr3006Val	missense	VUS	VUS	2	4	MISSING_FUNCTIONAL	MISSING_FUNCTIONAL	PM5:moderate		neighbour_evidence
2020-01-01	2026-08-04	NM_000059.4:c.9016_9018delinsGTT	p.Tyr3006Val	missense	VUS	VUS	2	4	MISSING_FUNCTIONAL	MISSING_FUNCTIONAL	PM5:moderate		neighbour_evidence
2020-01-01	2026-08-04	NM_000059.4:c.9017_9018delinsCA	p.Tyr3006Ser	missense	VUS	VUS	2	4	MISSING_FUNCTIONAL	MISSING_FUNCTIONAL	PM5:moderate		neighbour_evidence
2020-01-01	2026-08-04	NM_000059.4:c.9017_9018delinsCG	p.Tyr3006Ser	missense	VUS	VUS	2	4	MISSING_FUNCTIONAL	MISSING_FUNCTIONAL	PM5:moderate		neighbour_evidence
2020-01-01	2026-08-04	NM_000059.4:c.9017_9018delinsCT	p.Tyr3006Ser	missense	VUS	VUS	2	4	MISSING_FUNCTIONAL	MISSING_FUNCTIONAL	PM5:moderate		neighbour_evidence
2020-01-01	2026-08-04	NM_000059.4:c.9017_9018delinsGG	p.Tyr3006Trp	missense	VUS	VUS	2	4	MISSING_FUNCTIONAL	MISSING_FUNCTIONAL	PM5:moderate		neighbour_evidence
2020-01-01	2026-08-04	NM_000059.4:c.9017_9018delinsGT	p.Tyr3006Cys	missense	VUS	VUS	2	4	MISSING_FUNCTIONAL	MISSING_FUNCTIONAL	PM5:moderate		neighbour_evidence
2020-01-01	2026-08-04	NM_000059.4:c.9017_9018delinsTA	p.Tyr3006Leu	missense	VUS	VUS	2	4	MISSING_FUNCTIONAL	MISSING_FUNCTIONAL	PM5:moderate		neighbour_evidence
2020-01-01	2026-08-04	NM_000059.4:c.9017_9018delinsTG	p.Tyr3006Leu	missense	VUS	VUS	2	4	MISSING_FUNCTIONAL	MISSING_FUNCTIONAL	PM5:moderate		neighbour_evidence
2020-01-01	2026-08-04	NM_000059.4:c.9017_9018delinsTT	p.Tyr3006Phe	missense	VUS	VUS	2	4	MISSING_FUNCTIONAL	MISSING_FUNCTIONAL	PM5:moderate		neighbour_evidence
2020-01-01	2026-08-04	NM_000059.4:c.9053_9054delinsAA	p.Ser3018Lys	missense	VUS	VUS	2	4	MISSING_FUNCTIONAL	MISSING_FUNCTIONAL	PM5:moderate		neighbour_evidence
2020-01-01	2026-08-04	NM_000059.4:c.9053_9054delinsAC	p.Ser3018Asn	missense	VUS	VUS	2	4	MISSING_FUNCTIONAL	MISSING_FUNCTIONAL	PM5:moderate		neighbour_evidence
2020-01-01	2026-08-04	NM_000059.4:c.9053_9054delinsAG	p.Ser3018Lys	missense	VUS	VUS	2	4	MISSING_FUNCTIONAL	MISSING_FUNCTIONAL	PM5:moderate		neighbour_evidence
2020-01-01	2026-08-04	NM_000059.4:c.9053_9054delinsCA	p.Ser3018Thr	missense	VUS	VUS	2	4	MISSING_FUNCTIONAL	MISSING_FUNCTIONAL	PM5:moderate		neighbour_evidence
2020-01-01	2026-08-04	NM_000059.4:c.9053_9054delinsCC	p.Ser3018Thr	missense	VUS	VUS	2	4	MISSING_FUNCTIONAL	MISSING_FUNCTIONAL	PM5:moderate		neighbour_evidence
2020-01-01	2026-08-04	NM_000059.4:c.9053_9054delinsCG	p.Ser3018Thr	missense	VUS	VUS	2	4	MISSING_FUNCTIONAL	MISSING_FUNCTIONAL	PM5:moderate		neighbour_evidence
2020-01-01	2026-08-04	NM_000059.4:c.9053_9054delinsTA	p.Ser3018Ile	missense	VUS	VUS	2	4	MISSING_FUNCTIONAL	MISSING_FUNCTIONAL	PM5:moderate		neighbour_evidence
2020-01-01	2026-08-04	NM_000059.4:c.9053_9054delinsTC	p.Ser3018Ile	missense	VUS	VUS	2	4	MISSING_FUNCTIONAL	MISSING_FUNCTIONAL	PM5:moderate		neighbour_evidence
2020-01-01	2026-08-04	NM_000059.4:c.9053_9054delinsTG	p.Ser3018Met	missense	VUS	VUS	2	4	MISSING_FUNCTIONAL	MISSING_FUNCTIONAL	PM5:moderate		neighbour_evidence
2020-01-01	2026-08-04	NM_000059.4:c.9052_9054delinsCAA	p.Ser3018Gln	missense	VUS	VUS	2	4	MISSING_FUNCTIONAL	MISSING_FUNCTIONAL	PM5:moderate		neighbour_evidence
2020-01-01	2026-08-04	NM_000059.4:c.9052_9054delinsCAC	p.Ser3018His	missense	VUS	VUS	2	4	MISSING_FUNCTIONAL	MISSING_FUNCTIONAL	PM5:moderate		neighbour_evidence
2020-01-01	2026-08-04	NM_000059.4:c.9052_9054delinsCAG	p.Ser3018Gln	missense	VUS	VUS	2	4	MISSING_FUNCTIONAL	MISSING_FUNCTIONAL	PM5:moderate		neighbour_evidence
2020-01-01	2026-08-04	NM_000059.4:c.9052_9053delinsCA	p.Ser3018His	missense	VUS	VUS	2	4	MISSING_FUNCTIONAL	MISSING_FUNCTIONAL	PM5:moderate		neighbour_evidence
2020-01-01	2026-08-04	NM_000059.4:c.9052_9054delinsCCA	p.Ser3018Pro	missense	VUS	VUS	2	4	MISSING_FUNCTIONAL	MISSING_FUNCTIONAL	PM5:moderate		neighbour_evidence
2020-01-01	2026-08-04	NM_000059.4:c.9052_9054delinsCCC	p.Ser3018Pro	missense	VUS	VUS	2	4	MISSING_FUNCTIONAL	MISSING_FUNCTIONAL	PM5:moderate		neighbour_evidence
2020-01-01	2026-08-04	NM_000059.4:c.9052_9054delinsCCG	p.Ser3018Pro	missense	VUS	VUS	2	4	MISSING_FUNCTIONAL	MISSING_FUNCTIONAL	PM5:moderate		neighbour_evidence
2020-01-01	2026-08-04	NM_000059.4:c.9052_9053delinsCC	p.Ser3018Pro	missense	VUS	VUS	2	4	MISSING_FUNCTIONAL	MISSING_FUNCTIONAL	PM5:moderate		neighbour_evidence
2020-01-01	2026-08-04	NM_000059.4:c.9052_9054delinsCGA	p.Ser3018Arg	missense	VUS	VUS	2	4	MISSING_FUNCTIONAL	MISSING_FUNCTIONAL	PM5:moderate		neighbour_evidence
2020-01-01	2026-08-04	NM_000059.4:c.9052_9054delinsCGC	p.Ser3018Arg	missense	VUS	VUS	2	4	MISSING_FUNCTIONAL	MISSING_FUNCTIONAL	PM5:moderate		neighbour_evidence
2020-01-01	2026-08-04	NM_000059.4:c.9052_9054delinsCGG	p.Ser3018Arg	missense	VUS	VUS	2	4	MISSING_FUNCTIONAL	MISSING_FUNCTIONAL	PM5:moderate		neighbour_evidence
2020-01-01	2026-08-04	NM_000059.4:c.9052_9054delinsCTA	p.Ser3018Leu	missense	VUS	VUS	2	4	MISSING_FUNCTIONAL	MISSING_FUNCTIONAL	PM5:moderate		neighbour_evidence
2020-01-01	2026-08-04	NM_000059.4:c.9052_9054delinsCTC	p.Ser3018Leu	missense	VUS	VUS	2	4	MISSING_FUNCTIONAL	MISSING_FUNCTIONAL	PM5:moderate		neighbour_evidence
2020-01-01	2026-08-04	NM_000059.4:c.9052_9054delinsCTG	p.Ser3018Leu	missense	VUS	VUS	2	4	MISSING_FUNCTIONAL	MISSING_FUNCTIONAL	PM5:moderate		neighbour_evidence
2020-01-01	2026-08-04	NM_000059.4:c.9052_9053delinsCT	p.Ser3018Leu	missense	VUS	VUS	2	4	MISSING_FUNCTIONAL	MISSING_FUNCTIONAL	PM5:moderate		neighbour_evidence
2020-01-01	2026-08-04	NM_000059.4:c.9052_9054delinsGAA	p.Ser3018Glu	missense	VUS	VUS	2	4	MISSING_FUNCTIONAL	MISSING_FUNCTIONAL	PM5:moderate		neighbour_evidence
2020-01-01	2026-08-04	NM_000059.4:c.9052_9054delinsGAC	p.Ser3018Asp	missense	VUS	VUS	2	4	MISSING_FUNCTIONAL	MISSING_FUNCTIONAL	PM5:moderate		neighbour_evidence
2020-01-01	2026-08-04	NM_000059.4:c.9052_9054delinsGAG	p.Ser3018Glu	missense	VUS	VUS	2	4	MISSING_FUNCTIONAL	MISSING_FUNCTIONAL	PM5:moderate		neighbour_evidence
2020-01-01	2026-08-04	NM_000059.4:c.9052_9053delinsGA	p.Ser3018Asp	missense	VUS	VUS	2	4	MISSING_FUNCTIONAL	MISSING_FUNCTIONAL	PM5:moderate		neighbour_evidence
2020-01-01	2026-08-04	NM_000059.4:c.9052_9054delinsGCA	p.Ser3018Ala	missense	VUS	VUS	2	4	MISSING_FUNCTIONAL	MISSING_FUNCTIONAL	PM5:moderate		neighbour_evidence
2020-01-01	2026-08-04	NM_000059.4:c.9052_9054delinsGCC	p.Ser3018Ala	missense	VUS	VUS	2	4	MISSING_FUNCTIONAL	MISSING_FUNCTIONAL	PM5:moderate		neighbour_evidence
2020-01-01	2026-08-04	NM_000059.4:c.9052_9054delinsGCG	p.Ser3018Ala	missense	VUS	VUS	2	4	MISSING_FUNCTIONAL	MISSING_FUNCTIONAL	PM5:moderate		neighbour_evidence
2020-01-01	2026-08-04	NM_000059.4:c.9052_9053delinsGC	p.Ser3018Ala	missense	VUS	VUS	2	4	MISSING_FUNCTIONAL	MISSING_FUNCTIONAL	PM5:moderate		neighbour_evidence
2020-01-01	2026-08-04	NM_000059.4:c.9052_9054delinsGGA	p.Ser3018Gly	missense	VUS	LP	2	6	MISSING_FUNCTIONAL	RESOLVED_NOT_BLOCKED	PS1:strong		neighbour_evidence
2020-01-01	2026-08-04	NM_000059.4:c.9052_9054delinsGGC	p.Ser3018Gly	missense	VUS	LP	2	6	MISSING_FUNCTIONAL	RESOLVED_NOT_BLOCKED	PS1:strong		neighbour_evidence
2020-01-01	2026-08-04	NM_000059.4:c.9052_9054delinsGGG	p.Ser3018Gly	missense	VUS	LP	2	6	MISSING_FUNCTIONAL	RESOLVED_NOT_BLOCKED	PS1:strong		neighbour_evidence
2020-01-01	2026-08-04	NM_000059.4:c.9052_9054delinsGTA	p.Ser3018Val	missense	VUS	VUS	2	4	MISSING_FUNCTIONAL	MISSING_FUNCTIONAL	PM5:moderate		neighbour_evidence
2020-01-01	2026-08-04	NM_000059.4:c.9052_9054delinsGTC	p.Ser3018Val	missense	VUS	VUS	2	4	MISSING_FUNCTIONAL	MISSING_FUNCTIONAL	PM5:moderate		neighbour_evidence
2020-01-01	2026-08-04	NM_000059.4:c.9052_9054delinsGTG	p.Ser3018Val	missense	VUS	VUS	2	4	MISSING_FUNCTIONAL	MISSING_FUNCTIONAL	PM5:moderate		neighbour_evidence
2020-01-01	2026-08-04	NM_000059.4:c.9052_9053delinsGT	p.Ser3018Val	missense	VUS	VUS	2	4	MISSING_FUNCTIONAL	MISSING_FUNCTIONAL	PM5:moderate		neighbour_evidence
2020-01-01	2026-08-04	NM_000059.4:c.9052_9054delinsTAC	p.Ser3018Tyr	missense	VUS	VUS	2	4	MISSING_FUNCTIONAL	MISSING_FUNCTIONAL	PM5:moderate		neighbour_evidence
2020-01-01	2026-08-04	NM_000059.4:c.9052_9053delinsTA	p.Ser3018Tyr	missense	VUS	VUS	2	4	MISSING_FUNCTIONAL	MISSING_FUNCTIONAL	PM5:moderate		neighbour_evidence
2020-01-01	2026-08-04	NM_000059.4:c.9052_9054delinsTGC	p.Ser3018Cys	missense	VUS	VUS	2	4	MISSING_FUNCTIONAL	MISSING_FUNCTIONAL	PM5:moderate		neighbour_evidence
2020-01-01	2026-08-04	NM_000059.4:c.9052_9054delinsTGG	p.Ser3018Trp	missense	VUS	VUS	2	4	MISSING_FUNCTIONAL	MISSING_FUNCTIONAL	PM5:moderate		neighbour_evidence
2020-01-01	2026-08-04	NM_000059.4:c.9052_9054delinsTTA	p.Ser3018Leu	missense	VUS	VUS	2	4	MISSING_FUNCTIONAL	MISSING_FUNCTIONAL	PM5:moderate		neighbour_evidence
2020-01-01	2026-08-04	NM_000059.4:c.9052_9054delinsTTC	p.Ser3018Phe	missense	VUS	VUS	2	4	MISSING_FUNCTIONAL	MISSING_FUNCTIONAL	PM5:moderate		neighbour_evidence
2020-01-01	2026-08-04	NM_000059.4:c.9052_9054delinsTTG	p.Ser3018Leu	missense	VUS	VUS	2	4	MISSING_FUNCTIONAL	MISSING_FUNCTIONAL	PM5:moderate		neighbour_evidence
2020-01-01	2026-08-04	NM_000059.4:c.9052_9053delinsTT	p.Ser3018Phe	missense	VUS	VUS	2	4	MISSING_FUNCTIONAL	MISSING_FUNCTIONAL	PM5:moderate		neighbour_evidence
2020-01-01	2026-08-04	NM_000059.4:c.9082_9083delinsAA	p.Ala3028Lys	missense	VUS	VUS	2	4	MISSING_FUNCTIONAL	MISSING_FUNCTIONAL	PM5:moderate		neighbour_evidence
2020-01-01	2026-08-04	NM_000059.4:c.9082_9084delinsAAC	p.Ala3028Asn	missense	VUS	VUS	2	4	MISSING_FUNCTIONAL	MISSING_FUNCTIONAL	PM5:moderate		neighbour_evidence
2020-01-01	2026-08-04	NM_000059.4:c.9082_9084delinsAAG	p.Ala3028Lys	missense	VUS	VUS	2	4	MISSING_FUNCTIONAL	MISSING_FUNCTIONAL	PM5:moderate		neighbour_evidence
2020-01-01	2026-08-04	NM_000059.4:c.9082_9084delinsAAT	p.Ala3028Asn	missense	VUS	VUS	2	4	MISSING_FUNCTIONAL	MISSING_FUNCTIONAL	PM5:moderate		neighbour_evidence
2020-01-01	2026-08-04	NM_000059.4:c.9082_9084delinsACC	p.Ala3028Thr	missense	VUS	VUS	2	4	MISSING_FUNCTIONAL	MISSING_FUNCTIONAL	PM5:moderate		neighbour_evidence
2020-01-01	2026-08-04	NM_000059.4:c.9082_9084delinsACG	p.Ala3028Thr	missense	VUS	VUS	2	4	MISSING_FUNCTIONAL	MISSING_FUNCTIONAL	PM5:moderate		neighbour_evidence
2020-01-01	2026-08-04	NM_000059.4:c.9082_9084delinsACT	p.Ala3028Thr	missense	VUS	VUS	2	4	MISSING_FUNCTIONAL	MISSING_FUNCTIONAL	PM5:moderate		neighbour_evidence
2020-01-01	2026-08-04	NM_000059.4:c.9082_9083delinsAG	p.Ala3028Arg	missense	VUS	VUS	2	4	MISSING_FUNCTIONAL	MISSING_FUNCTIONAL	PM5:moderate		neighbour_evidence
2020-01-01	2026-08-04	NM_000059.4:c.9082_9084delinsAGC	p.Ala3028Ser	missense	VUS	VUS	2	4	MISSING_FUNCTIONAL	MISSING_FUNCTIONAL	PM5:moderate		neighbour_evidence
2020-01-01	2026-08-04	NM_000059.4:c.9082_9084delinsAGG	p.Ala3028Arg	missense	VUS	VUS	2	4	MISSING_FUNCTIONAL	MISSING_FUNCTIONAL	PM5:moderate		neighbour_evidence
2020-01-01	2026-08-04	NM_000059.4:c.9082_9084delinsAGT	p.Ala3028Ser	missense	VUS	VUS	2	4	MISSING_FUNCTIONAL	MISSING_FUNCTIONAL	PM5:moderate		neighbour_evidence
2020-01-01	2026-08-04	NM_000059.4:c.9082_9083delinsAT	p.Ala3028Ile	missense	VUS	VUS	2	4	MISSING_FUNCTIONAL	MISSING_FUNCTIONAL	PM5:moderate		neighbour_evidence
2020-01-01	2026-08-04	NM_000059.4:c.9082_9084delinsATC	p.Ala3028Ile	missense	VUS	VUS	2	4	MISSING_FUNCTIONAL	MISSING_FUNCTIONAL	PM5:moderate		neighbour_evidence
2020-01-01	2026-08-04	NM_000059.4:c.9082_9084delinsATG	p.Ala3028Met	missense	VUS	VUS	2	4	MISSING_FUNCTIONAL	MISSING_FUNCTIONAL	PM5:moderate		neighbour_evidence
2020-01-01	2026-08-04	NM_000059.4:c.9082_9084delinsATT	p.Ala3028Ile	missense	VUS	VUS	2	4	MISSING_FUNCTIONAL	MISSING_FUNCTIONAL	PM5:moderate		neighbour_evidence
2020-01-01	2026-08-04	NM_000059.4:c.9082_9083delinsCA	p.Ala3028Gln	missense	VUS	VUS	2	4	MISSING_FUNCTIONAL	MISSING_FUNCTIONAL	PM5:moderate		neighbour_evidence
2020-01-01	2026-08-04	NM_000059.4:c.9082_9084delinsCAC	p.Ala3028His	missense	VUS	VUS	2	4	MISSING_FUNCTIONAL	MISSING_FUNCTIONAL	PM5:moderate		neighbour_evidence
2020-01-01	2026-08-04	NM_000059.4:c.9082_9084delinsCAG	p.Ala3028Gln	missense	VUS	VUS	2	4	MISSING_FUNCTIONAL	MISSING_FUNCTIONAL	PM5:moderate		neighbour_evidence
2020-01-01	2026-08-04	NM_000059.4:c.9082_9084delinsCAT	p.Ala3028His	missense	VUS	VUS	2	4	MISSING_FUNCTIONAL	MISSING_FUNCTIONAL	PM5:moderate		neighbour_evidence
2020-01-01	2026-08-04	NM_000059.4:c.9082_9084delinsCCC	p.Ala3028Pro	missense	VUS	LP	2	6	MISSING_FUNCTIONAL	RESOLVED_NOT_BLOCKED	PS1:strong		neighbour_evidence
2020-01-01	2026-08-04	NM_000059.4:c.9082_9084delinsCCG	p.Ala3028Pro	missense	VUS	LP	2	6	MISSING_FUNCTIONAL	RESOLVED_NOT_BLOCKED	PS1:strong		neighbour_evidence
2020-01-01	2026-08-04	NM_000059.4:c.9082_9084delinsCCT	p.Ala3028Pro	missense	VUS	LP	2	6	MISSING_FUNCTIONAL	RESOLVED_NOT_BLOCKED	PS1:strong		neighbour_evidence
2020-01-01	2026-08-04	NM_000059.4:c.9082_9083delinsCG	p.Ala3028Arg	missense	VUS	VUS	2	4	MISSING_FUNCTIONAL	MISSING_FUNCTIONAL	PM5:moderate		neighbour_evidence
2020-01-01	2026-08-04	NM_000059.4:c.9082_9084delinsCGC	p.Ala3028Arg	missense	VUS	VUS	2	4	MISSING_FUNCTIONAL	MISSING_FUNCTIONAL	PM5:moderate		neighbour_evidence
2020-01-01	2026-08-04	NM_000059.4:c.9082_9084delinsCGG	p.Ala3028Arg	missense	VUS	VUS	2	4	MISSING_FUNCTIONAL	MISSING_FUNCTIONAL	PM5:moderate		neighbour_evidence
2020-01-01	2026-08-04	NM_000059.4:c.9082_9084delinsCGT	p.Ala3028Arg	missense	VUS	VUS	2	4	MISSING_FUNCTIONAL	MISSING_FUNCTIONAL	PM5:moderate		neighbour_evidence
2020-01-01	2026-08-04	NM_000059.4:c.9082_9083delinsCT	p.Ala3028Leu	missense	VUS	VUS	2	4	MISSING_FUNCTIONAL	MISSING_FUNCTIONAL	PM5:moderate		neighbour_evidence
2020-01-01	2026-08-04	NM_000059.4:c.9082_9084delinsCTC	p.Ala3028Leu	missense	VUS	VUS	2	4	MISSING_FUNCTIONAL	MISSING_FUNCTIONAL	PM5:moderate		neighbour_evidence
2020-01-01	2026-08-04	NM_000059.4:c.9082_9084delinsCTG	p.Ala3028Leu	missense	VUS	VUS	2	4	MISSING_FUNCTIONAL	MISSING_FUNCTIONAL	PM5:moderate		neighbour_evidence
2020-01-01	2026-08-04	NM_000059.4:c.9082_9084delinsCTT	p.Ala3028Leu	missense	VUS	VUS	2	4	MISSING_FUNCTIONAL	MISSING_FUNCTIONAL	PM5:moderate		neighbour_evidence
2020-01-01	2026-08-04	NM_000059.4:c.9083_9084delinsAC	p.Ala3028Asp	missense	VUS	VUS	2	4	MISSING_FUNCTIONAL	MISSING_FUNCTIONAL	PM5:moderate		neighbour_evidence
2020-01-01	2026-08-04	NM_000059.4:c.9083_9084delinsAG	p.Ala3028Glu	missense	VUS	VUS	2	4	MISSING_FUNCTIONAL	MISSING_FUNCTIONAL	PM5:moderate		neighbour_evidence
2020-01-01	2026-08-04	NM_000059.4:c.9083_9084delinsAT	p.Ala3028Asp	missense	VUS	VUS	2	4	MISSING_FUNCTIONAL	MISSING_FUNCTIONAL	PM5:moderate		neighbour_evidence
2020-01-01	2026-08-04	NM_000059.4:c.9083_9084delinsGC	p.Ala3028Gly	missense	VUS	VUS	2	4	MISSING_FUNCTIONAL	MISSING_FUNCTIONAL	PM5:moderate		neighbour_evidence
2020-01-01	2026-08-04	NM_000059.4:c.9083_9084delinsGG	p.Ala3028Gly	missense	VUS	VUS	2	4	MISSING_FUNCTIONAL	MISSING_FUNCTIONAL	PM5:moderate		neighbour_evidence
2020-01-01	2026-08-04	NM_000059.4:c.9083_9084delinsGT	p.Ala3028Gly	missense	VUS	VUS	2	4	MISSING_FUNCTIONAL	MISSING_FUNCTIONAL	PM5:moderate		neighbour_evidence
2020-01-01	2026-08-04	NM_000059.4:c.9083_9084delinsTC	p.Ala3028Val	missense	VUS	VUS	2	4	MISSING_FUNCTIONAL	MISSING_FUNCTIONAL	PM5:moderate		neighbour_evidence
2020-01-01	2026-08-04	NM_000059.4:c.9083_9084delinsTG	p.Ala3028Val	missense	VUS	VUS	2	4	MISSING_FUNCTIONAL	MISSING_FUNCTIONAL	PM5:moderate		neighbour_evidence
2020-01-01	2026-08-04	NM_000059.4:c.9083_9084delinsTT	p.Ala3028Val	missense	VUS	VUS	2	4	MISSING_FUNCTIONAL	MISSING_FUNCTIONAL	PM5:moderate		neighbour_evidence
2020-01-01	2026-08-04	NM_000059.4:c.9082_9084delinsTAC	p.Ala3028Tyr	missense	VUS	VUS	2	4	MISSING_FUNCTIONAL	MISSING_FUNCTIONAL	PM5:moderate		neighbour_evidence
2020-01-01	2026-08-04	NM_000059.4:c.9082_9084delinsTAT	p.Ala3028Tyr	missense	VUS	VUS	2	4	MISSING_FUNCTIONAL	MISSING_FUNCTIONAL	PM5:moderate		neighbour_evidence
2020-01-01	2026-08-04	NM_000059.4:c.9082_9084delinsTCC	p.Ala3028Ser	missense	VUS	VUS	2	4	MISSING_FUNCTIONAL	MISSING_FUNCTIONAL	PM5:moderate		neighbour_evidence
2020-01-01	2026-08-04	NM_000059.4:c.9082_9084delinsTCG	p.Ala3028Ser	missense	VUS	VUS	2	4	MISSING_FUNCTIONAL	MISSING_FUNCTIONAL	PM5:moderate		neighbour_evidence
2020-01-01	2026-08-04	NM_000059.4:c.9082_9084delinsTCT	p.Ala3028Ser	missense	VUS	VUS	2	4	MISSING_FUNCTIONAL	MISSING_FUNCTIONAL	PM5:moderate		neighbour_evidence
2020-01-01	2026-08-04	NM_000059.4:c.9082_9084delinsTGC	p.Ala3028Cys	missense	VUS	VUS	2	4	MISSING_FUNCTIONAL	MISSING_FUNCTIONAL	PM5:moderate		neighbour_evidence
2020-01-01	2026-08-04	NM_000059.4:c.9082_9084delinsTGG	p.Ala3028Trp	missense	VUS	VUS	2	4	MISSING_FUNCTIONAL	MISSING_FUNCTIONAL	PM5:moderate		neighbour_evidence
2020-01-01	2026-08-04	NM_000059.4:c.9082_9084delinsTGT	p.Ala3028Cys	missense	VUS	VUS	2	4	MISSING_FUNCTIONAL	MISSING_FUNCTIONAL	PM5:moderate		neighbour_evidence
2020-01-01	2026-08-04	NM_000059.4:c.9082_9083delinsTT	p.Ala3028Leu	missense	VUS	VUS	2	4	MISSING_FUNCTIONAL	MISSING_FUNCTIONAL	PM5:moderate		neighbour_evidence
2020-01-01	2026-08-04	NM_000059.4:c.9082_9084delinsTTC	p.Ala3028Phe	missense	VUS	VUS	2	4	MISSING_FUNCTIONAL	MISSING_FUNCTIONAL	PM5:moderate		neighbour_evidence
2020-01-01	2026-08-04	NM_000059.4:c.9082_9084delinsTTG	p.Ala3028Leu	missense	VUS	VUS	2	4	MISSING_FUNCTIONAL	MISSING_FUNCTIONAL	PM5:moderate		neighbour_evidence
2020-01-01	2026-08-04	NM_000059.4:c.9082_9084delinsTTT	p.Ala3028Phe	missense	VUS	VUS	2	4	MISSING_FUNCTIONAL	MISSING_FUNCTIONAL	PM5:moderate		neighbour_evidence
2020-01-01	2026-08-04	NM_000059.4:c.9154_9156delinsAAA	p.Arg3052Lys	missense	VUS	VUS	2	4	MISSING_FUNCTIONAL	MISSING_FUNCTIONAL	PM5:moderate		neighbour_evidence
2020-01-01	2026-08-04	NM_000059.4:c.9154_9156delinsAAC	p.Arg3052Asn	missense	VUS	VUS	2	4	MISSING_FUNCTIONAL	MISSING_FUNCTIONAL	PM5:moderate		neighbour_evidence
2020-01-01	2026-08-04	NM_000059.4:c.9154_9155delinsAA	p.Arg3052Lys	missense	VUS	VUS	2	4	MISSING_FUNCTIONAL	MISSING_FUNCTIONAL	PM5:moderate		neighbour_evidence
2020-01-01	2026-08-04	NM_000059.4:c.9154_9156delinsAAT	p.Arg3052Asn	missense	VUS	VUS	2	4	MISSING_FUNCTIONAL	MISSING_FUNCTIONAL	PM5:moderate		neighbour_evidence
2020-01-01	2026-08-04	NM_000059.4:c.9154_9156delinsACA	p.Arg3052Thr	missense	VUS	VUS	2	4	MISSING_FUNCTIONAL	MISSING_FUNCTIONAL	PM5:moderate		neighbour_evidence
2020-01-01	2026-08-04	NM_000059.4:c.9154_9156delinsACC	p.Arg3052Thr	missense	VUS	VUS	2	4	MISSING_FUNCTIONAL	MISSING_FUNCTIONAL	PM5:moderate		neighbour_evidence
2020-01-01	2026-08-04	NM_000059.4:c.9154_9155delinsAC	p.Arg3052Thr	missense	VUS	VUS	2	4	MISSING_FUNCTIONAL	MISSING_FUNCTIONAL	PM5:moderate		neighbour_evidence
2020-01-01	2026-08-04	NM_000059.4:c.9154_9156delinsACT	p.Arg3052Thr	missense	VUS	VUS	2	4	MISSING_FUNCTIONAL	MISSING_FUNCTIONAL	PM5:moderate		neighbour_evidence
2020-01-01	2026-08-04	NM_000059.4:c.9154_9156delinsAGC	p.Arg3052Ser	missense	VUS	VUS	2	4	MISSING_FUNCTIONAL	MISSING_FUNCTIONAL	PM5:moderate		neighbour_evidence
2020-01-01	2026-08-04	NM_000059.4:c.9154_9156delinsAGT	p.Arg3052Ser	missense	VUS	VUS	2	4	MISSING_FUNCTIONAL	MISSING_FUNCTIONAL	PM5:moderate		neighbour_evidence
2020-01-01	2026-08-04	NM_000059.4:c.9154_9156delinsATA	p.Arg3052Ile	missense	VUS	VUS	2	4	MISSING_FUNCTIONAL	MISSING_FUNCTIONAL	PM5:moderate		neighbour_evidence
2020-01-01	2026-08-04	NM_000059.4:c.9154_9156delinsATC	p.Arg3052Ile	missense	VUS	VUS	2	4	MISSING_FUNCTIONAL	MISSING_FUNCTIONAL	PM5:moderate		neighbour_evidence
2020-01-01	2026-08-04	NM_000059.4:c.9154_9155delinsAT	p.Arg3052Met	missense	VUS	VUS	2	4	MISSING_FUNCTIONAL	MISSING_FUNCTIONAL	PM5:moderate		neighbour_evidence
2020-01-01	2026-08-04	NM_000059.4:c.9154_9156delinsATT	p.Arg3052Ile	missense	VUS	VUS	2	4	MISSING_FUNCTIONAL	MISSING_FUNCTIONAL	PM5:moderate		neighbour_evidence
2020-01-01	2026-08-04	NM_000059.4:c.9155_9156delinsAA	p.Arg3052Gln	missense	VUS	VUS	2	4	MISSING_FUNCTIONAL	MISSING_FUNCTIONAL	PM5:moderate		neighbour_evidence
2020-01-01	2026-08-04	NM_000059.4:c.9155_9156delinsAC	p.Arg3052His	missense	VUS	VUS	2	4	MISSING_FUNCTIONAL	MISSING_FUNCTIONAL	PM5:moderate		neighbour_evidence
2020-01-01	2026-08-04	NM_000059.4:c.9155_9156delinsAT	p.Arg3052His	missense	VUS	VUS	2	4	MISSING_FUNCTIONAL	MISSING_FUNCTIONAL	PM5:moderate		neighbour_evidence
2020-01-01	2026-08-04	NM_000059.4:c.9155_9156delinsCA	p.Arg3052Pro	missense	VUS	VUS	2	4	MISSING_FUNCTIONAL	MISSING_FUNCTIONAL	PM5:moderate		neighbour_evidence
2020-01-01	2026-08-04	NM_000059.4:c.9155_9156delinsCC	p.Arg3052Pro	missense	VUS	VUS	2	4	MISSING_FUNCTIONAL	MISSING_FUNCTIONAL	PM5:moderate		neighbour_evidence
2020-01-01	2026-08-04	NM_000059.4:c.9155_9156delinsCT	p.Arg3052Pro	missense	VUS	VUS	2	4	MISSING_FUNCTIONAL	MISSING_FUNCTIONAL	PM5:moderate		neighbour_evidence
2020-01-01	2026-08-04	NM_000059.4:c.9155_9156delinsTA	p.Arg3052Leu	missense	VUS	LP	2	8	MISSING_FUNCTIONAL	RESOLVED_NOT_BLOCKED	PM5:moderate;PS1:strong		neighbour_evidence
2020-01-01	2026-08-04	NM_000059.4:c.9155_9156delinsTC	p.Arg3052Leu	missense	VUS	LP	2	8	MISSING_FUNCTIONAL	RESOLVED_NOT_BLOCKED	PM5:moderate;PS1:strong		neighbour_evidence
2020-01-01	2026-08-04	NM_000059.4:c.9155_9156delinsTT	p.Arg3052Leu	missense	VUS	LP	2	8	MISSING_FUNCTIONAL	RESOLVED_NOT_BLOCKED	PM5:moderate;PS1:strong		neighbour_evidence
2020-01-01	2026-08-04	NM_000059.4:c.9154_9156delinsGAA	p.Arg3052Glu	missense	VUS	VUS	2	4	MISSING_FUNCTIONAL	MISSING_FUNCTIONAL	PM5:moderate		neighbour_evidence
2020-01-01	2026-08-04	NM_000059.4:c.9154_9156delinsGAC	p.Arg3052Asp	missense	VUS	VUS	2	4	MISSING_FUNCTIONAL	MISSING_FUNCTIONAL	PM5:moderate		neighbour_evidence
2020-01-01	2026-08-04	NM_000059.4:c.9154_9155delinsGA	p.Arg3052Glu	missense	VUS	VUS	2	4	MISSING_FUNCTIONAL	MISSING_FUNCTIONAL	PM5:moderate		neighbour_evidence
2020-01-01	2026-08-04	NM_000059.4:c.9154_9156delinsGAT	p.Arg3052Asp	missense	VUS	VUS	2	4	MISSING_FUNCTIONAL	MISSING_FUNCTIONAL	PM5:moderate		neighbour_evidence
2020-01-01	2026-08-04	NM_000059.4:c.9154_9156delinsGCA	p.Arg3052Ala	missense	VUS	VUS	2	4	MISSING_FUNCTIONAL	MISSING_FUNCTIONAL	PM5:moderate		neighbour_evidence
2020-01-01	2026-08-04	NM_000059.4:c.9154_9156delinsGCC	p.Arg3052Ala	missense	VUS	VUS	2	4	MISSING_FUNCTIONAL	MISSING_FUNCTIONAL	PM5:moderate		neighbour_evidence
2020-01-01	2026-08-04	NM_000059.4:c.9154_9155delinsGC	p.Arg3052Ala	missense	VUS	VUS	2	4	MISSING_FUNCTIONAL	MISSING_FUNCTIONAL	PM5:moderate		neighbour_evidence
2020-01-01	2026-08-04	NM_000059.4:c.9154_9156delinsGCT	p.Arg3052Ala	missense	VUS	VUS	2	4	MISSING_FUNCTIONAL	MISSING_FUNCTIONAL	PM5:moderate		neighbour_evidence
2020-01-01	2026-08-04	NM_000059.4:c.9154_9156delinsGGA	p.Arg3052Gly	missense	VUS	VUS	2	4	MISSING_FUNCTIONAL	MISSING_FUNCTIONAL	PM5:moderate		neighbour_evidence
2020-01-01	2026-08-04	NM_000059.4:c.9154_9156delinsGGC	p.Arg3052Gly	missense	VUS	VUS	2	4	MISSING_FUNCTIONAL	MISSING_FUNCTIONAL	PM5:moderate		neighbour_evidence
2020-01-01	2026-08-04	NM_000059.4:c.9154_9156delinsGGT	p.Arg3052Gly	missense	VUS	VUS	2	4	MISSING_FUNCTIONAL	MISSING_FUNCTIONAL	PM5:moderate		neighbour_evidence
2020-01-01	2026-08-04	NM_000059.4:c.9154_9156delinsGTA	p.Arg3052Val	missense	VUS	VUS	2	4	MISSING_FUNCTIONAL	MISSING_FUNCTIONAL	PM5:moderate		neighbour_evidence
2020-01-01	2026-08-04	NM_000059.4:c.9154_9156delinsGTC	p.Arg3052Val	missense	VUS	VUS	2	4	MISSING_FUNCTIONAL	MISSING_FUNCTIONAL	PM5:moderate		neighbour_evidence
2020-01-01	2026-08-04	NM_000059.4:c.9154_9155delinsGT	p.Arg3052Val	missense	VUS	VUS	2	4	MISSING_FUNCTIONAL	MISSING_FUNCTIONAL	PM5:moderate		neighbour_evidence
2020-01-01	2026-08-04	NM_000059.4:c.9154_9156delinsGTT	p.Arg3052Val	missense	VUS	VUS	2	4	MISSING_FUNCTIONAL	MISSING_FUNCTIONAL	PM5:moderate		neighbour_evidence
2020-01-01	2026-08-04	NM_000059.4:c.9154_9156delinsTAC	p.Arg3052Tyr	missense	VUS	VUS	2	4	MISSING_FUNCTIONAL	MISSING_FUNCTIONAL	PM5:moderate		neighbour_evidence
2020-01-01	2026-08-04	NM_000059.4:c.9154_9156delinsTAT	p.Arg3052Tyr	missense	VUS	VUS	2	4	MISSING_FUNCTIONAL	MISSING_FUNCTIONAL	PM5:moderate		neighbour_evidence
2020-01-01	2026-08-04	NM_000059.4:c.9154_9156delinsTCA	p.Arg3052Ser	missense	VUS	VUS	2	4	MISSING_FUNCTIONAL	MISSING_FUNCTIONAL	PM5:moderate		neighbour_evidence
2020-01-01	2026-08-04	NM_000059.4:c.9154_9156delinsTCC	p.Arg3052Ser	missense	VUS	VUS	2	4	MISSING_FUNCTIONAL	MISSING_FUNCTIONAL	PM5:moderate		neighbour_evidence
2020-01-01	2026-08-04	NM_000059.4:c.9154_9155delinsTC	p.Arg3052Ser	missense	VUS	VUS	2	4	MISSING_FUNCTIONAL	MISSING_FUNCTIONAL	PM5:moderate		neighbour_evidence
2020-01-01	2026-08-04	NM_000059.4:c.9154_9156delinsTCT	p.Arg3052Ser	missense	VUS	VUS	2	4	MISSING_FUNCTIONAL	MISSING_FUNCTIONAL	PM5:moderate		neighbour_evidence
2020-01-01	2026-08-04	NM_000059.4:c.9154_9156delinsTGC	p.Arg3052Cys	missense	VUS	VUS	2	4	MISSING_FUNCTIONAL	MISSING_FUNCTIONAL	PM5:moderate		neighbour_evidence
2020-01-01	2026-08-04	NM_000059.4:c.9154_9156delinsTGT	p.Arg3052Cys	missense	VUS	VUS	2	4	MISSING_FUNCTIONAL	MISSING_FUNCTIONAL	PM5:moderate		neighbour_evidence
2020-01-01	2026-08-04	NM_000059.4:c.9154_9156delinsTTA	p.Arg3052Leu	missense	VUS	LP	2	8	MISSING_FUNCTIONAL	RESOLVED_NOT_BLOCKED	PM5:moderate;PS1:strong		neighbour_evidence
2020-01-01	2026-08-04	NM_000059.4:c.9154_9156delinsTTC	p.Arg3052Phe	missense	VUS	VUS	2	4	MISSING_FUNCTIONAL	MISSING_FUNCTIONAL	PM5:moderate		neighbour_evidence
2020-01-01	2026-08-04	NM_000059.4:c.9154_9155delinsTT	p.Arg3052Leu	missense	VUS	LP	2	8	MISSING_FUNCTIONAL	RESOLVED_NOT_BLOCKED	PM5:moderate;PS1:strong		neighbour_evidence
2020-01-01	2026-08-04	NM_000059.4:c.9154_9156delinsTTT	p.Arg3052Phe	missense	VUS	VUS	2	4	MISSING_FUNCTIONAL	MISSING_FUNCTIONAL	PM5:moderate		neighbour_evidence
2020-01-01	2026-08-04	NM_000059.4:c.9220_9221delinsAA	p.Leu3074Lys	missense	VUS	VUS	2	4	MISSING_FUNCTIONAL	MISSING_FUNCTIONAL	PM5:moderate		neighbour_evidence
2020-01-01	2026-08-04	NM_000059.4:c.9220_9222delinsAAC	p.Leu3074Asn	missense	VUS	VUS	2	4	MISSING_FUNCTIONAL	MISSING_FUNCTIONAL	PM5:moderate		neighbour_evidence
2020-01-01	2026-08-04	NM_000059.4:c.9220_9222delinsAAG	p.Leu3074Lys	missense	VUS	VUS	2	4	MISSING_FUNCTIONAL	MISSING_FUNCTIONAL	PM5:moderate		neighbour_evidence
2020-01-01	2026-08-04	NM_000059.4:c.9220_9222delinsAAT	p.Leu3074Asn	missense	VUS	VUS	2	4	MISSING_FUNCTIONAL	MISSING_FUNCTIONAL	PM5:moderate		neighbour_evidence
2020-01-01	2026-08-04	NM_000059.4:c.9220_9221delinsAC	p.Leu3074Thr	missense	VUS	VUS	2	4	MISSING_FUNCTIONAL	MISSING_FUNCTIONAL	PM5:moderate		neighbour_evidence
2020-01-01	2026-08-04	NM_000059.4:c.9220_9222delinsACC	p.Leu3074Thr	missense	VUS	VUS	2	4	MISSING_FUNCTIONAL	MISSING_FUNCTIONAL	PM5:moderate		neighbour_evidence
2020-01-01	2026-08-04	NM_000059.4:c.9220_9222delinsACG	p.Leu3074Thr	missense	VUS	VUS	2	4	MISSING_FUNCTIONAL	MISSING_FUNCTIONAL	PM5:moderate		neighbour_evidence
2020-01-01	2026-08-04	NM_000059.4:c.9220_9222delinsACT	p.Leu3074Thr	missense	VUS	VUS	2	4	MISSING_FUNCTIONAL	MISSING_FUNCTIONAL	PM5:moderate		neighbour_evidence
2020-01-01	2026-08-04	NM_000059.4:c.9220_9221delinsAG	p.Leu3074Arg	missense	VUS	VUS	2	4	MISSING_FUNCTIONAL	MISSING_FUNCTIONAL	PM5:moderate		neighbour_evidence
2020-01-01	2026-08-04	NM_000059.4:c.9220_9222delinsAGC	p.Leu3074Ser	missense	VUS	VUS	2	4	MISSING_FUNCTIONAL	MISSING_FUNCTIONAL	PM5:moderate		neighbour_evidence
2020-01-01	2026-08-04	NM_000059.4:c.9220_9222delinsAGG	p.Leu3074Arg	missense	VUS	VUS	2	4	MISSING_FUNCTIONAL	MISSING_FUNCTIONAL	PM5:moderate		neighbour_evidence
2020-01-01	2026-08-04	NM_000059.4:c.9220_9222delinsAGT	p.Leu3074Ser	missense	VUS	VUS	2	4	MISSING_FUNCTIONAL	MISSING_FUNCTIONAL	PM5:moderate		neighbour_evidence
2020-01-01	2026-08-04	NM_000059.4:c.9220_9222delinsATC	p.Leu3074Ile	missense	VUS	VUS	2	4	MISSING_FUNCTIONAL	MISSING_FUNCTIONAL	PM5:moderate		neighbour_evidence
2020-01-01	2026-08-04	NM_000059.4:c.9220_9222delinsATG	p.Leu3074Met	missense	VUS	VUS	2	4	MISSING_FUNCTIONAL	MISSING_FUNCTIONAL	PM5:moderate		neighbour_evidence
2020-01-01	2026-08-04	NM_000059.4:c.9220_9222delinsATT	p.Leu3074Ile	missense	VUS	VUS	2	4	MISSING_FUNCTIONAL	MISSING_FUNCTIONAL	PM5:moderate		neighbour_evidence
2020-01-01	2026-08-04	NM_000059.4:c.9221_9222delinsAC	p.Leu3074His	missense	VUS	VUS	2	4	MISSING_FUNCTIONAL	MISSING_FUNCTIONAL	PM5:moderate		neighbour_evidence
2020-01-01	2026-08-04	NM_000059.4:c.9221_9222delinsAG	p.Leu3074Gln	missense	VUS	VUS	2	4	MISSING_FUNCTIONAL	MISSING_FUNCTIONAL	PM5:moderate		neighbour_evidence
2020-01-01	2026-08-04	NM_000059.4:c.9221_9222delinsAT	p.Leu3074His	missense	VUS	VUS	2	4	MISSING_FUNCTIONAL	MISSING_FUNCTIONAL	PM5:moderate		neighbour_evidence
2020-01-01	2026-08-04	NM_000059.4:c.9221_9222delinsCC	p.Leu3074Pro	missense	VUS	LP	2	6	MISSING_FUNCTIONAL	RESOLVED_NOT_BLOCKED	PS1:strong		neighbour_evidence
2020-01-01	2026-08-04	NM_000059.4:c.9221_9222delinsCG	p.Leu3074Pro	missense	VUS	LP	2	6	MISSING_FUNCTIONAL	RESOLVED_NOT_BLOCKED	PS1:strong		neighbour_evidence
2020-01-01	2026-08-04	NM_000059.4:c.9221_9222delinsCT	p.Leu3074Pro	missense	VUS	LP	2	6	MISSING_FUNCTIONAL	RESOLVED_NOT_BLOCKED	PS1:strong		neighbour_evidence
2020-01-01	2026-08-04	NM_000059.4:c.9221_9222delinsGC	p.Leu3074Arg	missense	VUS	VUS	2	4	MISSING_FUNCTIONAL	MISSING_FUNCTIONAL	PM5:moderate		neighbour_evidence
2020-01-01	2026-08-04	NM_000059.4:c.9221_9222delinsGG	p.Leu3074Arg	missense	VUS	VUS	2	4	MISSING_FUNCTIONAL	MISSING_FUNCTIONAL	PM5:moderate		neighbour_evidence
2020-01-01	2026-08-04	NM_000059.4:c.9221_9222delinsGT	p.Leu3074Arg	missense	VUS	VUS	2	4	MISSING_FUNCTIONAL	MISSING_FUNCTIONAL	PM5:moderate		neighbour_evidence
2020-01-01	2026-08-04	NM_000059.4:c.9220_9221delinsGA	p.Leu3074Glu	missense	VUS	VUS	2	4	MISSING_FUNCTIONAL	MISSING_FUNCTIONAL	PM5:moderate		neighbour_evidence
2020-01-01	2026-08-04	NM_000059.4:c.9220_9222delinsGAC	p.Leu3074Asp	missense	VUS	VUS	2	4	MISSING_FUNCTIONAL	MISSING_FUNCTIONAL	PM5:moderate		neighbour_evidence
2020-01-01	2026-08-04	NM_000059.4:c.9220_9222delinsGAG	p.Leu3074Glu	missense	VUS	VUS	2	4	MISSING_FUNCTIONAL	MISSING_FUNCTIONAL	PM5:moderate		neighbour_evidence
2020-01-01	2026-08-04	NM_000059.4:c.9220_9222delinsGAT	p.Leu3074Asp	missense	VUS	VUS	2	4	MISSING_FUNCTIONAL	MISSING_FUNCTIONAL	PM5:moderate		neighbour_evidence
2020-01-01	2026-08-04	NM_000059.4:c.9220_9221delinsGC	p.Leu3074Ala	missense	VUS	VUS	2	4	MISSING_FUNCTIONAL	MISSING_FUNCTIONAL	PM5:moderate		neighbour_evidence
2020-01-01	2026-08-04	NM_000059.4:c.9220_9222delinsGCC	p.Leu3074Ala	missense	VUS	VUS	2	4	MISSING_FUNCTIONAL	MISSING_FUNCTIONAL	PM5:moderate		neighbour_evidence
2020-01-01	2026-08-04	NM_000059.4:c.9220_9222delinsGCG	p.Leu3074Ala	missense	VUS	VUS	2	4	MISSING_FUNCTIONAL	MISSING_FUNCTIONAL	PM5:moderate		neighbour_evidence
2020-01-01	2026-08-04	NM_000059.4:c.9220_9222delinsGCT	p.Leu3074Ala	missense	VUS	VUS	2	4	MISSING_FUNCTIONAL	MISSING_FUNCTIONAL	PM5:moderate		neighbour_evidence
2020-01-01	2026-08-04	NM_000059.4:c.9220_9221delinsGG	p.Leu3074Gly	missense	VUS	VUS	2	4	MISSING_FUNCTIONAL	MISSING_FUNCTIONAL	PM5:moderate		neighbour_evidence
2020-01-01	2026-08-04	NM_000059.4:c.9220_9222delinsGGC	p.Leu3074Gly	missense	VUS	VUS	2	4	MISSING_FUNCTIONAL	MISSING_FUNCTIONAL	PM5:moderate		neighbour_evidence
2020-01-01	2026-08-04	NM_000059.4:c.9220_9222delinsGGG	p.Leu3074Gly	missense	VUS	VUS	2	4	MISSING_FUNCTIONAL	MISSING_FUNCTIONAL	PM5:moderate		neighbour_evidence
2020-01-01	2026-08-04	NM_000059.4:c.9220_9222delinsGGT	p.Leu3074Gly	missense	VUS	VUS	2	4	MISSING_FUNCTIONAL	MISSING_FUNCTIONAL	PM5:moderate		neighbour_evidence
2020-01-01	2026-08-04	NM_000059.4:c.9220_9222delinsGTC	p.Leu3074Val	missense	VUS	VUS	2	4	MISSING_FUNCTIONAL	MISSING_FUNCTIONAL	PM5:moderate		neighbour_evidence
2020-01-01	2026-08-04	NM_000059.4:c.9220_9222delinsGTG	p.Leu3074Val	missense	VUS	VUS	2	4	MISSING_FUNCTIONAL	MISSING_FUNCTIONAL	PM5:moderate		neighbour_evidence
2020-01-01	2026-08-04	NM_000059.4:c.9220_9222delinsGTT	p.Leu3074Val	missense	VUS	VUS	2	4	MISSING_FUNCTIONAL	MISSING_FUNCTIONAL	PM5:moderate		neighbour_evidence
2020-01-01	2026-08-04	NM_000059.4:c.9220_9222delinsTAC	p.Leu3074Tyr	missense	VUS	VUS	2	4	MISSING_FUNCTIONAL	MISSING_FUNCTIONAL	PM5:moderate		neighbour_evidence
2020-01-01	2026-08-04	NM_000059.4:c.9220_9222delinsTAT	p.Leu3074Tyr	missense	VUS	VUS	2	4	MISSING_FUNCTIONAL	MISSING_FUNCTIONAL	PM5:moderate		neighbour_evidence
2020-01-01	2026-08-04	NM_000059.4:c.9220_9221delinsTC	p.Leu3074Ser	missense	VUS	VUS	2	4	MISSING_FUNCTIONAL	MISSING_FUNCTIONAL	PM5:moderate		neighbour_evidence
2020-01-01	2026-08-04	NM_000059.4:c.9220_9222delinsTCC	p.Leu3074Ser	missense	VUS	VUS	2	4	MISSING_FUNCTIONAL	MISSING_FUNCTIONAL	PM5:moderate		neighbour_evidence
2020-01-01	2026-08-04	NM_000059.4:c.9220_9222delinsTCG	p.Leu3074Ser	missense	VUS	VUS	2	4	MISSING_FUNCTIONAL	MISSING_FUNCTIONAL	PM5:moderate		neighbour_evidence
2020-01-01	2026-08-04	NM_000059.4:c.9220_9222delinsTCT	p.Leu3074Ser	missense	VUS	VUS	2	4	MISSING_FUNCTIONAL	MISSING_FUNCTIONAL	PM5:moderate		neighbour_evidence
2020-01-01	2026-08-04	NM_000059.4:c.9220_9222delinsTGC	p.Leu3074Cys	missense	VUS	VUS	2	4	MISSING_FUNCTIONAL	MISSING_FUNCTIONAL	PM5:moderate		neighbour_evidence
2020-01-01	2026-08-04	NM_000059.4:c.9220_9222delinsTGG	p.Leu3074Trp	missense	VUS	VUS	2	4	MISSING_FUNCTIONAL	MISSING_FUNCTIONAL	PM5:moderate		neighbour_evidence
2020-01-01	2026-08-04	NM_000059.4:c.9220_9222delinsTGT	p.Leu3074Cys	missense	VUS	VUS	2	4	MISSING_FUNCTIONAL	MISSING_FUNCTIONAL	PM5:moderate		neighbour_evidence
2020-01-01	2026-08-04	NM_000059.4:c.9220_9222delinsTTC	p.Leu3074Phe	missense	VUS	VUS	2	4	MISSING_FUNCTIONAL	MISSING_FUNCTIONAL	PM5:moderate		neighbour_evidence
2020-01-01	2026-08-04	NM_000059.4:c.9220_9222delinsTTT	p.Leu3074Phe	missense	VUS	VUS	2	4	MISSING_FUNCTIONAL	MISSING_FUNCTIONAL	PM5:moderate		neighbour_evidence
2020-01-01	2026-08-04	NM_000059.4:c.9226_9227delinsAA	p.Gly3076Lys	missense	VUS	VUS	2	4	MISSING_FUNCTIONAL	MISSING_FUNCTIONAL	PM5:moderate		neighbour_evidence
2020-01-01	2026-08-04	NM_000059.4:c.9226_9228delinsAAC	p.Gly3076Asn	missense	VUS	VUS	2	4	MISSING_FUNCTIONAL	MISSING_FUNCTIONAL	PM5:moderate		neighbour_evidence
2020-01-01	2026-08-04	NM_000059.4:c.9226_9228delinsAAG	p.Gly3076Lys	missense	VUS	VUS	2	4	MISSING_FUNCTIONAL	MISSING_FUNCTIONAL	PM5:moderate		neighbour_evidence
2020-01-01	2026-08-04	NM_000059.4:c.9226_9228delinsAAT	p.Gly3076Asn	missense	VUS	VUS	2	4	MISSING_FUNCTIONAL	MISSING_FUNCTIONAL	PM5:moderate		neighbour_evidence
2020-01-01	2026-08-04	NM_000059.4:c.9226_9227delinsAC	p.Gly3076Thr	missense	VUS	VUS	2	4	MISSING_FUNCTIONAL	MISSING_FUNCTIONAL	PM5:moderate		neighbour_evidence
2020-01-01	2026-08-04	NM_000059.4:c.9226_9228delinsACC	p.Gly3076Thr	missense	VUS	VUS	2	4	MISSING_FUNCTIONAL	MISSING_FUNCTIONAL	PM5:moderate		neighbour_evidence
2020-01-01	2026-08-04	NM_000059.4:c.9226_9228delinsACG	p.Gly3076Thr	missense	VUS	VUS	2	4	MISSING_FUNCTIONAL	MISSING_FUNCTIONAL	PM5:moderate		neighbour_evidence
2020-01-01	2026-08-04	NM_000059.4:c.9226_9228delinsACT	p.Gly3076Thr	missense	VUS	VUS	2	4	MISSING_FUNCTIONAL	MISSING_FUNCTIONAL	PM5:moderate		neighbour_evidence
2020-01-01	2026-08-04	NM_000059.4:c.9226_9228delinsAGC	p.Gly3076Ser	missense	VUS	VUS	2	4	MISSING_FUNCTIONAL	MISSING_FUNCTIONAL	PM5:moderate		neighbour_evidence
2020-01-01	2026-08-04	NM_000059.4:c.9226_9228delinsAGG	p.Gly3076Arg	missense	VUS	LP	2	8	MISSING_FUNCTIONAL	RESOLVED_NOT_BLOCKED	PM5:moderate;PS1:strong		neighbour_evidence
2020-01-01	2026-08-04	NM_000059.4:c.9226_9228delinsAGT	p.Gly3076Ser	missense	VUS	VUS	2	4	MISSING_FUNCTIONAL	MISSING_FUNCTIONAL	PM5:moderate		neighbour_evidence
2020-01-01	2026-08-04	NM_000059.4:c.9226_9227delinsAT	p.Gly3076Ile	missense	VUS	VUS	2	4	MISSING_FUNCTIONAL	MISSING_FUNCTIONAL	PM5:moderate		neighbour_evidence
2020-01-01	2026-08-04	NM_000059.4:c.9226_9228delinsATC	p.Gly3076Ile	missense	VUS	VUS	2	4	MISSING_FUNCTIONAL	MISSING_FUNCTIONAL	PM5:moderate		neighbour_evidence
2020-01-01	2026-08-04	NM_000059.4:c.9226_9228delinsATG	p.Gly3076Met	missense	VUS	VUS	2	4	MISSING_FUNCTIONAL	MISSING_FUNCTIONAL	PM5:moderate		neighbour_evidence
2020-01-01	2026-08-04	NM_000059.4:c.9226_9228delinsATT	p.Gly3076Ile	missense	VUS	VUS	2	4	MISSING_FUNCTIONAL	MISSING_FUNCTIONAL	PM5:moderate		neighbour_evidence
2020-01-01	2026-08-04	NM_000059.4:c.9226_9227delinsCA	p.Gly3076Gln	missense	VUS	VUS	2	4	MISSING_FUNCTIONAL	MISSING_FUNCTIONAL	PM5:moderate		neighbour_evidence
2020-01-01	2026-08-04	NM_000059.4:c.9226_9228delinsCAC	p.Gly3076His	missense	VUS	VUS	2	4	MISSING_FUNCTIONAL	MISSING_FUNCTIONAL	PM5:moderate		neighbour_evidence
2020-01-01	2026-08-04	NM_000059.4:c.9226_9228delinsCAG	p.Gly3076Gln	missense	VUS	VUS	2	4	MISSING_FUNCTIONAL	MISSING_FUNCTIONAL	PM5:moderate		neighbour_evidence
2020-01-01	2026-08-04	NM_000059.4:c.9226_9228delinsCAT	p.Gly3076His	missense	VUS	VUS	2	4	MISSING_FUNCTIONAL	MISSING_FUNCTIONAL	PM5:moderate		neighbour_evidence
2020-01-01	2026-08-04	NM_000059.4:c.9226_9227delinsCC	p.Gly3076Pro	missense	VUS	VUS	2	4	MISSING_FUNCTIONAL	MISSING_FUNCTIONAL	PM5:moderate		neighbour_evidence
2020-01-01	2026-08-04	NM_000059.4:c.9226_9228delinsCCC	p.Gly3076Pro	missense	VUS	VUS	2	4	MISSING_FUNCTIONAL	MISSING_FUNCTIONAL	PM5:moderate		neighbour_evidence
2020-01-01	2026-08-04	NM_000059.4:c.9226_9228delinsCCG	p.Gly3076Pro	missense	VUS	VUS	2	4	MISSING_FUNCTIONAL	MISSING_FUNCTIONAL	PM5:moderate		neighbour_evidence
2020-01-01	2026-08-04	NM_000059.4:c.9226_9228delinsCCT	p.Gly3076Pro	missense	VUS	VUS	2	4	MISSING_FUNCTIONAL	MISSING_FUNCTIONAL	PM5:moderate		neighbour_evidence
2020-01-01	2026-08-04	NM_000059.4:c.9226_9228delinsCGC	p.Gly3076Arg	missense	VUS	LP	2	8	MISSING_FUNCTIONAL	RESOLVED_NOT_BLOCKED	PM5:moderate;PS1:strong		neighbour_evidence
2020-01-01	2026-08-04	NM_000059.4:c.9226_9228delinsCGG	p.Gly3076Arg	missense	VUS	LP	2	8	MISSING_FUNCTIONAL	RESOLVED_NOT_BLOCKED	PM5:moderate;PS1:strong		neighbour_evidence
2020-01-01	2026-08-04	NM_000059.4:c.9226_9228delinsCGT	p.Gly3076Arg	missense	VUS	LP	2	8	MISSING_FUNCTIONAL	RESOLVED_NOT_BLOCKED	PM5:moderate;PS1:strong		neighbour_evidence
2020-01-01	2026-08-04	NM_000059.4:c.9226_9227delinsCT	p.Gly3076Leu	missense	VUS	VUS	2	4	MISSING_FUNCTIONAL	MISSING_FUNCTIONAL	PM5:moderate		neighbour_evidence
2020-01-01	2026-08-04	NM_000059.4:c.9226_9228delinsCTC	p.Gly3076Leu	missense	VUS	VUS	2	4	MISSING_FUNCTIONAL	MISSING_FUNCTIONAL	PM5:moderate		neighbour_evidence
2020-01-01	2026-08-04	NM_000059.4:c.9226_9228delinsCTG	p.Gly3076Leu	missense	VUS	VUS	2	4	MISSING_FUNCTIONAL	MISSING_FUNCTIONAL	PM5:moderate		neighbour_evidence
2020-01-01	2026-08-04	NM_000059.4:c.9226_9228delinsCTT	p.Gly3076Leu	missense	VUS	VUS	2	4	MISSING_FUNCTIONAL	MISSING_FUNCTIONAL	PM5:moderate		neighbour_evidence
2020-01-01	2026-08-04	NM_000059.4:c.9227_9228delinsAC	p.Gly3076Asp	missense	VUS	VUS	2	4	MISSING_FUNCTIONAL	MISSING_FUNCTIONAL	PM5:moderate		neighbour_evidence
2020-01-01	2026-08-04	NM_000059.4:c.9227_9228delinsAG	p.Gly3076Glu	missense	VUS	LP	2	8	MISSING_FUNCTIONAL	RESOLVED_NOT_BLOCKED	PM5:moderate;PS1:strong		neighbour_evidence
2020-01-01	2026-08-04	NM_000059.4:c.9227_9228delinsAT	p.Gly3076Asp	missense	VUS	VUS	2	4	MISSING_FUNCTIONAL	MISSING_FUNCTIONAL	PM5:moderate		neighbour_evidence
2020-01-01	2026-08-04	NM_000059.4:c.9227_9228delinsCC	p.Gly3076Ala	missense	VUS	VUS	2	4	MISSING_FUNCTIONAL	MISSING_FUNCTIONAL	PM5:moderate		neighbour_evidence
2020-01-01	2026-08-04	NM_000059.4:c.9227_9228delinsCG	p.Gly3076Ala	missense	VUS	VUS	2	4	MISSING_FUNCTIONAL	MISSING_FUNCTIONAL	PM5:moderate		neighbour_evidence
2020-01-01	2026-08-04	NM_000059.4:c.9227_9228delinsCT	p.Gly3076Ala	missense	VUS	VUS	2	4	MISSING_FUNCTIONAL	MISSING_FUNCTIONAL	PM5:moderate		neighbour_evidence
2020-01-01	2026-08-04	NM_000059.4:c.9227_9228delinsTC	p.Gly3076Val	missense	VUS	LP	2	8	MISSING_FUNCTIONAL	RESOLVED_NOT_BLOCKED	PM5:moderate;PS1:strong		neighbour_evidence
2020-01-01	2026-08-04	NM_000059.4:c.9227_9228delinsTG	p.Gly3076Val	missense	VUS	LP	2	8	MISSING_FUNCTIONAL	RESOLVED_NOT_BLOCKED	PM5:moderate;PS1:strong		neighbour_evidence
2020-01-01	2026-08-04	NM_000059.4:c.9227_9228delinsTT	p.Gly3076Val	missense	VUS	LP	2	8	MISSING_FUNCTIONAL	RESOLVED_NOT_BLOCKED	PM5:moderate;PS1:strong		neighbour_evidence
2020-01-01	2026-08-04	NM_000059.4:c.9226_9228delinsTAC	p.Gly3076Tyr	missense	VUS	VUS	2	4	MISSING_FUNCTIONAL	MISSING_FUNCTIONAL	PM5:moderate		neighbour_evidence
2020-01-01	2026-08-04	NM_000059.4:c.9226_9228delinsTAT	p.Gly3076Tyr	missense	VUS	VUS	2	4	MISSING_FUNCTIONAL	MISSING_FUNCTIONAL	PM5:moderate		neighbour_evidence
2020-01-01	2026-08-04	NM_000059.4:c.9226_9227delinsTC	p.Gly3076Ser	missense	VUS	VUS	2	4	MISSING_FUNCTIONAL	MISSING_FUNCTIONAL	PM5:moderate		neighbour_evidence
2020-01-01	2026-08-04	NM_000059.4:c.9226_9228delinsTCC	p.Gly3076Ser	missense	VUS	VUS	2	4	MISSING_FUNCTIONAL	MISSING_FUNCTIONAL	PM5:moderate		neighbour_evidence
2020-01-01	2026-08-04	NM_000059.4:c.9226_9228delinsTCG	p.Gly3076Ser	missense	VUS	VUS	2	4	MISSING_FUNCTIONAL	MISSING_FUNCTIONAL	PM5:moderate		neighbour_evidence
2020-01-01	2026-08-04	NM_000059.4:c.9226_9228delinsTCT	p.Gly3076Ser	missense	VUS	VUS	2	4	MISSING_FUNCTIONAL	MISSING_FUNCTIONAL	PM5:moderate		neighbour_evidence
2020-01-01	2026-08-04	NM_000059.4:c.9226_9228delinsTGC	p.Gly3076Cys	missense	VUS	VUS	2	4	MISSING_FUNCTIONAL	MISSING_FUNCTIONAL	PM5:moderate		neighbour_evidence
2020-01-01	2026-08-04	NM_000059.4:c.9226_9228delinsTGG	p.Gly3076Trp	missense	VUS	VUS	2	4	MISSING_FUNCTIONAL	MISSING_FUNCTIONAL	PM5:moderate		neighbour_evidence
2020-01-01	2026-08-04	NM_000059.4:c.9226_9228delinsTGT	p.Gly3076Cys	missense	VUS	VUS	2	4	MISSING_FUNCTIONAL	MISSING_FUNCTIONAL	PM5:moderate		neighbour_evidence
2020-01-01	2026-08-04	NM_000059.4:c.9226_9227delinsTT	p.Gly3076Leu	missense	VUS	VUS	2	4	MISSING_FUNCTIONAL	MISSING_FUNCTIONAL	PM5:moderate		neighbour_evidence
2020-01-01	2026-08-04	NM_000059.4:c.9226_9228delinsTTC	p.Gly3076Phe	missense	VUS	VUS	2	4	MISSING_FUNCTIONAL	MISSING_FUNCTIONAL	PM5:moderate		neighbour_evidence
2020-01-01	2026-08-04	NM_000059.4:c.9226_9228delinsTTG	p.Gly3076Leu	missense	VUS	VUS	2	4	MISSING_FUNCTIONAL	MISSING_FUNCTIONAL	PM5:moderate		neighbour_evidence
2020-01-01	2026-08-04	NM_000059.4:c.9226_9228delinsTTT	p.Gly3076Phe	missense	VUS	VUS	2	4	MISSING_FUNCTIONAL	MISSING_FUNCTIONAL	PM5:moderate		neighbour_evidence
2020-01-01	2026-08-04	NM_000059.4:c.9254_9255delinsAC	p.Thr3085Asn	missense	VUS	VUS	2	4	MISSING_FUNCTIONAL	MISSING_FUNCTIONAL	PM5:moderate		neighbour_evidence
2020-01-01	2026-08-04	NM_000059.4:c.9254_9255delinsAG	p.Thr3085Lys	missense	VUS	VUS	2	4	MISSING_FUNCTIONAL	MISSING_FUNCTIONAL	PM5:moderate		neighbour_evidence
2020-01-01	2026-08-04	NM_000059.4:c.9254_9255delinsAT	p.Thr3085Asn	missense	VUS	VUS	2	4	MISSING_FUNCTIONAL	MISSING_FUNCTIONAL	PM5:moderate		neighbour_evidence
2020-01-01	2026-08-04	NM_000059.4:c.9254_9255delinsGC	p.Thr3085Ser	missense	VUS	VUS	2	4	MISSING_FUNCTIONAL	MISSING_FUNCTIONAL	PM5:moderate		neighbour_evidence
2020-01-01	2026-08-04	NM_000059.4:c.9254_9255delinsGG	p.Thr3085Arg	missense	VUS	VUS	2	4	MISSING_FUNCTIONAL	MISSING_FUNCTIONAL	PM5:moderate		neighbour_evidence
2020-01-01	2026-08-04	NM_000059.4:c.9254_9255delinsGT	p.Thr3085Ser	missense	VUS	VUS	2	4	MISSING_FUNCTIONAL	MISSING_FUNCTIONAL	PM5:moderate		neighbour_evidence
2020-01-01	2026-08-04	NM_000059.4:c.9254_9255delinsTC	p.Thr3085Ile	missense	VUS	LP	2	6	MISSING_FUNCTIONAL	RESOLVED_NOT_BLOCKED	PS1:strong		neighbour_evidence
2020-01-01	2026-08-04	NM_000059.4:c.9254_9255delinsTG	p.Thr3085Met	missense	VUS	VUS	2	4	MISSING_FUNCTIONAL	MISSING_FUNCTIONAL	PM5:moderate		neighbour_evidence
2020-01-01	2026-08-04	NM_000059.4:c.9253_9254delinsCA	p.Thr3085Gln	missense	VUS	VUS	2	4	MISSING_FUNCTIONAL	MISSING_FUNCTIONAL	PM5:moderate		neighbour_evidence
2020-01-01	2026-08-04	NM_000059.4:c.9253_9255delinsCAC	p.Thr3085His	missense	VUS	VUS	2	4	MISSING_FUNCTIONAL	MISSING_FUNCTIONAL	PM5:moderate		neighbour_evidence
2020-01-01	2026-08-04	NM_000059.4:c.9253_9255delinsCAG	p.Thr3085Gln	missense	VUS	VUS	2	4	MISSING_FUNCTIONAL	MISSING_FUNCTIONAL	PM5:moderate		neighbour_evidence
2020-01-01	2026-08-04	NM_000059.4:c.9253_9255delinsCAT	p.Thr3085His	missense	VUS	VUS	2	4	MISSING_FUNCTIONAL	MISSING_FUNCTIONAL	PM5:moderate		neighbour_evidence
2020-01-01	2026-08-04	NM_000059.4:c.9253_9255delinsCCC	p.Thr3085Pro	missense	VUS	VUS	2	4	MISSING_FUNCTIONAL	MISSING_FUNCTIONAL	PM5:moderate		neighbour_evidence
2020-01-01	2026-08-04	NM_000059.4:c.9253_9255delinsCCG	p.Thr3085Pro	missense	VUS	VUS	2	4	MISSING_FUNCTIONAL	MISSING_FUNCTIONAL	PM5:moderate		neighbour_evidence
2020-01-01	2026-08-04	NM_000059.4:c.9253_9255delinsCCT	p.Thr3085Pro	missense	VUS	VUS	2	4	MISSING_FUNCTIONAL	MISSING_FUNCTIONAL	PM5:moderate		neighbour_evidence
2020-01-01	2026-08-04	NM_000059.4:c.9253_9254delinsCG	p.Thr3085Arg	missense	VUS	VUS	2	4	MISSING_FUNCTIONAL	MISSING_FUNCTIONAL	PM5:moderate		neighbour_evidence
2020-01-01	2026-08-04	NM_000059.4:c.9253_9255delinsCGC	p.Thr3085Arg	missense	VUS	VUS	2	4	MISSING_FUNCTIONAL	MISSING_FUNCTIONAL	PM5:moderate		neighbour_evidence
2020-01-01	2026-08-04	NM_000059.4:c.9253_9255delinsCGG	p.Thr3085Arg	missense	VUS	VUS	2	4	MISSING_FUNCTIONAL	MISSING_FUNCTIONAL	PM5:moderate		neighbour_evidence
2020-01-01	2026-08-04	NM_000059.4:c.9253_9255delinsCGT	p.Thr3085Arg	missense	VUS	VUS	2	4	MISSING_FUNCTIONAL	MISSING_FUNCTIONAL	PM5:moderate		neighbour_evidence
2020-01-01	2026-08-04	NM_000059.4:c.9253_9254delinsCT	p.Thr3085Leu	missense	VUS	VUS	2	4	MISSING_FUNCTIONAL	MISSING_FUNCTIONAL	PM5:moderate		neighbour_evidence
2020-01-01	2026-08-04	NM_000059.4:c.9253_9255delinsCTC	p.Thr3085Leu	missense	VUS	VUS	2	4	MISSING_FUNCTIONAL	MISSING_FUNCTIONAL	PM5:moderate		neighbour_evidence
2020-01-01	2026-08-04	NM_000059.4:c.9253_9255delinsCTG	p.Thr3085Leu	missense	VUS	VUS	2	4	MISSING_FUNCTIONAL	MISSING_FUNCTIONAL	PM5:moderate		neighbour_evidence
2020-01-01	2026-08-04	NM_000059.4:c.9253_9255delinsCTT	p.Thr3085Leu	missense	VUS	VUS	2	4	MISSING_FUNCTIONAL	MISSING_FUNCTIONAL	PM5:moderate		neighbour_evidence
2020-01-01	2026-08-04	NM_000059.4:c.9253_9254delinsGA	p.Thr3085Glu	missense	VUS	VUS	2	4	MISSING_FUNCTIONAL	MISSING_FUNCTIONAL	PM5:moderate		neighbour_evidence
2020-01-01	2026-08-04	NM_000059.4:c.9253_9255delinsGAC	p.Thr3085Asp	missense	VUS	VUS	2	4	MISSING_FUNCTIONAL	MISSING_FUNCTIONAL	PM5:moderate		neighbour_evidence
2020-01-01	2026-08-04	NM_000059.4:c.9253_9255delinsGAG	p.Thr3085Glu	missense	VUS	VUS	2	4	MISSING_FUNCTIONAL	MISSING_FUNCTIONAL	PM5:moderate		neighbour_evidence
2020-01-01	2026-08-04	NM_000059.4:c.9253_9255delinsGAT	p.Thr3085Asp	missense	VUS	VUS	2	4	MISSING_FUNCTIONAL	MISSING_FUNCTIONAL	PM5:moderate		neighbour_evidence
2020-01-01	2026-08-04	NM_000059.4:c.9253_9255delinsGCC	p.Thr3085Ala	missense	VUS	VUS	2	4	MISSING_FUNCTIONAL	MISSING_FUNCTIONAL	PM5:moderate		neighbour_evidence
2020-01-01	2026-08-04	NM_000059.4:c.9253_9255delinsGCG	p.Thr3085Ala	missense	VUS	VUS	2	4	MISSING_FUNCTIONAL	MISSING_FUNCTIONAL	PM5:moderate		neighbour_evidence
2020-01-01	2026-08-04	NM_000059.4:c.9253_9255delinsGCT	p.Thr3085Ala	missense	VUS	VUS	2	4	MISSING_FUNCTIONAL	MISSING_FUNCTIONAL	PM5:moderate		neighbour_evidence
2020-01-01	2026-08-04	NM_000059.4:c.9253_9254delinsGG	p.Thr3085Gly	missense	VUS	VUS	2	4	MISSING_FUNCTIONAL	MISSING_FUNCTIONAL	PM5:moderate		neighbour_evidence
2020-01-01	2026-08-04	NM_000059.4:c.9253_9255delinsGGC	p.Thr3085Gly	missense	VUS	VUS	2	4	MISSING_FUNCTIONAL	MISSING_FUNCTIONAL	PM5:moderate		neighbour_evidence
2020-01-01	2026-08-04	NM_000059.4:c.9253_9255delinsGGG	p.Thr3085Gly	missense	VUS	VUS	2	4	MISSING_FUNCTIONAL	MISSING_FUNCTIONAL	PM5:moderate		neighbour_evidence
2020-01-01	2026-08-04	NM_000059.4:c.9253_9255delinsGGT	p.Thr3085Gly	missense	VUS	VUS	2	4	MISSING_FUNCTIONAL	MISSING_FUNCTIONAL	PM5:moderate		neighbour_evidence
2020-01-01	2026-08-04	NM_000059.4:c.9253_9254delinsGT	p.Thr3085Val	missense	VUS	VUS	2	4	MISSING_FUNCTIONAL	MISSING_FUNCTIONAL	PM5:moderate		neighbour_evidence
2020-01-01	2026-08-04	NM_000059.4:c.9253_9255delinsGTC	p.Thr3085Val	missense	VUS	VUS	2	4	MISSING_FUNCTIONAL	MISSING_FUNCTIONAL	PM5:moderate		neighbour_evidence
2020-01-01	2026-08-04	NM_000059.4:c.9253_9255delinsGTG	p.Thr3085Val	missense	VUS	VUS	2	4	MISSING_FUNCTIONAL	MISSING_FUNCTIONAL	PM5:moderate		neighbour_evidence
2020-01-01	2026-08-04	NM_000059.4:c.9253_9255delinsGTT	p.Thr3085Val	missense	VUS	VUS	2	4	MISSING_FUNCTIONAL	MISSING_FUNCTIONAL	PM5:moderate		neighbour_evidence
2020-01-01	2026-08-04	NM_000059.4:c.9253_9255delinsTAC	p.Thr3085Tyr	missense	VUS	VUS	2	4	MISSING_FUNCTIONAL	MISSING_FUNCTIONAL	PM5:moderate		neighbour_evidence
2020-01-01	2026-08-04	NM_000059.4:c.9253_9255delinsTAT	p.Thr3085Tyr	missense	VUS	VUS	2	4	MISSING_FUNCTIONAL	MISSING_FUNCTIONAL	PM5:moderate		neighbour_evidence
2020-01-01	2026-08-04	NM_000059.4:c.9253_9255delinsTCC	p.Thr3085Ser	missense	VUS	VUS	2	4	MISSING_FUNCTIONAL	MISSING_FUNCTIONAL	PM5:moderate		neighbour_evidence
2020-01-01	2026-08-04	NM_000059.4:c.9253_9255delinsTCG	p.Thr3085Ser	missense	VUS	VUS	2	4	MISSING_FUNCTIONAL	MISSING_FUNCTIONAL	PM5:moderate		neighbour_evidence
2020-01-01	2026-08-04	NM_000059.4:c.9253_9255delinsTCT	p.Thr3085Ser	missense	VUS	VUS	2	4	MISSING_FUNCTIONAL	MISSING_FUNCTIONAL	PM5:moderate		neighbour_evidence
2020-01-01	2026-08-04	NM_000059.4:c.9253_9255delinsTGC	p.Thr3085Cys	missense	VUS	VUS	2	4	MISSING_FUNCTIONAL	MISSING_FUNCTIONAL	PM5:moderate		neighbour_evidence
2020-01-01	2026-08-04	NM_000059.4:c.9253_9255delinsTGG	p.Thr3085Trp	missense	VUS	VUS	2	4	MISSING_FUNCTIONAL	MISSING_FUNCTIONAL	PM5:moderate		neighbour_evidence
2020-01-01	2026-08-04	NM_000059.4:c.9253_9255delinsTGT	p.Thr3085Cys	missense	VUS	VUS	2	4	MISSING_FUNCTIONAL	MISSING_FUNCTIONAL	PM5:moderate		neighbour_evidence
2020-01-01	2026-08-04	NM_000059.4:c.9253_9254delinsTT	p.Thr3085Leu	missense	VUS	VUS	2	4	MISSING_FUNCTIONAL	MISSING_FUNCTIONAL	PM5:moderate		neighbour_evidence
2020-01-01	2026-08-04	NM_000059.4:c.9253_9255delinsTTC	p.Thr3085Phe	missense	VUS	VUS	2	4	MISSING_FUNCTIONAL	MISSING_FUNCTIONAL	PM5:moderate		neighbour_evidence
2020-01-01	2026-08-04	NM_000059.4:c.9253_9255delinsTTG	p.Thr3085Leu	missense	VUS	VUS	2	4	MISSING_FUNCTIONAL	MISSING_FUNCTIONAL	PM5:moderate		neighbour_evidence
2020-01-01	2026-08-04	NM_000059.4:c.9253_9255delinsTTT	p.Thr3085Phe	missense	VUS	VUS	2	4	MISSING_FUNCTIONAL	MISSING_FUNCTIONAL	PM5:moderate		neighbour_evidence
2020-01-01	2026-08-04	NM_000059.4:c.9283_9285delinsAAA	p.Asp3095Lys	missense	VUS	VUS	2	4	MISSING_FUNCTIONAL	MISSING_FUNCTIONAL	PM5:moderate		neighbour_evidence
2020-01-01	2026-08-04	NM_000059.4:c.9283_9285delinsAAG	p.Asp3095Lys	missense	VUS	VUS	2	4	MISSING_FUNCTIONAL	MISSING_FUNCTIONAL	PM5:moderate		neighbour_evidence
2020-01-01	2026-08-04	NM_000059.4:c.9283_9285delinsAAT	p.Asp3095Asn	missense	VUS	VUS	2	4	MISSING_FUNCTIONAL	MISSING_FUNCTIONAL	PM5:moderate		neighbour_evidence
2020-01-01	2026-08-04	NM_000059.4:c.9283_9285delinsACA	p.Asp3095Thr	missense	VUS	VUS	2	4	MISSING_FUNCTIONAL	MISSING_FUNCTIONAL	PM5:moderate		neighbour_evidence
2020-01-01	2026-08-04	NM_000059.4:c.9283_9284delinsAC	p.Asp3095Thr	missense	VUS	VUS	2	4	MISSING_FUNCTIONAL	MISSING_FUNCTIONAL	PM5:moderate		neighbour_evidence
2020-01-01	2026-08-04	NM_000059.4:c.9283_9285delinsACG	p.Asp3095Thr	missense	VUS	VUS	2	4	MISSING_FUNCTIONAL	MISSING_FUNCTIONAL	PM5:moderate		neighbour_evidence
2020-01-01	2026-08-04	NM_000059.4:c.9283_9285delinsACT	p.Asp3095Thr	missense	VUS	VUS	2	4	MISSING_FUNCTIONAL	MISSING_FUNCTIONAL	PM5:moderate		neighbour_evidence
2020-01-01	2026-08-04	NM_000059.4:c.9283_9285delinsAGA	p.Asp3095Arg	missense	VUS	VUS	2	4	MISSING_FUNCTIONAL	MISSING_FUNCTIONAL	PM5:moderate		neighbour_evidence
2020-01-01	2026-08-04	NM_000059.4:c.9283_9284delinsAG	p.Asp3095Ser	missense	VUS	VUS	2	4	MISSING_FUNCTIONAL	MISSING_FUNCTIONAL	PM5:moderate		neighbour_evidence
2020-01-01	2026-08-04	NM_000059.4:c.9283_9285delinsAGG	p.Asp3095Arg	missense	VUS	VUS	2	4	MISSING_FUNCTIONAL	MISSING_FUNCTIONAL	PM5:moderate		neighbour_evidence
2020-01-01	2026-08-04	NM_000059.4:c.9283_9285delinsAGT	p.Asp3095Ser	missense	VUS	VUS	2	4	MISSING_FUNCTIONAL	MISSING_FUNCTIONAL	PM5:moderate		neighbour_evidence
2020-01-01	2026-08-04	NM_000059.4:c.9283_9285delinsATA	p.Asp3095Ile	missense	VUS	VUS	2	4	MISSING_FUNCTIONAL	MISSING_FUNCTIONAL	PM5:moderate		neighbour_evidence
2020-01-01	2026-08-04	NM_000059.4:c.9283_9284delinsAT	p.Asp3095Ile	missense	VUS	VUS	2	4	MISSING_FUNCTIONAL	MISSING_FUNCTIONAL	PM5:moderate		neighbour_evidence
2020-01-01	2026-08-04	NM_000059.4:c.9283_9285delinsATG	p.Asp3095Met	missense	VUS	VUS	2	4	MISSING_FUNCTIONAL	MISSING_FUNCTIONAL	PM5:moderate		neighbour_evidence
2020-01-01	2026-08-04	NM_000059.4:c.9283_9285delinsATT	p.Asp3095Ile	missense	VUS	VUS	2	4	MISSING_FUNCTIONAL	MISSING_FUNCTIONAL	PM5:moderate		neighbour_evidence
2020-01-01	2026-08-04	NM_000059.4:c.9283_9285delinsCAA	p.Asp3095Gln	missense	VUS	VUS	2	4	MISSING_FUNCTIONAL	MISSING_FUNCTIONAL	PM5:moderate		neighbour_evidence
2020-01-01	2026-08-04	NM_000059.4:c.9283_9285delinsCAG	p.Asp3095Gln	missense	VUS	VUS	2	4	MISSING_FUNCTIONAL	MISSING_FUNCTIONAL	PM5:moderate		neighbour_evidence
2020-01-01	2026-08-04	NM_000059.4:c.9283_9285delinsCAT	p.Asp3095His	missense	VUS	VUS	2	4	MISSING_FUNCTIONAL	MISSING_FUNCTIONAL	PM5:moderate		neighbour_evidence
2020-01-01	2026-08-04	NM_000059.4:c.9283_9285delinsCCA	p.Asp3095Pro	missense	VUS	VUS	2	4	MISSING_FUNCTIONAL	MISSING_FUNCTIONAL	PM5:moderate		neighbour_evidence
2020-01-01	2026-08-04	NM_000059.4:c.9283_9284delinsCC	p.Asp3095Pro	missense	VUS	VUS	2	4	MISSING_FUNCTIONAL	MISSING_FUNCTIONAL	PM5:moderate		neighbour_evidence
2020-01-01	2026-08-04	NM_000059.4:c.9283_9285delinsCCG	p.Asp3095Pro	missense	VUS	VUS	2	4	MISSING_FUNCTIONAL	MISSING_FUNCTIONAL	PM5:moderate		neighbour_evidence
2020-01-01	2026-08-04	NM_000059.4:c.9283_9285delinsCCT	p.Asp3095Pro	missense	VUS	VUS	2	4	MISSING_FUNCTIONAL	MISSING_FUNCTIONAL	PM5:moderate		neighbour_evidence
2020-01-01	2026-08-04	NM_000059.4:c.9283_9285delinsCGA	p.Asp3095Arg	missense	VUS	VUS	2	4	MISSING_FUNCTIONAL	MISSING_FUNCTIONAL	PM5:moderate		neighbour_evidence
2020-01-01	2026-08-04	NM_000059.4:c.9283_9284delinsCG	p.Asp3095Arg	missense	VUS	VUS	2	4	MISSING_FUNCTIONAL	MISSING_FUNCTIONAL	PM5:moderate		neighbour_evidence
2020-01-01	2026-08-04	NM_000059.4:c.9283_9285delinsCGG	p.Asp3095Arg	missense	VUS	VUS	2	4	MISSING_FUNCTIONAL	MISSING_FUNCTIONAL	PM5:moderate		neighbour_evidence
2020-01-01	2026-08-04	NM_000059.4:c.9283_9285delinsCGT	p.Asp3095Arg	missense	VUS	VUS	2	4	MISSING_FUNCTIONAL	MISSING_FUNCTIONAL	PM5:moderate		neighbour_evidence
2020-01-01	2026-08-04	NM_000059.4:c.9283_9285delinsCTA	p.Asp3095Leu	missense	VUS	VUS	2	4	MISSING_FUNCTIONAL	MISSING_FUNCTIONAL	PM5:moderate		neighbour_evidence
2020-01-01	2026-08-04	NM_000059.4:c.9283_9284delinsCT	p.Asp3095Leu	missense	VUS	VUS	2	4	MISSING_FUNCTIONAL	MISSING_FUNCTIONAL	PM5:moderate		neighbour_evidence
2020-01-01	2026-08-04	NM_000059.4:c.9283_9285delinsCTG	p.Asp3095Leu	missense	VUS	VUS	2	4	MISSING_FUNCTIONAL	MISSING_FUNCTIONAL	PM5:moderate		neighbour_evidence
2020-01-01	2026-08-04	NM_000059.4:c.9283_9285delinsCTT	p.Asp3095Leu	missense	VUS	VUS	2	4	MISSING_FUNCTIONAL	MISSING_FUNCTIONAL	PM5:moderate		neighbour_evidence
2020-01-01	2026-08-04	NM_000059.4:c.9284_9285delinsCA	p.Asp3095Ala	missense	VUS	VUS	2	4	MISSING_FUNCTIONAL	MISSING_FUNCTIONAL	PM5:moderate		neighbour_evidence
2020-01-01	2026-08-04	NM_000059.4:c.9284_9285delinsCG	p.Asp3095Ala	missense	VUS	VUS	2	4	MISSING_FUNCTIONAL	MISSING_FUNCTIONAL	PM5:moderate		neighbour_evidence
2020-01-01	2026-08-04	NM_000059.4:c.9284_9285delinsCT	p.Asp3095Ala	missense	VUS	VUS	2	4	MISSING_FUNCTIONAL	MISSING_FUNCTIONAL	PM5:moderate		neighbour_evidence
2020-01-01	2026-08-04	NM_000059.4:c.9284_9285delinsGA	p.Asp3095Gly	missense	VUS	VUS	2	4	MISSING_FUNCTIONAL	MISSING_FUNCTIONAL	PM5:moderate		neighbour_evidence
2020-01-01	2026-08-04	NM_000059.4:c.9284_9285delinsGG	p.Asp3095Gly	missense	VUS	VUS	2	4	MISSING_FUNCTIONAL	MISSING_FUNCTIONAL	PM5:moderate		neighbour_evidence
2020-01-01	2026-08-04	NM_000059.4:c.9284_9285delinsGT	p.Asp3095Gly	missense	VUS	VUS	2	4	MISSING_FUNCTIONAL	MISSING_FUNCTIONAL	PM5:moderate		neighbour_evidence
2020-01-01	2026-08-04	NM_000059.4:c.9284_9285delinsTA	p.Asp3095Val	missense	VUS	VUS	2	4	MISSING_FUNCTIONAL	MISSING_FUNCTIONAL	PM5:moderate		neighbour_evidence
2020-01-01	2026-08-04	NM_000059.4:c.9284_9285delinsTG	p.Asp3095Val	missense	VUS	VUS	2	4	MISSING_FUNCTIONAL	MISSING_FUNCTIONAL	PM5:moderate		neighbour_evidence
2020-01-01	2026-08-04	NM_000059.4:c.9284_9285delinsTT	p.Asp3095Val	missense	VUS	VUS	2	4	MISSING_FUNCTIONAL	MISSING_FUNCTIONAL	PM5:moderate		neighbour_evidence
2020-01-01	2026-08-04	NM_000059.4:c.9283_9285delinsTAT	p.Asp3095Tyr	missense	VUS	VUS	2	4	MISSING_FUNCTIONAL	MISSING_FUNCTIONAL	PM5:moderate		neighbour_evidence
2020-01-01	2026-08-04	NM_000059.4:c.9283_9285delinsTCA	p.Asp3095Ser	missense	VUS	VUS	2	4	MISSING_FUNCTIONAL	MISSING_FUNCTIONAL	PM5:moderate		neighbour_evidence
2020-01-01	2026-08-04	NM_000059.4:c.9283_9284delinsTC	p.Asp3095Ser	missense	VUS	VUS	2	4	MISSING_FUNCTIONAL	MISSING_FUNCTIONAL	PM5:moderate		neighbour_evidence
2020-01-01	2026-08-04	NM_000059.4:c.9283_9285delinsTCG	p.Asp3095Ser	missense	VUS	VUS	2	4	MISSING_FUNCTIONAL	MISSING_FUNCTIONAL	PM5:moderate		neighbour_evidence
2020-01-01	2026-08-04	NM_000059.4:c.9283_9285delinsTCT	p.Asp3095Ser	missense	VUS	VUS	2	4	MISSING_FUNCTIONAL	MISSING_FUNCTIONAL	PM5:moderate		neighbour_evidence
2020-01-01	2026-08-04	NM_000059.4:c.9283_9284delinsTG	p.Asp3095Cys	missense	VUS	VUS	2	4	MISSING_FUNCTIONAL	MISSING_FUNCTIONAL	PM5:moderate		neighbour_evidence
2020-01-01	2026-08-04	NM_000059.4:c.9283_9285delinsTGG	p.Asp3095Trp	missense	VUS	VUS	2	4	MISSING_FUNCTIONAL	MISSING_FUNCTIONAL	PM5:moderate		neighbour_evidence
2020-01-01	2026-08-04	NM_000059.4:c.9283_9285delinsTGT	p.Asp3095Cys	missense	VUS	VUS	2	4	MISSING_FUNCTIONAL	MISSING_FUNCTIONAL	PM5:moderate		neighbour_evidence
2020-01-01	2026-08-04	NM_000059.4:c.9283_9285delinsTTA	p.Asp3095Leu	missense	VUS	VUS	2	4	MISSING_FUNCTIONAL	MISSING_FUNCTIONAL	PM5:moderate		neighbour_evidence
2020-01-01	2026-08-04	NM_000059.4:c.9283_9284delinsTT	p.Asp3095Phe	missense	VUS	VUS	2	4	MISSING_FUNCTIONAL	MISSING_FUNCTIONAL	PM5:moderate		neighbour_evidence
2020-01-01	2026-08-04	NM_000059.4:c.9283_9285delinsTTG	p.Asp3095Leu	missense	VUS	VUS	2	4	MISSING_FUNCTIONAL	MISSING_FUNCTIONAL	PM5:moderate		neighbour_evidence
2020-01-01	2026-08-04	NM_000059.4:c.9283_9285delinsTTT	p.Asp3095Phe	missense	VUS	VUS	2	4	MISSING_FUNCTIONAL	MISSING_FUNCTIONAL	PM5:moderate		neighbour_evidence
2020-01-01	2026-08-04	NM_000059.4:c.9301_9303delinsAAA	p.Leu3101Lys	missense	VUS	VUS	2	4	MISSING_FUNCTIONAL	MISSING_FUNCTIONAL	PM5:moderate		neighbour_evidence
2020-01-01	2026-08-04	NM_000059.4:c.9301_9303delinsAAC	p.Leu3101Asn	missense	VUS	VUS	2	4	MISSING_FUNCTIONAL	MISSING_FUNCTIONAL	PM5:moderate		neighbour_evidence
2020-01-01	2026-08-04	NM_000059.4:c.9301_9302delinsAA	p.Leu3101Lys	missense	VUS	VUS	2	4	MISSING_FUNCTIONAL	MISSING_FUNCTIONAL	PM5:moderate		neighbour_evidence
2020-01-01	2026-08-04	NM_000059.4:c.9301_9303delinsAAT	p.Leu3101Asn	missense	VUS	VUS	2	4	MISSING_FUNCTIONAL	MISSING_FUNCTIONAL	PM5:moderate		neighbour_evidence
2020-01-01	2026-08-04	NM_000059.4:c.9301_9303delinsACA	p.Leu3101Thr	missense	VUS	VUS	2	4	MISSING_FUNCTIONAL	MISSING_FUNCTIONAL	PM5:moderate		neighbour_evidence
2020-01-01	2026-08-04	NM_000059.4:c.9301_9303delinsACC	p.Leu3101Thr	missense	VUS	VUS	2	4	MISSING_FUNCTIONAL	MISSING_FUNCTIONAL	PM5:moderate		neighbour_evidence
2020-01-01	2026-08-04	NM_000059.4:c.9301_9302delinsAC	p.Leu3101Thr	missense	VUS	VUS	2	4	MISSING_FUNCTIONAL	MISSING_FUNCTIONAL	PM5:moderate		neighbour_evidence
2020-01-01	2026-08-04	NM_000059.4:c.9301_9303delinsACT	p.Leu3101Thr	missense	VUS	VUS	2	4	MISSING_FUNCTIONAL	MISSING_FUNCTIONAL	PM5:moderate		neighbour_evidence
2020-01-01	2026-08-04	NM_000059.4:c.9301_9303delinsAGA	p.Leu3101Arg	missense	VUS	LP	2	8	MISSING_FUNCTIONAL	RESOLVED_NOT_BLOCKED	PM5:moderate;PS1:strong		neighbour_evidence
2020-01-01	2026-08-04	NM_000059.4:c.9301_9303delinsAGC	p.Leu3101Ser	missense	VUS	VUS	2	4	MISSING_FUNCTIONAL	MISSING_FUNCTIONAL	PM5:moderate		neighbour_evidence
2020-01-01	2026-08-04	NM_000059.4:c.9301_9302delinsAG	p.Leu3101Arg	missense	VUS	LP	2	8	MISSING_FUNCTIONAL	RESOLVED_NOT_BLOCKED	PM5:moderate;PS1:strong		neighbour_evidence
2020-01-01	2026-08-04	NM_000059.4:c.9301_9303delinsAGT	p.Leu3101Ser	missense	VUS	VUS	2	4	MISSING_FUNCTIONAL	MISSING_FUNCTIONAL	PM5:moderate		neighbour_evidence
2020-01-01	2026-08-04	NM_000059.4:c.9301_9303delinsATA	p.Leu3101Ile	missense	VUS	VUS	2	4	MISSING_FUNCTIONAL	MISSING_FUNCTIONAL	PM5:moderate		neighbour_evidence
2020-01-01	2026-08-04	NM_000059.4:c.9301_9303delinsATC	p.Leu3101Ile	missense	VUS	VUS	2	4	MISSING_FUNCTIONAL	MISSING_FUNCTIONAL	PM5:moderate		neighbour_evidence
2020-01-01	2026-08-04	NM_000059.4:c.9301_9303delinsATT	p.Leu3101Ile	missense	VUS	VUS	2	4	MISSING_FUNCTIONAL	MISSING_FUNCTIONAL	PM5:moderate		neighbour_evidence
2020-01-01	2026-08-04	NM_000059.4:c.9302_9303delinsAA	p.Leu3101Gln	missense	VUS	VUS	2	4	MISSING_FUNCTIONAL	MISSING_FUNCTIONAL	PM5:moderate		neighbour_evidence
2020-01-01	2026-08-04	NM_000059.4:c.9302_9303delinsAC	p.Leu3101His	missense	VUS	VUS	2	4	MISSING_FUNCTIONAL	MISSING_FUNCTIONAL	PM5:moderate		neighbour_evidence
2020-01-01	2026-08-04	NM_000059.4:c.9302_9303delinsAT	p.Leu3101His	missense	VUS	VUS	2	4	MISSING_FUNCTIONAL	MISSING_FUNCTIONAL	PM5:moderate		neighbour_evidence
2020-01-01	2026-08-04	NM_000059.4:c.9302_9303delinsCA	p.Leu3101Pro	missense	VUS	LP	2	8	MISSING_FUNCTIONAL	RESOLVED_NOT_BLOCKED	PM5:moderate;PS1:strong		neighbour_evidence
2020-01-01	2026-08-04	NM_000059.4:c.9302_9303delinsCC	p.Leu3101Pro	missense	VUS	LP	2	8	MISSING_FUNCTIONAL	RESOLVED_NOT_BLOCKED	PM5:moderate;PS1:strong		neighbour_evidence
2020-01-01	2026-08-04	NM_000059.4:c.9302_9303delinsCT	p.Leu3101Pro	missense	VUS	LP	2	8	MISSING_FUNCTIONAL	RESOLVED_NOT_BLOCKED	PM5:moderate;PS1:strong		neighbour_evidence
2020-01-01	2026-08-04	NM_000059.4:c.9302_9303delinsGA	p.Leu3101Arg	missense	VUS	LP	2	8	MISSING_FUNCTIONAL	RESOLVED_NOT_BLOCKED	PM5:moderate;PS1:strong		neighbour_evidence
2020-01-01	2026-08-04	NM_000059.4:c.9302_9303delinsGC	p.Leu3101Arg	missense	VUS	LP	2	8	MISSING_FUNCTIONAL	RESOLVED_NOT_BLOCKED	PM5:moderate;PS1:strong		neighbour_evidence
2020-01-01	2026-08-04	NM_000059.4:c.9302_9303delinsGT	p.Leu3101Arg	missense	VUS	LP	2	8	MISSING_FUNCTIONAL	RESOLVED_NOT_BLOCKED	PM5:moderate;PS1:strong		neighbour_evidence
2020-01-01	2026-08-04	NM_000059.4:c.9301_9303delinsGAA	p.Leu3101Glu	missense	VUS	VUS	2	4	MISSING_FUNCTIONAL	MISSING_FUNCTIONAL	PM5:moderate		neighbour_evidence
2020-01-01	2026-08-04	NM_000059.4:c.9301_9303delinsGAC	p.Leu3101Asp	missense	VUS	VUS	2	4	MISSING_FUNCTIONAL	MISSING_FUNCTIONAL	PM5:moderate		neighbour_evidence
2020-01-01	2026-08-04	NM_000059.4:c.9301_9302delinsGA	p.Leu3101Glu	missense	VUS	VUS	2	4	MISSING_FUNCTIONAL	MISSING_FUNCTIONAL	PM5:moderate		neighbour_evidence
2020-01-01	2026-08-04	NM_000059.4:c.9301_9303delinsGAT	p.Leu3101Asp	missense	VUS	VUS	2	4	MISSING_FUNCTIONAL	MISSING_FUNCTIONAL	PM5:moderate		neighbour_evidence
2020-01-01	2026-08-04	NM_000059.4:c.9301_9303delinsGCA	p.Leu3101Ala	missense	VUS	VUS	2	4	MISSING_FUNCTIONAL	MISSING_FUNCTIONAL	PM5:moderate		neighbour_evidence
2020-01-01	2026-08-04	NM_000059.4:c.9301_9303delinsGCC	p.Leu3101Ala	missense	VUS	VUS	2	4	MISSING_FUNCTIONAL	MISSING_FUNCTIONAL	PM5:moderate		neighbour_evidence
2020-01-01	2026-08-04	NM_000059.4:c.9301_9302delinsGC	p.Leu3101Ala	missense	VUS	VUS	2	4	MISSING_FUNCTIONAL	MISSING_FUNCTIONAL	PM5:moderate		neighbour_evidence
2020-01-01	2026-08-04	NM_000059.4:c.9301_9303delinsGCT	p.Leu3101Ala	missense	VUS	VUS	2	4	MISSING_FUNCTIONAL	MISSING_FUNCTIONAL	PM5:moderate		neighbour_evidence
2020-01-01	2026-08-04	NM_000059.4:c.9301_9303delinsGGA	p.Leu3101Gly	missense	VUS	VUS	2	4	MISSING_FUNCTIONAL	MISSING_FUNCTIONAL	PM5:moderate		neighbour_evidence
2020-01-01	2026-08-04	NM_000059.4:c.9301_9303delinsGGC	p.Leu3101Gly	missense	VUS	VUS	2	4	MISSING_FUNCTIONAL	MISSING_FUNCTIONAL	PM5:moderate		neighbour_evidence
2020-01-01	2026-08-04	NM_000059.4:c.9301_9302delinsGG	p.Leu3101Gly	missense	VUS	VUS	2	4	MISSING_FUNCTIONAL	MISSING_FUNCTIONAL	PM5:moderate		neighbour_evidence
2020-01-01	2026-08-04	NM_000059.4:c.9301_9303delinsGGT	p.Leu3101Gly	missense	VUS	VUS	2	4	MISSING_FUNCTIONAL	MISSING_FUNCTIONAL	PM5:moderate		neighbour_evidence
2020-01-01	2026-08-04	NM_000059.4:c.9301_9303delinsGTA	p.Leu3101Val	missense	VUS	VUS	2	4	MISSING_FUNCTIONAL	MISSING_FUNCTIONAL	PM5:moderate		neighbour_evidence
2020-01-01	2026-08-04	NM_000059.4:c.9301_9303delinsGTC	p.Leu3101Val	missense	VUS	VUS	2	4	MISSING_FUNCTIONAL	MISSING_FUNCTIONAL	PM5:moderate		neighbour_evidence
2020-01-01	2026-08-04	NM_000059.4:c.9301_9303delinsGTT	p.Leu3101Val	missense	VUS	VUS	2	4	MISSING_FUNCTIONAL	MISSING_FUNCTIONAL	PM5:moderate		neighbour_evidence
2020-01-01	2026-08-04	NM_000059.4:c.9301_9303delinsTAC	p.Leu3101Tyr	missense	VUS	VUS	2	4	MISSING_FUNCTIONAL	MISSING_FUNCTIONAL	PM5:moderate		neighbour_evidence
2020-01-01	2026-08-04	NM_000059.4:c.9301_9303delinsTAT	p.Leu3101Tyr	missense	VUS	VUS	2	4	MISSING_FUNCTIONAL	MISSING_FUNCTIONAL	PM5:moderate		neighbour_evidence
2020-01-01	2026-08-04	NM_000059.4:c.9301_9303delinsTCA	p.Leu3101Ser	missense	VUS	VUS	2	4	MISSING_FUNCTIONAL	MISSING_FUNCTIONAL	PM5:moderate		neighbour_evidence
2020-01-01	2026-08-04	NM_000059.4:c.9301_9303delinsTCC	p.Leu3101Ser	missense	VUS	VUS	2	4	MISSING_FUNCTIONAL	MISSING_FUNCTIONAL	PM5:moderate		neighbour_evidence
2020-01-01	2026-08-04	NM_000059.4:c.9301_9302delinsTC	p.Leu3101Ser	missense	VUS	VUS	2	4	MISSING_FUNCTIONAL	MISSING_FUNCTIONAL	PM5:moderate		neighbour_evidence
2020-01-01	2026-08-04	NM_000059.4:c.9301_9303delinsTCT	p.Leu3101Ser	missense	VUS	VUS	2	4	MISSING_FUNCTIONAL	MISSING_FUNCTIONAL	PM5:moderate		neighbour_evidence
2020-01-01	2026-08-04	NM_000059.4:c.9301_9303delinsTGC	p.Leu3101Cys	missense	VUS	VUS	2	4	MISSING_FUNCTIONAL	MISSING_FUNCTIONAL	PM5:moderate		neighbour_evidence
2020-01-01	2026-08-04	NM_000059.4:c.9301_9302delinsTG	p.Leu3101Trp	missense	VUS	VUS	2	4	MISSING_FUNCTIONAL	MISSING_FUNCTIONAL	PM5:moderate		neighbour_evidence
2020-01-01	2026-08-04	NM_000059.4:c.9301_9303delinsTGT	p.Leu3101Cys	missense	VUS	VUS	2	4	MISSING_FUNCTIONAL	MISSING_FUNCTIONAL	PM5:moderate		neighbour_evidence
2020-01-01	2026-08-04	NM_000059.4:c.9301_9303delinsTTC	p.Leu3101Phe	missense	VUS	VUS	2	4	MISSING_FUNCTIONAL	MISSING_FUNCTIONAL	PM5:moderate		neighbour_evidence
2020-01-01	2026-08-04	NM_000059.4:c.9301_9303delinsTTT	p.Leu3101Phe	missense	VUS	VUS	2	4	MISSING_FUNCTIONAL	MISSING_FUNCTIONAL	PM5:moderate		neighbour_evidence
2020-01-01	2026-08-04	NM_000059.4:c.9364_9365delinsAA	p.Ala3122Lys	missense	VUS	VUS	2	4	MISSING_FUNCTIONAL	MISSING_FUNCTIONAL	PM5:moderate		neighbour_evidence
2020-01-01	2026-08-04	NM_000059.4:c.9364_9366delinsAAC	p.Ala3122Asn	missense	VUS	VUS	2	4	MISSING_FUNCTIONAL	MISSING_FUNCTIONAL	PM5:moderate		neighbour_evidence
2020-01-01	2026-08-04	NM_000059.4:c.9364_9366delinsAAG	p.Ala3122Lys	missense	VUS	VUS	2	4	MISSING_FUNCTIONAL	MISSING_FUNCTIONAL	PM5:moderate		neighbour_evidence
2020-01-01	2026-08-04	NM_000059.4:c.9364_9366delinsAAT	p.Ala3122Asn	missense	VUS	VUS	2	4	MISSING_FUNCTIONAL	MISSING_FUNCTIONAL	PM5:moderate		neighbour_evidence
2020-01-01	2026-08-04	NM_000059.4:c.9364_9366delinsACC	p.Ala3122Thr	missense	VUS	VUS	2	4	MISSING_FUNCTIONAL	MISSING_FUNCTIONAL	PM5:moderate		neighbour_evidence
2020-01-01	2026-08-04	NM_000059.4:c.9364_9366delinsACG	p.Ala3122Thr	missense	VUS	VUS	2	4	MISSING_FUNCTIONAL	MISSING_FUNCTIONAL	PM5:moderate		neighbour_evidence
2020-01-01	2026-08-04	NM_000059.4:c.9364_9366delinsACT	p.Ala3122Thr	missense	VUS	VUS	2	4	MISSING_FUNCTIONAL	MISSING_FUNCTIONAL	PM5:moderate		neighbour_evidence
2020-01-01	2026-08-04	NM_000059.4:c.9364_9365delinsAG	p.Ala3122Arg	missense	VUS	VUS	2	4	MISSING_FUNCTIONAL	MISSING_FUNCTIONAL	PM5:moderate		neighbour_evidence
2020-01-01	2026-08-04	NM_000059.4:c.9364_9366delinsAGC	p.Ala3122Ser	missense	VUS	VUS	2	4	MISSING_FUNCTIONAL	MISSING_FUNCTIONAL	PM5:moderate		neighbour_evidence
2020-01-01	2026-08-04	NM_000059.4:c.9364_9366delinsAGG	p.Ala3122Arg	missense	VUS	VUS	2	4	MISSING_FUNCTIONAL	MISSING_FUNCTIONAL	PM5:moderate		neighbour_evidence
2020-01-01	2026-08-04	NM_000059.4:c.9364_9366delinsAGT	p.Ala3122Ser	missense	VUS	VUS	2	4	MISSING_FUNCTIONAL	MISSING_FUNCTIONAL	PM5:moderate		neighbour_evidence
2020-01-01	2026-08-04	NM_000059.4:c.9364_9365delinsAT	p.Ala3122Ile	missense	VUS	VUS	2	4	MISSING_FUNCTIONAL	MISSING_FUNCTIONAL	PM5:moderate		neighbour_evidence
2020-01-01	2026-08-04	NM_000059.4:c.9364_9366delinsATC	p.Ala3122Ile	missense	VUS	VUS	2	4	MISSING_FUNCTIONAL	MISSING_FUNCTIONAL	PM5:moderate		neighbour_evidence
2020-01-01	2026-08-04	NM_000059.4:c.9364_9366delinsATG	p.Ala3122Met	missense	VUS	VUS	2	4	MISSING_FUNCTIONAL	MISSING_FUNCTIONAL	PM5:moderate		neighbour_evidence
2020-01-01	2026-08-04	NM_000059.4:c.9364_9366delinsATT	p.Ala3122Ile	missense	VUS	VUS	2	4	MISSING_FUNCTIONAL	MISSING_FUNCTIONAL	PM5:moderate		neighbour_evidence
2020-01-01	2026-08-04	NM_000059.4:c.9364_9365delinsCA	p.Ala3122Gln	missense	VUS	VUS	2	4	MISSING_FUNCTIONAL	MISSING_FUNCTIONAL	PM5:moderate		neighbour_evidence
2020-01-01	2026-08-04	NM_000059.4:c.9364_9366delinsCAC	p.Ala3122His	missense	VUS	VUS	2	4	MISSING_FUNCTIONAL	MISSING_FUNCTIONAL	PM5:moderate		neighbour_evidence
2020-01-01	2026-08-04	NM_000059.4:c.9364_9366delinsCAG	p.Ala3122Gln	missense	VUS	VUS	2	4	MISSING_FUNCTIONAL	MISSING_FUNCTIONAL	PM5:moderate		neighbour_evidence
2020-01-01	2026-08-04	NM_000059.4:c.9364_9366delinsCAT	p.Ala3122His	missense	VUS	VUS	2	4	MISSING_FUNCTIONAL	MISSING_FUNCTIONAL	PM5:moderate		neighbour_evidence
2020-01-01	2026-08-04	NM_000059.4:c.9364_9366delinsCCC	p.Ala3122Pro	missense	VUS	LP	2	6	MISSING_FUNCTIONAL	RESOLVED_NOT_BLOCKED	PS1:strong		neighbour_evidence
2020-01-01	2026-08-04	NM_000059.4:c.9364_9366delinsCCG	p.Ala3122Pro	missense	VUS	LP	2	6	MISSING_FUNCTIONAL	RESOLVED_NOT_BLOCKED	PS1:strong		neighbour_evidence
2020-01-01	2026-08-04	NM_000059.4:c.9364_9366delinsCCT	p.Ala3122Pro	missense	VUS	LP	2	6	MISSING_FUNCTIONAL	RESOLVED_NOT_BLOCKED	PS1:strong		neighbour_evidence
2020-01-01	2026-08-04	NM_000059.4:c.9364_9365delinsCG	p.Ala3122Arg	missense	VUS	VUS	2	4	MISSING_FUNCTIONAL	MISSING_FUNCTIONAL	PM5:moderate		neighbour_evidence
2020-01-01	2026-08-04	NM_000059.4:c.9364_9366delinsCGC	p.Ala3122Arg	missense	VUS	VUS	2	4	MISSING_FUNCTIONAL	MISSING_FUNCTIONAL	PM5:moderate		neighbour_evidence
2020-01-01	2026-08-04	NM_000059.4:c.9364_9366delinsCGG	p.Ala3122Arg	missense	VUS	VUS	2	4	MISSING_FUNCTIONAL	MISSING_FUNCTIONAL	PM5:moderate		neighbour_evidence
2020-01-01	2026-08-04	NM_000059.4:c.9364_9366delinsCGT	p.Ala3122Arg	missense	VUS	VUS	2	4	MISSING_FUNCTIONAL	MISSING_FUNCTIONAL	PM5:moderate		neighbour_evidence
2020-01-01	2026-08-04	NM_000059.4:c.9364_9365delinsCT	p.Ala3122Leu	missense	VUS	VUS	2	4	MISSING_FUNCTIONAL	MISSING_FUNCTIONAL	PM5:moderate		neighbour_evidence
2020-01-01	2026-08-04	NM_000059.4:c.9364_9366delinsCTC	p.Ala3122Leu	missense	VUS	VUS	2	4	MISSING_FUNCTIONAL	MISSING_FUNCTIONAL	PM5:moderate		neighbour_evidence
2020-01-01	2026-08-04	NM_000059.4:c.9364_9366delinsCTG	p.Ala3122Leu	missense	VUS	VUS	2	4	MISSING_FUNCTIONAL	MISSING_FUNCTIONAL	PM5:moderate		neighbour_evidence
2020-01-01	2026-08-04	NM_000059.4:c.9364_9366delinsCTT	p.Ala3122Leu	missense	VUS	VUS	2	4	MISSING_FUNCTIONAL	MISSING_FUNCTIONAL	PM5:moderate		neighbour_evidence
2020-01-01	2026-08-04	NM_000059.4:c.9365_9366delinsAC	p.Ala3122Asp	missense	VUS	VUS	2	4	MISSING_FUNCTIONAL	MISSING_FUNCTIONAL	PM5:moderate		neighbour_evidence
2020-01-01	2026-08-04	NM_000059.4:c.9365_9366delinsAG	p.Ala3122Glu	missense	VUS	VUS	2	4	MISSING_FUNCTIONAL	MISSING_FUNCTIONAL	PM5:moderate		neighbour_evidence
2020-01-01	2026-08-04	NM_000059.4:c.9365_9366delinsAT	p.Ala3122Asp	missense	VUS	VUS	2	4	MISSING_FUNCTIONAL	MISSING_FUNCTIONAL	PM5:moderate		neighbour_evidence
2020-01-01	2026-08-04	NM_000059.4:c.9365_9366delinsGC	p.Ala3122Gly	missense	VUS	VUS	2	4	MISSING_FUNCTIONAL	MISSING_FUNCTIONAL	PM5:moderate		neighbour_evidence
2020-01-01	2026-08-04	NM_000059.4:c.9365_9366delinsGG	p.Ala3122Gly	missense	VUS	VUS	2	4	MISSING_FUNCTIONAL	MISSING_FUNCTIONAL	PM5:moderate		neighbour_evidence
2020-01-01	2026-08-04	NM_000059.4:c.9365_9366delinsGT	p.Ala3122Gly	missense	VUS	VUS	2	4	MISSING_FUNCTIONAL	MISSING_FUNCTIONAL	PM5:moderate		neighbour_evidence
2020-01-01	2026-08-04	NM_000059.4:c.9365_9366delinsTC	p.Ala3122Val	missense	VUS	VUS	2	4	MISSING_FUNCTIONAL	MISSING_FUNCTIONAL	PM5:moderate		neighbour_evidence
2020-01-01	2026-08-04	NM_000059.4:c.9365_9366delinsTG	p.Ala3122Val	missense	VUS	VUS	2	4	MISSING_FUNCTIONAL	MISSING_FUNCTIONAL	PM5:moderate		neighbour_evidence
2020-01-01	2026-08-04	NM_000059.4:c.9365_9366delinsTT	p.Ala3122Val	missense	VUS	VUS	2	4	MISSING_FUNCTIONAL	MISSING_FUNCTIONAL	PM5:moderate		neighbour_evidence
2020-01-01	2026-08-04	NM_000059.4:c.9364_9366delinsTAC	p.Ala3122Tyr	missense	VUS	VUS	2	4	MISSING_FUNCTIONAL	MISSING_FUNCTIONAL	PM5:moderate		neighbour_evidence
2020-01-01	2026-08-04	NM_000059.4:c.9364_9366delinsTAT	p.Ala3122Tyr	missense	VUS	VUS	2	4	MISSING_FUNCTIONAL	MISSING_FUNCTIONAL	PM5:moderate		neighbour_evidence
2020-01-01	2026-08-04	NM_000059.4:c.9364_9366delinsTCC	p.Ala3122Ser	missense	VUS	VUS	2	4	MISSING_FUNCTIONAL	MISSING_FUNCTIONAL	PM5:moderate		neighbour_evidence
2020-01-01	2026-08-04	NM_000059.4:c.9364_9366delinsTCG	p.Ala3122Ser	missense	VUS	VUS	2	4	MISSING_FUNCTIONAL	MISSING_FUNCTIONAL	PM5:moderate		neighbour_evidence
2020-01-01	2026-08-04	NM_000059.4:c.9364_9366delinsTCT	p.Ala3122Ser	missense	VUS	VUS	2	4	MISSING_FUNCTIONAL	MISSING_FUNCTIONAL	PM5:moderate		neighbour_evidence
2020-01-01	2026-08-04	NM_000059.4:c.9364_9366delinsTGC	p.Ala3122Cys	missense	VUS	VUS	2	4	MISSING_FUNCTIONAL	MISSING_FUNCTIONAL	PM5:moderate		neighbour_evidence
2020-01-01	2026-08-04	NM_000059.4:c.9364_9366delinsTGG	p.Ala3122Trp	missense	VUS	VUS	2	4	MISSING_FUNCTIONAL	MISSING_FUNCTIONAL	PM5:moderate		neighbour_evidence
2020-01-01	2026-08-04	NM_000059.4:c.9364_9366delinsTGT	p.Ala3122Cys	missense	VUS	VUS	2	4	MISSING_FUNCTIONAL	MISSING_FUNCTIONAL	PM5:moderate		neighbour_evidence
2020-01-01	2026-08-04	NM_000059.4:c.9364_9365delinsTT	p.Ala3122Leu	missense	VUS	VUS	2	4	MISSING_FUNCTIONAL	MISSING_FUNCTIONAL	PM5:moderate		neighbour_evidence
2020-01-01	2026-08-04	NM_000059.4:c.9364_9366delinsTTC	p.Ala3122Phe	missense	VUS	VUS	2	4	MISSING_FUNCTIONAL	MISSING_FUNCTIONAL	PM5:moderate		neighbour_evidence
2020-01-01	2026-08-04	NM_000059.4:c.9364_9366delinsTTG	p.Ala3122Leu	missense	VUS	VUS	2	4	MISSING_FUNCTIONAL	MISSING_FUNCTIONAL	PM5:moderate		neighbour_evidence
2020-01-01	2026-08-04	NM_000059.4:c.9364_9366delinsTTT	p.Ala3122Phe	missense	VUS	VUS	2	4	MISSING_FUNCTIONAL	MISSING_FUNCTIONAL	PM5:moderate		neighbour_evidence
2020-01-01	2026-08-04	NM_000059.4:c.9371_9372delinsCA	p.Asn3124Thr	missense	VUS	VUS	2	4	MISSING_FUNCTIONAL	MISSING_FUNCTIONAL	PM5:moderate		neighbour_evidence
2020-01-01	2026-08-04	NM_000059.4:c.9371_9372delinsCG	p.Asn3124Thr	missense	VUS	VUS	2	4	MISSING_FUNCTIONAL	MISSING_FUNCTIONAL	PM5:moderate		neighbour_evidence
2020-01-01	2026-08-04	NM_000059.4:c.9371_9372delinsCT	p.Asn3124Thr	missense	VUS	VUS	2	4	MISSING_FUNCTIONAL	MISSING_FUNCTIONAL	PM5:moderate		neighbour_evidence
2020-01-01	2026-08-04	NM_000059.4:c.9371_9372delinsGA	p.Asn3124Arg	missense	VUS	VUS	2	4	MISSING_FUNCTIONAL	MISSING_FUNCTIONAL	PM5:moderate		neighbour_evidence
2020-01-01	2026-08-04	NM_000059.4:c.9371_9372delinsGG	p.Asn3124Arg	missense	VUS	VUS	2	4	MISSING_FUNCTIONAL	MISSING_FUNCTIONAL	PM5:moderate		neighbour_evidence
2020-01-01	2026-08-04	NM_000059.4:c.9371_9372delinsGT	p.Asn3124Ser	missense	VUS	VUS	2	4	MISSING_FUNCTIONAL	MISSING_FUNCTIONAL	PM5:moderate		neighbour_evidence
2020-01-01	2026-08-04	NM_000059.4:c.9371_9372delinsTA	p.Asn3124Ile	missense	VUS	LP	2	6	MISSING_FUNCTIONAL	RESOLVED_NOT_BLOCKED	PS1:strong		neighbour_evidence
2020-01-01	2026-08-04	NM_000059.4:c.9371_9372delinsTG	p.Asn3124Met	missense	VUS	VUS	2	4	MISSING_FUNCTIONAL	MISSING_FUNCTIONAL	PM5:moderate		neighbour_evidence
2020-01-01	2026-08-04	NM_000059.4:c.9371_9372delinsTT	p.Asn3124Ile	missense	VUS	LP	2	6	MISSING_FUNCTIONAL	RESOLVED_NOT_BLOCKED	PS1:strong		neighbour_evidence
2020-01-01	2026-08-04	NM_000059.4:c.9370_9372delinsCAA	p.Asn3124Gln	missense	VUS	VUS	2	4	MISSING_FUNCTIONAL	MISSING_FUNCTIONAL	PM5:moderate		neighbour_evidence
2020-01-01	2026-08-04	NM_000059.4:c.9370_9372delinsCAG	p.Asn3124Gln	missense	VUS	VUS	2	4	MISSING_FUNCTIONAL	MISSING_FUNCTIONAL	PM5:moderate		neighbour_evidence
2020-01-01	2026-08-04	NM_000059.4:c.9370_9372delinsCAT	p.Asn3124His	missense	VUS	VUS	2	4	MISSING_FUNCTIONAL	MISSING_FUNCTIONAL	PM5:moderate		neighbour_evidence
2020-01-01	2026-08-04	NM_000059.4:c.9370_9372delinsCCA	p.Asn3124Pro	missense	VUS	VUS	2	4	MISSING_FUNCTIONAL	MISSING_FUNCTIONAL	PM5:moderate		neighbour_evidence
2020-01-01	2026-08-04	NM_000059.4:c.9370_9371delinsCC	p.Asn3124Pro	missense	VUS	VUS	2	4	MISSING_FUNCTIONAL	MISSING_FUNCTIONAL	PM5:moderate		neighbour_evidence
2020-01-01	2026-08-04	NM_000059.4:c.9370_9372delinsCCG	p.Asn3124Pro	missense	VUS	VUS	2	4	MISSING_FUNCTIONAL	MISSING_FUNCTIONAL	PM5:moderate		neighbour_evidence
2020-01-01	2026-08-04	NM_000059.4:c.9370_9372delinsCCT	p.Asn3124Pro	missense	VUS	VUS	2	4	MISSING_FUNCTIONAL	MISSING_FUNCTIONAL	PM5:moderate		neighbour_evidence
2020-01-01	2026-08-04	NM_000059.4:c.9370_9372delinsCGA	p.Asn3124Arg	missense	VUS	VUS	2	4	MISSING_FUNCTIONAL	MISSING_FUNCTIONAL	PM5:moderate		neighbour_evidence
2020-01-01	2026-08-04	NM_000059.4:c.9370_9371delinsCG	p.Asn3124Arg	missense	VUS	VUS	2	4	MISSING_FUNCTIONAL	MISSING_FUNCTIONAL	PM5:moderate		neighbour_evidence
2020-01-01	2026-08-04	NM_000059.4:c.9370_9372delinsCGG	p.Asn3124Arg	missense	VUS	VUS	2	4	MISSING_FUNCTIONAL	MISSING_FUNCTIONAL	PM5:moderate		neighbour_evidence
2020-01-01	2026-08-04	NM_000059.4:c.9370_9372delinsCGT	p.Asn3124Arg	missense	VUS	VUS	2	4	MISSING_FUNCTIONAL	MISSING_FUNCTIONAL	PM5:moderate		neighbour_evidence
2020-01-01	2026-08-04	NM_000059.4:c.9370_9372delinsCTA	p.Asn3124Leu	missense	VUS	VUS	2	4	MISSING_FUNCTIONAL	MISSING_FUNCTIONAL	PM5:moderate		neighbour_evidence
2020-01-01	2026-08-04	NM_000059.4:c.9370_9371delinsCT	p.Asn3124Leu	missense	VUS	VUS	2	4	MISSING_FUNCTIONAL	MISSING_FUNCTIONAL	PM5:moderate		neighbour_evidence
2020-01-01	2026-08-04	NM_000059.4:c.9370_9372delinsCTG	p.Asn3124Leu	missense	VUS	VUS	2	4	MISSING_FUNCTIONAL	MISSING_FUNCTIONAL	PM5:moderate		neighbour_evidence
2020-01-01	2026-08-04	NM_000059.4:c.9370_9372delinsCTT	p.Asn3124Leu	missense	VUS	VUS	2	4	MISSING_FUNCTIONAL	MISSING_FUNCTIONAL	PM5:moderate		neighbour_evidence
2020-01-01	2026-08-04	NM_000059.4:c.9370_9372delinsGAA	p.Asn3124Glu	missense	VUS	VUS	2	4	MISSING_FUNCTIONAL	MISSING_FUNCTIONAL	PM5:moderate		neighbour_evidence
2020-01-01	2026-08-04	NM_000059.4:c.9370_9372delinsGAG	p.Asn3124Glu	missense	VUS	VUS	2	4	MISSING_FUNCTIONAL	MISSING_FUNCTIONAL	PM5:moderate		neighbour_evidence
2020-01-01	2026-08-04	NM_000059.4:c.9370_9372delinsGAT	p.Asn3124Asp	missense	VUS	VUS	2	4	MISSING_FUNCTIONAL	MISSING_FUNCTIONAL	PM5:moderate		neighbour_evidence
2020-01-01	2026-08-04	NM_000059.4:c.9370_9372delinsGCA	p.Asn3124Ala	missense	VUS	VUS	2	4	MISSING_FUNCTIONAL	MISSING_FUNCTIONAL	PM5:moderate		neighbour_evidence
2020-01-01	2026-08-04	NM_000059.4:c.9370_9371delinsGC	p.Asn3124Ala	missense	VUS	VUS	2	4	MISSING_FUNCTIONAL	MISSING_FUNCTIONAL	PM5:moderate		neighbour_evidence
2020-01-01	2026-08-04	NM_000059.4:c.9370_9372delinsGCG	p.Asn3124Ala	missense	VUS	VUS	2	4	MISSING_FUNCTIONAL	MISSING_FUNCTIONAL	PM5:moderate		neighbour_evidence
2020-01-01	2026-08-04	NM_000059.4:c.9370_9372delinsGCT	p.Asn3124Ala	missense	VUS	VUS	2	4	MISSING_FUNCTIONAL	MISSING_FUNCTIONAL	PM5:moderate		neighbour_evidence
2020-01-01	2026-08-04	NM_000059.4:c.9370_9372delinsGGA	p.Asn3124Gly	missense	VUS	VUS	2	4	MISSING_FUNCTIONAL	MISSING_FUNCTIONAL	PM5:moderate		neighbour_evidence
2020-01-01	2026-08-04	NM_000059.4:c.9370_9371delinsGG	p.Asn3124Gly	missense	VUS	VUS	2	4	MISSING_FUNCTIONAL	MISSING_FUNCTIONAL	PM5:moderate		neighbour_evidence
2020-01-01	2026-08-04	NM_000059.4:c.9370_9372delinsGGG	p.Asn3124Gly	missense	VUS	VUS	2	4	MISSING_FUNCTIONAL	MISSING_FUNCTIONAL	PM5:moderate		neighbour_evidence
2020-01-01	2026-08-04	NM_000059.4:c.9370_9372delinsGGT	p.Asn3124Gly	missense	VUS	VUS	2	4	MISSING_FUNCTIONAL	MISSING_FUNCTIONAL	PM5:moderate		neighbour_evidence
2020-01-01	2026-08-04	NM_000059.4:c.9370_9372delinsGTA	p.Asn3124Val	missense	VUS	VUS	2	4	MISSING_FUNCTIONAL	MISSING_FUNCTIONAL	PM5:moderate		neighbour_evidence
2020-01-01	2026-08-04	NM_000059.4:c.9370_9371delinsGT	p.Asn3124Val	missense	VUS	VUS	2	4	MISSING_FUNCTIONAL	MISSING_FUNCTIONAL	PM5:moderate		neighbour_evidence
2020-01-01	2026-08-04	NM_000059.4:c.9370_9372delinsGTG	p.Asn3124Val	missense	VUS	VUS	2	4	MISSING_FUNCTIONAL	MISSING_FUNCTIONAL	PM5:moderate		neighbour_evidence
2020-01-01	2026-08-04	NM_000059.4:c.9370_9372delinsGTT	p.Asn3124Val	missense	VUS	VUS	2	4	MISSING_FUNCTIONAL	MISSING_FUNCTIONAL	PM5:moderate		neighbour_evidence
2020-01-01	2026-08-04	NM_000059.4:c.9370_9372delinsTAT	p.Asn3124Tyr	missense	VUS	VUS	2	4	MISSING_FUNCTIONAL	MISSING_FUNCTIONAL	PM5:moderate		neighbour_evidence
2020-01-01	2026-08-04	NM_000059.4:c.9370_9372delinsTCA	p.Asn3124Ser	missense	VUS	VUS	2	4	MISSING_FUNCTIONAL	MISSING_FUNCTIONAL	PM5:moderate		neighbour_evidence
2020-01-01	2026-08-04	NM_000059.4:c.9370_9371delinsTC	p.Asn3124Ser	missense	VUS	VUS	2	4	MISSING_FUNCTIONAL	MISSING_FUNCTIONAL	PM5:moderate		neighbour_evidence
2020-01-01	2026-08-04	NM_000059.4:c.9370_9372delinsTCG	p.Asn3124Ser	missense	VUS	VUS	2	4	MISSING_FUNCTIONAL	MISSING_FUNCTIONAL	PM5:moderate		neighbour_evidence
2020-01-01	2026-08-04	NM_000059.4:c.9370_9372delinsTCT	p.Asn3124Ser	missense	VUS	VUS	2	4	MISSING_FUNCTIONAL	MISSING_FUNCTIONAL	PM5:moderate		neighbour_evidence
2020-01-01	2026-08-04	NM_000059.4:c.9370_9371delinsTG	p.Asn3124Cys	missense	VUS	VUS	2	4	MISSING_FUNCTIONAL	MISSING_FUNCTIONAL	PM5:moderate		neighbour_evidence
2020-01-01	2026-08-04	NM_000059.4:c.9370_9372delinsTGG	p.Asn3124Trp	missense	VUS	VUS	2	4	MISSING_FUNCTIONAL	MISSING_FUNCTIONAL	PM5:moderate		neighbour_evidence
2020-01-01	2026-08-04	NM_000059.4:c.9370_9372delinsTGT	p.Asn3124Cys	missense	VUS	VUS	2	4	MISSING_FUNCTIONAL	MISSING_FUNCTIONAL	PM5:moderate		neighbour_evidence
2020-01-01	2026-08-04	NM_000059.4:c.9370_9372delinsTTA	p.Asn3124Leu	missense	VUS	VUS	2	4	MISSING_FUNCTIONAL	MISSING_FUNCTIONAL	PM5:moderate		neighbour_evidence
2020-01-01	2026-08-04	NM_000059.4:c.9370_9371delinsTT	p.Asn3124Phe	missense	VUS	VUS	2	4	MISSING_FUNCTIONAL	MISSING_FUNCTIONAL	PM5:moderate		neighbour_evidence
2020-01-01	2026-08-04	NM_000059.4:c.9370_9372delinsTTG	p.Asn3124Leu	missense	VUS	VUS	2	4	MISSING_FUNCTIONAL	MISSING_FUNCTIONAL	PM5:moderate		neighbour_evidence
2020-01-01	2026-08-04	NM_000059.4:c.9370_9372delinsTTT	p.Asn3124Phe	missense	VUS	VUS	2	4	MISSING_FUNCTIONAL	MISSING_FUNCTIONAL	PM5:moderate		neighbour_evidence
2020-01-01	2026-08-04	NM_000059.4:c.9373_9375delinsAAA	p.Leu3125Lys	missense	VUS	VUS	2	4	MISSING_FUNCTIONAL	MISSING_FUNCTIONAL	PM5:moderate		neighbour_evidence
2020-01-01	2026-08-04	NM_000059.4:c.9373_9374delinsAA	p.Leu3125Asn	missense	VUS	VUS	2	4	MISSING_FUNCTIONAL	MISSING_FUNCTIONAL	PM5:moderate		neighbour_evidence
2020-01-01	2026-08-04	NM_000059.4:c.9373_9375delinsAAG	p.Leu3125Lys	missense	VUS	VUS	2	4	MISSING_FUNCTIONAL	MISSING_FUNCTIONAL	PM5:moderate		neighbour_evidence
2020-01-01	2026-08-04	NM_000059.4:c.9373_9375delinsAAT	p.Leu3125Asn	missense	VUS	VUS	2	4	MISSING_FUNCTIONAL	MISSING_FUNCTIONAL	PM5:moderate		neighbour_evidence
2020-01-01	2026-08-04	NM_000059.4:c.9373_9375delinsACA	p.Leu3125Thr	missense	VUS	VUS	2	4	MISSING_FUNCTIONAL	MISSING_FUNCTIONAL	PM5:moderate		neighbour_evidence
2020-01-01	2026-08-04	NM_000059.4:c.9373_9374delinsAC	p.Leu3125Thr	missense	VUS	VUS	2	4	MISSING_FUNCTIONAL	MISSING_FUNCTIONAL	PM5:moderate		neighbour_evidence
2020-01-01	2026-08-04	NM_000059.4:c.9373_9375delinsACG	p.Leu3125Thr	missense	VUS	VUS	2	4	MISSING_FUNCTIONAL	MISSING_FUNCTIONAL	PM5:moderate		neighbour_evidence
2020-01-01	2026-08-04	NM_000059.4:c.9373_9375delinsACT	p.Leu3125Thr	missense	VUS	VUS	2	4	MISSING_FUNCTIONAL	MISSING_FUNCTIONAL	PM5:moderate		neighbour_evidence
2020-01-01	2026-08-04	NM_000059.4:c.9373_9375delinsAGA	p.Leu3125Arg	missense	VUS	VUS	2	4	MISSING_FUNCTIONAL	MISSING_FUNCTIONAL	PM5:moderate		neighbour_evidence
2020-01-01	2026-08-04	NM_000059.4:c.9373_9374delinsAG	p.Leu3125Ser	missense	VUS	VUS	2	4	MISSING_FUNCTIONAL	MISSING_FUNCTIONAL	PM5:moderate		neighbour_evidence
2020-01-01	2026-08-04	NM_000059.4:c.9373_9375delinsAGG	p.Leu3125Arg	missense	VUS	VUS	2	4	MISSING_FUNCTIONAL	MISSING_FUNCTIONAL	PM5:moderate		neighbour_evidence
2020-01-01	2026-08-04	NM_000059.4:c.9373_9375delinsAGT	p.Leu3125Ser	missense	VUS	VUS	2	4	MISSING_FUNCTIONAL	MISSING_FUNCTIONAL	PM5:moderate		neighbour_evidence
2020-01-01	2026-08-04	NM_000059.4:c.9373_9375delinsATA	p.Leu3125Ile	missense	VUS	VUS	2	4	MISSING_FUNCTIONAL	MISSING_FUNCTIONAL	PM5:moderate		neighbour_evidence
2020-01-01	2026-08-04	NM_000059.4:c.9373_9375delinsATG	p.Leu3125Met	missense	VUS	VUS	2	4	MISSING_FUNCTIONAL	MISSING_FUNCTIONAL	PM5:moderate		neighbour_evidence
2020-01-01	2026-08-04	NM_000059.4:c.9373_9375delinsATT	p.Leu3125Ile	missense	VUS	VUS	2	4	MISSING_FUNCTIONAL	MISSING_FUNCTIONAL	PM5:moderate		neighbour_evidence
2020-01-01	2026-08-04	NM_000059.4:c.9374_9375delinsAA	p.Leu3125Gln	missense	VUS	VUS	2	4	MISSING_FUNCTIONAL	MISSING_FUNCTIONAL	PM5:moderate		neighbour_evidence
2020-01-01	2026-08-04	NM_000059.4:c.9374_9375delinsAG	p.Leu3125Gln	missense	VUS	VUS	2	4	MISSING_FUNCTIONAL	MISSING_FUNCTIONAL	PM5:moderate		neighbour_evidence
2020-01-01	2026-08-04	NM_000059.4:c.9374_9375delinsAT	p.Leu3125His	missense	VUS	LP	2	8	MISSING_FUNCTIONAL	RESOLVED_NOT_BLOCKED	PM5:moderate;PS1:strong		neighbour_evidence
2020-01-01	2026-08-04	NM_000059.4:c.9374_9375delinsCA	p.Leu3125Pro	missense	VUS	VUS	2	4	MISSING_FUNCTIONAL	MISSING_FUNCTIONAL	PM5:moderate		neighbour_evidence
2020-01-01	2026-08-04	NM_000059.4:c.9374_9375delinsCG	p.Leu3125Pro	missense	VUS	VUS	2	4	MISSING_FUNCTIONAL	MISSING_FUNCTIONAL	PM5:moderate		neighbour_evidence
2020-01-01	2026-08-04	NM_000059.4:c.9374_9375delinsCT	p.Leu3125Pro	missense	VUS	VUS	2	4	MISSING_FUNCTIONAL	MISSING_FUNCTIONAL	PM5:moderate		neighbour_evidence
2020-01-01	2026-08-04	NM_000059.4:c.9374_9375delinsGA	p.Leu3125Arg	missense	VUS	VUS	2	4	MISSING_FUNCTIONAL	MISSING_FUNCTIONAL	PM5:moderate		neighbour_evidence
2020-01-01	2026-08-04	NM_000059.4:c.9374_9375delinsGG	p.Leu3125Arg	missense	VUS	VUS	2	4	MISSING_FUNCTIONAL	MISSING_FUNCTIONAL	PM5:moderate		neighbour_evidence
2020-01-01	2026-08-04	NM_000059.4:c.9374_9375delinsGT	p.Leu3125Arg	missense	VUS	VUS	2	4	MISSING_FUNCTIONAL	MISSING_FUNCTIONAL	PM5:moderate		neighbour_evidence
2020-01-01	2026-08-04	NM_000059.4:c.9373_9375delinsGAA	p.Leu3125Glu	missense	VUS	VUS	2	4	MISSING_FUNCTIONAL	MISSING_FUNCTIONAL	PM5:moderate		neighbour_evidence
2020-01-01	2026-08-04	NM_000059.4:c.9373_9374delinsGA	p.Leu3125Asp	missense	VUS	VUS	2	4	MISSING_FUNCTIONAL	MISSING_FUNCTIONAL	PM5:moderate		neighbour_evidence
2020-01-01	2026-08-04	NM_000059.4:c.9373_9375delinsGAG	p.Leu3125Glu	missense	VUS	VUS	2	4	MISSING_FUNCTIONAL	MISSING_FUNCTIONAL	PM5:moderate		neighbour_evidence
2020-01-01	2026-08-04	NM_000059.4:c.9373_9375delinsGAT	p.Leu3125Asp	missense	VUS	VUS	2	4	MISSING_FUNCTIONAL	MISSING_FUNCTIONAL	PM5:moderate		neighbour_evidence
2020-01-01	2026-08-04	NM_000059.4:c.9373_9375delinsGCA	p.Leu3125Ala	missense	VUS	VUS	2	4	MISSING_FUNCTIONAL	MISSING_FUNCTIONAL	PM5:moderate		neighbour_evidence
2020-01-01	2026-08-04	NM_000059.4:c.9373_9374delinsGC	p.Leu3125Ala	missense	VUS	VUS	2	4	MISSING_FUNCTIONAL	MISSING_FUNCTIONAL	PM5:moderate		neighbour_evidence
2020-01-01	2026-08-04	NM_000059.4:c.9373_9375delinsGCG	p.Leu3125Ala	missense	VUS	VUS	2	4	MISSING_FUNCTIONAL	MISSING_FUNCTIONAL	PM5:moderate		neighbour_evidence
2020-01-01	2026-08-04	NM_000059.4:c.9373_9375delinsGCT	p.Leu3125Ala	missense	VUS	VUS	2	4	MISSING_FUNCTIONAL	MISSING_FUNCTIONAL	PM5:moderate		neighbour_evidence
2020-01-01	2026-08-04	NM_000059.4:c.9373_9375delinsGGA	p.Leu3125Gly	missense	VUS	VUS	2	4	MISSING_FUNCTIONAL	MISSING_FUNCTIONAL	PM5:moderate		neighbour_evidence
2020-01-01	2026-08-04	NM_000059.4:c.9373_9374delinsGG	p.Leu3125Gly	missense	VUS	VUS	2	4	MISSING_FUNCTIONAL	MISSING_FUNCTIONAL	PM5:moderate		neighbour_evidence
2020-01-01	2026-08-04	NM_000059.4:c.9373_9375delinsGGG	p.Leu3125Gly	missense	VUS	VUS	2	4	MISSING_FUNCTIONAL	MISSING_FUNCTIONAL	PM5:moderate		neighbour_evidence
2020-01-01	2026-08-04	NM_000059.4:c.9373_9375delinsGGT	p.Leu3125Gly	missense	VUS	VUS	2	4	MISSING_FUNCTIONAL	MISSING_FUNCTIONAL	PM5:moderate		neighbour_evidence
2020-01-01	2026-08-04	NM_000059.4:c.9373_9375delinsGTA	p.Leu3125Val	missense	VUS	VUS	2	4	MISSING_FUNCTIONAL	MISSING_FUNCTIONAL	PM5:moderate		neighbour_evidence
2020-01-01	2026-08-04	NM_000059.4:c.9373_9375delinsGTG	p.Leu3125Val	missense	VUS	VUS	2	4	MISSING_FUNCTIONAL	MISSING_FUNCTIONAL	PM5:moderate		neighbour_evidence
2020-01-01	2026-08-04	NM_000059.4:c.9373_9375delinsGTT	p.Leu3125Val	missense	VUS	VUS	2	4	MISSING_FUNCTIONAL	MISSING_FUNCTIONAL	PM5:moderate		neighbour_evidence
2020-01-01	2026-08-04	NM_000059.4:c.9373_9374delinsTA	p.Leu3125Tyr	missense	VUS	VUS	2	4	MISSING_FUNCTIONAL	MISSING_FUNCTIONAL	PM5:moderate		neighbour_evidence
2020-01-01	2026-08-04	NM_000059.4:c.9373_9375delinsTAT	p.Leu3125Tyr	missense	VUS	VUS	2	4	MISSING_FUNCTIONAL	MISSING_FUNCTIONAL	PM5:moderate		neighbour_evidence
2020-01-01	2026-08-04	NM_000059.4:c.9373_9375delinsTCA	p.Leu3125Ser	missense	VUS	VUS	2	4	MISSING_FUNCTIONAL	MISSING_FUNCTIONAL	PM5:moderate		neighbour_evidence
2020-01-01	2026-08-04	NM_000059.4:c.9373_9374delinsTC	p.Leu3125Ser	missense	VUS	VUS	2	4	MISSING_FUNCTIONAL	MISSING_FUNCTIONAL	PM5:moderate		neighbour_evidence
2020-01-01	2026-08-04	NM_000059.4:c.9373_9375delinsTCG	p.Leu3125Ser	missense	VUS	VUS	2	4	MISSING_FUNCTIONAL	MISSING_FUNCTIONAL	PM5:moderate		neighbour_evidence
2020-01-01	2026-08-04	NM_000059.4:c.9373_9375delinsTCT	p.Leu3125Ser	missense	VUS	VUS	2	4	MISSING_FUNCTIONAL	MISSING_FUNCTIONAL	PM5:moderate		neighbour_evidence
2020-01-01	2026-08-04	NM_000059.4:c.9373_9374delinsTG	p.Leu3125Cys	missense	VUS	VUS	2	4	MISSING_FUNCTIONAL	MISSING_FUNCTIONAL	PM5:moderate		neighbour_evidence
2020-01-01	2026-08-04	NM_000059.4:c.9373_9375delinsTGG	p.Leu3125Trp	missense	VUS	VUS	2	4	MISSING_FUNCTIONAL	MISSING_FUNCTIONAL	PM5:moderate		neighbour_evidence
2020-01-01	2026-08-04	NM_000059.4:c.9373_9375delinsTGT	p.Leu3125Cys	missense	VUS	VUS	2	4	MISSING_FUNCTIONAL	MISSING_FUNCTIONAL	PM5:moderate		neighbour_evidence
2020-01-01	2026-08-04	NM_000059.4:c.9373_9375delinsTTT	p.Leu3125Phe	missense	VUS	LP	2	8	MISSING_FUNCTIONAL	RESOLVED_NOT_BLOCKED	PM5:moderate;PS1:strong		neighbour_evidence
